Episodio,Score,Passos
0,3,342
1,0,292
2,0,293
3,0,254
4,0,250
5,0,203
6,0,226
7,0,389
8,0,150
9,0,151
10,0,465
11,0,191
12,0,1483
13,0,247
14,0,143
15,0,776
16,0,334
17,0,178
18,0,222
19,0,405
20,0,2134
21,0,104
22,0,266
23,0,277
24,0,310
25,0,527
26,0,204
27,0,148
28,0,562
29,0,196
30,0,448
31,0,652
32,0,375
33,1,363
34,0,270
35,0,222
36,0,228
37,0,760
38,0,486
39,0,176
40,0,185
41,1,459
42,0,419
43,0,291
44,0,154
45,0,312
46,0,186
47,0,218
48,0,333
49,0,1253
50,0,103
51,0,373
52,0,189
53,0,518
54,0,368
55,0,521
56,0,338
57,0,307
58,0,286
59,0,361
60,0,289
61,0,339
62,0,695
63,0,447
64,0,376
65,0,250
66,0,250
67,0,323
68,0,170
69,0,178
70,0,259
71,0,257
72,0,641
73,0,147
74,0,198
75,0,354
76,0,522
77,0,338
78,0,429
79,0,423
80,0,183
81,0,228
82,0,560
83,0,190
84,0,140
85,0,232
86,0,146
87,0,1205
88,0,308
89,0,383
90,0,100
91,0,218
92,0,119
93,0,309
94,0,178
95,0,1004
96,0,242
97,0,1460
98,0,128
99,0,269
100,0,122
101,0,597
102,0,162
103,0,109
104,0,108
105,0,106
106,0,542
107,0,402
108,0,522
109,0,120
110,0,513
111,0,302
112,0,170
113,0,452
114,0,158
115,0,405
116,0,352
117,0,601
118,0,140
119,0,283
120,0,428
121,0,1639
122,0,180
123,0,2801
124,0,104
125,0,130
126,0,566
127,0,411
128,0,201
129,0,267
130,0,149
131,0,335
132,0,343
133,0,358
134,0,149
135,0,340
136,0,404
137,0,142
138,0,185
139,0,186
140,0,258
141,0,315
142,0,971
143,0,319
144,0,545
145,0,235
146,0,494
147,0,1536
148,0,328
149,0,241
150,0,262
151,0,127
152,0,176
153,0,227
154,0,786
155,0,239
156,0,395
157,0,662
158,0,95
159,0,423
160,0,109
161,0,509
162,0,699
163,0,312
164,0,408
165,0,149
166,0,665
167,0,301
168,0,104
169,0,197
170,0,371
171,0,510
172,0,264
173,0,611
174,0,262
175,0,332
176,0,592
177,0,419
178,0,186
179,0,276
180,0,172
181,0,190
182,0,291
183,0,308
184,0,439
185,0,106
186,0,1086
187,0,581
188,0,859
189,0,315
190,0,145
191,0,149
192,0,128
193,0,543
194,0,604
195,0,203
196,0,200
197,0,164
198,0,470
199,0,147
200,0,163
201,4,247
202,0,182
203,0,232
204,0,137
205,0,125
206,0,628
207,0,541
208,0,209
209,0,344
210,0,134
211,0,422
212,0,485
213,0,516
214,0,126
215,0,209
216,0,343
217,0,273
218,0,170
219,0,391
220,0,489
221,0,226
222,0,265
223,0,487
224,0,373
225,0,402
226,0,1854
227,0,107
228,0,127
229,0,1774
230,0,148
231,0,400
232,0,348
233,0,454
234,0,153
235,0,425
236,0,421
237,0,327
238,0,218
239,0,214
240,0,135
241,0,836
242,0,136
243,0,159
244,0,990
245,0,460
246,0,509
247,0,285
248,0,155
249,0,338
250,0,529
251,0,157
252,0,117
253,0,266
254,0,313
255,0,253
256,0,163
257,0,184
258,0,412
259,0,307
260,0,327
261,0,674
262,0,878
263,0,292
264,0,103
265,0,117
266,0,205
267,0,309
268,0,322
269,0,317
270,0,366
271,0,341
272,0,225
273,0,143
274,0,216
275,0,592
276,0,459
277,0,140
278,0,144
279,0,443
280,0,153
281,0,348
282,0,476
283,0,250
284,0,190
285,0,452
286,0,114
287,0,137
288,0,180
289,0,2463
290,0,289
291,0,355
292,0,126
293,0,193
294,0,247
295,0,379
296,0,300
297,0,905
298,0,219
299,0,263
300,0,103
301,0,163
302,0,509
303,0,332
304,0,375
305,0,235
306,0,174
307,0,408
308,0,325
309,0,161
310,0,131
311,0,223
312,0,143
313,0,95
314,0,908
315,0,112
316,0,375
317,0,135
318,0,192
319,0,199
320,0,158
321,0,431
322,0,216
323,0,476
324,0,199
325,0,373
326,0,170
327,0,122
328,0,207
329,0,309
330,0,135
331,0,214
332,0,532
333,0,1312
334,2,347
335,0,436
336,0,320
337,0,191
338,0,145
339,0,178
340,0,114
341,0,511
342,0,1372
343,0,171
344,0,609
345,0,472
346,0,213
347,0,293
348,0,140
349,0,448
350,0,167
351,0,217
352,0,235
353,0,405
354,0,304
355,0,101
356,0,154
357,0,366
358,0,340
359,0,173
360,0,463
361,0,861
362,0,529
363,0,498
364,0,240
365,0,351
366,0,144
367,0,314
368,0,944
369,0,273
370,0,271
371,0,137
372,0,334
373,0,252
374,0,151
375,0,148
376,0,308
377,0,1478
378,0,698
379,0,709
380,0,989
381,0,495
382,0,304
383,0,324
384,0,209
385,0,224
386,0,306
387,0,166
388,0,325
389,0,750
390,0,689
391,0,237
392,0,328
393,0,750
394,0,436
395,0,221
396,0,404
397,0,362
398,0,100
399,0,268
400,0,313
401,0,223
402,0,152
403,0,225
404,0,112
405,0,744
406,0,146
407,0,432
408,0,254
409,0,119
410,0,197
411,0,653
412,0,308
413,0,374
414,0,510
415,0,216
416,0,1341
417,0,226
418,0,182
419,0,111
420,0,138
421,0,1068
422,0,307
423,0,187
424,0,256
425,0,661
426,0,181
427,0,617
428,0,266
429,0,1273
430,0,189
431,0,344
432,0,316
433,0,172
434,0,175
435,0,285
436,0,359
437,0,439
438,0,126
439,0,317
440,0,505
441,0,356
442,0,156
443,0,229
444,0,339
445,0,458
446,0,158
447,0,735
448,0,1240
449,0,246
450,0,538
451,0,526
452,0,240
453,0,138
454,0,155
455,0,121
456,0,137
457,0,1220
458,0,399
459,0,468
460,0,855
461,0,159
462,0,821
463,0,159
464,0,385
465,0,318
466,0,102
467,0,394
468,0,461
469,0,598
470,0,163
471,0,251
472,0,171
473,0,298
474,0,139
475,0,384
476,0,147
477,0,160
478,0,220
479,0,259
480,0,255
481,0,205
482,0,255
483,0,407
484,0,679
485,0,176
486,0,269
487,0,372
488,0,612
489,0,497
490,0,146
491,0,466
492,0,237
493,0,165
494,0,341
495,0,225
496,0,168
497,0,283
498,0,443
499,0,248
500,0,951
501,0,227
502,0,123
503,0,99
504,0,123
505,0,221
506,0,342
507,0,531
508,0,135
509,0,272
510,0,411
511,0,322
512,0,255
513,0,505
514,0,512
515,0,351
516,0,530
517,0,134
518,0,1374
519,0,188
520,0,161
521,0,93
522,0,309
523,0,264
524,0,272
525,0,562
526,0,222
527,0,189
528,0,121
529,0,527
530,0,765
531,0,338
532,0,205
533,0,297
534,0,510
535,0,469
536,0,149
537,0,941
538,0,515
539,0,766
540,0,421
541,0,914
542,0,369
543,0,935
544,0,267
545,0,304
546,0,399
547,0,104
548,0,223
549,0,892
550,0,1105
551,0,227
552,0,147
553,0,311
554,0,412
555,0,285
556,0,738
557,0,336
558,0,660
559,0,148
560,0,511
561,0,132
562,0,465
563,0,706
564,0,421
565,0,141
566,0,818
567,0,235
568,0,616
569,0,247
570,0,223
571,0,611
572,0,2722
573,0,387
574,0,337
575,0,103
576,0,154
577,0,1108
578,0,427
579,0,241
580,0,120
581,0,166
582,0,393
583,0,944
584,0,304
585,0,379
586,0,289
587,0,148
588,0,181
589,0,153
590,0,222
591,0,986
592,0,626
593,0,308
594,0,247
595,0,258
596,0,655
597,0,347
598,0,320
599,0,293
600,0,182
601,0,897
602,0,371
603,0,175
604,0,188
605,0,209
606,0,209
607,0,141
608,0,148
609,0,221
610,0,176
611,0,106
612,0,1068
613,0,301
614,0,178
615,0,267
616,0,199
617,0,336
618,0,680
619,0,123
620,0,269
621,0,305
622,0,364
623,0,578
624,0,100
625,0,380
626,0,155
627,0,650
628,0,279
629,0,242
630,0,156
631,0,392
632,0,369
633,0,121
634,0,818
635,0,341
636,0,146
637,0,187
638,0,145
639,0,228
640,0,189
641,0,291
642,0,1510
643,0,338
644,0,311
645,0,134
646,0,356
647,0,160
648,0,384
649,0,413
650,1,295
651,0,2012
652,0,169
653,0,140
654,0,929
655,0,266
656,0,503
657,0,751
658,0,650
659,0,1126
660,0,98
661,0,488
662,0,277
663,0,234
664,0,229
665,0,98
666,0,1405
667,0,2273
668,0,146
669,0,425
670,0,150
671,0,263
672,0,275
673,0,269
674,0,886
675,0,625
676,0,568
677,0,212
678,0,369
679,0,219
680,0,307
681,0,280
682,0,381
683,0,212
684,0,259
685,0,232
686,0,227
687,1,295
688,0,845
689,0,215
690,0,366
691,0,148
692,0,195
693,0,220
694,0,304
695,0,907
696,0,130
697,0,167
698,0,231
699,0,535
700,0,163
701,0,830
702,0,187
703,0,149
704,0,166
705,0,149
706,0,307
707,0,144
708,0,164
709,0,392
710,0,528
711,0,489
712,0,212
713,0,260
714,0,130
715,0,2645
716,0,753
717,0,217
718,0,356
719,0,321
720,0,444
721,0,314
722,0,356
723,4,395
724,0,269
725,0,248
726,0,766
727,0,618
728,0,269
729,0,219
730,0,173
731,0,454
732,0,314
733,0,332
734,0,1016
735,0,512
736,0,236
737,0,409
738,0,179
739,0,146
740,0,140
741,0,188
742,0,156
743,0,334
744,0,427
745,0,180
746,0,889
747,0,174
748,0,122
749,2,1012
750,0,317
751,0,566
752,0,340
753,0,322
754,0,523
755,0,349
756,0,489
757,0,142
758,0,461
759,0,105
760,0,287
761,0,784
762,0,245
763,0,110
764,0,541
765,0,584
766,0,232
767,0,401
768,0,457
769,0,958
770,0,180
771,0,273
772,0,581
773,0,265
774,0,1193
775,0,105
776,0,105
777,0,435
778,0,130
779,0,103
780,0,1629
781,0,157
782,0,115
783,0,200
784,0,189
785,0,138
786,0,132
787,0,288
788,0,417
789,0,101
790,1,665
791,0,217
792,0,343
793,0,266
794,0,1591
795,0,326
796,0,1045
797,0,641
798,0,187
799,0,544
800,0,378
801,0,193
802,0,240
803,0,147
804,0,277
805,0,545
806,0,502
807,0,126
808,0,153
809,0,188
810,0,192
811,0,157
812,0,144
813,0,382
814,0,298
815,0,443
816,3,425
817,0,332
818,0,1276
819,0,494
820,0,392
821,0,139
822,0,362
823,0,357
824,0,461
825,0,416
826,0,365
827,2,621
828,0,185
829,0,153
830,0,602
831,0,107
832,0,184
833,0,225
834,0,291
835,0,125
836,0,123
837,0,1069
838,1,1451
839,0,114
840,0,564
841,0,301
842,0,268
843,0,150
844,0,245
845,0,432
846,0,213
847,0,360
848,0,373
849,0,338
850,0,689
851,0,319
852,0,1161
853,0,739
854,0,239
855,0,505
856,0,785
857,0,360
858,0,227
859,0,813
860,0,413
861,0,319
862,0,525
863,0,247
864,0,247
865,0,99
866,0,441
867,0,357
868,0,204
869,0,364
870,0,225
871,0,293
872,0,390
873,0,349
874,0,188
875,0,385
876,0,499
877,0,282
878,0,188
879,0,100
880,0,681
881,0,145
882,0,310
883,0,435
884,0,527
885,0,229
886,0,633
887,0,183
888,3,413
889,0,503
890,0,112
891,0,246
892,0,206
893,0,241
894,0,245
895,0,229
896,0,115
897,0,350
898,0,262
899,0,334
900,0,506
901,0,353
902,0,246
903,0,542
904,0,149
905,0,509
906,0,238
907,0,258
908,0,163
909,0,317
910,0,182
911,0,788
912,0,196
913,0,219
914,0,539
915,0,571
916,0,365
917,0,948
918,0,414
919,0,225
920,0,426
921,0,222
922,1,323
923,0,168
924,0,579
925,0,405
926,0,297
927,0,699
928,0,480
929,0,2420
930,0,271
931,0,263
932,0,376
933,0,811
934,0,353
935,0,402
936,0,636
937,0,768
938,0,113
939,0,257
940,0,298
941,0,397
942,0,251
943,0,331
944,0,1051
945,0,494
946,0,152
947,0,261
948,0,113
949,0,632
950,0,287
951,0,405
952,0,326
953,0,299
954,0,573
955,0,293
956,0,373
957,0,744
958,0,223
959,0,341
960,0,351
961,0,391
962,0,292
963,0,241
964,0,230
965,0,1400
966,0,243
967,0,92
968,0,103
969,0,342
970,0,263
971,1,569
972,0,1236
973,0,290
974,0,150
975,0,970
976,0,106
977,0,128
978,0,364
979,0,352
980,0,289
981,0,789
982,0,233
983,0,308
984,0,444
985,0,224
986,0,199
987,0,182
988,0,161
989,0,104
990,0,220
991,0,312
992,0,367
993,0,173
994,0,115
995,0,261
996,0,132
997,0,1368
998,0,264
999,0,247
1000,0,1174
1001,0,237
1002,0,383
1003,0,348
1004,0,184
1005,0,395
1006,0,246
1007,0,1178
1008,0,294
1009,0,100
1010,0,400
1011,0,187
1012,0,144
1013,0,142
1014,0,125
1015,0,184
1016,0,113
1017,0,1118
1018,0,347
1019,0,365
1020,0,624
1021,0,673
1022,0,114
1023,0,144
1024,0,173
1025,0,675
1026,0,275
1027,0,514
1028,0,155
1029,0,230
1030,0,102
1031,0,187
1032,0,471
1033,0,188
1034,0,272
1035,0,466
1036,0,150
1037,0,245
1038,0,127
1039,0,296
1040,0,140
1041,0,146
1042,0,146
1043,0,161
1044,0,146
1045,0,284
1046,0,404
1047,0,1465
1048,0,179
1049,0,299
1050,0,383
1051,0,290
1052,0,387
1053,0,184
1054,0,162
1055,0,206
1056,0,400
1057,0,355
1058,0,802
1059,0,212
1060,0,450
1061,0,376
1062,0,136
1063,0,251
1064,0,142
1065,0,497
1066,0,149
1067,0,211
1068,0,439
1069,0,251
1070,0,406
1071,0,823
1072,0,158
1073,0,320
1074,0,245
1075,0,551
1076,0,263
1077,0,111
1078,0,914
1079,0,1163
1080,0,545
1081,0,188
1082,0,221
1083,0,1144
1084,0,171
1085,0,486
1086,1,174
1087,0,561
1088,0,468
1089,0,662
1090,0,227
1091,0,420
1092,0,265
1093,0,107
1094,0,173
1095,0,200
1096,0,643
1097,0,780
1098,0,137
1099,0,493
1100,0,271
1101,0,170
1102,4,341
1103,0,213
1104,0,201
1105,0,621
1106,0,116
1107,0,405
1108,0,143
1109,0,409
1110,0,598
1111,0,512
1112,0,160
1113,0,244
1114,0,109
1115,0,238
1116,0,181
1117,0,157
1118,0,211
1119,0,396
1120,0,385
1121,0,545
1122,0,371
1123,0,165
1124,0,1101
1125,0,353
1126,0,497
1127,0,191
1128,0,343
1129,0,338
1130,0,623
1131,3,508
1132,0,659
1133,0,311
1134,0,230
1135,0,411
1136,0,311
1137,0,540
1138,0,247
1139,0,211
1140,0,389
1141,1,1856
1142,0,176
1143,0,388
1144,0,1016
1145,0,376
1146,0,205
1147,0,761
1148,0,409
1149,0,238
1150,0,200
1151,0,103
1152,0,117
1153,0,892
1154,0,437
1155,0,765
1156,0,107
1157,1,287
1158,0,574
1159,0,330
1160,0,446
1161,0,548
1162,0,265
1163,0,136
1164,0,578
1165,0,259
1166,0,1008
1167,0,236
1168,0,205
1169,0,190
1170,0,206
1171,0,181
1172,0,153
1173,0,249
1174,0,173
1175,0,405
1176,0,172
1177,0,468
1178,0,149
1179,0,140
1180,0,423
1181,0,140
1182,0,357
1183,0,285
1184,0,453
1185,0,688
1186,0,172
1187,0,426
1188,0,97
1189,0,413
1190,0,779
1191,0,347
1192,0,141
1193,0,364
1194,0,234
1195,0,160
1196,0,259
1197,0,951
1198,0,265
1199,0,761
1200,0,222
1201,0,156
1202,0,362
1203,0,148
1204,0,201
1205,0,419
1206,0,548
1207,0,117
1208,0,138
1209,0,207
1210,0,187
1211,0,614
1212,0,437
1213,0,145
1214,0,524
1215,0,466
1216,0,319
1217,0,109
1218,0,146
1219,0,103
1220,0,179
1221,0,294
1222,0,110
1223,0,149
1224,0,635
1225,0,133
1226,0,448
1227,0,149
1228,0,426
1229,0,120
1230,0,335
1231,0,441
1232,0,762
1233,0,106
1234,0,142
1235,0,862
1236,0,101
1237,0,205
1238,0,277
1239,0,497
1240,0,176
1241,0,113
1242,0,1154
1243,0,119
1244,0,775
1245,0,705
1246,0,149
1247,0,163
1248,0,900
1249,0,145
1250,0,906
1251,0,407
1252,0,121
1253,0,197
1254,0,301
1255,0,216
1256,0,522
1257,0,134
1258,0,525
1259,0,239
1260,0,97
1261,0,489
1262,0,623
1263,0,246
1264,0,137
1265,0,106
1266,0,242
1267,0,161
1268,0,219
1269,0,336
1270,0,157
1271,0,102
1272,0,142
1273,0,148
1274,0,193
1275,0,454
1276,0,572
1277,0,380
1278,0,527
1279,0,632
1280,0,635
1281,0,2081
1282,0,486
1283,0,439
1284,0,178
1285,0,387
1286,0,146
1287,0,118
1288,0,576
1289,0,1037
1290,0,379
1291,0,272
1292,0,212
1293,0,439
1294,0,134
1295,0,227
1296,0,146
1297,0,121
1298,0,135
1299,0,162
1300,0,568
1301,1,1137
1302,0,2062
1303,0,335
1304,0,253
1305,0,370
1306,0,365
1307,0,574
1308,0,367
1309,0,436
1310,0,239
1311,0,338
1312,0,284
1313,0,155
1314,0,423
1315,0,146
1316,0,338
1317,0,275
1318,0,237
1319,0,242
1320,0,328
1321,0,667
1322,0,336
1323,0,380
1324,0,144
1325,4,185
1326,0,272
1327,0,137
1328,0,119
1329,0,200
1330,0,784
1331,0,186
1332,0,619
1333,0,426
1334,0,569
1335,0,321
1336,0,439
1337,0,275
1338,0,105
1339,0,380
1340,0,204
1341,0,496
1342,0,350
1343,0,135
1344,0,176
1345,0,101
1346,0,365
1347,0,196
1348,0,1171
1349,0,313
1350,0,148
1351,0,305
1352,0,304
1353,0,308
1354,0,168
1355,0,124
1356,0,436
1357,0,250
1358,0,189
1359,1,408
1360,0,783
1361,0,229
1362,0,160
1363,0,195
1364,0,251
1365,0,413
1366,0,159
1367,0,341
1368,0,325
1369,0,639
1370,0,257
1371,0,505
1372,0,235
1373,0,145
1374,0,243
1375,0,283
1376,0,159
1377,0,335
1378,0,299
1379,0,182
1380,0,222
1381,0,141
1382,0,392
1383,0,131
1384,0,314
1385,0,158
1386,0,151
1387,0,452
1388,0,861
1389,0,448
1390,0,157
1391,0,215
1392,0,437
1393,0,337
1394,0,312
1395,0,455
1396,0,521
1397,0,296
1398,0,252
1399,0,503
1400,0,1020
1401,0,153
1402,0,605
1403,0,115
1404,0,412
1405,0,646
1406,0,363
1407,0,122
1408,0,317
1409,0,185
1410,0,207
1411,0,224
1412,0,98
1413,0,246
1414,0,284
1415,0,214
1416,0,167
1417,0,93
1418,0,130
1419,0,202
1420,0,98
1421,0,214
1422,0,127
1423,0,432
1424,0,145
1425,0,345
1426,0,306
1427,0,115
1428,0,233
1429,0,217
1430,0,383
1431,0,378
1432,0,131
1433,0,107
1434,0,326
1435,0,118
1436,0,268
1437,0,472
1438,0,224
1439,0,843
1440,0,453
1441,0,769
1442,0,243
1443,0,298
1444,0,134
1445,0,104
1446,0,186
1447,0,248
1448,0,219
1449,0,424
1450,0,337
1451,0,125
1452,0,259
1453,0,422
1454,0,161
1455,0,567
1456,0,168
1457,0,635
1458,0,1075
1459,0,1060
1460,0,255
1461,0,456
1462,0,912
1463,0,391
1464,0,229
1465,0,1160
1466,0,146
1467,0,495
1468,0,107
1469,0,737
1470,0,228
1471,0,609
1472,0,679
1473,0,656
1474,0,447
1475,0,262
1476,0,259
1477,0,209
1478,0,565
1479,0,203
1480,0,264
1481,0,841
1482,0,146
1483,0,258
1484,0,143
1485,0,253
1486,0,380
1487,0,391
1488,0,435
1489,0,461
1490,0,282
1491,0,166
1492,0,183
1493,0,553
1494,0,824
1495,0,294
1496,0,440
1497,0,107
1498,0,863
1499,3,384
1500,0,339
1501,0,363
1502,0,836
1503,0,262
1504,0,356
1505,0,100
1506,0,344
1507,0,585
1508,0,390
1509,0,176
1510,0,308
1511,0,1118
1512,0,277
1513,0,250
1514,0,231
1515,0,166
1516,0,535
1517,0,445
1518,0,382
1519,0,289
1520,0,325
1521,0,917
1522,0,201
1523,0,601
1524,0,135
1525,0,815
1526,0,423
1527,0,409
1528,0,182
1529,0,198
1530,0,275
1531,0,189
1532,0,196
1533,0,217
1534,0,360
1535,0,205
1536,0,137
1537,0,435
1538,0,1170
1539,0,622
1540,0,142
1541,0,259
1542,0,147
1543,0,1024
1544,0,208
1545,0,218
1546,0,144
1547,0,299
1548,0,139
1549,0,706
1550,0,310
1551,0,358
1552,0,214
1553,0,253
1554,0,429
1555,0,131
1556,0,129
1557,0,208
1558,0,211
1559,0,185
1560,0,258
1561,0,770
1562,0,174
1563,0,656
1564,0,872
1565,0,240
1566,0,139
1567,0,279
1568,0,226
1569,0,263
1570,0,406
1571,0,297
1572,0,176
1573,0,341
1574,0,165
1575,0,229
1576,0,204
1577,0,345
1578,0,359
1579,0,212
1580,0,353
1581,0,681
1582,0,96
1583,0,368
1584,0,699
1585,0,797
1586,0,544
1587,0,819
1588,0,120
1589,2,285
1590,0,488
1591,0,792
1592,0,546
1593,0,162
1594,0,288
1595,0,300
1596,0,316
1597,0,109
1598,0,149
1599,0,382
1600,0,383
1601,0,323
1602,0,777
1603,0,313
1604,0,248
1605,0,96
1606,0,1404
1607,0,362
1608,0,144
1609,0,539
1610,0,166
1611,0,309
1612,0,468
1613,0,186
1614,0,127
1615,0,1018
1616,0,427
1617,0,177
1618,0,180
1619,0,226
1620,0,538
1621,0,364
1622,0,311
1623,0,337
1624,0,138
1625,0,389
1626,0,154
1627,0,312
1628,0,543
1629,0,159
1630,0,491
1631,0,660
1632,0,271
1633,0,152
1634,0,172
1635,0,501
1636,0,339
1637,0,234
1638,0,128
1639,0,201
1640,0,592
1641,0,125
1642,0,176
1643,0,441
1644,0,138
1645,0,165
1646,0,312
1647,0,134
1648,0,265
1649,0,226
1650,0,536
1651,0,235
1652,0,293
1653,0,978
1654,0,266
1655,0,143
1656,0,188
1657,0,507
1658,0,139
1659,0,341
1660,0,137
1661,0,225
1662,0,134
1663,0,166
1664,0,321
1665,0,209
1666,0,432
1667,0,89
1668,0,854
1669,0,565
1670,0,157
1671,0,155
1672,0,444
1673,0,122
1674,0,127
1675,0,291
1676,0,144
1677,0,740
1678,0,230
1679,0,152
1680,0,302
1681,0,301
1682,0,1019
1683,0,284
1684,0,227
1685,0,167
1686,0,1565
1687,0,647
1688,0,1034
1689,0,317
1690,0,155
1691,0,109
1692,0,228
1693,0,364
1694,0,170
1695,0,219
1696,0,210
1697,0,452
1698,0,108
1699,0,699
1700,0,339
1701,0,275
1702,0,430
1703,0,293
1704,0,850
1705,0,424
1706,0,313
1707,0,354
1708,0,366
1709,0,484
1710,0,396
1711,0,257
1712,0,166
1713,0,371
1714,0,433
1715,0,175
1716,0,361
1717,0,737
1718,0,469
1719,0,886
1720,0,160
1721,0,160
1722,0,499
1723,0,961
1724,0,304
1725,0,461
1726,0,243
1727,0,627
1728,0,449
1729,0,231
1730,0,220
1731,0,164
1732,0,200
1733,0,185
1734,0,145
1735,0,432
1736,0,387
1737,0,231
1738,0,232
1739,0,149
1740,0,609
1741,0,183
1742,0,118
1743,0,160
1744,0,416
1745,0,740
1746,0,277
1747,0,611
1748,0,119
1749,0,178
1750,0,279
1751,0,103
1752,0,857
1753,0,264
1754,0,566
1755,0,633
1756,0,300
1757,0,139
1758,0,659
1759,0,457
1760,0,439
1761,0,219
1762,0,262
1763,0,346
1764,0,330
1765,0,220
1766,0,252
1767,0,141
1768,0,703
1769,0,140
1770,0,239
1771,0,162
1772,0,257
1773,0,416
1774,0,846
1775,0,261
1776,0,186
1777,0,156
1778,0,146
1779,0,382
1780,0,288
1781,0,106
1782,0,259
1783,0,268
1784,0,311
1785,0,275
1786,0,458
1787,0,178
1788,0,652
1789,0,95
1790,0,243
1791,0,365
1792,0,173
1793,0,174
1794,0,108
1795,0,645
1796,0,655
1797,0,357
1798,0,269
1799,0,257
1800,0,359
1801,0,255
1802,0,126
1803,0,343
1804,0,813
1805,0,105
1806,0,304
1807,0,218
1808,0,223
1809,0,135
1810,0,161
1811,0,361
1812,0,103
1813,0,306
1814,0,215
1815,0,154
1816,0,309
1817,0,137
1818,0,457
1819,0,196
1820,0,151
1821,0,166
1822,0,539
1823,0,164
1824,0,156
1825,0,309
1826,0,265
1827,0,288
1828,0,242
1829,0,100
1830,0,224
1831,0,643
1832,0,165
1833,0,144
1834,0,152
1835,0,667
1836,0,277
1837,0,603
1838,0,188
1839,0,173
1840,0,382
1841,0,99
1842,0,1116
1843,0,222
1844,0,282
1845,0,211
1846,0,116
1847,0,328
1848,0,439
1849,0,186
1850,0,593
1851,0,258
1852,0,103
1853,0,168
1854,0,640
1855,0,518
1856,0,174
1857,0,316
1858,0,234
1859,0,250
1860,0,317
1861,0,251
1862,0,190
1863,0,984
1864,0,192
1865,0,297
1866,0,227
1867,0,188
1868,0,151
1869,0,383
1870,0,212
1871,0,318
1872,0,132
1873,0,206
1874,0,290
1875,0,752
1876,0,334
1877,0,548
1878,0,404
1879,0,1228
1880,0,612
1881,0,643
1882,0,315
1883,0,492
1884,0,852
1885,0,157
1886,0,276
1887,0,171
1888,0,640
1889,0,246
1890,0,187
1891,0,583
1892,0,148
1893,0,292
1894,0,324
1895,0,406
1896,0,628
1897,0,135
1898,0,321
1899,0,310
1900,0,209
1901,0,461
1902,0,511
1903,0,183
1904,0,568
1905,0,639
1906,0,114
1907,0,510
1908,0,128
1909,0,103
1910,0,532
1911,0,338
1912,0,678
1913,0,790
1914,0,845
1915,0,250
1916,0,96
1917,0,156
1918,0,258
1919,0,335
1920,0,207
1921,0,632
1922,0,505
1923,0,476
1924,0,138
1925,0,472
1926,0,153
1927,0,598
1928,0,373
1929,0,343
1930,0,151
1931,0,337
1932,0,214
1933,0,746
1934,0,328
1935,0,143
1936,0,407
1937,0,364
1938,0,224
1939,0,361
1940,0,146
1941,0,174
1942,0,163
1943,0,411
1944,0,243
1945,0,455
1946,0,322
1947,0,150
1948,0,154
1949,0,200
1950,0,330
1951,0,221
1952,0,289
1953,0,561
1954,0,96
1955,0,394
1956,0,653
1957,0,228
1958,0,188
1959,0,504
1960,0,1224
1961,0,449
1962,0,278
1963,0,355
1964,0,601
1965,0,220
1966,0,125
1967,4,282
1968,0,178
1969,0,184
1970,0,127
1971,0,1418
1972,0,159
1973,0,181
1974,0,161
1975,0,452
1976,0,190
1977,0,153
1978,0,883
1979,0,490
1980,0,226
1981,0,278
1982,0,267
1983,0,232
1984,0,110
1985,0,115
1986,0,223
1987,0,276
1988,0,180
1989,0,145
1990,0,119
1991,0,187
1992,0,155
1993,0,233
1994,0,447
1995,0,293
1996,0,590
1997,0,256
1998,0,135
1999,0,240
2000,0,167
2001,0,247
2002,0,470
2003,0,133
2004,0,308
2005,0,799
2006,0,665
2007,0,222
2008,0,324
2009,0,416
2010,0,116
2011,0,620
2012,0,164
2013,0,195
2014,0,293
2015,1,247
2016,0,506
2017,0,656
2018,0,326
2019,0,399
2020,0,114
2021,0,504
2022,0,892
2023,0,492
2024,0,303
2025,0,145
2026,0,358
2027,0,172
2028,0,114
2029,0,291
2030,0,411
2031,0,1014
2032,0,147
2033,0,761
2034,0,135
2035,0,745
2036,0,146
2037,0,1312
2038,0,187
2039,0,147
2040,0,202
2041,0,386
2042,0,118
2043,0,183
2044,0,223
2045,0,356
2046,0,244
2047,0,521
2048,0,304
2049,0,216
2050,0,220
2051,0,308
2052,0,477
2053,0,709
2054,0,143
2055,0,348
2056,0,142
2057,0,277
2058,0,282
2059,0,362
2060,0,1078
2061,0,194
2062,0,335
2063,0,142
2064,0,202
2065,0,1390
2066,0,168
2067,0,173
2068,0,301
2069,0,694
2070,0,369
2071,0,555
2072,0,167
2073,0,134
2074,0,444
2075,0,213
2076,0,148
2077,0,123
2078,0,371
2079,0,525
2080,0,356
2081,0,112
2082,0,225
2083,0,323
2084,0,134
2085,0,356
2086,0,694
2087,0,346
2088,0,126
2089,0,285
2090,0,156
2091,0,107
2092,0,231
2093,0,782
2094,0,473
2095,0,476
2096,0,333
2097,0,190
2098,0,106
2099,0,462
2100,0,169
2101,0,364
2102,0,472
2103,0,407
2104,0,286
2105,0,198
2106,0,210
2107,0,598
2108,0,1725
2109,0,172
2110,0,246
2111,0,266
2112,0,926
2113,0,132
2114,0,389
2115,0,399
2116,0,257
2117,0,231
2118,0,362
2119,0,220
2120,0,170
2121,0,268
2122,0,416
2123,0,308
2124,0,477
2125,0,137
2126,0,306
2127,0,456
2128,0,354
2129,0,380
2130,0,222
2131,0,120
2132,0,531
2133,0,142
2134,0,382
2135,0,598
2136,0,295
2137,0,133
2138,0,421
2139,0,332
2140,0,139
2141,0,537
2142,0,631
2143,0,177
2144,0,228
2145,0,413
2146,0,359
2147,0,404
2148,0,122
2149,0,298
2150,3,299
2151,0,435
2152,0,736
2153,0,167
2154,0,212
2155,0,138
2156,0,766
2157,0,186
2158,0,406
2159,0,137
2160,0,384
2161,0,1817
2162,0,417
2163,0,322
2164,0,579
2165,0,137
2166,0,168
2167,0,745
2168,0,408
2169,0,296
2170,0,117
2171,0,482
2172,0,191
2173,0,725
2174,0,213
2175,0,450
2176,0,893
2177,0,290
2178,0,158
2179,0,205
2180,0,737
2181,0,156
2182,0,143
2183,0,356
2184,0,140
2185,0,739
2186,0,156
2187,0,127
2188,0,152
2189,0,147
2190,0,122
2191,0,563
2192,0,125
2193,0,178
2194,0,640
2195,0,188
2196,0,103
2197,0,533
2198,0,118
2199,0,339
2200,0,300
2201,0,111
2202,0,331
2203,0,1485
2204,0,247
2205,0,165
2206,0,191
2207,0,588
2208,0,311
2209,0,204
2210,0,552
2211,0,158
2212,0,155
2213,0,291
2214,0,448
2215,0,966
2216,0,1122
2217,0,176
2218,0,336
2219,0,654
2220,0,234
2221,0,152
2222,0,380
2223,0,109
2224,0,407
2225,0,202
2226,0,110
2227,0,403
2228,0,710
2229,0,103
2230,0,397
2231,0,277
2232,1,294
2233,0,99
2234,0,227
2235,0,530
2236,0,693
2237,0,558
2238,0,337
2239,0,698
2240,0,351
2241,0,107
2242,0,316
2243,0,121
2244,0,187
2245,0,709
2246,0,199
2247,0,245
2248,0,263
2249,0,210
2250,0,383
2251,0,562
2252,0,461
2253,0,118
2254,0,534
2255,1,382
2256,0,107
2257,0,400
2258,0,457
2259,0,881
2260,0,602
2261,0,339
2262,0,404
2263,0,200
2264,0,364
2265,0,373
2266,0,1072
2267,0,343
2268,0,220
2269,0,116
2270,0,178
2271,0,314
2272,0,295
2273,0,163
2274,0,175
2275,0,443
2276,0,240
2277,0,566
2278,0,405
2279,0,408
2280,0,258
2281,0,605
2282,0,266
2283,0,468
2284,0,222
2285,0,495
2286,0,247
2287,0,400
2288,0,283
2289,0,110
2290,0,154
2291,1,503
2292,0,764
2293,0,221
2294,0,454
2295,0,136
2296,0,197
2297,0,223
2298,0,386
2299,0,200
2300,0,260
2301,0,443
2302,0,999
2303,0,122
2304,0,1085
2305,0,725
2306,0,250
2307,0,550
2308,0,171
2309,0,384
2310,0,152
2311,0,384
2312,0,210
2313,0,778
2314,0,331
2315,0,253
2316,0,161
2317,0,342
2318,0,517
2319,0,427
2320,0,153
2321,0,232
2322,0,542
2323,0,646
2324,0,148
2325,0,561
2326,0,303
2327,0,174
2328,0,145
2329,0,340
2330,0,202
2331,0,892
2332,0,104
2333,0,605
2334,0,333
2335,0,286
2336,0,502
2337,0,151
2338,0,646
2339,0,138
2340,0,529
2341,0,263
2342,0,1093
2343,0,381
2344,0,141
2345,1,656
2346,0,262
2347,0,459
2348,0,339
2349,0,137
2350,0,832
2351,0,1684
2352,0,357
2353,0,139
2354,0,114
2355,1,237
2356,0,113
2357,0,730
2358,0,475
2359,0,1290
2360,0,871
2361,0,288
2362,0,286
2363,0,558
2364,0,348
2365,0,218
2366,0,207
2367,0,181
2368,0,345
2369,0,262
2370,0,145
2371,0,200
2372,0,150
2373,0,286
2374,0,256
2375,0,140
2376,0,265
2377,0,432
2378,0,223
2379,0,361
2380,0,235
2381,0,300
2382,0,928
2383,0,143
2384,0,279
2385,0,256
2386,0,124
2387,0,160
2388,0,372
2389,0,192
2390,0,498
2391,0,188
2392,0,94
2393,0,161
2394,0,581
2395,0,1129
2396,0,452
2397,0,152
2398,0,113
2399,0,187
2400,0,594
2401,0,286
2402,0,370
2403,0,148
2404,0,294
2405,0,339
2406,0,699
2407,0,408
2408,0,229
2409,0,395
2410,0,124
2411,0,870
2412,0,1123
2413,0,420
2414,0,302
2415,0,265
2416,0,186
2417,0,307
2418,0,535
2419,0,384
2420,0,723
2421,0,184
2422,0,892
2423,0,1003
2424,0,695
2425,0,97
2426,0,1102
2427,0,184
2428,0,419
2429,0,836
2430,0,468
2431,0,395
2432,0,708
2433,0,341
2434,0,600
2435,0,154
2436,0,430
2437,0,459
2438,0,230
2439,0,261
2440,0,490
2441,0,179
2442,0,724
2443,0,108
2444,0,367
2445,0,311
2446,0,337
2447,0,146
2448,0,161
2449,0,409
2450,0,253
2451,0,503
2452,0,252
2453,0,205
2454,0,176
2455,0,481
2456,0,255
2457,0,166
2458,0,281
2459,0,330
2460,0,246
2461,0,383
2462,0,249
2463,0,345
2464,0,113
2465,0,138
2466,0,297
2467,0,345
2468,0,204
2469,0,178
2470,0,329
2471,0,533
2472,0,425
2473,0,497
2474,0,167
2475,0,323
2476,0,367
2477,0,164
2478,0,337
2479,0,457
2480,0,143
2481,0,143
2482,0,234
2483,0,343
2484,0,260
2485,0,281
2486,0,456
2487,0,407
2488,0,452
2489,0,153
2490,0,1165
2491,0,609
2492,0,157
2493,0,218
2494,0,128
2495,0,767
2496,0,552
2497,0,107
2498,0,299
2499,0,152
2500,0,141
2501,0,102
2502,0,500
2503,0,168
2504,0,149
2505,0,114
2506,0,567
2507,0,227
2508,0,271
2509,0,1004
2510,0,152
2511,0,202
2512,0,483
2513,0,757
2514,0,227
2515,0,161
2516,0,201
2517,0,573
2518,0,259
2519,0,315
2520,0,479
2521,0,714
2522,0,185
2523,0,175
2524,0,108
2525,0,284
2526,0,480
2527,0,822
2528,0,445
2529,0,476
2530,0,270
2531,0,242
2532,0,603
2533,0,266
2534,0,384
2535,0,192
2536,0,471
2537,0,490
2538,0,194
2539,0,261
2540,0,232
2541,0,129
2542,0,156
2543,0,383
2544,0,339
2545,0,403
2546,0,188
2547,0,153
2548,0,295
2549,0,136
2550,0,299
2551,0,728
2552,0,265
2553,0,371
2554,0,380
2555,0,132
2556,0,228
2557,0,899
2558,0,172
2559,0,296
2560,0,940
2561,0,163
2562,0,238
2563,0,444
2564,0,452
2565,0,131
2566,0,309
2567,0,406
2568,0,562
2569,0,526
2570,0,127
2571,0,526
2572,0,266
2573,0,358
2574,0,316
2575,0,106
2576,0,363
2577,0,520
2578,0,218
2579,0,313
2580,0,260
2581,0,92
2582,0,177
2583,0,148
2584,0,285
2585,0,128
2586,0,512
2587,0,241
2588,0,929
2589,0,633
2590,0,363
2591,0,222
2592,0,137
2593,0,388
2594,0,347
2595,0,251
2596,0,476
2597,0,319
2598,0,214
2599,0,245
2600,0,149
2601,0,251
2602,0,414
2603,0,469
2604,0,350
2605,0,585
2606,0,271
2607,0,826
2608,0,142
2609,0,320
2610,0,706
2611,0,136
2612,0,100
2613,0,811
2614,0,684
2615,0,332
2616,0,1120
2617,0,411
2618,0,362
2619,0,215
2620,0,395
2621,0,377
2622,0,252
2623,0,158
2624,0,277
2625,0,163
2626,0,338
2627,3,312
2628,0,380
2629,0,425
2630,0,166
2631,0,288
2632,0,457
2633,2,725
2634,0,385
2635,0,402
2636,0,160
2637,0,157
2638,0,637
2639,0,629
2640,0,126
2641,0,280
2642,0,451
2643,0,314
2644,0,309
2645,0,242
2646,0,337
2647,0,261
2648,0,187
2649,0,207
2650,0,462
2651,0,490
2652,0,160
2653,0,271
2654,0,859
2655,0,140
2656,0,587
2657,2,191
2658,0,221
2659,0,1116
2660,0,168
2661,0,243
2662,0,196
2663,0,296
2664,0,101
2665,0,260
2666,0,199
2667,0,490
2668,0,224
2669,0,203
2670,0,438
2671,0,142
2672,0,176
2673,0,939
2674,0,268
2675,0,807
2676,0,158
2677,0,144
2678,0,284
2679,0,234
2680,0,106
2681,0,187
2682,0,118
2683,0,348
2684,0,184
2685,0,1032
2686,0,505
2687,0,114
2688,0,218
2689,0,442
2690,0,153
2691,0,674
2692,0,284
2693,0,197
2694,0,677
2695,0,221
2696,0,544
2697,0,284
2698,0,810
2699,0,347
2700,0,499
2701,0,189
2702,0,364
2703,0,461
2704,0,330
2705,0,280
2706,0,128
2707,0,306
2708,0,387
2709,0,278
2710,0,154
2711,0,245
2712,0,917
2713,0,698
2714,0,130
2715,0,213
2716,0,591
2717,0,763
2718,0,378
2719,0,1055
2720,0,287
2721,0,445
2722,0,596
2723,0,240
2724,0,174
2725,0,123
2726,0,433
2727,0,544
2728,0,609
2729,0,136
2730,0,637
2731,0,390
2732,0,244
2733,0,242
2734,0,291
2735,0,765
2736,0,198
2737,0,505
2738,0,185
2739,0,178
2740,0,217
2741,0,467
2742,0,369
2743,0,126
2744,0,305
2745,0,308
2746,0,209
2747,0,536
2748,0,347
2749,0,478
2750,0,157
2751,0,632
2752,0,568
2753,0,883
2754,0,338
2755,0,362
2756,0,472
2757,0,197
2758,0,533
2759,0,269
2760,0,598
2761,0,575
2762,0,148
2763,0,1226
2764,0,129
2765,0,298
2766,0,792
2767,0,119
2768,0,424
2769,0,562
2770,0,527
2771,0,409
2772,0,216
2773,0,114
2774,0,201
2775,0,273
2776,0,388
2777,0,640
2778,0,251
2779,0,115
2780,0,718
2781,0,377
2782,0,160
2783,0,123
2784,0,292
2785,0,179
2786,0,307
2787,0,159
2788,0,1841
2789,0,798
2790,0,136
2791,0,741
2792,0,707
2793,0,207
2794,0,253
2795,0,465
2796,0,416
2797,0,147
2798,0,223
2799,0,127
2800,0,404
2801,0,306
2802,0,190
2803,0,1173
2804,0,139
2805,0,265
2806,0,188
2807,0,193
2808,0,459
2809,0,178
2810,0,844
2811,0,501
2812,0,267
2813,0,677
2814,0,169
2815,0,157
2816,0,154
2817,0,496
2818,0,207
2819,0,153
2820,0,240
2821,0,110
2822,0,218
2823,0,177
2824,0,238
2825,0,209
2826,0,250
2827,0,252
2828,0,481
2829,0,671
2830,0,309
2831,0,452
2832,0,522
2833,0,382
2834,0,216
2835,0,408
2836,0,1721
2837,0,448
2838,0,269
2839,0,145
2840,0,322
2841,0,640
2842,0,452
2843,0,976
2844,0,137
2845,0,130
2846,0,311
2847,0,114
2848,0,402
2849,0,129
2850,0,109
2851,0,546
2852,0,102
2853,0,891
2854,0,183
2855,0,235
2856,0,155
2857,0,139
2858,0,288
2859,0,575
2860,0,240
2861,0,153
2862,0,458
2863,0,489
2864,0,250
2865,0,195
2866,0,377
2867,0,154
2868,0,270
2869,0,249
2870,0,208
2871,0,403
2872,0,268
2873,0,413
2874,0,671
2875,0,346
2876,0,733
2877,0,215
2878,0,267
2879,0,369
2880,0,349
2881,0,270
2882,0,226
2883,0,353
2884,0,145
2885,0,448
2886,0,326
2887,0,192
2888,0,222
2889,0,453
2890,0,242
2891,0,399
2892,0,237
2893,0,127
2894,0,156
2895,0,476
2896,0,141
2897,0,269
2898,0,470
2899,0,291
2900,0,201
2901,0,314
2902,0,650
2903,0,605
2904,0,105
2905,0,152
2906,0,275
2907,0,164
2908,0,583
2909,0,322
2910,0,568
2911,0,295
2912,0,137
2913,0,423
2914,0,299
2915,0,282
2916,0,278
2917,0,125
2918,0,525
2919,0,283
2920,0,163
2921,0,702
2922,0,852
2923,0,395
2924,0,218
2925,0,119
2926,0,283
2927,0,563
2928,0,226
2929,0,359
2930,0,179
2931,0,1604
2932,0,987
2933,0,304
2934,0,235
2935,0,419
2936,0,399
2937,0,118
2938,0,107
2939,0,638
2940,0,189
2941,0,177
2942,0,97
2943,0,176
2944,0,299
2945,0,305
2946,0,181
2947,0,656
2948,0,676
2949,0,167
2950,0,312
2951,0,223
2952,0,291
2953,0,1161
2954,0,202
2955,0,134
2956,0,261
2957,0,781
2958,0,688
2959,0,207
2960,0,296
2961,0,108
2962,1,401
2963,0,96
2964,0,305
2965,0,932
2966,0,358
2967,0,449
2968,0,161
2969,0,198
2970,0,412
2971,0,196
2972,0,480
2973,0,205
2974,0,132
2975,0,456
2976,0,292
2977,0,199
2978,0,185
2979,0,172
2980,0,172
2981,0,323
2982,0,266
2983,0,449
2984,0,833
2985,0,241
2986,0,186
2987,0,251
2988,0,140
2989,0,761
2990,0,428
2991,0,182
2992,0,466
2993,0,199
2994,0,388
2995,0,877
2996,0,237
2997,0,449
2998,0,512
2999,0,209
3000,0,825
3001,0,125
3002,0,432
3003,0,289
3004,0,323
3005,0,210
3006,0,305
3007,0,340
3008,0,181
3009,0,187
3010,0,179
3011,0,100
3012,0,175
3013,0,519
3014,0,219
3015,0,293
3016,0,221
3017,0,129
3018,0,313
3019,0,126
3020,0,181
3021,0,221
3022,0,300
3023,0,337
3024,0,671
3025,0,275
3026,0,1001
3027,0,132
3028,0,456
3029,0,965
3030,0,182
3031,0,218
3032,0,334
3033,0,238
3034,0,204
3035,0,182
3036,0,484
3037,0,1054
3038,0,225
3039,0,182
3040,0,637
3041,0,136
3042,0,237
3043,0,685
3044,0,226
3045,0,205
3046,0,291
3047,0,122
3048,0,217
3049,0,288
3050,0,146
3051,0,243
3052,0,550
3053,0,163
3054,0,459
3055,0,185
3056,0,101
3057,0,105
3058,0,210
3059,0,180
3060,0,357
3061,0,199
3062,0,421
3063,0,213
3064,0,126
3065,0,629
3066,0,473
3067,0,268
3068,0,269
3069,0,474
3070,0,394
3071,0,406
3072,0,665
3073,0,390
3074,0,204
3075,0,210
3076,0,288
3077,0,177
3078,0,160
3079,0,144
3080,0,381
3081,0,291
3082,0,291
3083,0,188
3084,0,215
3085,0,172
3086,0,130
3087,0,559
3088,0,148
3089,0,178
3090,0,662
3091,0,201
3092,0,172
3093,0,640
3094,0,337
3095,0,529
3096,0,102
3097,0,681
3098,0,334
3099,0,362
3100,0,118
3101,0,145
3102,0,107
3103,0,378
3104,0,486
3105,0,279
3106,0,407
3107,0,600
3108,0,291
3109,0,259
3110,0,100
3111,0,453
3112,0,415
3113,0,336
3114,0,336
3115,0,216
3116,0,287
3117,0,252
3118,0,203
3119,0,483
3120,0,764
3121,0,203
3122,0,221
3123,0,402
3124,0,378
3125,0,191
3126,0,296
3127,0,734
3128,0,242
3129,0,241
3130,0,203
3131,0,267
3132,0,370
3133,0,290
3134,0,289
3135,0,282
3136,0,803
3137,2,546
3138,0,691
3139,0,990
3140,0,355
3141,0,173
3142,0,363
3143,0,372
3144,0,290
3145,0,224
3146,0,253
3147,0,264
3148,0,272
3149,0,196
3150,0,845
3151,0,358
3152,0,203
3153,0,161
3154,0,118
3155,0,538
3156,0,336
3157,0,133
3158,0,246
3159,0,1037
3160,0,592
3161,0,163
3162,0,383
3163,0,121
3164,0,230
3165,0,144
3166,0,144
3167,0,200
3168,0,566
3169,0,135
3170,0,263
3171,0,295
3172,0,583
3173,2,834
3174,0,546
3175,0,391
3176,0,481
3177,0,116
3178,0,787
3179,0,187
3180,0,181
3181,0,218
3182,0,233
3183,0,250
3184,0,1038
3185,0,167
3186,0,160
3187,0,1450
3188,0,100
3189,0,422
3190,0,135
3191,0,728
3192,0,407
3193,0,346
3194,0,569
3195,0,538
3196,0,101
3197,0,143
3198,0,338
3199,0,151
3200,0,574
3201,0,143
3202,0,242
3203,0,186
3204,0,339
3205,0,1841
3206,0,275
3207,0,145
3208,0,1285
3209,0,167
3210,0,186
3211,0,644
3212,0,275
3213,0,217
3214,0,109
3215,0,650
3216,0,368
3217,0,258
3218,0,794
3219,0,518
3220,0,216
3221,0,630
3222,0,144
3223,0,333
3224,0,277
3225,1,285
3226,0,442
3227,0,427
3228,0,129
3229,0,166
3230,0,255
3231,0,173
3232,0,104
3233,0,1726
3234,0,1580
3235,0,224
3236,0,247
3237,0,115
3238,0,425
3239,0,186
3240,0,99
3241,0,118
3242,0,369
3243,0,536
3244,0,158
3245,0,383
3246,0,272
3247,0,326
3248,0,253
3249,0,117
3250,0,1051
3251,0,146
3252,0,192
3253,0,123
3254,0,152
3255,0,143
3256,0,688
3257,0,371
3258,0,168
3259,0,286
3260,0,233
3261,0,279
3262,0,291
3263,0,162
3264,0,124
3265,0,249
3266,0,1301
3267,0,203
3268,0,186
3269,0,398
3270,0,145
3271,0,445
3272,0,165
3273,0,184
3274,0,336
3275,0,644
3276,0,159
3277,0,611
3278,0,557
3279,0,507
3280,0,420
3281,0,437
3282,0,427
3283,0,295
3284,0,428
3285,0,179
3286,0,1160
3287,0,100
3288,0,894
3289,0,267
3290,0,168
3291,0,460
3292,0,244
3293,0,176
3294,0,363
3295,0,163
3296,0,498
3297,0,381
3298,0,306
3299,0,142
3300,0,276
3301,0,176
3302,0,275
3303,0,116
3304,0,371
3305,0,270
3306,0,837
3307,0,330
3308,0,142
3309,0,608
3310,0,102
3311,0,144
3312,0,231
3313,0,118
3314,0,273
3315,0,1440
3316,0,143
3317,0,727
3318,0,354
3319,0,811
3320,0,179
3321,0,394
3322,0,281
3323,0,288
3324,0,1613
3325,0,187
3326,0,140
3327,0,219
3328,0,465
3329,0,506
3330,0,396
3331,0,285
3332,0,295
3333,0,221
3334,0,175
3335,0,631
3336,0,185
3337,0,297
3338,2,369
3339,0,104
3340,0,270
3341,0,427
3342,0,430
3343,0,207
3344,0,702
3345,0,514
3346,0,181
3347,0,251
3348,0,248
3349,0,567
3350,0,348
3351,0,110
3352,0,570
3353,0,609
3354,0,288
3355,0,590
3356,0,540
3357,0,263
3358,0,294
3359,0,732
3360,0,258
3361,0,369
3362,0,136
3363,0,194
3364,0,163
3365,0,229
3366,0,834
3367,0,412
3368,0,207
3369,0,214
3370,0,862
3371,0,146
3372,0,510
3373,0,808
3374,0,200
3375,0,609
3376,0,697
3377,0,98
3378,0,358
3379,0,192
3380,0,334
3381,0,562
3382,0,209
3383,0,217
3384,0,335
3385,0,184
3386,0,143
3387,0,148
3388,0,217
3389,1,907
3390,0,331
3391,0,315
3392,0,425
3393,0,288
3394,4,311
3395,0,515
3396,0,160
3397,0,183
3398,0,384
3399,0,112
3400,0,317
3401,0,295
3402,0,214
3403,0,245
3404,0,195
3405,0,635
3406,0,222
3407,0,223
3408,0,922
3409,0,247
3410,0,236
3411,0,707
3412,0,430
3413,0,347
3414,0,275
3415,0,197
3416,0,751
3417,0,230
3418,0,276
3419,0,155
3420,0,98
3421,0,208
3422,0,248
3423,0,155
3424,0,658
3425,0,246
3426,0,264
3427,0,132
3428,0,312
3429,0,173
3430,0,252
3431,0,348
3432,0,118
3433,0,301
3434,0,732
3435,0,718
3436,0,441
3437,0,336
3438,0,420
3439,0,361
3440,0,774
3441,0,193
3442,0,155
3443,0,395
3444,0,253
3445,0,142
3446,0,519
3447,0,260
3448,0,256
3449,0,356
3450,0,542
3451,0,555
3452,0,329
3453,0,131
3454,0,418
3455,0,179
3456,0,104
3457,1,980
3458,0,265
3459,0,286
3460,0,230
3461,0,251
3462,0,149
3463,0,246
3464,0,130
3465,0,234
3466,0,98
3467,0,219
3468,0,90
3469,0,471
3470,0,96
3471,0,200
3472,0,316
3473,0,410
3474,0,181
3475,0,554
3476,0,347
3477,0,110
3478,0,190
3479,0,593
3480,0,296
3481,0,185
3482,0,143
3483,0,356
3484,0,98
3485,0,100
3486,0,607
3487,0,543
3488,0,387
3489,0,321
3490,0,471
3491,0,348
3492,0,211
3493,0,111
3494,0,550
3495,0,221
3496,0,186
3497,0,337
3498,0,113
3499,0,204
3500,0,170
3501,0,186
3502,0,544
3503,0,443
3504,0,146
3505,0,173
3506,0,181
3507,0,412
3508,0,304
3509,1,320
3510,0,137
3511,0,1177
3512,0,334
3513,0,238
3514,0,731
3515,0,204
3516,0,202
3517,0,219
3518,0,213
3519,0,170
3520,0,326
3521,0,220
3522,0,230
3523,0,974
3524,0,282
3525,0,103
3526,0,220
3527,0,152
3528,0,484
3529,0,160
3530,0,575
3531,0,184
3532,0,318
3533,0,428
3534,0,276
3535,0,257
3536,0,390
3537,0,259
3538,0,293
3539,0,197
3540,0,424
3541,0,773
3542,0,168
3543,0,963
3544,0,243
3545,0,171
3546,0,157
3547,0,671
3548,0,274
3549,0,529
3550,0,291
3551,0,329
3552,0,106
3553,0,180
3554,0,112
3555,0,901
3556,0,153
3557,0,332
3558,0,155
3559,0,222
3560,0,546
3561,0,522
3562,0,161
3563,0,171
3564,0,243
3565,0,360
3566,0,169
3567,0,292
3568,0,327
3569,0,145
3570,0,178
3571,0,199
3572,0,135
3573,0,139
3574,0,370
3575,0,149
3576,0,303
3577,0,364
3578,0,233
3579,0,525
3580,0,502
3581,0,449
3582,0,189
3583,0,155
3584,0,105
3585,0,374
3586,0,168
3587,0,328
3588,0,300
3589,0,215
3590,0,293
3591,0,830
3592,0,177
3593,0,341
3594,0,705
3595,0,193
3596,0,173
3597,0,116
3598,0,401
3599,0,188
3600,0,413
3601,0,754
3602,0,266
3603,0,487
3604,0,441
3605,0,163
3606,0,152
3607,0,245
3608,0,117
3609,0,329
3610,0,489
3611,0,235
3612,0,655
3613,0,249
3614,0,316
3615,0,417
3616,0,163
3617,0,234
3618,0,371
3619,0,673
3620,0,177
3621,0,130
3622,0,550
3623,0,90
3624,0,125
3625,0,447
3626,0,326
3627,0,1343
3628,0,195
3629,0,157
3630,0,723
3631,0,322
3632,0,230
3633,0,455
3634,0,304
3635,0,369
3636,0,440
3637,0,584
3638,0,449
3639,0,183
3640,0,183
3641,0,524
3642,0,253
3643,0,289
3644,0,279
3645,0,454
3646,0,219
3647,0,343
3648,0,369
3649,0,337
3650,0,172
3651,0,156
3652,0,531
3653,0,1312
3654,0,228
3655,0,439
3656,0,146
3657,0,177
3658,0,264
3659,0,451
3660,0,649
3661,0,111
3662,0,279
3663,0,546
3664,0,100
3665,0,234
3666,0,342
3667,0,154
3668,0,100
3669,0,344
3670,0,506
3671,0,133
3672,0,187
3673,0,257
3674,0,722
3675,0,160
3676,0,387
3677,0,92
3678,3,705
3679,0,148
3680,0,507
3681,0,343
3682,0,338
3683,0,214
3684,0,415
3685,0,238
3686,0,282
3687,0,536
3688,0,229
3689,0,612
3690,0,313
3691,0,186
3692,0,332
3693,0,198
3694,0,157
3695,0,352
3696,0,133
3697,0,241
3698,0,122
3699,0,2049
3700,0,154
3701,0,145
3702,0,370
3703,0,743
3704,0,443
3705,0,740
3706,0,425
3707,0,611
3708,0,143
3709,0,254
3710,0,323
3711,0,314
3712,0,115
3713,0,196
3714,0,327
3715,0,597
3716,0,1223
3717,0,227
3718,0,614
3719,0,369
3720,0,731
3721,0,627
3722,0,146
3723,0,250
3724,0,341
3725,0,669
3726,0,175
3727,0,114
3728,0,172
3729,0,547
3730,0,92
3731,0,373
3732,0,135
3733,0,250
3734,0,685
3735,0,416
3736,0,487
3737,0,262
3738,0,218
3739,0,154
3740,0,211
3741,0,398
3742,0,504
3743,0,118
3744,0,391
3745,0,1129
3746,0,941
3747,0,465
3748,0,1124
3749,0,273
3750,0,251
3751,0,542
3752,0,241
3753,0,176
3754,0,286
3755,0,798
3756,0,651
3757,0,345
3758,0,266
3759,0,197
3760,0,175
3761,0,406
3762,0,234
3763,0,266
3764,0,457
3765,0,1079
3766,0,513
3767,0,162
3768,0,963
3769,0,258
3770,0,732
3771,0,719
3772,0,466
3773,0,274
3774,0,223
3775,0,720
3776,0,293
3777,0,135
3778,0,348
3779,0,347
3780,0,317
3781,0,319
3782,0,205
3783,0,190
3784,0,397
3785,0,558
3786,0,135
3787,0,268
3788,0,484
3789,0,999
3790,0,1129
3791,0,399
3792,0,285
3793,0,223
3794,0,116
3795,0,188
3796,0,386
3797,0,1175
3798,0,187
3799,0,324
3800,0,331
3801,0,762
3802,0,116
3803,0,437
3804,0,99
3805,0,175
3806,0,435
3807,0,145
3808,0,153
3809,0,853
3810,0,660
3811,0,313
3812,0,149
3813,0,456
3814,0,271
3815,0,578
3816,0,780
3817,0,188
3818,0,356
3819,0,375
3820,0,227
3821,0,515
3822,0,318
3823,0,173
3824,0,300
3825,0,425
3826,0,409
3827,0,396
3828,0,176
3829,0,888
3830,0,241
3831,0,339
3832,0,569
3833,0,209
3834,0,224
3835,0,213
3836,0,349
3837,0,695
3838,0,225
3839,0,316
3840,0,272
3841,0,835
3842,0,276
3843,0,328
3844,0,314
3845,0,108
3846,0,326
3847,0,163
3848,0,162
3849,0,169
3850,0,581
3851,0,227
3852,0,395
3853,0,547
3854,0,204
3855,0,565
3856,0,173
3857,0,158
3858,0,427
3859,0,213
3860,0,149
3861,0,313
3862,0,559
3863,0,353
3864,0,130
3865,0,119
3866,0,182
3867,0,231
3868,0,382
3869,0,1220
3870,0,336
3871,0,224
3872,0,702
3873,0,256
3874,0,195
3875,0,256
3876,0,295
3877,0,162
3878,0,119
3879,0,594
3880,0,179
3881,0,391
3882,0,279
3883,0,330
3884,0,162
3885,0,344
3886,0,325
3887,0,494
3888,0,326
3889,0,371
3890,0,436
3891,0,135
3892,0,293
3893,0,385
3894,0,339
3895,0,301
3896,0,164
3897,0,357
3898,0,227
3899,0,375
3900,0,109
3901,0,116
3902,0,184
3903,0,249
3904,0,601
3905,0,194
3906,0,564
3907,0,508
3908,0,189
3909,0,100
3910,0,202
3911,0,135
3912,0,551
3913,0,196
3914,0,288
3915,0,651
3916,0,694
3917,0,1026
3918,0,1405
3919,0,145
3920,0,512
3921,0,566
3922,0,402
3923,0,180
3924,0,257
3925,0,757
3926,0,223
3927,0,244
3928,0,105
3929,0,197
3930,0,307
3931,0,399
3932,0,319
3933,0,578
3934,0,158
3935,0,178
3936,0,275
3937,0,740
3938,0,265
3939,0,423
3940,0,321
3941,0,229
3942,0,463
3943,0,127
3944,0,281
3945,0,367
3946,0,154
3947,0,223
3948,0,154
3949,0,96
3950,0,734
3951,0,651
3952,0,397
3953,0,679
3954,0,185
3955,0,243
3956,0,251
3957,0,153
3958,0,210
3959,0,221
3960,0,435
3961,0,645
3962,0,688
3963,0,132
3964,0,617
3965,0,335
3966,0,299
3967,0,1168
3968,0,155
3969,0,353
3970,0,1788
3971,0,276
3972,0,104
3973,0,567
3974,0,148
3975,0,129
3976,0,276
3977,0,115
3978,0,236
3979,0,190
3980,0,247
3981,0,181
3982,0,512
3983,0,189
3984,0,94
3985,0,339
3986,0,726
3987,0,121
3988,0,905
3989,0,437
3990,0,207
3991,0,181
3992,0,360
3993,0,834
3994,0,547
3995,0,306
3996,0,178
3997,0,127
3998,0,213
3999,0,888
4000,0,675
4001,0,263
4002,0,228
4003,0,238
4004,0,113
4005,0,312
4006,0,483
4007,0,535
4008,0,323
4009,0,646
4010,0,338
4011,0,138
4012,0,344
4013,0,431
4014,0,108
4015,0,148
4016,0,704
4017,0,191
4018,0,227
4019,0,231
4020,0,438
4021,0,300
4022,0,754
4023,0,318
4024,0,374
4025,0,323
4026,0,303
4027,0,188
4028,0,174
4029,0,109
4030,0,666
4031,0,148
4032,0,176
4033,0,425
4034,0,624
4035,0,596
4036,0,215
4037,0,141
4038,0,267
4039,0,178
4040,0,417
4041,0,524
4042,0,425
4043,0,664
4044,0,345
4045,0,208
4046,0,376
4047,0,275
4048,0,667
4049,0,265
4050,0,170
4051,0,315
4052,0,671
4053,0,159
4054,0,100
4055,0,661
4056,0,205
4057,0,147
4058,0,424
4059,0,249
4060,0,317
4061,0,344
4062,0,329
4063,0,184
4064,0,733
4065,0,309
4066,0,264
4067,0,243
4068,0,208
4069,0,307
4070,0,219
4071,0,146
4072,0,539
4073,0,131
4074,0,102
4075,0,126
4076,0,115
4077,0,380
4078,0,215
4079,0,581
4080,0,191
4081,0,177
4082,0,375
4083,0,238
4084,0,470
4085,0,194
4086,0,897
4087,0,499
4088,0,260
4089,0,218
4090,0,605
4091,0,224
4092,0,1576
4093,0,651
4094,0,189
4095,0,139
4096,0,353
4097,0,501
4098,0,169
4099,0,109
4100,0,172
4101,0,827
4102,0,301
4103,0,210
4104,0,101
4105,0,477
4106,0,410
4107,0,241
4108,0,222
4109,0,173
4110,0,113
4111,0,611
4112,0,343
4113,0,583
4114,0,115
4115,0,296
4116,0,175
4117,0,583
4118,0,833
4119,0,412
4120,0,1115
4121,0,205
4122,0,353
4123,0,434
4124,0,352
4125,0,162
4126,0,578
4127,0,165
4128,0,218
4129,0,218
4130,0,209
4131,0,164
4132,0,173
4133,0,526
4134,0,178
4135,0,262
4136,0,212
4137,0,230
4138,0,456
4139,0,153
4140,0,711
4141,0,233
4142,0,341
4143,0,253
4144,0,573
4145,0,219
4146,0,178
4147,0,304
4148,0,602
4149,0,191
4150,0,162
4151,0,329
4152,0,255
4153,0,147
4154,0,641
4155,0,1308
4156,0,343
4157,0,124
4158,0,119
4159,0,141
4160,0,1056
4161,0,223
4162,0,167
4163,0,444
4164,0,232
4165,0,150
4166,0,146
4167,0,335
4168,0,248
4169,0,1233
4170,0,274
4171,0,712
4172,0,227
4173,0,547
4174,0,690
4175,0,641
4176,0,408
4177,0,1083
4178,0,418
4179,0,420
4180,0,112
4181,0,148
4182,0,124
4183,0,302
4184,0,118
4185,0,232
4186,0,712
4187,0,102
4188,0,407
4189,0,167
4190,0,142
4191,0,367
4192,0,146
4193,0,401
4194,0,143
4195,0,146
4196,0,250
4197,0,266
4198,0,134
4199,0,371
4200,0,427
4201,0,297
4202,0,428
4203,0,486
4204,0,209
4205,0,191
4206,0,401
4207,0,329
4208,0,207
4209,0,361
4210,0,429
4211,0,209
4212,0,97
4213,0,114
4214,0,285
4215,0,294
4216,0,249
4217,0,234
4218,0,548
4219,0,105
4220,0,155
4221,0,410
4222,0,311
4223,0,330
4224,0,156
4225,0,286
4226,0,1320
4227,0,300
4228,0,158
4229,0,627
4230,0,141
4231,0,335
4232,0,677
4233,0,394
4234,0,167
4235,0,133
4236,0,305
4237,0,230
4238,4,922
4239,0,294
4240,0,264
4241,0,397
4242,0,257
4243,0,122
4244,0,214
4245,0,663
4246,0,426
4247,0,218
4248,0,579
4249,0,209
4250,0,401
4251,0,120
4252,0,410
4253,0,436
4254,0,108
4255,0,312
4256,0,523
4257,0,264
4258,0,179
4259,0,138
4260,0,389
4261,0,231
4262,0,369
4263,0,166
4264,0,728
4265,0,490
4266,0,576
4267,0,134
4268,0,133
4269,0,196
4270,0,127
4271,0,447
4272,0,333
4273,0,331
4274,0,155
4275,0,345
4276,0,397
4277,0,831
4278,0,247
4279,0,457
4280,0,215
4281,0,133
4282,0,249
4283,0,806
4284,0,832
4285,0,115
4286,0,203
4287,0,95
4288,0,143
4289,0,321
4290,0,224
4291,0,284
4292,0,226
4293,0,665
4294,0,464
4295,0,130
4296,0,512
4297,0,592
4298,0,570
4299,0,388
4300,0,362
4301,0,354
4302,0,288
4303,0,107
4304,0,176
4305,0,211
4306,0,254
4307,0,175
4308,0,113
4309,0,944
4310,0,140
4311,0,188
4312,0,321
4313,0,374
4314,0,212
4315,0,405
4316,0,423
4317,0,481
4318,0,993
4319,0,162
4320,0,675
4321,0,501
4322,0,205
4323,0,168
4324,0,278
4325,0,491
4326,0,143
4327,0,142
4328,0,230
4329,0,678
4330,0,153
4331,0,206
4332,0,112
4333,0,265
4334,0,138
4335,0,732
4336,0,770
4337,0,1040
4338,0,403
4339,0,520
4340,0,575
4341,0,130
4342,0,188
4343,0,448
4344,0,441
4345,0,327
4346,0,476
4347,0,396
4348,0,247
4349,0,331
4350,0,107
4351,0,219
4352,0,241
4353,0,423
4354,0,231
4355,0,794
4356,0,246
4357,0,133
4358,0,455
4359,0,179
4360,0,316
4361,0,361
4362,0,132
4363,0,117
4364,0,758
4365,0,649
4366,0,396
4367,0,338
4368,0,91
4369,0,325
4370,0,552
4371,0,301
4372,0,304
4373,0,113
4374,0,300
4375,0,494
4376,0,274
4377,0,180
4378,0,148
4379,0,263
4380,0,216
4381,0,212
4382,0,637
4383,1,540
4384,0,441
4385,0,641
4386,0,312
4387,0,458
4388,0,490
4389,0,458
4390,0,338
4391,0,102
4392,0,880
4393,0,326
4394,0,727
4395,0,104
4396,0,496
4397,0,613
4398,0,265
4399,0,257
4400,0,205
4401,0,118
4402,0,186
4403,0,482
4404,0,278
4405,0,293
4406,0,114
4407,0,1604
4408,0,391
4409,0,123
4410,0,779
4411,0,281
4412,0,122
4413,0,439
4414,0,163
4415,0,195
4416,0,758
4417,0,933
4418,0,381
4419,0,333
4420,0,600
4421,0,389
4422,0,199
4423,0,1154
4424,0,179
4425,0,138
4426,0,439
4427,0,324
4428,0,431
4429,0,218
4430,0,144
4431,0,809
4432,0,1001
4433,0,146
4434,0,143
4435,0,333
4436,0,266
4437,0,220
4438,0,416
4439,0,203
4440,0,608
4441,0,154
4442,0,455
4443,0,992
4444,0,145
4445,0,315
4446,0,575
4447,0,136
4448,0,411
4449,0,145
4450,0,1020
4451,0,939
4452,0,147
4453,0,146
4454,0,336
4455,2,1248
4456,0,330
4457,0,915
4458,0,214
4459,0,366
4460,0,313
4461,0,283
4462,0,155
4463,0,113
4464,0,244
4465,0,1273
4466,0,824
4467,0,161
4468,0,786
4469,0,990
4470,0,183
4471,0,262
4472,0,310
4473,0,302
4474,0,228
4475,0,752
4476,0,943
4477,0,135
4478,0,265
4479,0,472
4480,0,778
4481,0,301
4482,0,147
4483,0,108
4484,0,116
4485,0,156
4486,0,262
4487,0,486
4488,0,452
4489,0,150
4490,0,144
4491,0,98
4492,0,711
4493,0,348
4494,0,309
4495,0,346
4496,0,322
4497,0,752
4498,0,153
4499,0,203
4500,0,282
4501,0,328
4502,0,537
4503,0,777
4504,0,476
4505,0,742
4506,0,260
4507,0,221
4508,0,335
4509,0,466
4510,0,97
4511,0,408
4512,0,208
4513,1,802
4514,0,147
4515,0,465
4516,0,291
4517,0,978
4518,0,205
4519,0,634
4520,0,142
4521,0,342
4522,0,748
4523,0,746
4524,0,107
4525,0,268
4526,0,329
4527,0,358
4528,0,385
4529,0,488
4530,0,297
4531,0,135
4532,0,891
4533,0,115
4534,0,172
4535,0,113
4536,0,879
4537,0,460
4538,0,262
4539,0,456
4540,0,143
4541,0,95
4542,0,645
4543,0,229
4544,0,173
4545,0,477
4546,0,237
4547,0,391
4548,0,2401
4549,0,287
4550,0,374
4551,0,279
4552,0,287
4553,0,191
4554,0,299
4555,0,124
4556,0,277
4557,0,731
4558,0,385
4559,0,607
4560,0,294
4561,0,483
4562,0,268
4563,0,153
4564,0,113
4565,0,171
4566,0,280
4567,0,135
4568,0,376
4569,0,189
4570,0,143
4571,0,262
4572,0,227
4573,0,230
4574,0,293
4575,0,290
4576,0,540
4577,0,236
4578,0,256
4579,0,306
4580,0,178
4581,0,339
4582,0,226
4583,0,188
4584,0,376
4585,0,151
4586,0,212
4587,0,251
4588,0,173
4589,0,206
4590,0,187
4591,0,124
4592,0,308
4593,0,172
4594,0,317
4595,0,147
4596,0,177
4597,0,428
4598,0,308
4599,0,203
4600,0,761
4601,0,584
4602,0,108
4603,0,200
4604,0,661
4605,0,738
4606,0,252
4607,0,256
4608,0,163
4609,0,184
4610,0,210
4611,0,297
4612,0,450
4613,0,356
4614,0,543
4615,0,540
4616,0,418
4617,0,184
4618,0,272
4619,0,218
4620,0,146
4621,0,149
4622,0,213
4623,0,343
4624,0,333
4625,0,1099
4626,0,648
4627,0,1049
4628,0,449
4629,0,158
4630,0,216
4631,0,221
4632,0,252
4633,0,535
4634,0,598
4635,0,108
4636,0,545
4637,0,169
4638,0,147
4639,0,257
4640,0,162
4641,0,266
4642,0,187
4643,0,133
4644,0,170
4645,0,377
4646,0,330
4647,0,273
4648,0,150
4649,0,345
4650,0,184
4651,0,218
4652,0,356
4653,0,417
4654,0,213
4655,0,1079
4656,0,369
4657,0,361
4658,0,195
4659,0,576
4660,0,862
4661,0,551
4662,0,580
4663,0,482
4664,0,443
4665,0,104
4666,0,526
4667,0,222
4668,0,1861
4669,0,162
4670,0,158
4671,0,189
4672,0,268
4673,2,641
4674,0,629
4675,0,141
4676,0,739
4677,0,296
4678,0,213
4679,0,256
4680,0,337
4681,0,286
4682,0,398
4683,0,132
4684,0,373
4685,0,177
4686,0,362
4687,0,188
4688,0,451
4689,0,236
4690,0,179
4691,0,198
4692,0,304
4693,0,496
4694,0,238
4695,0,337
4696,0,324
4697,0,312
4698,0,170
4699,0,567
4700,0,326
4701,0,354
4702,0,176
4703,0,163
4704,0,349
4705,0,284
4706,0,294
4707,0,468
4708,0,356
4709,0,499
4710,0,240
4711,0,1760
4712,0,1257
4713,0,175
4714,0,358
4715,0,285
4716,0,782
4717,0,468
4718,0,175
4719,0,272
4720,0,230
4721,0,192
4722,0,127
4723,0,1081
4724,0,183
4725,0,504
4726,0,488
4727,0,686
4728,0,121
4729,0,265
4730,0,108
4731,0,129
4732,0,125
4733,0,217
4734,0,364
4735,0,447
4736,0,385
4737,0,573
4738,0,163
4739,0,102
4740,0,397
4741,0,392
4742,0,1512
4743,0,219
4744,0,2160
4745,0,593
4746,0,633
4747,0,755
4748,0,148
4749,0,135
4750,0,381
4751,0,314
4752,0,331
4753,0,295
4754,0,510
4755,0,495
4756,0,359
4757,0,201
4758,0,534
4759,0,130
4760,0,264
4761,0,214
4762,0,612
4763,0,136
4764,0,292
4765,0,313
4766,0,212
4767,0,221
4768,0,294
4769,0,240
4770,0,244
4771,0,298
4772,0,763
4773,0,110
4774,0,237
4775,0,298
4776,0,197
4777,0,189
4778,0,684
4779,0,103
4780,0,170
4781,0,377
4782,0,161
4783,0,437
4784,0,340
4785,0,323
4786,0,382
4787,0,563
4788,0,135
4789,0,275
4790,0,132
4791,0,270
4792,0,315
4793,0,543
4794,0,165
4795,0,219
4796,0,200
4797,0,123
4798,0,291
4799,0,187
4800,0,171
4801,0,149
4802,0,207
4803,0,255
4804,0,236
4805,0,845
4806,0,542
4807,0,220
4808,0,920
4809,0,385
4810,0,1090
4811,0,744
4812,0,180
4813,0,337
4814,0,200
4815,0,170
4816,0,138
4817,0,298
4818,0,324
4819,0,163
4820,0,238
4821,0,199
4822,0,254
4823,0,557
4824,0,283
4825,0,411
4826,0,794
4827,0,148
4828,0,170
4829,0,466
4830,0,508
4831,0,367
4832,0,830
4833,0,149
4834,0,115
4835,0,147
4836,0,312
4837,0,201
4838,0,393
4839,0,215
4840,0,670
4841,0,250
4842,0,168
4843,0,276
4844,0,156
4845,0,159
4846,0,385
4847,0,183
4848,0,114
4849,0,606
4850,0,286
4851,0,229
4852,0,658
4853,0,654
4854,0,427
4855,0,288
4856,0,124
4857,0,177
4858,0,303
4859,0,389
4860,0,490
4861,0,360
4862,0,167
4863,0,325
4864,0,1007
4865,0,598
4866,0,803
4867,0,158
4868,0,124
4869,0,408
4870,0,414
4871,0,132
4872,0,445
4873,0,588
4874,0,220
4875,0,604
4876,0,356
4877,0,220
4878,0,485
4879,0,116
4880,0,163
4881,0,265
4882,0,149
4883,0,137
4884,0,179
4885,0,136
4886,0,585
4887,0,419
4888,0,182
4889,0,955
4890,0,410
4891,0,869
4892,0,2283
4893,0,115
4894,0,419
4895,0,263
4896,0,259
4897,0,113
4898,0,227
4899,0,390
4900,0,205
4901,0,98
4902,0,827
4903,0,96
4904,0,200
4905,0,430
4906,0,819
4907,0,263
4908,0,157
4909,0,187
4910,0,250
4911,0,196
4912,0,201
4913,0,197
4914,0,101
4915,0,171
4916,0,130
4917,0,208
4918,0,690
4919,0,286
4920,0,315
4921,0,133
4922,0,725
4923,0,190
4924,0,536
4925,0,490
4926,0,109
4927,0,375
4928,0,214
4929,0,268
4930,0,229
4931,0,173
4932,0,130
4933,0,141
4934,0,177
4935,0,676
4936,0,252
4937,0,242
4938,0,182
4939,0,176
4940,0,625
4941,0,174
4942,0,260
4943,0,291
4944,0,150
4945,0,371
4946,0,535
4947,0,469
4948,0,307
4949,0,694
4950,0,492
4951,0,134
4952,0,769
4953,0,491
4954,0,163
4955,0,384
4956,0,771
4957,0,145
4958,0,123
4959,0,263
4960,0,448
4961,0,150
4962,0,605
4963,0,509
4964,0,292
4965,0,357
4966,0,108
4967,0,182
4968,0,729
4969,0,609
4970,0,603
4971,0,504
4972,0,990
4973,0,184
4974,0,305
4975,0,818
4976,0,582
4977,0,217
4978,0,269
4979,0,156
4980,0,456
4981,0,380
4982,0,174
4983,0,178
4984,0,444
4985,0,224
4986,0,257
4987,0,162
4988,0,1739
4989,0,775
4990,0,422
4991,0,325
4992,0,204
4993,0,269
4994,0,574
4995,0,193
4996,0,699
4997,0,612
4998,0,320
4999,0,315
5000,0,411
5001,0,183
5002,0,359
5003,0,145
5004,0,285
5005,0,94
5006,0,259
5007,0,834
5008,0,105
5009,0,409
5010,0,109
5011,0,717
5012,0,220
5013,0,285
5014,0,102
5015,0,370
5016,0,107
5017,0,384
5018,0,308
5019,0,485
5020,0,223
5021,0,620
5022,0,256
5023,0,649
5024,0,623
5025,0,142
5026,0,130
5027,0,361
5028,0,394
5029,0,210
5030,0,122
5031,0,245
5032,0,104
5033,0,638
5034,0,747
5035,0,577
5036,0,302
5037,0,373
5038,0,109
5039,0,976
5040,0,138
5041,0,149
5042,0,517
5043,0,139
5044,0,140
5045,0,102
5046,0,148
5047,0,371
5048,0,499
5049,0,401
5050,0,112
5051,0,157
5052,0,371
5053,0,396
5054,0,340
5055,0,386
5056,0,291
5057,0,413
5058,0,883
5059,0,127
5060,0,409
5061,0,294
5062,0,353
5063,0,416
5064,0,194
5065,0,408
5066,0,247
5067,0,171
5068,0,583
5069,0,326
5070,0,444
5071,0,108
5072,0,144
5073,0,463
5074,0,1331
5075,0,621
5076,0,148
5077,0,1136
5078,0,196
5079,0,448
5080,0,142
5081,0,861
5082,0,175
5083,0,191
5084,0,144
5085,0,428
5086,0,186
5087,0,382
5088,0,298
5089,0,193
5090,0,586
5091,0,150
5092,0,735
5093,0,785
5094,0,121
5095,0,185
5096,0,293
5097,0,405
5098,0,306
5099,0,248
5100,0,102
5101,0,227
5102,0,237
5103,0,234
5104,0,292
5105,0,105
5106,0,799
5107,0,144
5108,0,184
5109,0,287
5110,0,651
5111,0,685
5112,0,366
5113,0,502
5114,0,273
5115,0,199
5116,0,151
5117,0,207
5118,0,206
5119,0,145
5120,0,109
5121,0,491
5122,0,972
5123,0,146
5124,0,380
5125,0,1155
5126,0,599
5127,0,146
5128,0,225
5129,0,109
5130,0,663
5131,0,177
5132,0,1094
5133,0,383
5134,0,576
5135,0,187
5136,0,102
5137,0,351
5138,0,144
5139,0,293
5140,0,219
5141,0,223
5142,0,615
5143,0,129
5144,0,453
5145,0,185
5146,0,422
5147,0,602
5148,0,466
5149,0,219
5150,2,236
5151,0,359
5152,0,184
5153,0,325
5154,0,110
5155,0,905
5156,0,375
5157,0,103
5158,0,323
5159,0,331
5160,0,570
5161,0,506
5162,0,187
5163,0,1345
5164,0,238
5165,0,166
5166,0,172
5167,0,1141
5168,0,339
5169,0,368
5170,0,195
5171,0,397
5172,0,421
5173,0,587
5174,0,144
5175,0,182
5176,0,171
5177,0,146
5178,0,172
5179,0,312
5180,0,97
5181,0,247
5182,0,351
5183,0,352
5184,0,552
5185,0,285
5186,0,193
5187,0,130
5188,0,222
5189,0,174
5190,0,224
5191,0,162
5192,0,412
5193,0,424
5194,0,283
5195,0,140
5196,0,197
5197,0,382
5198,0,466
5199,0,334
5200,0,118
5201,0,441
5202,0,364
5203,0,347
5204,0,160
5205,0,455
5206,0,625
5207,0,202
5208,0,341
5209,0,390
5210,0,149
5211,0,994
5212,0,618
5213,0,551
5214,0,418
5215,0,604
5216,0,339
5217,0,720
5218,0,324
5219,0,267
5220,0,946
5221,0,167
5222,0,538
5223,0,191
5224,0,627
5225,0,388
5226,0,138
5227,0,757
5228,0,147
5229,0,261
5230,0,360
5231,0,181
5232,0,266
5233,0,442
5234,0,137
5235,0,187
5236,0,179
5237,0,540
5238,0,784
5239,0,210
5240,0,239
5241,3,1849
5242,0,528
5243,0,737
5244,0,268
5245,0,129
5246,0,207
5247,0,169
5248,0,615
5249,0,168
5250,0,301
5251,0,600
5252,0,241
5253,0,512
5254,0,412
5255,0,1148
5256,0,251
5257,0,215
5258,0,668
5259,0,504
5260,0,284
5261,0,296
5262,0,699
5263,0,339
5264,0,261
5265,0,169
5266,0,202
5267,0,1760
5268,0,249
5269,0,178
5270,0,295
5271,0,158
5272,0,169
5273,0,688
5274,0,286
5275,0,515
5276,0,504
5277,0,541
5278,0,221
5279,0,110
5280,0,200
5281,0,659
5282,0,837
5283,0,585
5284,0,254
5285,0,285
5286,0,336
5287,0,292
5288,0,125
5289,0,149
5290,0,695
5291,0,492
5292,0,106
5293,0,271
5294,0,444
5295,0,401
5296,0,285
5297,0,336
5298,0,414
5299,0,327
5300,0,420
5301,0,347
5302,0,200
5303,0,150
5304,0,541
5305,0,120
5306,0,697
5307,0,255
5308,0,548
5309,0,322
5310,0,202
5311,0,234
5312,0,225
5313,0,103
5314,0,207
5315,0,332
5316,0,230
5317,0,186
5318,0,678
5319,0,99
5320,0,380
5321,0,1310
5322,0,226
5323,0,140
5324,0,410
5325,0,213
5326,0,590
5327,0,200
5328,0,139
5329,0,698
5330,0,107
5331,0,732
5332,0,98
5333,0,676
5334,0,341
5335,0,213
5336,0,332
5337,0,180
5338,0,319
5339,0,142
5340,0,369
5341,0,220
5342,0,254
5343,0,490
5344,0,361
5345,0,125
5346,0,374
5347,0,732
5348,0,259
5349,0,431
5350,0,408
5351,0,510
5352,0,645
5353,0,350
5354,0,521
5355,0,373
5356,0,335
5357,0,264
5358,0,295
5359,0,210
5360,0,390
5361,0,182
5362,0,438
5363,0,96
5364,0,221
5365,0,576
5366,0,202
5367,0,192
5368,0,268
5369,0,217
5370,0,188
5371,0,334
5372,0,137
5373,0,440
5374,0,176
5375,0,190
5376,0,213
5377,0,416
5378,0,439
5379,0,266
5380,0,161
5381,0,861
5382,0,196
5383,0,241
5384,0,796
5385,0,142
5386,0,152
5387,0,156
5388,0,98
5389,0,454
5390,0,120
5391,0,251
5392,0,397
5393,0,992
5394,0,501
5395,0,206
5396,0,121
5397,0,988
5398,0,294
5399,0,198
5400,0,158
5401,0,480
5402,0,524
5403,0,309
5404,0,183
5405,0,415
5406,0,586
5407,0,794
5408,0,106
5409,0,248
5410,0,321
5411,0,1157
5412,0,326
5413,0,229
5414,0,140
5415,0,290
5416,0,185
5417,0,495
5418,0,226
5419,0,159
5420,0,167
5421,0,130
5422,0,554
5423,0,558
5424,0,147
5425,0,449
5426,0,278
5427,0,417
5428,0,434
5429,0,147
5430,0,259
5431,0,378
5432,0,385
5433,0,108
5434,0,91
5435,0,118
5436,0,355
5437,0,855
5438,0,104
5439,0,160
5440,0,286
5441,0,199
5442,0,413
5443,0,275
5444,0,226
5445,0,267
5446,0,644
5447,0,489
5448,0,770
5449,0,233
5450,0,176
5451,0,298
5452,0,492
5453,0,491
5454,0,296
5455,0,415
5456,0,758
5457,0,236
5458,0,730
5459,0,250
5460,0,343
5461,0,108
5462,0,379
5463,0,712
5464,0,232
5465,0,183
5466,0,377
5467,0,522
5468,0,143
5469,0,269
5470,0,148
5471,0,301
5472,0,234
5473,0,164
5474,0,298
5475,0,104
5476,0,160
5477,0,420
5478,0,197
5479,0,402
5480,0,1001
5481,0,351
5482,0,569
5483,0,712
5484,0,827
5485,0,209
5486,0,706
5487,0,1025
5488,0,245
5489,0,117
5490,0,452
5491,0,415
5492,0,655
5493,0,244
5494,0,192
5495,0,119
5496,0,219
5497,0,219
5498,0,200
5499,0,736
5500,0,998
5501,0,133
5502,0,394
5503,0,423
5504,0,476
5505,0,1523
5506,0,493
5507,0,289
5508,0,113
5509,0,848
5510,0,215
5511,0,150
5512,0,433
5513,0,409
5514,0,248
5515,0,172
5516,0,185
5517,0,283
5518,0,227
5519,0,451
5520,0,350
5521,0,448
5522,0,266
5523,0,151
5524,0,435
5525,0,419
5526,0,732
5527,0,152
5528,0,184
5529,0,217
5530,0,281
5531,0,281
5532,0,203
5533,0,209
5534,0,282
5535,0,684
5536,0,255
5537,0,101
5538,0,182
5539,0,306
5540,0,523
5541,0,1334
5542,0,745
5543,0,114
5544,0,342
5545,0,483
5546,0,654
5547,0,231
5548,0,693
5549,0,578
5550,0,127
5551,0,349
5552,0,175
5553,0,471
5554,0,402
5555,0,218
5556,0,431
5557,0,173
5558,0,705
5559,0,403
5560,0,548
5561,0,503
5562,0,197
5563,0,929
5564,0,164
5565,0,531
5566,0,861
5567,0,491
5568,0,584
5569,0,219
5570,0,591
5571,0,142
5572,0,713
5573,0,195
5574,0,539
5575,0,508
5576,0,211
5577,0,588
5578,0,288
5579,0,282
5580,0,948
5581,0,129
5582,0,416
5583,0,983
5584,0,171
5585,0,113
5586,0,333
5587,0,116
5588,0,340
5589,0,575
5590,0,255
5591,0,204
5592,0,101
5593,0,260
5594,0,461
5595,0,203
5596,0,183
5597,0,194
5598,0,590
5599,0,328
5600,0,1057
5601,0,728
5602,0,441
5603,0,182
5604,0,179
5605,0,580
5606,0,456
5607,0,303
5608,0,141
5609,0,146
5610,0,662
5611,0,196
5612,0,178
5613,0,455
5614,0,265
5615,0,574
5616,0,282
5617,0,424
5618,0,269
5619,0,400
5620,0,577
5621,0,178
5622,0,128
5623,0,618
5624,0,243
5625,0,245
5626,0,143
5627,0,586
5628,0,1102
5629,0,368
5630,0,402
5631,0,109
5632,0,198
5633,0,1526
5634,0,453
5635,0,266
5636,0,180
5637,0,520
5638,0,518
5639,0,142
5640,0,757
5641,0,324
5642,0,159
5643,0,675
5644,0,112
5645,0,439
5646,0,267
5647,0,469
5648,0,206
5649,0,616
5650,0,114
5651,0,376
5652,0,546
5653,0,168
5654,0,378
5655,0,226
5656,0,99
5657,0,312
5658,0,305
5659,0,185
5660,0,306
5661,0,1070
5662,0,266
5663,0,462
5664,0,214
5665,0,167
5666,0,151
5667,0,387
5668,0,755
5669,0,948
5670,0,390
5671,0,246
5672,0,318
5673,0,832
5674,0,198
5675,0,184
5676,0,168
5677,0,223
5678,0,510
5679,0,335
5680,0,500
5681,0,503
5682,0,358
5683,0,588
5684,0,321
5685,0,464
5686,0,325
5687,0,357
5688,0,270
5689,0,158
5690,0,163
5691,0,584
5692,0,112
5693,0,146
5694,0,332
5695,0,498
5696,0,174
5697,0,186
5698,0,604
5699,0,560
5700,0,559
5701,0,226
5702,0,207
5703,0,145
5704,0,1059
5705,0,224
5706,0,224
5707,0,564
5708,0,279
5709,0,287
5710,0,170
5711,0,963
5712,0,297
5713,0,899
5714,0,175
5715,0,175
5716,0,194
5717,0,522
5718,0,141
5719,0,309
5720,0,258
5721,0,172
5722,0,448
5723,0,232
5724,0,350
5725,0,399
5726,0,224
5727,0,224
5728,0,693
5729,0,140
5730,0,182
5731,0,182
5732,0,120
5733,0,120
5734,0,422
5735,0,258
5736,0,231
5737,0,104
5738,0,209
5739,0,225
5740,0,177
5741,0,342
5742,0,178
5743,0,131
5744,0,131
5745,0,267
5746,0,415
5747,0,536
5748,0,255
5749,0,443
5750,0,164
5751,0,737
5752,0,150
5753,0,606
5754,0,135
5755,0,250
5756,0,695
5757,0,187
5758,0,338
5759,0,354
5760,0,200
5761,0,311
5762,0,413
5763,0,488
5764,0,1045
5765,0,507
5766,0,192
5767,0,438
5768,0,219
5769,0,452
5770,0,103
5771,0,472
5772,0,489
5773,0,625
5774,0,103
5775,0,545
5776,0,285
5777,0,159
5778,0,548
5779,0,181
5780,0,188
5781,0,121
5782,0,171
5783,0,167
5784,0,268
5785,0,292
5786,0,488
5787,0,215
5788,0,144
5789,0,172
5790,0,379
5791,0,286
5792,0,298
5793,0,219
5794,0,324
5795,0,104
5796,0,563
5797,0,224
5798,0,128
5799,0,376
5800,0,197
5801,0,337
5802,0,386
5803,0,793
5804,0,169
5805,0,225
5806,0,179
5807,0,274
5808,0,176
5809,0,240
5810,0,312
5811,0,625
5812,0,256
5813,0,710
5814,0,439
5815,0,147
5816,0,338
5817,0,342
5818,0,362
5819,0,840
5820,0,173
5821,0,107
5822,0,270
5823,0,236
5824,0,582
5825,0,365
5826,0,135
5827,0,189
5828,0,101
5829,0,563
5830,0,454
5831,0,347
5832,0,138
5833,0,330
5834,0,811
5835,0,290
5836,0,461
5837,0,454
5838,0,128
5839,0,155
5840,0,296
5841,0,239
5842,0,413
5843,0,179
5844,0,520
5845,0,181
5846,0,256
5847,0,138
5848,0,551
5849,0,934
5850,0,553
5851,0,382
5852,0,137
5853,0,233
5854,0,818
5855,0,153
5856,0,91
5857,0,370
5858,0,764
5859,0,917
5860,0,278
5861,0,146
5862,0,747
5863,0,105
5864,0,448
5865,0,145
5866,0,188
5867,0,428
5868,0,326
5869,0,167
5870,0,155
5871,0,190
5872,0,141
5873,0,276
5874,0,104
5875,0,769
5876,0,109
5877,0,155
5878,0,386
5879,0,101
5880,0,427
5881,0,337
5882,0,279
5883,0,266
5884,0,159
5885,0,141
5886,0,439
5887,0,108
5888,0,382
5889,0,349
5890,0,275
5891,0,235
5892,0,147
5893,0,241
5894,0,620
5895,0,648
5896,0,251
5897,0,292
5898,0,710
5899,0,479
5900,0,319
5901,0,274
5902,0,567
5903,0,303
5904,0,589
5905,0,498
5906,0,387
5907,0,131
5908,0,172
5909,0,178
5910,0,566
5911,0,605
5912,0,193
5913,0,152
5914,0,529
5915,0,362
5916,0,412
5917,0,331
5918,0,497
5919,0,864
5920,0,460
5921,0,771
5922,0,180
5923,0,742
5924,0,159
5925,0,443
5926,0,109
5927,0,359
5928,0,184
5929,0,430
5930,0,202
5931,0,366
5932,0,174
5933,0,400
5934,0,189
5935,0,303
5936,0,221
5937,0,207
5938,0,277
5939,0,258
5940,0,287
5941,0,170
5942,0,396
5943,0,505
5944,0,297
5945,0,142
5946,0,158
5947,0,378
5948,0,870
5949,0,390
5950,0,200
5951,0,129
5952,0,512
5953,0,269
5954,0,889
5955,0,153
5956,0,140
5957,0,205
5958,0,175
5959,0,858
5960,0,570
5961,0,277
5962,0,183
5963,0,210
5964,0,156
5965,0,261
5966,0,180
5967,0,414
5968,0,187
5969,0,713
5970,0,151
5971,0,148
5972,0,543
5973,0,562
5974,0,477
5975,0,276
5976,0,324
5977,0,192
5978,0,168
5979,0,292
5980,0,603
5981,0,224
5982,0,218
5983,0,144
5984,0,632
5985,0,142
5986,0,289
5987,0,349
5988,0,111
5989,0,157
5990,0,286
5991,0,722
5992,0,530
5993,0,279
5994,0,114
5995,0,154
5996,0,146
5997,0,226
5998,0,483
5999,0,329
6000,0,156
6001,0,709
6002,0,320
6003,0,328
6004,0,141
6005,0,142
6006,0,397
6007,0,208
6008,0,112
6009,0,163
6010,0,1016
6011,0,537
6012,0,736
6013,0,107
6014,0,156
6015,0,209
6016,0,216
6017,0,170
6018,0,716
6019,0,463
6020,0,593
6021,0,293
6022,0,433
6023,0,174
6024,0,194
6025,0,658
6026,0,476
6027,0,206
6028,0,279
6029,0,217
6030,0,862
6031,0,191
6032,0,287
6033,0,243
6034,0,286
6035,0,137
6036,0,113
6037,0,993
6038,0,278
6039,0,202
6040,0,486
6041,0,310
6042,0,180
6043,0,363
6044,0,161
6045,0,325
6046,0,325
6047,0,97
6048,0,104
6049,0,180
6050,0,334
6051,0,132
6052,0,426
6053,0,134
6054,0,219
6055,0,435
6056,0,213
6057,0,217
6058,0,1244
6059,0,364
6060,0,746
6061,0,294
6062,0,195
6063,0,618
6064,0,224
6065,0,194
6066,0,251
6067,0,151
6068,0,150
6069,0,135
6070,0,143
6071,0,264
6072,0,715
6073,0,293
6074,0,173
6075,0,110
6076,0,228
6077,0,174
6078,0,227
6079,0,255
6080,0,158
6081,0,151
6082,0,945
6083,0,147
6084,0,680
6085,0,102
6086,0,269
6087,0,995
6088,0,219
6089,0,213
6090,0,468
6091,0,146
6092,0,110
6093,0,531
6094,0,116
6095,0,310
6096,0,170
6097,0,956
6098,0,291
6099,0,300
6100,0,183
6101,0,129
6102,0,750
6103,0,172
6104,0,583
6105,0,789
6106,0,256
6107,0,965
6108,0,156
6109,0,128
6110,0,169
6111,0,133
6112,0,244
6113,0,300
6114,0,598
6115,0,148
6116,0,211
6117,0,917
6118,0,187
6119,0,130
6120,0,210
6121,0,139
6122,0,109
6123,0,138
6124,0,522
6125,0,323
6126,0,179
6127,0,188
6128,1,216
6129,0,529
6130,0,130
6131,0,291
6132,0,343
6133,0,473
6134,0,1105
6135,0,187
6136,0,146
6137,0,150
6138,0,107
6139,0,523
6140,0,364
6141,0,132
6142,0,160
6143,0,337
6144,0,97
6145,0,311
6146,0,527
6147,0,226
6148,0,200
6149,0,143
6150,0,164
6151,0,408
6152,0,208
6153,0,123
6154,0,637
6155,0,639
6156,0,409
6157,0,634
6158,0,371
6159,0,501
6160,0,210
6161,0,383
6162,0,1058
6163,0,558
6164,0,127
6165,0,281
6166,0,157
6167,0,524
6168,0,175
6169,0,719
6170,0,677
6171,0,574
6172,0,103
6173,0,149
6174,0,103
6175,0,188
6176,0,465
6177,0,950
6178,0,180
6179,0,591
6180,0,280
6181,0,379
6182,0,513
6183,0,456
6184,0,306
6185,0,639
6186,0,374
6187,0,590
6188,0,628
6189,0,221
6190,0,223
6191,0,407
6192,1,1551
6193,0,205
6194,0,826
6195,0,422
6196,0,695
6197,0,115
6198,0,254
6199,0,161
6200,0,219
6201,0,1105
6202,0,126
6203,0,530
6204,0,569
6205,0,398
6206,0,228
6207,0,222
6208,0,196
6209,0,830
6210,0,390
6211,0,681
6212,0,238
6213,0,98
6214,0,240
6215,0,290
6216,0,1015
6217,0,231
6218,0,451
6219,0,517
6220,0,731
6221,0,424
6222,0,108
6223,0,700
6224,0,168
6225,0,457
6226,0,398
6227,0,295
6228,0,260
6229,0,380
6230,0,130
6231,0,253
6232,0,362
6233,0,313
6234,0,286
6235,0,288
6236,0,473
6237,0,266
6238,0,179
6239,0,485
6240,0,1519
6241,0,312
6242,0,258
6243,0,167
6244,0,127
6245,0,560
6246,0,506
6247,0,300
6248,0,214
6249,0,728
6250,0,203
6251,0,392
6252,0,576
6253,0,547
6254,0,811
6255,0,171
6256,0,256
6257,0,189
6258,0,159
6259,0,348
6260,0,101
6261,0,526
6262,0,281
6263,0,292
6264,0,530
6265,0,284
6266,0,135
6267,0,258
6268,0,482
6269,0,111
6270,0,266
6271,0,256
6272,0,118
6273,0,516
6274,0,228
6275,0,386
6276,0,419
6277,0,192
6278,0,156
6279,0,139
6280,0,600
6281,0,254
6282,0,736
6283,0,720
6284,0,199
6285,0,804
6286,0,232
6287,2,320
6288,0,348
6289,0,765
6290,0,428
6291,0,196
6292,0,392
6293,0,110
6294,0,392
6295,0,502
6296,0,146
6297,0,303
6298,0,1344
6299,0,252
6300,0,703
6301,0,586
6302,0,381
6303,0,484
6304,0,182
6305,0,1372
6306,0,154
6307,0,473
6308,0,229
6309,0,521
6310,0,145
6311,0,229
6312,0,440
6313,0,341
6314,0,264
6315,0,149
6316,0,155
6317,0,1815
6318,0,241
6319,0,161
6320,0,479
6321,0,297
6322,0,113
6323,0,115
6324,0,210
6325,0,152
6326,0,245
6327,0,623
6328,0,818
6329,0,285
6330,0,309
6331,0,252
6332,0,292
6333,0,504
6334,0,328
6335,0,1549
6336,0,697
6337,0,371
6338,0,98
6339,0,176
6340,0,290
6341,0,515
6342,0,100
6343,0,186
6344,0,371
6345,0,497
6346,0,185
6347,0,201
6348,0,886
6349,0,197
6350,0,191
6351,0,189
6352,0,364
6353,0,279
6354,0,111
6355,0,441
6356,0,190
6357,0,190
6358,0,524
6359,0,416
6360,0,204
6361,0,229
6362,0,122
6363,0,477
6364,0,506
6365,0,143
6366,0,300
6367,0,398
6368,0,129
6369,0,119
6370,0,335
6371,0,259
6372,0,327
6373,0,264
6374,0,412
6375,0,378
6376,0,717
6377,0,424
6378,0,779
6379,0,330
6380,0,206
6381,0,106
6382,0,310
6383,0,162
6384,0,248
6385,0,640
6386,0,341
6387,0,1119
6388,0,498
6389,0,565
6390,0,223
6391,0,107
6392,0,320
6393,0,788
6394,0,173
6395,0,607
6396,0,855
6397,0,187
6398,0,1473
6399,0,157
6400,0,782
6401,0,240
6402,0,219
6403,0,137
6404,0,472
6405,0,218
6406,0,384
6407,0,167
6408,0,222
6409,0,104
6410,0,112
6411,0,350
6412,0,189
6413,0,454
6414,0,399
6415,0,237
6416,0,163
6417,0,545
6418,0,353
6419,0,155
6420,0,312
6421,0,376
6422,0,260
6423,0,234
6424,0,190
6425,0,557
6426,0,149
6427,0,195
6428,0,185
6429,0,241
6430,0,115
6431,0,104
6432,0,201
6433,0,600
6434,0,278
6435,0,609
6436,0,517
6437,0,153
6438,0,164
6439,0,303
6440,0,1135
6441,0,231
6442,0,250
6443,0,153
6444,0,523
6445,0,724
6446,0,460
6447,0,213
6448,0,1264
6449,0,122
6450,0,261
6451,0,319
6452,0,127
6453,0,188
6454,0,458
6455,0,520
6456,0,160
6457,0,231
6458,0,304
6459,0,419
6460,0,198
6461,0,237
6462,0,221
6463,0,566
6464,0,134
6465,0,217
6466,0,144
6467,0,560
6468,0,282
6469,0,131
6470,0,320
6471,0,489
6472,0,136
6473,0,265
6474,0,101
6475,0,259
6476,0,456
6477,0,930
6478,0,483
6479,0,141
6480,0,234
6481,0,1333
6482,0,393
6483,0,566
6484,0,428
6485,0,371
6486,0,289
6487,0,204
6488,0,186
6489,0,175
6490,0,403
6491,0,1232
6492,0,411
6493,0,532
6494,0,259
6495,0,304
6496,0,169
6497,0,107
6498,0,374
6499,0,706
6500,0,362
6501,0,654
6502,0,713
6503,0,390
6504,0,480
6505,0,271
6506,0,305
6507,0,173
6508,0,303
6509,0,1111
6510,0,185
6511,0,493
6512,0,753
6513,0,188
6514,0,1100
6515,0,963
6516,0,818
6517,0,261
6518,0,228
6519,0,267
6520,0,156
6521,0,277
6522,0,570
6523,0,148
6524,0,167
6525,0,260
6526,0,553
6527,0,701
6528,0,424
6529,0,559
6530,0,191
6531,0,149
6532,0,216
6533,0,136
6534,0,409
6535,0,665
6536,0,706
6537,0,147
6538,0,194
6539,0,463
6540,0,533
6541,0,437
6542,0,111
6543,0,458
6544,0,254
6545,0,226
6546,0,218
6547,0,302
6548,0,182
6549,0,160
6550,0,136
6551,0,212
6552,0,187
6553,0,125
6554,0,525
6555,0,102
6556,0,184
6557,0,183
6558,0,354
6559,0,132
6560,0,202
6561,0,253
6562,0,246
6563,0,226
6564,0,366
6565,0,222
6566,0,118
6567,0,200
6568,0,117
6569,0,266
6570,0,899
6571,0,603
6572,0,145
6573,0,102
6574,0,108
6575,0,416
6576,0,399
6577,0,277
6578,0,335
6579,0,456
6580,0,283
6581,0,375
6582,0,245
6583,0,600
6584,0,196
6585,0,349
6586,0,209
6587,0,240
6588,0,198
6589,0,159
6590,0,159
6591,0,468
6592,0,491
6593,0,217
6594,0,99
6595,0,240
6596,0,346
6597,0,317
6598,0,237
6599,0,133
6600,0,162
6601,0,238
6602,0,211
6603,0,431
6604,0,129
6605,0,252
6606,0,1502
6607,0,428
6608,0,161
6609,0,274
6610,0,150
6611,0,222
6612,0,268
6613,0,411
6614,0,394
6615,0,111
6616,0,402
6617,0,96
6618,0,289
6619,0,284
6620,0,341
6621,0,293
6622,0,251
6623,0,258
6624,0,115
6625,0,205
6626,0,142
6627,0,415
6628,0,187
6629,0,186
6630,0,677
6631,0,490
6632,0,160
6633,0,241
6634,0,646
6635,0,384
6636,0,332
6637,0,409
6638,0,637
6639,0,540
6640,0,295
6641,0,627
6642,0,659
6643,0,145
6644,0,485
6645,0,306
6646,0,570
6647,0,112
6648,0,162
6649,0,590
6650,0,210
6651,0,335
6652,0,150
6653,0,105
6654,0,1356
6655,0,750
6656,0,192
6657,0,550
6658,0,547
6659,0,135
6660,0,112
6661,0,159
6662,0,461
6663,0,744
6664,0,570
6665,0,367
6666,0,213
6667,0,115
6668,0,480
6669,0,638
6670,0,152
6671,0,423
6672,0,158
6673,0,185
6674,0,100
6675,0,332
6676,0,206
6677,0,147
6678,0,301
6679,0,183
6680,0,511
6681,0,141
6682,0,198
6683,0,118
6684,0,284
6685,0,140
6686,0,305
6687,0,239
6688,0,124
6689,0,104
6690,0,101
6691,0,611
6692,0,130
6693,0,169
6694,0,743
6695,0,387
6696,0,555
6697,0,627
6698,0,146
6699,0,362
6700,0,224
6701,0,318
6702,0,626
6703,0,452
6704,0,297
6705,0,159
6706,0,187
6707,0,170
6708,0,827
6709,0,337
6710,0,121
6711,0,295
6712,0,252
6713,0,396
6714,0,371
6715,0,168
6716,0,122
6717,0,349
6718,0,123
6719,0,147
6720,0,254
6721,0,583
6722,0,151
6723,0,337
6724,0,767
6725,0,208
6726,0,168
6727,0,230
6728,0,173
6729,0,700
6730,0,266
6731,0,708
6732,1,382
6733,0,504
6734,0,709
6735,0,1008
6736,0,193
6737,0,431
6738,0,256
6739,0,109
6740,0,185
6741,0,293
6742,0,141
6743,0,146
6744,0,199
6745,0,215
6746,0,149
6747,0,191
6748,0,1007
6749,0,146
6750,0,143
6751,0,299
6752,0,135
6753,0,186
6754,0,143
6755,0,133
6756,0,205
6757,0,424
6758,0,149
6759,0,744
6760,0,391
6761,0,355
6762,0,1732
6763,0,253
6764,0,111
6765,0,198
6766,0,559
6767,3,630
6768,0,139
6769,0,689
6770,0,130
6771,0,104
6772,0,134
6773,0,149
6774,0,503
6775,0,194
6776,0,244
6777,0,510
6778,0,257
6779,0,186
6780,0,442
6781,0,800
6782,0,213
6783,0,105
6784,0,238
6785,0,205
6786,0,265
6787,0,381
6788,0,681
6789,0,177
6790,0,139
6791,0,153
6792,0,443
6793,0,515
6794,0,156
6795,0,425
6796,0,519
6797,0,484
6798,0,522
6799,0,239
6800,0,433
6801,0,262
6802,0,143
6803,0,436
6804,0,291
6805,0,247
6806,0,248
6807,0,315
6808,0,341
6809,0,226
6810,0,222
6811,0,156
6812,0,435
6813,0,377
6814,0,277
6815,0,254
6816,0,411
6817,0,1086
6818,0,378
6819,0,282
6820,0,181
6821,0,264
6822,1,797
6823,0,243
6824,0,1357
6825,0,162
6826,0,265
6827,0,924
6828,0,496
6829,0,193
6830,0,512
6831,0,237
6832,0,352
6833,0,231
6834,0,332
6835,0,203
6836,0,353
6837,0,268
6838,0,180
6839,0,128
6840,0,275
6841,0,332
6842,0,306
6843,0,371
6844,0,194
6845,0,147
6846,0,272
6847,0,117
6848,0,132
6849,0,793
6850,0,368
6851,0,355
6852,0,691
6853,0,502
6854,0,186
6855,0,125
6856,0,1021
6857,0,233
6858,0,248
6859,0,420
6860,0,109
6861,0,234
6862,0,483
6863,0,288
6864,0,673
6865,0,226
6866,0,315
6867,0,375
6868,0,502
6869,0,882
6870,0,152
6871,0,154
6872,0,147
6873,0,175
6874,0,998
6875,0,101
6876,0,392
6877,0,443
6878,0,137
6879,0,135
6880,0,177
6881,0,451
6882,0,340
6883,0,329
6884,0,643
6885,0,151
6886,0,175
6887,0,182
6888,0,421
6889,0,822
6890,0,235
6891,0,147
6892,0,290
6893,0,150
6894,0,372
6895,0,470
6896,0,188
6897,0,111
6898,0,138
6899,0,536
6900,0,371
6901,0,271
6902,0,658
6903,0,197
6904,0,163
6905,0,129
6906,0,117
6907,0,677
6908,0,409
6909,0,431
6910,0,185
6911,0,168
6912,0,115
6913,0,419
6914,0,422
6915,0,263
6916,0,426
6917,0,414
6918,0,389
6919,0,197
6920,0,121
6921,0,114
6922,0,356
6923,0,710
6924,0,175
6925,0,150
6926,0,614
6927,0,198
6928,0,240
6929,0,706
6930,0,255
6931,0,906
6932,0,405
6933,0,111
6934,0,551
6935,0,380
6936,0,356
6937,0,114
6938,0,726
6939,0,813
6940,0,417
6941,0,638
6942,0,540
6943,0,728
6944,0,466
6945,0,490
6946,0,256
6947,0,251
6948,0,229
6949,0,102
6950,0,200
6951,0,972
6952,0,272
6953,0,157
6954,0,403
6955,0,464
6956,0,445
6957,0,198
6958,0,175
6959,0,191
6960,0,138
6961,0,255
6962,0,179
6963,0,1571
6964,0,332
6965,0,148
6966,0,163
6967,0,98
6968,0,475
6969,0,105
6970,0,317
6971,0,429
6972,0,327
6973,0,327
6974,0,1225
6975,0,141
6976,0,174
6977,0,175
6978,0,276
6979,0,156
6980,0,286
6981,0,271
6982,0,322
6983,0,135
6984,0,519
6985,0,350
6986,0,229
6987,0,913
6988,0,190
6989,0,132
6990,0,186
6991,0,303
6992,0,648
6993,0,247
6994,0,225
6995,0,812
6996,0,302
6997,0,125
6998,0,108
6999,0,231
7000,0,560
7001,0,484
7002,0,583
7003,0,388
7004,0,122
7005,0,117
7006,0,857
7007,0,157
7008,0,120
7009,0,491
7010,0,204
7011,0,423
7012,0,426
7013,0,680
7014,0,156
7015,0,478
7016,0,236
7017,0,233
7018,0,189
7019,0,1225
7020,0,335
7021,0,180
7022,0,203
7023,0,250
7024,0,187
7025,0,374
7026,0,141
7027,0,310
7028,0,136
7029,0,193
7030,0,234
7031,0,151
7032,0,108
7033,0,367
7034,0,207
7035,0,268
7036,0,138
7037,0,145
7038,0,1481
7039,0,439
7040,0,108
7041,0,442
7042,0,116
7043,0,745
7044,0,240
7045,0,178
7046,0,422
7047,0,894
7048,1,191
7049,0,283
7050,0,165
7051,0,196
7052,0,598
7053,0,387
7054,0,501
7055,0,101
7056,0,382
7057,0,429
7058,0,245
7059,0,509
7060,0,147
7061,0,304
7062,0,530
7063,0,133
7064,0,936
7065,0,158
7066,0,228
7067,0,395
7068,0,664
7069,0,356
7070,0,311
7071,0,1004
7072,0,283
7073,0,748
7074,0,187
7075,0,107
7076,0,404
7077,0,211
7078,0,549
7079,0,211
7080,0,963
7081,0,195
7082,0,267
7083,0,494
7084,0,151
7085,0,396
7086,0,311
7087,0,135
7088,0,573
7089,0,328
7090,0,1372
7091,0,101
7092,0,1706
7093,0,810
7094,0,98
7095,0,598
7096,0,419
7097,0,427
7098,0,183
7099,0,1219
7100,0,405
7101,0,138
7102,0,231
7103,0,386
7104,0,246
7105,0,335
7106,0,165
7107,0,176
7108,0,99
7109,0,354
7110,0,257
7111,0,126
7112,0,105
7113,0,99
7114,0,274
7115,0,104
7116,0,342
7117,0,423
7118,0,327
7119,0,247
7120,0,642
7121,0,476
7122,0,380
7123,0,548
7124,0,426
7125,0,993
7126,0,518
7127,0,260
7128,0,498
7129,0,212
7130,0,388
7131,0,146
7132,0,702
7133,0,279
7134,0,107
7135,0,279
7136,0,209
7137,0,1219
7138,0,425
7139,0,123
7140,0,157
7141,0,122
7142,0,397
7143,0,421
7144,0,99
7145,0,160
7146,0,269
7147,0,385
7148,0,276
7149,0,399
7150,0,148
7151,0,409
7152,0,1205
7153,0,503
7154,0,217
7155,0,662
7156,0,187
7157,0,143
7158,0,307
7159,0,353
7160,0,452
7161,0,242
7162,0,456
7163,0,331
7164,0,255
7165,0,177
7166,0,175
7167,0,232
7168,0,182
7169,0,372
7170,0,828
7171,0,205
7172,0,285
7173,0,146
7174,0,205
7175,0,191
7176,0,190
7177,0,322
7178,0,136
7179,0,842
7180,0,109
7181,0,345
7182,0,342
7183,0,450
7184,0,144
7185,0,107
7186,0,304
7187,0,300
7188,0,229
7189,0,324
7190,0,437
7191,0,487
7192,0,187
7193,0,342
7194,0,135
7195,0,163
7196,0,163
7197,0,475
7198,0,389
7199,0,266
7200,0,220
7201,0,160
7202,0,424
7203,0,115
7204,0,190
7205,0,396
7206,0,729
7207,0,265
7208,0,115
7209,0,95
7210,0,384
7211,0,229
7212,0,139
7213,0,252
7214,0,145
7215,0,267
7216,0,386
7217,0,222
7218,0,314
7219,0,173
7220,0,333
7221,0,177
7222,0,149
7223,0,172
7224,0,169
7225,0,285
7226,0,430
7227,0,2158
7228,0,258
7229,0,341
7230,0,162
7231,0,395
7232,0,334
7233,0,539
7234,0,265
7235,0,134
7236,0,142
7237,0,146
7238,0,242
7239,0,123
7240,0,558
7241,0,445
7242,0,917
7243,0,201
7244,0,162
7245,0,213
7246,0,170
7247,0,160
7248,0,147
7249,0,234
7250,0,194
7251,0,315
7252,0,146
7253,0,254
7254,0,385
7255,0,269
7256,0,123
7257,0,406
7258,0,382
7259,0,216
7260,0,145
7261,0,526
7262,0,238
7263,0,296
7264,0,349
7265,0,596
7266,0,143
7267,0,158
7268,0,335
7269,0,116
7270,0,379
7271,0,201
7272,0,142
7273,0,292
7274,0,619
7275,0,109
7276,0,145
7277,0,267
7278,0,302
7279,0,428
7280,0,476
7281,0,99
7282,0,340
7283,0,282
7284,0,351
7285,0,186
7286,0,296
7287,0,258
7288,0,376
7289,0,299
7290,0,519
7291,0,559
7292,0,347
7293,0,400
7294,0,255
7295,0,162
7296,0,247
7297,0,323
7298,0,560
7299,0,359
7300,0,187
7301,0,229
7302,0,138
7303,0,247
7304,0,103
7305,0,146
7306,0,394
7307,0,168
7308,0,465
7309,0,266
7310,0,425
7311,0,313
7312,0,566
7313,0,662
7314,0,160
7315,0,241
7316,0,531
7317,0,213
7318,0,445
7319,0,188
7320,0,723
7321,0,145
7322,0,191
7323,0,238
7324,0,216
7325,0,154
7326,0,601
7327,0,183
7328,0,231
7329,0,228
7330,0,344
7331,0,172
7332,0,272
7333,0,109
7334,0,332
7335,0,172
7336,0,204
7337,0,1403
7338,0,345
7339,0,161
7340,0,633
7341,0,177
7342,0,607
7343,0,949
7344,0,371
7345,0,672
7346,0,259
7347,0,190
7348,0,216
7349,0,151
7350,0,146
7351,0,1007
7352,0,227
7353,0,1089
7354,0,125
7355,0,137
7356,0,263
7357,0,148
7358,0,831
7359,0,211
7360,0,201
7361,0,125
7362,0,303
7363,0,196
7364,0,103
7365,0,342
7366,0,632
7367,0,190
7368,0,128
7369,0,151
7370,0,267
7371,0,197
7372,0,478
7373,0,179
7374,0,124
7375,0,761
7376,0,157
7377,0,607
7378,0,106
7379,0,201
7380,0,94
7381,0,256
7382,0,227
7383,0,335
7384,0,190
7385,0,448
7386,0,180
7387,0,286
7388,0,220
7389,0,229
7390,0,301
7391,0,115
7392,0,179
7393,0,334
7394,0,406
7395,0,404
7396,0,111
7397,0,426
7398,0,224
7399,0,115
7400,0,146
7401,0,378
7402,0,434
7403,0,354
7404,0,91
7405,0,189
7406,0,124
7407,0,182
7408,0,534
7409,0,263
7410,0,174
7411,0,187
7412,0,105
7413,0,299
7414,0,168
7415,0,251
7416,0,288
7417,0,259
7418,0,206
7419,0,112
7420,0,388
7421,0,380
7422,0,289
7423,0,244
7424,0,360
7425,0,611
7426,0,766
7427,0,257
7428,0,416
7429,0,298
7430,0,113
7431,0,495
7432,0,398
7433,0,233
7434,0,174
7435,0,328
7436,0,378
7437,0,645
7438,0,259
7439,0,377
7440,0,317
7441,0,188
7442,0,130
7443,0,356
7444,0,567
7445,0,433
7446,0,1002
7447,0,292
7448,0,159
7449,0,130
7450,0,138
7451,0,264
7452,0,312
7453,0,151
7454,0,601
7455,0,481
7456,0,569
7457,0,186
7458,0,101
7459,0,166
7460,0,1419
7461,0,136
7462,0,569
7463,0,302
7464,0,96
7465,0,117
7466,0,190
7467,0,231
7468,0,295
7469,0,307
7470,0,181
7471,0,227
7472,0,226
7473,0,218
7474,0,357
7475,0,745
7476,0,237
7477,0,147
7478,0,592
7479,0,226
7480,0,579
7481,0,127
7482,0,359
7483,0,101
7484,0,167
7485,0,196
7486,0,224
7487,0,190
7488,0,545
7489,0,174
7490,0,267
7491,0,202
7492,0,167
7493,0,119
7494,0,651
7495,0,155
7496,0,110
7497,0,198
7498,0,96
7499,0,228
7500,0,956
7501,0,189
7502,0,126
7503,0,316
7504,0,720
7505,0,227
7506,0,171
7507,0,132
7508,0,448
7509,0,641
7510,0,576
7511,0,569
7512,0,638
7513,0,215
7514,0,258
7515,0,667
7516,0,618
7517,0,184
7518,0,666
7519,0,415
7520,0,141
7521,0,922
7522,0,253
7523,0,207
7524,0,199
7525,0,208
7526,0,224
7527,0,390
7528,0,141
7529,0,1370
7530,0,218
7531,0,350
7532,0,386
7533,0,257
7534,0,482
7535,0,952
7536,0,208
7537,0,1733
7538,0,323
7539,0,289
7540,0,595
7541,0,271
7542,0,124
7543,0,217
7544,0,779
7545,0,301
7546,0,284
7547,0,334
7548,0,234
7549,0,365
7550,0,265
7551,0,281
7552,0,492
7553,0,441
7554,0,303
7555,0,769
7556,0,367
7557,0,126
7558,0,286
7559,0,531
7560,0,152
7561,0,114
7562,0,1385
7563,0,325
7564,0,271
7565,0,1364
7566,0,390
7567,0,362
7568,0,448
7569,0,196
7570,0,210
7571,0,152
7572,0,170
7573,0,301
7574,0,715
7575,0,559
7576,0,687
7577,0,139
7578,0,139
7579,0,378
7580,0,319
7581,0,419
7582,0,424
7583,0,146
7584,0,222
7585,0,146
7586,0,263
7587,0,236
7588,0,256
7589,0,202
7590,0,688
7591,0,491
7592,0,545
7593,0,788
7594,0,115
7595,0,188
7596,0,1756
7597,0,105
7598,0,599
7599,0,813
7600,0,706
7601,0,321
7602,0,156
7603,0,611
7604,0,952
7605,0,359
7606,0,238
7607,0,174
7608,0,463
7609,0,219
7610,0,654
7611,0,295
7612,0,491
7613,0,181
7614,0,876
7615,0,462
7616,0,772
7617,0,132
7618,0,143
7619,0,266
7620,0,274
7621,0,165
7622,0,186
7623,0,284
7624,0,359
7625,0,766
7626,0,737
7627,0,537
7628,0,388
7629,0,219
7630,0,800
7631,0,267
7632,0,231
7633,0,113
7634,0,152
7635,0,386
7636,0,405
7637,0,181
7638,0,157
7639,0,419
7640,0,169
7641,0,92
7642,0,192
7643,0,216
7644,0,510
7645,0,242
7646,0,217
7647,0,195
7648,0,181
7649,0,333
7650,0,199
7651,0,641
7652,0,275
7653,0,211
7654,0,456
7655,0,140
7656,0,239
7657,0,348
7658,1,863
7659,0,292
7660,0,414
7661,0,905
7662,0,275
7663,0,210
7664,0,664
7665,0,278
7666,0,561
7667,0,316
7668,0,584
7669,0,554
7670,0,502
7671,0,188
7672,0,501
7673,0,205
7674,0,350
7675,0,348
7676,0,186
7677,0,130
7678,0,201
7679,0,908
7680,0,542
7681,0,604
7682,0,184
7683,0,347
7684,0,137
7685,0,402
7686,0,365
7687,0,106
7688,0,537
7689,0,470
7690,0,466
7691,0,100
7692,0,299
7693,0,318
7694,0,293
7695,0,711
7696,0,131
7697,0,185
7698,0,145
7699,0,196
7700,0,150
7701,0,107
7702,0,576
7703,0,113
7704,0,324
7705,0,435
7706,0,349
7707,0,291
7708,0,229
7709,0,237
7710,0,106
7711,0,337
7712,0,139
7713,0,195
7714,0,352
7715,0,1597
7716,0,510
7717,0,789
7718,0,389
7719,0,170
7720,0,377
7721,0,232
7722,0,204
7723,0,279
7724,0,171
7725,0,567
7726,0,117
7727,0,359
7728,0,355
7729,0,189
7730,0,1296
7731,0,359
7732,0,812
7733,0,348
7734,0,453
7735,0,189
7736,0,136
7737,0,395
7738,0,586
7739,0,148
7740,0,198
7741,0,107
7742,0,233
7743,0,732
7744,0,156
7745,0,463
7746,0,460
7747,0,153
7748,0,342
7749,0,284
7750,0,473
7751,0,161
7752,0,112
7753,0,185
7754,0,216
7755,0,226
7756,0,392
7757,0,853
7758,0,125
7759,0,625
7760,0,702
7761,0,138
7762,0,651
7763,0,809
7764,0,381
7765,0,513
7766,0,104
7767,0,204
7768,0,417
7769,0,440
7770,0,135
7771,0,123
7772,0,114
7773,0,433
7774,0,180
7775,0,594
7776,0,162
7777,0,312
7778,0,167
7779,0,154
7780,0,620
7781,0,281
7782,0,187
7783,0,379
7784,0,512
7785,0,153
7786,0,228
7787,0,378
7788,0,308
7789,0,198
7790,0,476
7791,0,643
7792,0,827
7793,0,386
7794,0,234
7795,0,143
7796,0,110
7797,0,429
7798,0,269
7799,0,155
7800,0,450
7801,0,231
7802,0,459
7803,0,404
7804,0,530
7805,0,767
7806,0,599
7807,0,278
7808,0,279
7809,0,769
7810,0,1427
7811,0,309
7812,0,236
7813,0,306
7814,0,305
7815,0,293
7816,0,354
7817,0,150
7818,0,309
7819,0,348
7820,0,534
7821,0,258
7822,0,177
7823,0,425
7824,0,235
7825,0,561
7826,0,624
7827,0,1454
7828,0,306
7829,0,466
7830,0,215
7831,0,249
7832,0,100
7833,0,443
7834,0,240
7835,0,369
7836,0,174
7837,0,259
7838,0,108
7839,0,193
7840,0,299
7841,0,168
7842,0,154
7843,0,155
7844,0,450
7845,0,292
7846,0,128
7847,0,143
7848,0,732
7849,0,236
7850,0,199
7851,0,240
7852,0,457
7853,0,370
7854,0,223
7855,0,265
7856,0,211
7857,0,290
7858,0,377
7859,0,125
7860,0,245
7861,0,109
7862,0,210
7863,0,720
7864,0,157
7865,0,195
7866,0,222
7867,0,185
7868,0,845
7869,0,615
7870,0,227
7871,0,187
7872,0,692
7873,0,181
7874,0,222
7875,0,529
7876,0,818
7877,0,138
7878,0,199
7879,0,399
7880,0,109
7881,0,327
7882,0,463
7883,0,346
7884,0,113
7885,0,378
7886,0,175
7887,0,155
7888,0,264
7889,0,239
7890,0,296
7891,0,356
7892,0,393
7893,0,298
7894,0,94
7895,0,179
7896,0,130
7897,0,667
7898,0,174
7899,0,357
7900,0,539
7901,0,250
7902,0,211
7903,0,194
7904,0,256
7905,0,189
7906,0,181
7907,0,380
7908,0,147
7909,0,503
7910,0,295
7911,0,748
7912,0,112
7913,0,442
7914,0,225
7915,0,685
7916,0,110
7917,0,266
7918,0,157
7919,0,244
7920,0,933
7921,0,164
7922,0,541
7923,0,318
7924,0,184
7925,0,376
7926,0,153
7927,0,344
7928,0,188
7929,0,795
7930,0,366
7931,0,316
7932,0,460
7933,0,130
7934,0,247
7935,0,127
7936,0,542
7937,0,181
7938,0,991
7939,0,246
7940,0,481
7941,0,215
7942,0,407
7943,0,361
7944,0,718
7945,0,226
7946,0,586
7947,0,421
7948,0,2176
7949,0,194
7950,0,254
7951,0,145
7952,0,243
7953,0,332
7954,0,160
7955,0,249
7956,0,187
7957,0,268
7958,0,395
7959,0,403
7960,0,396
7961,0,282
7962,0,252
7963,0,353
7964,0,348
7965,0,455
7966,0,1061
7967,0,174
7968,0,430
7969,0,210
7970,0,174
7971,0,568
7972,0,1219
7973,0,244
7974,0,579
7975,0,633
7976,0,183
7977,0,129
7978,0,809
7979,0,251
7980,0,504
7981,0,105
7982,0,267
7983,0,476
7984,0,226
7985,0,173
7986,0,153
7987,0,105
7988,0,195
7989,0,177
7990,0,99
7991,0,212
7992,0,811
7993,0,451
7994,0,272
7995,0,416
7996,0,171
7997,0,295
7998,0,153
7999,0,166
8000,0,238
8001,0,305
8002,0,98
8003,0,227
8004,0,642
8005,0,301
8006,0,377
8007,0,104
8008,0,215
8009,0,359
8010,0,215
8011,0,560
8012,0,376
8013,0,125
8014,0,260
8015,0,326
8016,0,150
8017,0,476
8018,0,601
8019,0,388
8020,0,520
8021,0,152
8022,0,179
8023,0,135
8024,0,298
8025,0,263
8026,0,146
8027,0,99
8028,0,1047
8029,0,280
8030,0,580
8031,0,469
8032,0,207
8033,0,321
8034,0,104
8035,0,664
8036,0,834
8037,0,149
8038,0,157
8039,0,597
8040,0,136
8041,0,319
8042,0,149
8043,0,256
8044,0,738
8045,0,181
8046,0,460
8047,0,494
8048,0,388
8049,0,287
8050,0,334
8051,0,199
8052,0,869
8053,0,146
8054,0,446
8055,0,296
8056,0,153
8057,0,425
8058,0,617
8059,0,208
8060,0,1361
8061,0,132
8062,0,186
8063,0,129
8064,0,144
8065,0,468
8066,0,204
8067,0,424
8068,0,110
8069,0,474
8070,0,200
8071,0,147
8072,0,199
8073,0,288
8074,0,101
8075,0,232
8076,1,714
8077,0,661
8078,0,185
8079,0,408
8080,0,251
8081,0,216
8082,0,244
8083,0,120
8084,0,113
8085,0,266
8086,0,421
8087,0,250
8088,0,465
8089,0,614
8090,0,235
8091,0,341
8092,0,346
8093,0,161
8094,0,463
8095,0,203
8096,0,508
8097,0,353
8098,0,536
8099,0,124
8100,0,260
8101,0,497
8102,0,504
8103,0,527
8104,0,339
8105,0,149
8106,0,1506
8107,0,104
8108,0,319
8109,0,164
8110,0,273
8111,0,139
8112,0,389
8113,0,227
8114,0,147
8115,0,1084
8116,0,434
8117,0,127
8118,0,505
8119,0,127
8120,0,318
8121,0,218
8122,0,383
8123,0,488
8124,0,365
8125,0,447
8126,0,147
8127,0,141
8128,0,492
8129,0,140
8130,0,137
8131,0,134
8132,0,326
8133,0,168
8134,0,99
8135,0,369
8136,0,261
8137,0,379
8138,0,119
8139,0,188
8140,0,528
8141,0,1206
8142,0,361
8143,0,237
8144,0,328
8145,0,1344
8146,0,319
8147,0,301
8148,0,378
8149,0,231
8150,0,139
8151,0,260
8152,0,431
8153,0,144
8154,0,267
8155,0,501
8156,0,679
8157,0,380
8158,0,394
8159,0,191
8160,0,203
8161,0,585
8162,0,139
8163,0,640
8164,0,228
8165,0,114
8166,0,771
8167,0,714
8168,0,646
8169,0,175
8170,0,336
8171,0,759
8172,0,480
8173,0,207
8174,0,445
8175,0,92
8176,0,176
8177,0,447
8178,0,316
8179,0,109
8180,0,181
8181,0,375
8182,0,359
8183,0,213
8184,0,349
8185,0,441
8186,0,113
8187,0,493
8188,0,298
8189,0,307
8190,0,102
8191,0,246
8192,0,258
8193,0,174
8194,0,307
8195,0,297
8196,0,220
8197,0,460
8198,0,328
8199,0,168
8200,0,121
8201,0,185
8202,0,530
8203,0,371
8204,0,332
8205,0,439
8206,0,141
8207,0,185
8208,0,135
8209,0,457
8210,0,217
8211,0,463
8212,0,392
8213,0,547
8214,0,433
8215,0,319
8216,0,817
8217,0,441
8218,0,123
8219,0,826
8220,0,189
8221,0,605
8222,0,270
8223,0,184
8224,0,178
8225,0,141
8226,0,145
8227,0,102
8228,0,324
8229,0,416
8230,0,381
8231,0,569
8232,0,228
8233,0,283
8234,0,180
8235,0,767
8236,0,322
8237,0,210
8238,0,398
8239,0,384
8240,0,267
8241,0,904
8242,0,501
8243,0,168
8244,0,266
8245,0,479
8246,0,383
8247,0,149
8248,0,635
8249,0,269
8250,0,951
8251,0,268
8252,0,266
8253,0,501
8254,0,119
8255,0,601
8256,0,291
8257,0,147
8258,0,152
8259,0,248
8260,0,300
8261,0,138
8262,0,357
8263,0,409
8264,0,286
8265,0,713
8266,0,573
8267,0,157
8268,0,671
8269,0,101
8270,0,289
8271,0,364
8272,0,144
8273,0,484
8274,0,271
8275,0,145
8276,0,370
8277,0,1640
8278,0,206
8279,0,101
8280,0,236
8281,0,221
8282,0,410
8283,0,600
8284,0,381
8285,0,710
8286,0,158
8287,0,667
8288,0,149
8289,0,130
8290,0,654
8291,0,180
8292,0,390
8293,0,100
8294,0,427
8295,0,221
8296,0,380
8297,0,148
8298,0,525
8299,0,218
8300,0,674
8301,0,286
8302,0,419
8303,0,161
8304,0,363
8305,0,183
8306,0,156
8307,0,137
8308,0,365
8309,0,571
8310,0,446
8311,0,321
8312,0,322
8313,0,251
8314,0,117
8315,0,163
8316,0,153
8317,0,124
8318,0,532
8319,0,422
8320,0,315
8321,0,150
8322,0,836
8323,0,255
8324,0,142
8325,0,522
8326,0,156
8327,0,109
8328,0,130
8329,0,403
8330,0,490
8331,0,236
8332,0,521
8333,0,475
8334,0,440
8335,0,105
8336,0,346
8337,0,339
8338,0,615
8339,0,357
8340,0,546
8341,0,1027
8342,0,288
8343,0,309
8344,0,209
8345,0,486
8346,0,506
8347,0,174
8348,0,177
8349,0,373
8350,0,101
8351,0,115
8352,0,613
8353,0,178
8354,0,130
8355,0,112
8356,0,452
8357,0,754
8358,0,150
8359,0,213
8360,0,215
8361,0,280
8362,0,221
8363,0,166
8364,0,157
8365,0,1159
8366,0,746
8367,0,204
8368,0,436
8369,0,307
8370,0,1274
8371,0,170
8372,0,257
8373,0,583
8374,0,186
8375,0,185
8376,0,485
8377,0,98
8378,0,317
8379,0,356
8380,0,381
8381,0,94
8382,0,180
8383,0,148
8384,0,388
8385,0,148
8386,0,305
8387,0,164
8388,0,363
8389,0,683
8390,0,196
8391,0,293
8392,0,344
8393,0,165
8394,0,227
8395,0,537
8396,0,1297
8397,0,107
8398,0,185
8399,0,341
8400,0,203
8401,0,659
8402,0,672
8403,0,833
8404,0,447
8405,0,589
8406,0,429
8407,0,363
8408,0,147
8409,0,264
8410,0,647
8411,0,137
8412,0,206
8413,0,242
8414,0,224
8415,0,357
8416,0,216
8417,0,850
8418,0,298
8419,0,408
8420,0,653
8421,0,825
8422,0,166
8423,0,99
8424,0,161
8425,0,282
8426,0,137
8427,0,432
8428,0,535
8429,0,525
8430,0,255
8431,0,104
8432,0,142
8433,0,211
8434,0,107
8435,0,277
8436,0,147
8437,0,214
8438,0,212
8439,0,180
8440,0,146
8441,0,1081
8442,0,220
8443,0,409
8444,0,256
8445,0,539
8446,0,409
8447,0,190
8448,0,240
8449,0,600
8450,0,177
8451,0,343
8452,0,259
8453,0,1302
8454,0,427
8455,0,534
8456,0,339
8457,0,142
8458,0,126
8459,0,248
8460,0,187
8461,0,186
8462,0,771
8463,0,421
8464,0,205
8465,0,385
8466,0,190
8467,0,586
8468,0,157
8469,0,585
8470,0,189
8471,0,223
8472,0,375
8473,0,595
8474,0,386
8475,0,192
8476,0,476
8477,0,359
8478,0,438
8479,0,255
8480,0,97
8481,0,270
8482,0,450
8483,0,460
8484,0,406
8485,0,390
8486,0,144
8487,0,263
8488,0,407
8489,0,186
8490,0,1597
8491,0,237
8492,0,208
8493,0,252
8494,0,107
8495,0,262
8496,0,575
8497,0,560
8498,0,190
8499,0,361
8500,0,223
8501,0,117
8502,0,341
8503,0,394
8504,0,689
8505,0,97
8506,0,1201
8507,0,284
8508,0,177
8509,0,95
8510,0,289
8511,0,467
8512,0,505
8513,0,614
8514,0,163
8515,0,619
8516,0,220
8517,0,196
8518,0,1212
8519,0,108
8520,0,545
8521,0,209
8522,0,154
8523,0,388
8524,0,174
8525,0,180
8526,0,146
8527,0,455
8528,0,231
8529,0,125
8530,0,561
8531,0,193
8532,0,589
8533,0,460
8534,0,234
8535,0,362
8536,0,627
8537,0,97
8538,0,146
8539,0,129
8540,0,184
8541,0,162
8542,0,191
8543,0,508
8544,0,717
8545,0,272
8546,0,116
8547,0,199
8548,0,345
8549,0,155
8550,0,311
8551,0,152
8552,0,280
8553,0,342
8554,0,958
8555,0,146
8556,0,314
8557,0,465
8558,0,112
8559,0,94
8560,0,352
8561,0,269
8562,0,194
8563,0,150
8564,0,159
8565,0,127
8566,0,524
8567,0,733
8568,0,203
8569,0,244
8570,0,392
8571,0,279
8572,0,568
8573,0,239
8574,0,148
8575,0,439
8576,0,611
8577,0,453
8578,0,275
8579,0,747
8580,0,164
8581,0,210
8582,0,747
8583,0,354
8584,0,687
8585,0,812
8586,0,621
8587,0,122
8588,0,284
8589,0,371
8590,0,356
8591,0,396
8592,0,326
8593,0,217
8594,0,453
8595,0,339
8596,0,650
8597,0,224
8598,0,390
8599,0,597
8600,0,404
8601,0,123
8602,0,573
8603,0,111
8604,0,238
8605,0,216
8606,0,350
8607,0,511
8608,0,228
8609,0,282
8610,0,900
8611,0,111
8612,0,122
8613,0,618
8614,0,595
8615,0,336
8616,0,142
8617,0,406
8618,0,179
8619,0,289
8620,0,325
8621,0,260
8622,0,237
8623,0,113
8624,0,178
8625,0,528
8626,0,355
8627,0,292
8628,0,148
8629,0,610
8630,0,302
8631,0,379
8632,0,356
8633,0,101
8634,0,656
8635,0,301
8636,0,585
8637,0,351
8638,0,109
8639,0,223
8640,0,98
8641,0,485
8642,0,130
8643,0,230
8644,0,372
8645,0,146
8646,0,102
8647,0,339
8648,0,174
8649,0,373
8650,0,201
8651,0,286
8652,0,194
8653,0,857
8654,0,95
8655,0,819
8656,0,461
8657,0,605
8658,0,404
8659,0,217
8660,0,103
8661,0,190
8662,0,193
8663,0,297
8664,0,320
8665,0,453
8666,0,118
8667,0,416
8668,0,868
8669,0,207
8670,0,196
8671,0,444
8672,0,543
8673,0,372
8674,0,338
8675,0,527
8676,0,352
8677,0,187
8678,0,616
8679,0,490
8680,0,470
8681,0,358
8682,0,215
8683,0,493
8684,0,287
8685,0,479
8686,0,778
8687,0,104
8688,0,381
8689,0,207
8690,0,374
8691,0,406
8692,0,132
8693,0,837
8694,0,300
8695,0,506
8696,0,181
8697,0,140
8698,0,132
8699,0,260
8700,0,321
8701,0,239
8702,0,265
8703,0,101
8704,0,179
8705,0,831
8706,0,112
8707,0,909
8708,0,427
8709,0,467
8710,0,383
8711,0,428
8712,0,1542
8713,0,220
8714,0,394
8715,0,281
8716,0,130
8717,0,1405
8718,0,405
8719,0,278
8720,0,179
8721,0,259
8722,0,174
8723,0,251
8724,0,192
8725,0,371
8726,0,184
8727,0,205
8728,0,463
8729,0,102
8730,0,158
8731,0,313
8732,0,261
8733,0,113
8734,0,582
8735,0,204
8736,0,143
8737,0,230
8738,0,398
8739,1,584
8740,0,304
8741,0,445
8742,0,589
8743,0,147
8744,0,381
8745,0,762
8746,0,866
8747,0,850
8748,0,227
8749,0,113
8750,0,974
8751,0,306
8752,0,1772
8753,0,221
8754,0,356
8755,0,226
8756,0,341
8757,0,1377
8758,0,286
8759,0,247
8760,0,179
8761,0,136
8762,0,483
8763,0,231
8764,0,219
8765,0,151
8766,0,219
8767,0,99
8768,0,356
8769,0,305
8770,0,332
8771,0,147
8772,0,108
8773,0,1382
8774,0,338
8775,0,889
8776,0,215
8777,0,234
8778,0,201
8779,0,94
8780,0,190
8781,0,564
8782,0,189
8783,0,431
8784,0,785
8785,0,544
8786,0,429
8787,0,193
8788,0,495
8789,0,422
8790,0,180
8791,0,313
8792,0,226
8793,0,748
8794,0,225
8795,0,350
8796,0,489
8797,0,343
8798,0,125
8799,0,95
8800,0,146
8801,0,521
8802,0,646
8803,0,269
8804,0,151
8805,0,93
8806,0,376
8807,0,353
8808,0,249
8809,0,106
8810,0,462
8811,0,228
8812,0,200
8813,0,151
8814,0,117
8815,0,583
8816,0,133
8817,0,192
8818,0,219
8819,0,157
8820,0,104
8821,0,248
8822,0,173
8823,0,225
8824,0,650
8825,0,588
8826,0,411
8827,0,262
8828,0,998
8829,0,350
8830,0,547
8831,0,182
8832,0,889
8833,0,378
8834,0,129
8835,0,307
8836,0,105
8837,0,383
8838,0,246
8839,0,869
8840,0,354
8841,0,99
8842,0,296
8843,0,283
8844,0,324
8845,0,477
8846,0,734
8847,0,104
8848,0,811
8849,0,1133
8850,0,149
8851,0,331
8852,0,413
8853,0,111
8854,0,161
8855,0,267
8856,0,246
8857,0,511
8858,0,157
8859,0,587
8860,0,448
8861,0,316
8862,0,406
8863,0,285
8864,0,194
8865,0,260
8866,0,430
8867,0,375
8868,0,215
8869,0,254
8870,0,282
8871,0,262
8872,0,816
8873,0,189
8874,0,680
8875,0,822
8876,0,170
8877,0,173
8878,0,941
8879,0,374
8880,0,150
8881,0,93
8882,0,300
8883,0,164
8884,0,261
8885,0,129
8886,0,241
8887,0,148
8888,0,792
8889,0,394
8890,0,184
8891,0,188
8892,0,107
8893,0,475
8894,0,1027
8895,0,245
8896,0,417
8897,0,522
8898,0,208
8899,0,542
8900,0,108
8901,0,167
8902,0,259
8903,0,186
8904,0,198
8905,0,328
8906,0,178
8907,0,185
8908,0,239
8909,0,362
8910,0,591
8911,0,166
8912,0,382
8913,0,212
8914,0,100
8915,0,384
8916,0,227
8917,0,437
8918,0,361
8919,0,184
8920,0,309
8921,0,773
8922,0,169
8923,0,246
8924,0,835
8925,0,322
8926,0,142
8927,0,591
8928,0,127
8929,0,177
8930,0,417
8931,0,128
8932,0,150
8933,0,104
8934,0,731
8935,0,338
8936,0,160
8937,0,174
8938,0,187
8939,0,153
8940,0,450
8941,0,381
8942,0,765
8943,0,211
8944,0,225
8945,0,1164
8946,0,312
8947,0,151
8948,0,155
8949,0,451
8950,0,893
8951,0,648
8952,0,112
8953,0,318
8954,0,640
8955,0,364
8956,0,149
8957,0,180
8958,0,136
8959,0,276
8960,0,517
8961,0,204
8962,0,114
8963,0,134
8964,0,224
8965,0,278
8966,0,125
8967,0,263
8968,0,206
8969,0,502
8970,0,311
8971,0,215
8972,0,620
8973,0,179
8974,0,164
8975,0,387
8976,0,344
8977,0,290
8978,0,566
8979,0,450
8980,0,211
8981,0,729
8982,0,93
8983,0,175
8984,0,872
8985,0,660
8986,0,138
8987,0,396
8988,0,419
8989,0,147
8990,0,476
8991,0,226
8992,0,499
8993,0,158
8994,0,230
8995,0,145
8996,0,368
8997,0,409
8998,0,179
8999,0,292
9000,0,1395
9001,0,108
9002,0,219
9003,0,469
9004,0,588
9005,0,235
9006,0,158
9007,0,280
9008,0,390
9009,0,155
9010,0,149
9011,0,289
9012,0,446
9013,0,944
9014,0,294
9015,0,786
9016,0,401
9017,0,206
9018,0,105
9019,0,274
9020,0,299
9021,0,499
9022,0,521
9023,0,191
9024,0,319
9025,0,327
9026,0,290
9027,0,176
9028,0,373
9029,0,279
9030,0,305
9031,0,392
9032,0,337
9033,0,570
9034,0,107
9035,0,364
9036,0,245
9037,0,187
9038,0,320
9039,0,573
9040,0,133
9041,0,243
9042,0,303
9043,0,171
9044,0,304
9045,0,1125
9046,0,165
9047,0,160
9048,0,458
9049,0,298
9050,0,315
9051,0,262
9052,0,104
9053,0,99
9054,0,273
9055,0,701
9056,0,204
9057,0,466
9058,0,175
9059,0,468
9060,0,392
9061,0,322
9062,0,311
9063,0,147
9064,0,593
9065,0,235
9066,0,503
9067,0,170
9068,0,603
9069,0,303
9070,0,148
9071,0,589
9072,0,298
9073,0,293
9074,0,551
9075,0,148
9076,0,329
9077,0,266
9078,0,192
9079,0,205
9080,0,141
9081,0,207
9082,0,190
9083,0,235
9084,0,177
9085,0,143
9086,0,621
9087,0,428
9088,0,398
9089,0,285
9090,0,189
9091,0,406
9092,0,837
9093,0,201
9094,0,400
9095,0,176
9096,0,131
9097,0,231
9098,0,409
9099,0,894
9100,3,270
9101,0,180
9102,0,210
9103,0,157
9104,0,417
9105,0,155
9106,0,145
9107,0,496
9108,0,293
9109,0,250
9110,0,209
9111,0,435
9112,0,713
9113,0,166
9114,0,384
9115,0,150
9116,0,571
9117,0,316
9118,0,333
9119,0,872
9120,0,230
9121,0,304
9122,0,587
9123,0,503
9124,0,367
9125,0,146
9126,0,208
9127,0,841
9128,0,403
9129,0,717
9130,0,604
9131,0,284
9132,0,227
9133,0,165
9134,0,542
9135,0,268
9136,0,272
9137,0,642
9138,0,677
9139,0,112
9140,0,252
9141,0,279
9142,0,369
9143,0,163
9144,0,424
9145,0,312
9146,0,405
9147,0,454
9148,0,547
9149,0,279
9150,0,708
9151,0,227
9152,0,295
9153,0,436
9154,0,1499
9155,0,144
9156,0,178
9157,0,108
9158,0,408
9159,0,304
9160,0,297
9161,0,844
9162,0,102
9163,0,181
9164,0,102
9165,0,267
9166,0,152
9167,0,503
9168,0,519
9169,0,1118
9170,0,989
9171,0,457
9172,0,105
9173,0,95
9174,0,391
9175,0,231
9176,0,156
9177,0,344
9178,0,226
9179,0,374
9180,0,298
9181,0,349
9182,0,307
9183,0,238
9184,0,166
9185,0,192
9186,0,419
9187,0,241
9188,0,220
9189,0,167
9190,0,249
9191,0,928
9192,0,118
9193,0,161
9194,0,138
9195,0,166
9196,0,136
9197,0,446
9198,0,172
9199,0,366
9200,0,180
9201,0,309
9202,0,294
9203,0,339
9204,0,254
9205,0,129
9206,0,845
9207,0,326
9208,0,552
9209,0,231
9210,0,714
9211,0,193
9212,0,493
9213,0,331
9214,0,322
9215,0,344
9216,0,145
9217,3,723
9218,0,493
9219,0,408
9220,0,387
9221,0,432
9222,0,1092
9223,0,385
9224,0,260
9225,0,369
9226,0,132
9227,0,342
9228,0,1272
9229,4,848
9230,0,252
9231,0,337
9232,0,170
9233,0,348
9234,0,121
9235,0,209
9236,0,802
9237,2,326
9238,0,223
9239,0,163
9240,0,403
9241,0,218
9242,0,253
9243,0,102
9244,0,211
9245,0,118
9246,0,207
9247,0,141
9248,0,308
9249,0,287
9250,0,135
9251,0,572
9252,0,282
9253,0,410
9254,0,198
9255,0,136
9256,0,148
9257,0,256
9258,0,411
9259,0,1343
9260,0,364
9261,0,348
9262,0,229
9263,0,95
9264,0,262
9265,0,521
9266,0,132
9267,0,460
9268,0,178
9269,0,179
9270,0,894
9271,0,259
9272,0,664
9273,0,501
9274,0,757
9275,0,581
9276,0,198
9277,0,654
9278,0,381
9279,0,135
9280,0,468
9281,0,420
9282,0,416
9283,0,649
9284,0,227
9285,0,1360
9286,0,919
9287,0,426
9288,0,449
9289,0,622
9290,0,124
9291,0,405
9292,0,839
9293,0,296
9294,0,221
9295,0,211
9296,0,383
9297,0,132
9298,0,453
9299,0,261
9300,0,146
9301,0,293
9302,0,196
9303,0,132
9304,0,147
9305,0,251
9306,0,172
9307,0,163
9308,0,587
9309,0,136
9310,0,135
9311,0,811
9312,0,302
9313,0,238
9314,0,255
9315,0,206
9316,0,145
9317,0,154
9318,0,151
9319,0,238
9320,0,559
9321,0,346
9322,0,260
9323,0,185
9324,0,729
9325,0,1155
9326,0,553
9327,0,284
9328,0,633
9329,0,132
9330,0,187
9331,0,159
9332,0,445
9333,0,251
9334,0,220
9335,0,217
9336,0,511
9337,0,231
9338,0,294
9339,0,148
9340,0,189
9341,0,186
9342,0,1266
9343,0,273
9344,0,408
9345,0,149
9346,0,673
9347,0,251
9348,0,466
9349,0,170
9350,0,399
9351,0,460
9352,0,224
9353,0,114
9354,0,539
9355,0,259
9356,0,175
9357,0,865
9358,0,367
9359,0,121
9360,0,178
9361,0,255
9362,0,443
9363,0,225
9364,0,395
9365,0,193
9366,0,112
9367,0,147
9368,0,311
9369,0,434
9370,0,115
9371,0,260
9372,0,176
9373,0,182
9374,0,342
9375,0,295
9376,0,923
9377,0,157
9378,0,169
9379,0,195
9380,0,208
9381,0,132
9382,0,144
9383,0,682
9384,0,321
9385,0,161
9386,0,178
9387,0,280
9388,0,192
9389,0,114
9390,0,161
9391,0,352
9392,0,251
9393,0,420
9394,0,380
9395,0,131
9396,0,645
9397,0,369
9398,0,132
9399,0,192
9400,0,170
9401,0,1078
9402,0,210
9403,0,157
9404,0,349
9405,0,186
9406,0,141
9407,0,377
9408,0,200
9409,0,130
9410,0,308
9411,0,158
9412,0,174
9413,0,141
9414,0,336
9415,0,497
9416,0,791
9417,0,240
9418,0,109
9419,0,98
9420,0,584
9421,0,159
9422,0,254
9423,0,1202
9424,0,253
9425,0,184
9426,0,196
9427,0,271
9428,0,503
9429,0,187
9430,0,157
9431,0,93
9432,0,966
9433,0,107
9434,0,697
9435,0,301
9436,0,103
9437,0,235
9438,0,511
9439,0,788
9440,0,200
9441,0,538
9442,0,105
9443,0,527
9444,0,156
9445,0,566
9446,0,143
9447,0,111
9448,0,724
9449,0,136
9450,0,347
9451,0,290
9452,0,103
9453,0,274
9454,0,220
9455,0,460
9456,0,206
9457,0,160
9458,0,424
9459,0,756
9460,1,1277
9461,0,361
9462,0,208
9463,0,162
9464,0,124
9465,0,519
9466,0,576
9467,0,556
9468,0,400
9469,0,349
9470,0,303
9471,0,218
9472,0,573
9473,0,402
9474,0,291
9475,0,189
9476,0,179
9477,0,223
9478,0,305
9479,0,115
9480,0,451
9481,0,386
9482,0,114
9483,0,1419
9484,0,107
9485,0,145
9486,0,528
9487,0,109
9488,0,743
9489,0,254
9490,0,282
9491,0,452
9492,0,144
9493,0,147
9494,0,845
9495,0,187
9496,0,470
9497,0,181
9498,0,376
9499,0,248
9500,0,211
9501,0,486
9502,0,429
9503,0,225
9504,0,1207
9505,0,299
9506,0,99
9507,0,159
9508,0,313
9509,0,956
9510,0,390
9511,0,298
9512,0,811
9513,0,210
9514,0,192
9515,0,238
9516,0,349
9517,0,344
9518,0,95
9519,0,436
9520,0,474
9521,0,156
9522,0,534
9523,0,265
9524,0,332
9525,0,437
9526,0,121
9527,0,523
9528,0,347
9529,0,602
9530,0,342
9531,0,371
9532,0,132
9533,0,283
9534,0,117
9535,0,1141
9536,0,139
9537,0,353
9538,0,129
9539,0,619
9540,0,492
9541,0,420
9542,0,611
9543,0,202
9544,0,111
9545,0,824
9546,0,267
9547,0,715
9548,0,296
9549,0,999
9550,0,146
9551,0,189
9552,0,94
9553,0,180
9554,0,239
9555,0,872
9556,0,1221
9557,0,627
9558,0,387
9559,0,196
9560,0,523
9561,0,224
9562,0,481
9563,0,311
9564,0,624
9565,0,779
9566,0,328
9567,0,398
9568,0,246
9569,0,891
9570,0,480
9571,0,140
9572,0,1055
9573,0,1060
9574,0,182
9575,0,586
9576,0,223
9577,0,147
9578,0,632
9579,0,747
9580,0,469
9581,0,319
9582,0,714
9583,0,212
9584,0,276
9585,0,596
9586,0,310
9587,0,371
9588,0,301
9589,0,489
9590,0,516
9591,0,106
9592,0,160
9593,0,468
9594,0,296
9595,0,119
9596,0,218
9597,0,150
9598,0,306
9599,0,267
9600,0,168
9601,0,864
9602,0,529
9603,0,145
9604,0,574
9605,0,190
9606,0,120
9607,0,537
9608,0,262
9609,0,653
9610,0,810
9611,0,435
9612,0,431
9613,0,632
9614,0,186
9615,0,224
9616,0,417
9617,0,115
9618,0,328
9619,0,196
9620,0,336
9621,0,117
9622,0,292
9623,0,290
9624,0,418
9625,0,344
9626,0,100
9627,0,381
9628,0,223
9629,0,118
9630,0,319
9631,0,178
9632,0,249
9633,0,204
9634,0,513
9635,0,108
9636,0,689
9637,0,980
9638,0,468
9639,0,347
9640,0,293
9641,0,214
9642,0,353
9643,0,674
9644,0,147
9645,0,372
9646,0,269
9647,0,503
9648,0,153
9649,0,246
9650,0,194
9651,0,107
9652,0,336
9653,0,337
9654,0,604
9655,0,135
9656,0,308
9657,0,333
9658,0,112
9659,0,104
9660,0,251
9661,0,340
9662,0,406
9663,0,247
9664,0,298
9665,0,147
9666,0,843
9667,0,432
9668,0,200
9669,0,806
9670,0,113
9671,0,133
9672,0,309
9673,0,623
9674,0,294
9675,0,106
9676,0,255
9677,3,474
9678,0,438
9679,0,579
9680,0,386
9681,0,274
9682,0,516
9683,0,318
9684,0,93
9685,0,179
9686,0,392
9687,0,90
9688,0,428
9689,0,358
9690,0,500
9691,0,231
9692,0,217
9693,0,892
9694,0,351
9695,0,499
9696,0,185
9697,0,238
9698,0,122
9699,0,186
9700,0,262
9701,0,394
9702,0,242
9703,0,299
9704,0,243
9705,0,102
9706,0,686
9707,0,720
9708,0,218
9709,0,494
9710,2,508
9711,0,127
9712,0,269
9713,0,299
9714,0,170
9715,0,550
9716,0,391
9717,0,146
9718,0,305
9719,0,145
9720,0,379
9721,0,267
9722,0,167
9723,0,550
9724,0,156
9725,0,276
9726,0,143
9727,0,799
9728,0,256
9729,0,285
9730,0,164
9731,0,889
9732,0,515
9733,0,648
9734,0,235
9735,0,149
9736,0,292
9737,0,225
9738,0,154
9739,0,715
9740,0,147
9741,0,731
9742,0,431
9743,0,912
9744,0,616
9745,0,721
9746,0,442
9747,0,1306
9748,0,363
9749,0,321
9750,0,252
9751,0,138
9752,0,363
9753,0,144
9754,0,339
9755,0,159
9756,0,296
9757,0,218
9758,0,299
9759,0,562
9760,0,182
9761,0,250
9762,0,387
9763,0,222
9764,0,328
9765,0,191
9766,0,237
9767,0,235
9768,0,286
9769,0,143
9770,0,460
9771,0,185
9772,0,105
9773,0,726
9774,0,1400
9775,0,216
9776,0,583
9777,0,1075
9778,0,357
9779,0,537
9780,0,146
9781,0,225
9782,0,470
9783,0,826
9784,0,198
9785,0,163
9786,0,121
9787,0,355
9788,0,364
9789,0,266
9790,0,226
9791,0,365
9792,0,552
9793,0,340
9794,0,457
9795,0,260
9796,0,140
9797,0,367
9798,0,199
9799,0,869
9800,0,272
9801,0,163
9802,0,394
9803,0,197
9804,0,170
9805,0,343
9806,0,241
9807,0,636
9808,0,302
9809,0,213
9810,0,225
9811,0,363
9812,0,158
9813,0,320
9814,0,567
9815,0,384
9816,0,416
9817,0,509
9818,0,321
9819,0,101
9820,0,304
9821,0,579
9822,0,111
9823,0,129
9824,0,844
9825,0,425
9826,0,131
9827,0,261
9828,0,428
9829,0,174
9830,0,363
9831,0,255
9832,0,136
9833,0,109
9834,0,150
9835,0,326
9836,0,500
9837,0,676
9838,0,343
9839,0,179
9840,0,478
9841,0,499
9842,0,547
9843,0,619
9844,0,192
9845,0,609
9846,0,161
9847,0,424
9848,0,295
9849,0,559
9850,0,318
9851,0,388
9852,0,491
9853,0,445
9854,0,213
9855,0,523
9856,0,474
9857,0,371
9858,0,701
9859,0,504
9860,0,99
9861,0,307
9862,0,361
9863,0,410
9864,0,203
9865,0,412
9866,0,378
9867,0,186
9868,0,385
9869,0,483
9870,0,496
9871,0,156
9872,0,711
9873,0,378
9874,0,438
9875,0,120
9876,0,146
9877,0,306
9878,0,142
9879,0,116
9880,0,290
9881,0,171
9882,0,146
9883,0,251
9884,0,123
9885,0,141
9886,0,383
9887,0,110
9888,0,463
9889,0,215
9890,0,145
9891,0,348
9892,0,738
9893,0,319
9894,0,219
9895,0,285
9896,0,441
9897,0,557
9898,0,568
9899,0,122
9900,0,245
9901,0,238
9902,0,912
9903,0,175
9904,0,136
9905,0,513
9906,0,291
9907,0,271
9908,0,393
9909,0,204
9910,0,212
9911,0,135
9912,0,172
9913,0,151
9914,0,434
9915,0,755
9916,0,347
9917,0,2054
9918,0,127
9919,0,146
9920,0,145
9921,0,141
9922,0,386
9923,0,873
9924,0,119
9925,0,300
9926,1,154
9927,0,102
9928,0,341
9929,0,872
9930,0,208
9931,0,612
9932,0,139
9933,0,460
9934,0,166
9935,0,423
9936,0,364
9937,0,464
9938,0,247
9939,0,164
9940,0,779
9941,0,133
9942,0,419
9943,0,249
9944,0,1282
9945,0,753
9946,0,306
9947,0,218
9948,0,506
9949,0,102
9950,0,218
9951,0,371
9952,0,385
9953,0,218
9954,0,184
9955,0,247
9956,0,408
9957,0,245
9958,0,222
9959,0,122
9960,0,909
9961,0,142
9962,0,258
9963,0,531
9964,0,147
9965,0,101
9966,0,134
9967,0,335
9968,0,399
9969,0,108
9970,0,197
9971,0,178
9972,0,625
9973,0,256
9974,0,253
9975,0,285
9976,0,185
9977,0,160
9978,0,450
9979,0,515
9980,0,399
9981,0,237
9982,0,1562
9983,0,464
9984,0,103
9985,0,178
9986,0,305
9987,0,201
9988,0,112
9989,0,356
9990,0,128
9991,0,365
9992,0,1001
9993,0,423
9994,0,727
9995,0,663
9996,0,167
9997,0,299
9998,0,346
9999,0,499
