Episodio,Score,Passos
0,-82.40000000000003,176
1,-82.60000000000002,174
2,-82.20000000000002,178
3,-64.59999999999992,249
4,-37.399999999999814,326
5,-41.799999999999876,282
6,-40.59999999999986,294
7,-82.20000000000002,178
8,-82.40000000000003,176
9,-82.70000000000003,173
10,-81.80000000000001,182
11,-65.09999999999994,244
12,-82.70000000000003,173
13,-82.60000000000002,174
14,-82.70000000000003,173
15,-82.00000000000003,180
16,-81.80000000000001,182
17,-65.09999999999994,244
18,-82.20000000000002,178
19,-82.60000000000002,174
20,-82.20000000000002,178
21,-63.19999999999997,218
22,-82.70000000000003,173
23,-67.49999999999997,220
24,-81.4,186
25,-82.20000000000002,178
26,63.59999999999857,596
27,-82.40000000000003,176
28,-82.40000000000003,176
29,-82.60000000000002,174
30,-82.40000000000003,176
31,-62.59999999999996,224
32,-82.60000000000002,174
33,-82.60000000000002,174
34,-82.20000000000002,178
35,-81.80000000000001,182
36,-81.80000000000001,182
37,-49.19999999999991,258
38,-82.20000000000002,178
39,-64.09999999999991,254
40,-82.60000000000002,174
41,-82.20000000000002,178
42,-82.00000000000003,180
43,41.79999999999902,518
44,-82.60000000000002,174
45,-49.29999999999992,252
46,-82.60000000000002,174
47,-82.00000000000003,180
48,-82.20000000000002,178
49,-82.40000000000003,176
50,-82.20000000000002,178
51,-81.80000000000001,182
52,-82.40000000000003,176
53,-82.00000000000003,180
54,-62.299999999999955,227
55,-82.20000000000002,178
56,-81.80000000000001,182
57,-82.20000000000002,178
58,-82.70000000000003,173
59,-82.60000000000002,174
60,-82.20000000000002,178
61,-81.80000000000001,182
62,-82.60000000000002,174
63,-82.00000000000003,180
64,-82.40000000000003,176
65,-82.70000000000003,173
66,-62.799999999999955,227
67,-82.40000000000003,176
68,-5.900000000000674,416
69,-82.40000000000003,176
70,-82.40000000000003,176
71,-82.60000000000002,174
72,-82.20000000000002,178
73,-82.60000000000002,174
74,-82.00000000000003,180
75,-82.40000000000003,176
76,-62.59999999999996,224
77,-82.60000000000002,174
78,-81.80000000000001,182
79,-82.70000000000003,173
80,-82.20000000000002,178
81,-82.70000000000003,173
82,-82.40000000000003,176
83,-67.59999999999997,219
84,-82.60000000000002,174
85,-82.20000000000002,178
86,-82.60000000000002,174
87,-81.80000000000001,182
88,-82.60000000000002,174
89,-82.60000000000002,174
90,-82.70000000000003,173
91,-82.40000000000003,176
92,-82.20000000000002,178
93,-60.19999999999992,253
94,-82.70000000000003,173
95,-82.20000000000002,178
96,-82.70000000000003,173
97,-81.80000000000001,182
98,-82.40000000000003,176
99,-82.60000000000002,174
100,-82.60000000000002,174
101,-82.70000000000003,173
102,-82.60000000000002,174
103,-82.00000000000003,180
104,-82.40000000000003,176
105,-82.00000000000003,180
106,-46.49999999999988,280
107,-82.40000000000003,176
108,-82.20000000000002,178
109,-63.29999999999996,222
110,-82.20000000000002,178
111,-82.20000000000002,178
112,-82.60000000000002,174
113,-82.60000000000002,174
114,-82.70000000000003,173
115,-82.00000000000003,180
116,-82.20000000000002,178
117,-82.40000000000003,176
118,-82.40000000000003,176
119,-82.60000000000002,174
120,-47.299999999999876,282
121,-82.70000000000003,173
122,-82.60000000000002,174
123,-81.80000000000001,182
124,-82.00000000000003,180
125,-81.80000000000001,182
126,-82.70000000000003,173
127,-64.49999999999991,250
128,-82.60000000000002,174
129,-82.40000000000003,176
130,-82.70000000000003,173
131,-82.70000000000003,173
132,-27.60000000000005,349
133,-82.20000000000002,178
134,-61.79999999999995,232
135,-64.79999999999995,232
136,-60.49999999999992,250
137,-82.60000000000002,174
138,-82.60000000000002,174
139,-82.70000000000003,173
140,-82.20000000000002,178
141,-41.19999999999987,288
142,-82.40000000000003,176
143,-82.40000000000003,176
144,-82.70000000000003,173
145,-82.60000000000002,174
146,-39.09999999999983,314
147,-31.000000000000185,315
148,-82.20000000000002,178
149,-82.60000000000002,174
150,-81.60000000000002,184
151,-62.999999999999964,220
152,-82.60000000000002,174
153,-82.20000000000002,178
154,-81.4,186
155,-82.40000000000003,176
156,-68.29999999999998,212
157,-43.799999999999905,262
158,-24.50000000000003,350
159,-82.20000000000002,178
160,-62.09999999999995,229
161,-81.4,186
162,-68.29999999999998,212
163,-82.40000000000003,176
164,-63.19999999999997,218
165,-82.20000000000002,178
166,-82.40000000000003,176
167,-82.20000000000002,178
168,-81.80000000000001,182
169,-82.40000000000003,176
170,-82.40000000000003,176
171,-68.09999999999997,214
172,-22.400000000000077,326
173,-62.19999999999995,228
174,-82.60000000000002,174
175,-82.20000000000002,178
176,-82.20000000000002,178
177,-82.00000000000003,180
178,-82.20000000000002,178
179,-82.00000000000003,180
180,-82.60000000000002,174
181,-82.40000000000003,176
182,-61.29999999999994,237
183,-82.40000000000003,176
184,-61.89999999999995,231
185,-82.20000000000002,178
186,-82.20000000000002,178
187,-67.49999999999997,220
188,-81.4,186
189,-82.40000000000003,176
190,-82.20000000000002,178
191,-82.40000000000003,176
192,-82.20000000000002,178
193,-82.40000000000003,176
194,-81.80000000000001,182
195,-82.60000000000002,174
196,-82.60000000000002,174
197,-81.80000000000001,182
198,-81.80000000000001,182
199,-82.00000000000003,180
200,-82.40000000000003,176
201,-18.200000000000273,368
202,-82.70000000000003,173
203,-62.19999999999995,228
204,-67.29999999999995,222
205,-60.799999999999926,247
206,-25.800000000000082,337
207,-82.20000000000002,178
208,-82.40000000000003,176
209,-81.4,186
210,-82.00000000000003,180
211,-82.70000000000003,173
212,-82.40000000000003,176
213,-82.00000000000003,180
214,-82.60000000000002,174
215,-82.40000000000003,176
216,-82.20000000000002,178
217,-82.70000000000003,173
218,-41.69999999999987,288
219,-82.00000000000003,180
220,57.699999999998596,602
221,-81.80000000000001,182
222,-82.20000000000002,178
223,-82.00000000000003,180
224,-64.19999999999992,253
225,-82.40000000000003,176
226,-62.999999999999964,220
227,-42.69999999999989,273
228,-67.69999999999996,218
229,-82.60000000000002,174
230,-82.00000000000003,180
231,-82.20000000000002,178
232,-82.00000000000003,180
233,-59.599999999999916,254
234,-81.60000000000002,184
235,-46.899999999999885,276
236,-63.69999999999997,218
237,-59.39999999999991,256
238,-81.4,186
239,-82.20000000000002,178
240,-81.60000000000002,184
241,-81.4,186
242,-82.20000000000002,178
243,-81.60000000000002,184
244,-63.499999999999964,220
245,-82.00000000000003,180
246,-67.89999999999998,216
247,-82.70000000000003,173
248,-82.20000000000002,178
249,-82.40000000000003,176
250,-82.40000000000003,176
251,-64.89999999999992,246
252,-59.79999999999992,252
253,-82.20000000000002,178
254,-81.60000000000002,184
255,-17.600000000000065,374
256,-63.599999999999966,219
257,14.999999999999218,460
258,-63.19999999999997,218
259,-82.00000000000003,180
260,-82.20000000000002,178
261,-62.59999999999996,224
262,-63.19999999999997,218
263,-19.400000000000176,356
264,-41.899999999999814,326
265,22.09999999999937,471
266,-6.300000000000466,387
267,-82.70000000000003,173
268,-4.300000000000594,392
269,-82.40000000000003,176
270,-67.39999999999996,221
271,-82.40000000000003,176
272,-59.79999999999992,252
273,-64.69999999999993,248
274,-20.40000000000019,346
275,-82.00000000000003,180
276,-81.80000000000001,182
277,-22.200000000000102,328
278,-60.999999999999936,240
279,-44.39999999999991,256
280,-67.89999999999998,216
281,-82.00000000000003,180
282,-45.29999999999986,292
283,-82.60000000000002,174
284,-82.40000000000003,176
285,-61.99999999999995,230
286,-82.40000000000003,176
287,-82.20000000000002,178
288,-82.40000000000003,176
289,-82.70000000000003,173
290,-59.39999999999991,256
291,-82.00000000000003,180
292,-3.8000000000005087,362
293,-82.40000000000003,176
294,-67.49999999999997,220
295,-82.20000000000002,178
296,-21.200000000000173,338
297,37.39999999999873,554
298,-5.100000000000321,394
299,-81.60000000000002,184
300,-62.59999999999996,224
301,-19.80000000000004,352
302,-22.800000000000068,332
303,-82.70000000000003,173
304,-82.20000000000002,178
305,-82.20000000000002,178
306,-48.1999999999999,263
307,-82.00000000000003,180
308,-64.09999999999997,214
309,-82.00000000000003,180
310,-18.000000000000227,370
311,-49.299999999999876,282
312,-81.80000000000001,182
313,-82.20000000000002,178
314,-43.79999999999986,292
315,-63.499999999999964,220
316,-68.09999999999997,214
317,-24.600000000000108,334
318,-61.29999999999994,237
319,-62.399999999999956,226
320,-67.6,204
321,-81.4,186
322,30.799999999998903,533
323,-81.80000000000001,182
324,-64.19999999999992,253
325,-82.70000000000003,173
326,-82.70000000000003,173
327,-17.800000000000267,362
328,-67.39999999999996,221
329,-82.00000000000003,180
330,-64.19999999999993,238
331,-82.40000000000003,176
332,-61.99999999999995,230
333,-82.40000000000003,176
334,-82.00000000000003,180
335,-82.20000000000002,178
336,-82.40000000000003,176
337,-82.70000000000003,173
338,-49.099999999999916,254
339,-82.20000000000002,178
340,-62.19999999999995,228
341,-50.799999999999876,282
342,-82.20000000000002,178
343,-0.3000000000004519,442
344,1.0999999999995396,416
345,-82.60000000000002,174
346,-61.09999999999994,239
347,-60.199999999999925,248
348,-81.80000000000001,182
349,-82.20000000000002,178
350,-21.80000000000011,342
351,34.49999999999886,540
352,-82.20000000000002,178
353,-81.4,186
354,-38.49999999999982,320
355,-82.70000000000003,173
356,-81.80000000000001,182
357,-82.40000000000003,176
358,-40.49999999999986,295
359,-82.20000000000002,178
360,60.299999999998334,598
361,-59.39999999999991,256
362,-82.20000000000002,178
363,-81.80000000000001,182
364,-82.00000000000003,180
365,-82.20000000000002,178
366,-82.70000000000003,173
367,-82.70000000000003,173
368,-82.60000000000002,174
369,-81.80000000000001,182
370,-43.29999999999989,272
371,-82.20000000000002,178
372,-82.70000000000003,173
373,-59.99999999999992,250
374,-39.99999999999985,300
375,-82.20000000000002,178
376,-42.19999999999988,278
377,-8.100000000000293,394
378,-81.60000000000002,184
379,-40.39999999999985,301
380,-82.20000000000002,178
381,-17.60000000000005,374
382,-81.80000000000001,182
383,-39.99999999999985,300
384,-82.70000000000003,173
385,-82.20000000000002,178
386,-62.29999999999995,232
387,-82.00000000000003,180
388,-82.70000000000003,173
389,-82.20000000000002,178
390,-82.20000000000002,178
391,-82.00000000000003,180
392,-81.80000000000001,182
393,-81.80000000000001,182
394,-82.40000000000003,176
395,-82.70000000000003,173
396,-82.60000000000002,174
397,-82.20000000000002,178
398,-82.00000000000003,180
399,-82.20000000000002,178
400,-82.20000000000002,178
401,-82.60000000000002,174
402,-82.20000000000002,178
403,-82.60000000000002,174
404,-82.60000000000002,174
405,-82.40000000000003,176
406,-82.60000000000002,174
407,-60.099999999999916,254
408,3.1999999999995907,432
409,-81.4,186
410,-82.60000000000002,174
411,44.299999999998875,548
412,-81.80000000000001,182
413,-82.60000000000002,174
414,-64.59999999999992,249
415,-24.80000000000001,372
416,-82.20000000000002,178
417,-62.09999999999995,229
418,-82.40000000000003,176
419,-82.20000000000002,178
420,-82.00000000000003,180
421,-82.20000000000002,178
422,-66.69999999999996,228
423,-40.89999999999986,296
424,-82.60000000000002,174
425,-82.60000000000002,174
426,-6.600000000000364,364
427,-82.60000000000002,174
428,-38.49999999999982,320
429,-67.19999999999996,223
430,-46.299999999999876,282
431,-82.60000000000002,174
432,-46.099999999999895,269
433,-82.60000000000002,174
434,-82.00000000000003,180
435,-59.599999999999916,254
436,-82.20000000000002,178
437,-82.60000000000002,174
438,-82.00000000000003,180
439,-82.70000000000003,173
440,-1.7000000000004718,428
441,-67.89999999999998,216
442,-82.00000000000003,180
443,-23.60000000000005,324
444,-63.89999999999997,216
445,-22.500000000000085,330
446,-81.60000000000002,184
447,-82.20000000000002,178
448,-25.400000000000276,366
449,-81.80000000000001,182
450,-82.70000000000003,173
451,-82.40000000000003,176
452,-82.60000000000002,174
453,-81.60000000000002,184
454,-82.00000000000003,180
455,-43.4999999999999,265
456,-64.69999999999993,248
457,13.899999999999451,394
458,-82.40000000000003,176
459,-82.40000000000003,176
460,-82.20000000000002,178
461,-82.70000000000003,173
462,-59.19999999999991,258
463,-20.200000000000088,358
464,-82.40000000000003,176
465,16.399999999999466,434
466,-63.39999999999996,221
467,-82.20000000000002,178
468,-64.09999999999991,254
469,-82.40000000000003,176
470,-67.89999999999998,216
471,-82.20000000000002,178
472,-44.099999999999845,304
473,-82.40000000000003,176
474,-81.80000000000001,182
475,-81.4,186
476,-82.60000000000002,174
477,-82.40000000000003,176
478,-59.79999999999992,252
479,-82.60000000000002,174
480,-82.70000000000003,173
481,-22.80000000000011,322
482,49.899999999998585,564
483,-62.399999999999956,226
484,-82.00000000000003,180
485,5.299999999999443,458
486,-82.20000000000002,178
487,-63.099999999999966,219
488,-82.20000000000002,178
489,-82.70000000000003,173
490,-60.49999999999992,250
491,-59.79999999999992,252
492,-81.60000000000002,184
493,-81.4,186
494,-48.499999999999865,290
495,-82.40000000000003,176
496,-63.69999999999997,218
497,-82.00000000000003,180
498,-81.60000000000002,184
499,-82.20000000000002,178
500,-82.70000000000003,173
501,-82.40000000000003,176
502,-82.20000000000002,178
503,-82.70000000000003,173
504,-82.70000000000003,173
505,-82.20000000000002,178
506,-82.60000000000002,174
507,-82.20000000000002,178
508,-24.200000000000273,358
509,13.099999999999156,456
510,-82.40000000000003,176
511,-24.800000000000168,332
512,-82.60000000000002,174
513,-81.80000000000001,182
514,-82.40000000000003,176
515,-25.40000000000009,351
516,-24.70000000000013,348
517,-62.49999999999996,225
518,-82.20000000000002,178
519,-82.20000000000002,178
520,-82.00000000000003,180
521,-82.70000000000003,173
522,-82.40000000000003,176
523,-64.89999999999992,246
524,-63.89999999999991,256
525,-82.40000000000003,176
526,-62.09999999999995,229
527,-82.40000000000003,176
528,-82.70000000000003,173
529,-82.40000000000003,176
530,-25.400000000000077,351
531,-82.60000000000002,174
532,-82.40000000000003,176
533,-81.4,186
534,-48.99999999999991,260
535,-82.00000000000003,180
536,-82.40000000000003,176
537,-59.39999999999991,256
538,-81.80000000000001,182
539,-64.09999999999997,214
540,-82.40000000000003,176
541,-81.4,186
542,-82.70000000000003,173
543,-82.60000000000002,174
544,-82.40000000000003,176
545,-82.60000000000002,174
546,-82.70000000000003,173
547,-67.89999999999998,216
548,-40.899999999999864,291
549,-63.89999999999997,216
550,-81.80000000000001,182
551,-82.20000000000002,178
552,-82.40000000000003,176
553,-82.20000000000002,178
554,-82.20000000000002,178
555,-64.09999999999997,214
556,-81.80000000000001,182
557,-18.10000000000022,374
558,-17.900000000000105,381
559,-64.09999999999991,254
560,-82.60000000000002,174
561,-82.00000000000003,180
562,-82.20000000000002,178
563,-82.40000000000003,176
564,-41.59999999999986,294
565,-81.80000000000001,182
566,-64.79999999999995,232
567,-63.89999999999997,216
568,-81.80000000000001,182
569,-82.70000000000003,173
570,-82.00000000000003,180
571,-82.20000000000002,178
572,-82.40000000000003,176
573,-82.00000000000003,180
574,-82.20000000000002,178
575,-81.80000000000001,182
576,-40.79999999999986,292
577,-82.00000000000003,180
578,-81.80000000000001,182
579,-82.60000000000002,174
580,-82.70000000000003,173
581,-82.20000000000002,178
582,-82.20000000000002,178
583,-41.39999999999987,286
584,-22.400000000000063,326
585,-61.89999999999995,231
586,-82.00000000000003,180
587,-44.799999999999855,297
588,-82.70000000000003,173
589,-82.60000000000002,174
590,-17.50000000000027,380
591,-82.60000000000002,174
592,-82.20000000000002,178
593,-82.00000000000003,180
594,-59.599999999999916,254
595,-38.899999999999835,311
596,-39.99999999999985,300
597,-82.40000000000003,176
598,-82.40000000000003,176
599,-82.40000000000003,176
600,-82.60000000000002,174
601,-81.80000000000001,182
602,-82.70000000000003,173
603,-82.20000000000002,178
604,-64.49999999999991,250
605,-82.00000000000003,180
606,-82.40000000000003,176
607,-59.89999999999991,256
608,-82.40000000000003,176
609,-60.19999999999992,253
610,-82.20000000000002,178
611,-82.20000000000002,178
612,-67.49999999999997,220
613,-29.400000000000247,346
614,-82.00000000000003,180
615,-68.29999999999998,212
616,-19.200000000000074,358
617,-45.89999999999989,271
618,-81.60000000000002,184
619,-82.20000000000002,178
620,-82.40000000000003,176
621,-82.40000000000003,176
622,-82.60000000000002,174
623,-82.20000000000002,178
624,-82.40000000000003,176
625,-82.40000000000003,176
626,-82.70000000000003,173
627,-82.70000000000003,173
628,-82.60000000000002,174
629,-60.199999999999925,248
630,-81.60000000000002,184
631,-82.70000000000003,173
632,-82.70000000000003,173
633,-43.199999999999854,298
634,-82.70000000000003,173
635,-81.60000000000002,184
636,-82.20000000000002,178
637,-82.00000000000003,180
638,-82.40000000000003,176
639,-81.60000000000002,184
640,-82.70000000000003,173
641,-82.70000000000003,173
642,-82.60000000000002,174
643,-48.19999999999987,288
644,-82.00000000000003,180
645,-66.89999999999995,226
646,-0.9000000000004889,421
647,-82.60000000000002,174
648,-82.60000000000002,174
649,-68.29999999999998,212
650,-81.60000000000002,184
651,-82.40000000000003,176
652,-82.70000000000003,173
653,-82.60000000000002,174
654,-81.60000000000002,184
655,-82.20000000000002,178
656,-82.00000000000003,180
657,-82.70000000000003,173
658,-82.00000000000003,180
659,-82.70000000000003,173
660,-82.40000000000003,176
661,-82.20000000000002,178
662,-82.20000000000002,178
663,-82.20000000000002,178
664,-82.70000000000003,173
665,-82.60000000000002,174
666,-63.69999999999997,218
667,-82.40000000000003,176
668,-82.40000000000003,176
669,-38.49999999999982,320
670,-64.29999999999993,252
671,-82.40000000000003,176
672,1.0999999999994259,411
673,-82.70000000000003,173
674,-82.20000000000002,178
675,-82.40000000000003,176
676,-63.89999999999997,216
677,-82.20000000000002,178
678,-82.20000000000002,178
679,-82.60000000000002,174
680,2.5999999999995254,426
681,-82.70000000000003,173
682,-81.60000000000002,184
683,-82.40000000000003,176
684,-82.60000000000002,174
685,-82.70000000000003,173
686,-81.60000000000002,184
687,-82.20000000000002,178
688,-62.19999999999995,228
689,-82.40000000000003,176
690,-82.60000000000002,174
691,-63.39999999999997,216
692,-82.40000000000003,176
693,-61.89999999999995,231
694,-82.70000000000003,173
695,14.999999999999432,450
696,-82.60000000000002,174
697,-82.40000000000003,176
698,-82.40000000000003,176
699,-82.20000000000002,178
700,-82.60000000000002,174
701,-82.20000000000002,178
702,-82.40000000000003,176
703,-59.39999999999991,256
704,-82.60000000000002,174
705,-82.60000000000002,174
706,-82.70000000000003,173
707,-82.70000000000003,173
708,-82.60000000000002,174
709,-82.70000000000003,173
710,-81.60000000000002,184
711,-81.4,186
712,-82.70000000000003,173
713,-82.20000000000002,178
714,-82.70000000000003,173
715,-1.0000000000006395,420
716,-82.20000000000002,178
717,-82.70000000000003,173
718,-67.19999999999996,223
719,-82.70000000000003,173
720,-82.00000000000003,180
721,-82.70000000000003,173
722,-82.20000000000002,178
723,-82.60000000000002,174
724,-18.900000000000247,386
725,-81.80000000000001,182
726,-82.40000000000003,176
727,-46.09999999999987,284
728,-82.20000000000002,178
729,-82.40000000000003,176
730,-82.60000000000002,174
731,-82.70000000000003,173
732,-82.20000000000002,178
733,-43.199999999999896,268
734,-82.20000000000002,178
735,-82.60000000000002,174
736,-82.20000000000002,178
737,-82.60000000000002,174
738,-82.20000000000002,178
739,-82.20000000000002,178
740,-82.40000000000003,176
741,-82.40000000000003,176
742,15.599999999999426,421
743,-60.89999999999993,246
744,-82.20000000000002,178
745,-60.49999999999992,250
746,-82.70000000000003,173
747,-81.80000000000001,182
748,-82.20000000000002,178
749,-82.70000000000003,173
750,-82.70000000000003,173
751,-43.99999999999991,260
752,-68.29999999999998,212
753,-82.60000000000002,174
754,-82.70000000000003,173
755,-82.70000000000003,173
756,-81.80000000000001,182
757,-81.80000000000001,182
758,-82.70000000000003,173
759,-82.70000000000003,173
760,-82.40000000000003,176
761,-82.70000000000003,173
762,-82.60000000000002,174
763,-82.60000000000002,174
764,-82.60000000000002,174
765,-82.70000000000003,173
766,-82.40000000000003,176
767,-67.89999999999998,216
768,-82.40000000000003,176
769,-82.40000000000003,176
770,-82.60000000000002,174
771,-82.20000000000002,178
772,-82.20000000000002,178
773,-52.199999999999925,248
774,-53.39999999999991,256
775,-82.20000000000002,178
776,-82.00000000000003,180
777,-81.80000000000001,182
778,-82.70000000000003,173
779,-82.20000000000002,178
780,-59.599999999999916,254
781,-62.19999999999995,228
782,-82.60000000000002,174
783,-82.40000000000003,176
784,-81.60000000000002,184
785,-62.999999999999964,220
786,-82.70000000000003,173
787,-82.70000000000003,173
788,-82.20000000000002,178
789,-82.70000000000003,173
790,-2.600000000000577,404
791,-82.70000000000003,173
792,-82.40000000000003,176
793,-82.70000000000003,173
794,-82.00000000000003,180
795,-82.20000000000002,178
796,-82.40000000000003,176
797,-82.00000000000003,180
798,-82.60000000000002,174
799,-62.49999999999996,225
800,-82.00000000000003,180
801,-82.60000000000002,174
802,-82.70000000000003,173
803,-82.70000000000003,173
804,-82.20000000000002,178
805,-40.099999999999845,304
806,-81.80000000000001,182
807,-81.60000000000002,184
808,-82.70000000000003,173
809,-82.40000000000003,176
810,-82.40000000000003,176
811,4.499999999999417,450
812,-82.40000000000003,176
813,-82.70000000000003,173
814,-81.80000000000001,182
815,-81.4,186
816,-82.40000000000003,176
817,-82.60000000000002,174
818,3.3999999999994657,439
819,-81.80000000000001,182
820,33.99999999999886,470
821,-82.60000000000002,174
822,-82.00000000000003,180
823,-82.20000000000002,178
824,-82.70000000000003,173
825,-81.60000000000002,184
826,-59.69999999999991,258
827,-82.70000000000003,173
828,-82.20000000000002,178
829,-82.70000000000003,173
830,-82.60000000000002,174
831,-82.60000000000002,174
832,-60.199999999999925,248
833,-82.20000000000002,178
834,-82.60000000000002,174
835,-82.70000000000003,173
836,-82.60000000000002,174
837,-81.4,186
838,-82.00000000000003,180
839,-82.60000000000002,174
840,-63.499999999999964,220
841,-82.40000000000003,176
842,-82.20000000000002,178
843,-59.79999999999992,252
844,-24.300000000000054,352
845,-40.199999999999854,298
846,-81.4,186
847,-45.89999999999987,286
848,-82.20000000000002,178
849,-82.70000000000003,173
850,-45.89999999999987,286
851,-62.79999999999996,222
852,-44.799999999999855,297
853,-61.79999999999995,232
854,-82.60000000000002,174
855,-22.80000000000011,352
856,-61.99999999999995,230
857,40.49999999999889,545
858,-82.40000000000003,176
859,-64.29999999999993,252
860,-81.80000000000001,182
861,-82.60000000000002,174
862,-82.60000000000002,174
863,-81.60000000000002,184
864,-82.40000000000003,176
865,-82.20000000000002,178
866,-82.60000000000002,174
867,-64.49999999999991,250
868,-82.60000000000002,174
869,-62.49999999999996,225
870,-43.59999999999986,294
871,-82.70000000000003,173
872,-62.299999999999955,227
873,-82.00000000000003,180
874,-82.70000000000003,173
875,-82.00000000000003,180
876,-62.59999999999996,224
877,-81.4,186
878,-82.40000000000003,176
879,-82.00000000000003,180
880,-82.20000000000002,178
881,-82.20000000000002,178
882,-67.59999999999997,219
883,-82.70000000000003,173
884,-64.19999999999993,238
885,-82.60000000000002,174
886,-82.00000000000003,180
887,-82.40000000000003,176
888,-82.70000000000003,173
889,-82.40000000000003,176
890,-81.80000000000001,182
891,-82.70000000000003,173
892,-82.00000000000003,180
893,-82.60000000000002,174
894,-82.40000000000003,176
895,-44.49999999999991,260
896,65.89999999999841,634
897,-68.09999999999997,214
898,-82.00000000000003,180
899,-82.60000000000002,174
900,-81.60000000000002,184
901,-82.20000000000002,178
902,-82.20000000000002,178
903,-82.40000000000003,176
904,-10.600000000000378,354
905,-82.60000000000002,174
906,-81.80000000000001,182
907,22.099999999999085,501
908,-82.70000000000003,173
909,-81.80000000000001,182
910,-46.59999999999987,284
911,-82.20000000000002,178
912,-82.70000000000003,173
913,-82.40000000000003,176
914,-82.70000000000003,173
915,-64.19999999999999,208
916,-82.60000000000002,174
917,-82.40000000000003,176
918,-63.29999999999996,222
919,-26.900000000000148,326
920,-82.60000000000002,174
921,-21.000000000000213,370
922,-20.00000000000007,360
923,-43.199999999999896,268
924,-82.70000000000003,173
925,-8.40000000000029,361
926,-82.20000000000002,178
927,-44.099999999999845,304
928,41.899999999998755,519
929,-15.200000000000287,398
930,-82.40000000000003,176
931,-81.4,186
932,-82.60000000000002,174
933,-82.20000000000002,178
934,-82.40000000000003,176
935,-82.40000000000003,176
936,-82.60000000000002,174
937,-82.20000000000002,178
938,-82.60000000000002,174
939,-82.60000000000002,174
940,-44.299999999999876,282
941,-82.70000000000003,173
942,-82.20000000000002,178
943,0.7999999999994998,408
944,-37.19999999999981,328
945,-82.20000000000002,178
946,-81.60000000000002,184
947,-25.299999999999983,367
948,-63.69999999999997,218
949,-67.29999999999995,222
950,-82.70000000000003,173
951,-82.00000000000003,180
952,-60.89999999999993,246
953,-43.4999999999999,265
954,-82.20000000000002,178
955,-65.09999999999994,244
956,-81.80000000000001,182
957,-60.999999999999936,240
958,-81.80000000000001,182
959,-82.60000000000002,174
960,-18.400000000000077,366
961,-82.60000000000002,174
962,-82.60000000000002,174
963,-20.300000000000026,352
964,-82.40000000000003,176
965,-82.60000000000002,174
966,-82.60000000000002,174
967,-82.70000000000003,173
968,-62.69999999999996,223
969,-82.70000000000003,173
970,55.19999999999857,562
971,-82.60000000000002,174
972,-82.20000000000002,178
973,-81.80000000000001,182
974,-81.60000000000002,184
975,-81.60000000000002,184
976,-82.60000000000002,174
977,-82.70000000000003,173
978,-63.29999999999996,222
979,-58.99999999999991,260
980,-81.60000000000002,184
981,-82.70000000000003,173
982,-59.599999999999916,254
983,-82.00000000000003,180
984,-82.00000000000003,180
985,-82.00000000000003,180
986,-26.80000000000011,332
987,-62.19999999999995,228
988,-81.4,186
989,-82.20000000000002,178
990,-59.39999999999991,256
991,-82.00000000000003,180
992,-62.59999999999996,224
993,-82.60000000000002,174
994,-82.70000000000003,173
995,-64.39999999999995,236
996,-81.80000000000001,182
997,-82.40000000000003,176
998,-62.49999999999995,230
999,-43.69999999999984,308
1000,-26.100000000000065,334
1001,-39.09999999999984,309
1002,-81.4,186
1003,-81.80000000000001,182
1004,-64.69999999999993,248
1005,-81.60000000000002,184
1006,-81.80000000000001,182
1007,-62.79999999999996,222
1008,-67.49999999999999,205
1009,-81.80000000000001,182
1010,-82.60000000000002,174
1011,-82.20000000000002,178
1012,10.599999999999255,386
1013,-82.70000000000003,173
1014,-82.20000000000002,178
1015,-43.69999999999986,293
1016,-45.09999999999986,294
1017,-82.70000000000003,173
1018,-82.40000000000003,176
1019,-82.20000000000002,178
1020,-82.20000000000002,178
1021,-81.60000000000002,184
1022,-62.79999999999996,222
1023,-82.60000000000002,174
1024,-6.5000000000004405,375
1025,-21.400000000000077,336
1026,-40.79999999999986,292
1027,19.79999999999923,498
1028,-82.00000000000003,180
1029,-63.29999999999996,222
1030,-82.40000000000003,176
1031,-82.20000000000002,178
1032,-47.39999999999989,271
1033,-82.40000000000003,176
1034,-62.19999999999995,228
1035,-41.999999999999865,290
1036,-82.40000000000003,176
1037,-43.8999999999999,266
1038,-18.800000000000097,362
1039,-82.00000000000003,180
1040,-63.69999999999991,258
1041,-81.80000000000001,182
1042,-40.79999999999986,292
1043,-82.20000000000002,178
1044,-82.40000000000003,176
1045,-82.00000000000003,180
1046,-82.00000000000003,180
1047,-82.20000000000002,178
1048,-82.70000000000003,173
1049,-81.60000000000002,184
1050,-47.399999999999885,276
1051,-81.4,186
1052,-82.20000000000002,178
1053,-81.80000000000001,182
1054,-37.99999999999982,320
1055,-62.399999999999956,226
1056,-39.89999999999984,306
1057,-81.80000000000001,182
1058,-82.70000000000003,173
1059,-61.99999999999995,230
1060,-64.89999999999992,246
1061,-23.200000000000287,328
1062,-81.80000000000001,182
1063,-82.00000000000003,180
1064,-63.39999999999996,221
1065,-63.19999999999997,218
1066,-82.40000000000003,176
1067,-62.09999999999995,229
1068,-82.70000000000003,173
1069,-59.89999999999991,256
1070,-82.70000000000003,173
1071,-62.09999999999995,229
1072,-82.20000000000002,178
1073,-81.60000000000002,184
1074,-45.69999999999987,288
1075,-82.40000000000003,176
1076,-62.79999999999996,222
1077,-82.20000000000002,178
1078,-82.20000000000002,178
1079,-81.4,186
1080,-27.70000000000006,318
1081,-23.30000000000014,322
1082,-81.60000000000002,184
1083,-40.999999999999865,290
1084,-82.60000000000002,174
1085,-58.99999999999991,260
1086,-82.00000000000003,180
1087,-82.00000000000003,180
1088,-63.39999999999996,221
1089,-82.00000000000003,180
1090,-43.99999999999991,260
1091,-82.20000000000002,178
1092,-82.20000000000002,178
1093,-82.60000000000002,174
1094,-82.70000000000003,173
1095,-82.60000000000002,174
1096,-82.60000000000002,174
1097,-81.60000000000002,184
1098,-46.599999999999895,269
1099,-41.799999999999876,282
1100,-82.70000000000003,173
1101,-82.00000000000003,180
1102,-40.69999999999986,293
1103,-65.09999999999994,244
1104,-82.60000000000002,174
1105,0.19999999999953388,402
1106,-82.40000000000003,176
1107,-82.40000000000003,176
1108,-82.70000000000003,173
1109,-63.89999999999997,216
1110,-82.70000000000003,173
1111,-42.699999999999825,318
1112,-82.60000000000002,174
1113,-67.59999999999997,219
1114,-82.40000000000003,176
1115,-82.20000000000002,178
1116,-67.49999999999997,220
1117,-33.00000000000007,290
1118,-82.40000000000003,176
1119,-28.00000000000007,300
1120,-42.09999999999987,284
1121,-24.300000000000026,332
1122,-43.3999999999999,266
1123,-62.79999999999996,222
1124,-23.900000000000077,336
1125,-82.70000000000003,173
1126,-82.40000000000003,176
1127,-81.80000000000001,182
1128,-82.70000000000003,173
1129,-82.70000000000003,173
1130,-82.70000000000003,173
1131,-63.09999999999996,224
1132,-82.70000000000003,173
1133,-67.69999999999996,218
1134,-82.20000000000002,178
1135,-82.00000000000003,180
1136,-82.00000000000003,180
1137,-63.89999999999991,256
1138,-82.20000000000002,178
1139,62.09999999999877,581
1140,-82.70000000000003,173
1141,-21.00000000000007,370
1142,-82.00000000000003,180
1143,-59.89999999999992,251
1144,-40.39999999999986,296
1145,-82.60000000000002,174
1146,-82.70000000000003,173
1147,-82.20000000000002,178
1148,-41.89999999999987,286
1149,-5.400000000000404,376
1150,-82.00000000000003,180
1151,-82.70000000000003,173
1152,-64.59999999999994,234
1153,-82.20000000000002,178
1154,-64.29999999999994,237
1155,-62.399999999999956,226
1156,-81.4,186
1157,-82.20000000000002,178
1158,-64.79999999999995,232
1159,-64.59999999999994,234
1160,-82.70000000000003,173
1161,-82.20000000000002,178
1162,-82.70000000000003,173
1163,-61.99999999999995,230
1164,64.29999999999845,638
1165,-82.40000000000003,176
1166,-43.09999999999989,274
1167,-23.69999999999996,338
1168,-82.20000000000002,178
1169,-67.69999999999996,218
1170,-82.70000000000003,173
1171,-82.20000000000002,178
1172,-82.70000000000003,173
1173,-64.89999999999992,246
1174,-81.4,186
1175,-22.000000000000057,330
1176,-38.59999999999983,314
1177,-82.40000000000003,176
1178,-62.59999999999995,229
1179,-67.09999999999997,224
1180,-67.09999999999997,224
1181,-81.4,186
1182,-25.5000000000001,340
1183,46.69999999999877,567
1184,-82.70000000000003,173
1185,-5.800000000000509,402
1186,-82.60000000000002,174
1187,-60.89999999999993,246
1188,-67.09999999999997,224
1189,-82.00000000000003,180
1190,-81.80000000000001,182
1191,-59.39999999999991,256
1192,-81.60000000000002,184
1193,-63.09999999999996,224
1194,-82.70000000000003,173
1195,-82.00000000000003,180
1196,-81.4,186
1197,-47.49999999999986,295
1198,-58.5999999999999,264
1199,-64.49999999999991,250
1200,-59.19999999999991,258
1201,-42.99999999999989,270
1202,-63.19999999999997,218
1203,-82.70000000000003,173
1204,-82.20000000000002,178
1205,-82.40000000000003,176
1206,-82.20000000000002,178
1207,-39.99999999999985,300
1208,-82.00000000000003,180
1209,-19.800000000000068,357
1210,-82.40000000000003,176
1211,-82.70000000000003,173
1212,-82.00000000000003,180
1213,-39.89999999999985,301
1214,-62.999999999999964,220
1215,-81.60000000000002,184
1216,-0.20000000000050022,398
1217,-3.400000000000446,366
1218,-61.699999999999946,233
1219,-82.40000000000003,176
1220,-68.29999999999998,212
1221,-82.40000000000003,176
1222,-82.20000000000002,178
1223,-82.60000000000002,174
1224,-50.199999999999925,248
1225,-82.20000000000002,178
1226,-64.99999999999999,205
1227,-42.79999999999985,302
1228,-82.60000000000002,174
1229,-82.60000000000002,174
1230,-67.29999999999998,207
1231,-82.70000000000003,173
1232,-62.79999999999996,222
1233,-82.00000000000003,180
1234,-82.60000000000002,174
1235,-82.20000000000002,178
1236,-64.69999999999993,248
1237,-67.69999999999996,218
1238,-22.60000000000018,329
1239,-82.00000000000003,180
1240,-61.99999999999995,230
1241,-82.00000000000003,180
1242,-62.89999999999992,251
1243,-60.59999999999992,249
1244,-82.20000000000002,178
1245,-24.700000000000287,348
1246,-64.49999999999991,250
1247,-62.399999999999956,226
1248,-81.80000000000001,182
1249,-66.49999999999994,230
1250,-41.09999999999986,294
1251,-81.60000000000002,184
1252,-42.399999999999885,276
1253,-46.899999999999885,276
1254,-82.00000000000003,180
1255,-82.60000000000002,174
1256,-62.899999999999956,226
1257,-81.4,186
1258,-62.59999999999995,229
1259,-81.80000000000001,182
1260,-81.80000000000001,182
1261,-81.60000000000002,184
1262,-81.60000000000002,184
1263,-60.999999999999936,240
1264,-82.20000000000002,178
1265,-62.59999999999996,224
1266,-82.40000000000003,176
1267,-82.70000000000003,173
1268,-81.60000000000002,184
1269,-62.69999999999995,228
1270,-82.70000000000003,173
1271,-5.600000000000364,344
1272,-62.999999999999964,220
1273,-82.70000000000003,173
1274,-67.39999999999996,221
1275,-39.19999999999984,308
1276,-82.70000000000003,173
1277,-64.79999999999995,232
1278,-42.399999999999885,276
1279,-62.399999999999956,226
1280,-62.399999999999956,226
1281,-67.19999999999996,223
1282,-60.999999999999936,240
1283,-81.4,186
1284,16.79999999999913,488
1285,-82.40000000000003,176
1286,-82.60000000000002,174
1287,-82.40000000000003,176
1288,-67.89999999999998,216
1289,-82.00000000000003,180
1290,-82.70000000000003,173
1291,-82.40000000000003,176
1292,-62.39999999999995,231
1293,-82.70000000000003,173
1294,-44.99999999999986,295
1295,-82.60000000000002,174
1296,-41.499999999999865,290
1297,-22.000000000000085,365
1298,-1.000000000000469,400
1299,-81.4,186
1300,-63.39999999999996,221
1301,-3.90000000000029,391
1302,-82.40000000000003,176
1303,-81.4,186
1304,-82.00000000000003,180
1305,-62.59999999999996,224
1306,-82.60000000000002,174
1307,-82.00000000000003,180
1308,-62.399999999999956,226
1309,-81.80000000000001,182
1310,-82.20000000000002,178
1311,-43.9999999999999,265
1312,-67.49999999999997,220
1313,-68.29999999999998,212
1314,-81.60000000000002,184
1315,-82.40000000000003,176
1316,12.99999999999936,380
1317,-58.5999999999999,264
1318,-26.700000000000017,338
1319,-82.20000000000002,178
1320,-82.70000000000003,173
1321,-21.0000000000003,340
1322,-82.40000000000003,176
1323,-82.70000000000003,173
1324,-21.60000000000005,344
1325,-82.00000000000003,180
1326,-82.20000000000002,178
1327,-62.19999999999995,228
1328,-82.70000000000003,173
1329,-58.5999999999999,264
1330,-60.49999999999993,245
1331,-82.70000000000003,173
1332,-24.500000000000114,360
1333,12.39999999999904,474
1334,-61.79999999999995,232
1335,-62.999999999999964,220
1336,-82.20000000000002,178
1337,-81.80000000000001,182
1338,-81.4,186
1339,-82.00000000000003,180
1340,-82.20000000000002,178
1341,-81.4,186
1342,-81.80000000000001,182
1343,-82.00000000000003,180
1344,-62.59999999999996,224
1345,-82.00000000000003,180
1346,-82.00000000000003,180
1347,-82.70000000000003,173
1348,-82.70000000000003,173
1349,-44.79999999999991,257
1350,-82.00000000000003,180
1351,-82.60000000000002,174
1352,-82.00000000000003,180
1353,-63.89999999999991,256
1354,-81.4,186
1355,-82.40000000000003,176
1356,47.19999999999874,572
1357,-62.19999999999995,228
1358,-26.700000000000088,328
1359,-26.90000000000005,326
1360,16.89999999999948,449
1361,-39.99999999999985,300
1362,-82.60000000000002,174
1363,-82.70000000000003,173
1364,-82.00000000000003,180
1365,-81.4,186
1366,-66.99999999999996,225
1367,-82.70000000000003,173
1368,-82.20000000000002,178
1369,23.199999999999037,532
1370,-81.60000000000002,184
1371,-62.59999999999996,224
1372,-81.80000000000001,182
1373,-81.80000000000001,182
1374,-81.60000000000002,184
1375,-62.399999999999956,226
1376,-82.40000000000003,176
1377,-81.80000000000001,182
1378,-60.19999999999992,253
1379,-82.00000000000003,180
1380,-62.19999999999995,228
1381,-82.40000000000003,176
1382,-82.20000000000002,178
1383,-82.40000000000003,176
1384,-82.00000000000003,180
1385,-81.4,186
1386,-81.80000000000001,182
1387,-63.599999999999966,219
1388,-59.89999999999992,251
1389,-82.00000000000003,180
1390,-41.19999999999987,288
1391,-63.69999999999997,218
1392,-82.00000000000003,180
1393,-82.00000000000003,180
1394,-81.80000000000001,182
1395,-82.70000000000003,173
1396,-61.09999999999993,244
1397,-82.20000000000002,178
1398,-63.29999999999996,222
1399,-82.20000000000002,178
1400,-66.89999999999995,226
1401,-82.70000000000003,173
1402,-82.40000000000003,176
1403,-81.80000000000001,182
1404,-63.599999999999966,219
1405,-81.80000000000001,182
1406,-82.60000000000002,174
1407,-45.09999999999986,294
1408,-82.20000000000002,178
1409,-18.000000000000213,370
1410,-82.40000000000003,176
1411,-67.19999999999996,223
1412,-44.89999999999986,296
1413,-41.99999999999988,280
1414,-82.20000000000002,178
1415,-38.799999999999834,312
1416,-81.80000000000001,182
1417,-64.49999999999991,250
1418,-82.70000000000003,173
1419,-24.400000000000034,336
1420,-62.399999999999956,226
1421,-44.099999999999845,304
1422,-82.20000000000002,178
1423,-82.20000000000002,178
1424,54.39999999999867,539
1425,-82.60000000000002,174
1426,-62.999999999999964,220
1427,-82.20000000000002,178
1428,-62.79999999999996,222
1429,-39.79999999999985,302
1430,1.8999999999995225,424
1431,-59.19999999999991,258
1432,-39.39999999999984,306
1433,-82.20000000000002,178
1434,-23.20000000000013,363
1435,-61.89999999999995,231
1436,-44.89999999999992,251
1437,-81.80000000000001,182
1438,-62.19999999999995,228
1439,-82.70000000000003,173
1440,-63.69999999999997,218
1441,-82.70000000000003,173
1442,-82.60000000000002,174
1443,-81.80000000000001,182
1444,-65.29999999999993,242
1445,-82.20000000000002,178
1446,-40.199999999999854,298
1447,-81.80000000000001,182
1448,-82.60000000000002,174
1449,-64.09999999999997,214
1450,-82.70000000000003,173
1451,-81.80000000000001,182
1452,15.999999999999389,410
1453,-61.99999999999995,230
1454,-27.10000000000028,354
1455,-82.20000000000002,178
1456,-82.40000000000003,176
1457,-62.79999999999996,222
1458,-37.19999999999981,328
1459,-43.999999999999865,290
1460,-81.4,186
1461,-64.09999999999997,214
1462,-81.4,186
1463,-82.20000000000002,178
1464,-63.29999999999996,222
1465,-62.399999999999956,226
1466,-43.899999999999864,291
1467,-82.70000000000003,173
1468,-82.70000000000003,173
1469,-81.60000000000002,184
1470,-82.70000000000003,173
1471,-26.30000000000011,337
1472,-82.20000000000002,178
1473,-59.89999999999992,251
1474,-40.39999999999986,296
1475,-22.500000000000185,325
1476,-82.60000000000002,174
1477,-81.80000000000001,182
1478,-82.70000000000003,173
1479,-67.29999999999995,222
1480,-62.79999999999996,222
1481,-20.700000000000202,343
1482,-62.49999999999995,230
1483,-60.59999999999993,244
1484,16.99999999999919,465
1485,0.19999999999961915,407
1486,-64.09999999999997,214
1487,-39.99999999999985,300
1488,-42.09999999999987,284
1489,-21.70000000000026,358
1490,-81.4,186
1491,-82.70000000000003,173
1492,-82.70000000000003,173
1493,-66.29999999999995,232
1494,-42.19999999999983,313
1495,-82.20000000000002,178
1496,-81.60000000000002,184
1497,-82.70000000000003,173
1498,-82.70000000000003,173
1499,-61.09999999999994,239
1500,-82.70000000000003,173
1501,-82.20000000000002,178
1502,-62.19999999999995,228
1503,-82.40000000000003,176
1504,-61.599999999999945,234
1505,-45.19999999999988,278
1506,-82.20000000000002,178
1507,-82.20000000000002,178
1508,13.399999999999494,409
1509,-82.60000000000002,174
1510,-27.30000000000004,322
1511,-82.70000000000003,173
1512,-59.79999999999992,252
1513,-43.89999999999986,296
1514,-82.40000000000003,176
1515,-19.900000000000205,396
1516,-82.40000000000003,176
1517,-64.19999999999993,238
1518,-82.60000000000002,174
1519,-60.49999999999992,250
1520,-82.40000000000003,176
1521,-82.70000000000003,173
1522,-40.599999999999845,304
1523,-81.80000000000001,182
1524,-62.399999999999956,226
1525,-82.20000000000002,178
1526,-82.00000000000003,180
1527,-63.19999999999997,218
1528,-82.40000000000003,176
1529,-62.399999999999956,226
1530,-44.199999999999896,268
1531,-48.1999999999999,263
1532,35.599999999999284,476
1533,2.999999999999403,430
1534,-82.70000000000003,173
1535,-43.699999999999896,268
1536,-82.20000000000002,178
1537,-62.29999999999995,232
1538,-63.499999999999964,220
1539,-82.70000000000003,173
1540,-82.60000000000002,174
1541,-82.40000000000003,176
1542,-82.40000000000003,176
1543,-82.70000000000003,173
1544,-82.70000000000003,173
1545,-82.70000000000003,173
1546,-60.29999999999992,252
1547,-82.00000000000003,180
1548,12.799999999999471,413
1549,-43.699999999999896,268
1550,-82.70000000000003,173
1551,-44.0999999999999,264
1552,-81.4,186
1553,-82.40000000000003,176
1554,-43.799999999999905,262
1555,-82.40000000000003,176
1556,-82.60000000000002,174
1557,-82.70000000000003,173
1558,-64.79999999999993,247
1559,-82.40000000000003,176
1560,-82.40000000000003,176
1561,-81.80000000000001,182
1562,-82.70000000000003,173
1563,-38.59999999999983,314
1564,-82.40000000000003,176
1565,-60.999999999999936,240
1566,4.799999999999542,448
1567,-82.70000000000003,173
1568,-82.00000000000003,180
1569,-61.99999999999995,230
1570,-40.099999999999845,304
1571,-81.4,186
1572,-82.70000000000003,173
1573,-63.19999999999997,218
1574,-82.70000000000003,173
1575,-81.80000000000001,182
1576,-82.70000000000003,173
1577,-82.20000000000002,178
1578,-81.4,186
1579,-82.00000000000003,180
1580,-24.40000000000019,331
1581,-81.80000000000001,182
1582,-42.899999999999885,276
1583,-82.40000000000003,176
1584,-82.60000000000002,174
1585,-81.80000000000001,182
1586,18.599999999999312,436
1587,-82.60000000000002,174
1588,-61.29999999999994,237
1589,-82.60000000000002,174
1590,-26.100000000000065,334
1591,-62.19999999999995,228
1592,-61.499999999999936,240
1593,-67.49999999999997,220
1594,-43.199999999999896,268
1595,-42.99999999999985,300
1596,-81.4,186
1597,-46.299999999999834,312
1598,-62.59999999999996,224
1599,-82.70000000000003,173
1600,-43.4999999999999,265
1601,-82.40000000000003,176
1602,-64.39999999999998,206
1603,-61.19999999999994,238
1604,-62.999999999999964,220
1605,-82.60000000000002,174
1606,-82.40000000000003,176
1607,-82.00000000000003,180
1608,-82.20000000000002,178
1609,-46.09999999999987,284
1610,-62.399999999999956,226
1611,-82.70000000000003,173
1612,-60.299999999999926,247
1613,-82.70000000000003,173
1614,-82.70000000000003,173
1615,-62.69999999999995,228
1616,-41.499999999999865,290
1617,-38.39999999999983,316
1618,-46.09999999999987,284
1619,-82.40000000000003,176
1620,-67.6,204
1621,-67.29999999999995,222
1622,-82.70000000000003,173
1623,-82.00000000000003,180
1624,-43.199999999999854,298
1625,-68.09999999999997,214
1626,-33.49999999999997,305
1627,-41.99999999999988,280
1628,-82.70000000000003,173
1629,-82.00000000000003,180
1630,-82.20000000000002,178
1631,-61.99999999999995,230
1632,-62.999999999999964,220
1633,-39.99999999999985,300
1634,-81.80000000000001,182
1635,-82.70000000000003,173
1636,-20.200000000000145,393
1637,-82.20000000000002,178
1638,-82.70000000000003,173
1639,-61.599999999999945,234
1640,-82.00000000000003,180
1641,-82.40000000000003,176
1642,-64.29999999999998,207
1643,-61.99999999999995,230
1644,-39.899999999999814,326
1645,-62.999999999999964,220
1646,-61.599999999999945,234
1647,-82.20000000000002,178
1648,-82.60000000000002,174
1649,-82.70000000000003,173
1650,-82.40000000000003,176
1651,-82.40000000000003,176
1652,-64.29999999999993,252
1653,-82.60000000000002,174
1654,-44.39999999999991,256
1655,-82.20000000000002,178
1656,-82.70000000000003,173
1657,-82.20000000000002,178
1658,-82.20000000000002,178
1659,-50.199999999999896,268
1660,-82.20000000000002,178
1661,-82.00000000000003,180
1662,-82.00000000000003,180
1663,-62.999999999999964,220
1664,-82.40000000000003,176
1665,-82.60000000000002,174
1666,-82.20000000000002,178
1667,-67.89999999999998,216
1668,-24.100000000000108,354
1669,-82.70000000000003,173
1670,-82.70000000000003,173
1671,-81.60000000000002,184
1672,-41.29999999999986,292
1673,-62.19999999999995,228
1674,-43.999999999999844,305
1675,-64.49999999999991,250
1676,-81.80000000000001,182
1677,-62.19999999999995,228
1678,-82.70000000000003,173
1679,-58.99999999999991,260
1680,18.199999999999093,462
1681,-61.79999999999995,232
1682,-82.70000000000003,173
1683,-82.00000000000003,180
1684,-82.70000000000003,173
1685,13.999999999999304,395
1686,-82.70000000000003,173
1687,-82.70000000000003,173
1688,-82.70000000000003,173
1689,-82.40000000000003,176
1690,-1.700000000000287,413
1691,-82.40000000000003,176
1692,-45.499999999999865,290
1693,-62.79999999999996,222
1694,-66.49999999999994,230
1695,-82.40000000000003,176
1696,-2.900000000000489,376
1697,-82.20000000000002,178
1698,-82.20000000000002,178
1699,-20.600000000000136,349
1700,-48.69999999999987,288
1701,-40.59999999999986,294
1702,-40.599999999999845,304
1703,-21.600000000000094,334
1704,-61.99999999999995,230
1705,-59.19999999999991,258
1706,-82.70000000000003,173
1707,-59.99999999999992,250
1708,-82.70000000000003,173
1709,-45.79999999999987,287
1710,10.899999999999366,454
1711,-20.300000000000253,377
1712,-62.59999999999996,224
1713,-82.20000000000002,178
1714,-63.39999999999997,216
1715,-38.59999999999979,344
1716,-82.60000000000002,174
1717,-63.799999999999976,212
1718,-61.599999999999945,234
1719,-82.00000000000003,180
1720,-82.20000000000002,178
1721,-82.40000000000003,176
1722,-82.20000000000002,178
1723,-61.99999999999995,230
1724,-40.899999999999864,291
1725,-82.40000000000003,176
1726,-17.500000000000114,375
1727,-82.40000000000003,176
1728,-82.00000000000003,180
1729,-38.59999999999983,314
1730,-58.99999999999991,260
1731,-58.99999999999991,260
1732,-82.20000000000002,178
1733,-82.60000000000002,174
1734,-41.199999999999825,318
1735,-61.599999999999945,234
1736,-82.00000000000003,180
1737,-82.40000000000003,176
1738,-62.099999999999945,234
1739,-42.299999999999876,282
1740,-82.70000000000003,173
1741,-38.199999999999825,318
1742,-26.000000000000128,290
1743,-82.20000000000002,178
1744,-61.39999999999994,236
1745,-61.99999999999995,230
1746,-82.40000000000003,176
1747,-67.09999999999997,224
1748,-82.70000000000003,173
1749,-60.49999999999992,250
1750,-66.69999999999997,213
1751,-62.19999999999995,228
1752,-82.40000000000003,176
1753,-42.499999999999886,275
1754,-82.20000000000002,178
1755,-65.09999999999994,244
1756,-58.799999999999905,262
1757,-82.00000000000003,180
1758,-82.00000000000003,180
1759,-26.800000000000153,312
1760,43.79999999999873,538
1761,-82.20000000000002,178
1762,-82.70000000000003,173
1763,-82.00000000000003,180
1764,-82.20000000000002,178
1765,-82.40000000000003,176
1766,-82.60000000000002,174
1767,-45.79999999999987,287
1768,-63.19999999999997,218
1769,33.79999999999907,478
1770,-82.20000000000002,178
1771,-82.00000000000003,180
1772,-82.70000000000003,173
1773,-82.00000000000003,180
1774,-82.20000000000002,178
1775,-82.60000000000002,174
1776,-82.70000000000003,173
1777,-82.20000000000002,178
1778,-17.600000000000108,374
1779,-22.200000000000315,328
1780,-81.60000000000002,184
1781,-64.39999999999998,206
1782,-82.60000000000002,174
1783,-64.89999999999992,246
1784,-82.20000000000002,178
1785,-82.40000000000003,176
1786,17.09999999999917,421
1787,-82.00000000000003,180
1788,-82.70000000000003,173
1789,15.999999999999403,460
1790,-82.20000000000002,178
1791,-82.00000000000003,180
1792,-82.40000000000003,176
1793,-60.09999999999992,249
1794,-82.70000000000003,173
1795,-82.20000000000002,178
1796,-82.20000000000002,178
1797,-81.80000000000001,182
1798,-30.300000000000225,322
1799,-82.20000000000002,178
1800,-23.800000000000026,342
1801,-60.699999999999925,248
1802,-63.69999999999997,218
1803,-62.999999999999964,220
1804,0.39999999999967883,404
1805,-24.500000000000085,330
1806,-82.00000000000003,180
1807,-82.20000000000002,178
1808,-82.60000000000002,174
1809,-82.20000000000002,178
1810,-64.49999999999991,250
1811,-82.60000000000002,174
1812,-19.600000000000023,354
1813,-82.20000000000002,178
1814,-82.20000000000002,178
1815,-82.70000000000003,173
1816,-45.999999999999865,290
1817,-82.40000000000003,176
1818,-82.60000000000002,174
1819,-82.00000000000003,180
1820,-82.70000000000003,173
1821,-82.40000000000003,176
1822,-58.99999999999991,260
1823,-82.60000000000002,174
1824,-82.70000000000003,173
1825,-82.40000000000003,176
1826,-61.39999999999994,236
1827,-82.00000000000003,180
1828,-82.20000000000002,178
1829,-81.80000000000001,182
1830,-82.70000000000003,173
1831,-82.00000000000003,180
1832,-62.999999999999964,220
1833,-82.60000000000002,174
1834,-82.70000000000003,173
1835,-81.80000000000001,182
1836,-82.60000000000002,174
1837,30.599999999999056,481
1838,-82.60000000000002,174
1839,-82.00000000000003,180
1840,-59.599999999999916,254
1841,-59.19999999999991,258
1842,-82.40000000000003,176
1843,-82.00000000000003,180
1844,-82.70000000000003,173
1845,-82.20000000000002,178
1846,-82.60000000000002,174
1847,-82.40000000000003,176
1848,-82.70000000000003,173
1849,-82.70000000000003,173
1850,-25.700000000000102,368
1851,-7.400000000000659,416
1852,-62.399999999999956,226
1853,-82.20000000000002,178
1854,-66.49999999999994,230
1855,-82.70000000000003,173
1856,-81.60000000000002,184
1857,-82.20000000000002,178
1858,-82.40000000000003,176
1859,-82.40000000000003,176
1860,-82.00000000000003,180
1861,2.599999999999582,426
1862,-82.70000000000003,173
1863,-23.90000000000012,316
1864,-82.70000000000003,173
1865,-68.09999999999997,214
1866,-82.00000000000003,180
1867,-82.60000000000002,174
1868,-81.80000000000001,182
1869,-81.60000000000002,184
1870,-64.09999999999991,254
1871,-82.70000000000003,173
1872,-82.60000000000002,174
1873,-82.00000000000003,180
1874,-82.40000000000003,176
1875,-82.40000000000003,176
1876,-82.70000000000003,173
1877,-82.70000000000003,173
1878,-82.70000000000003,173
1879,-82.60000000000002,174
1880,-82.00000000000003,180
1881,-81.80000000000001,182
1882,-82.70000000000003,173
1883,-82.20000000000002,178
1884,-82.60000000000002,174
1885,-82.60000000000002,174
1886,-82.40000000000003,176
1887,-23.500000000000085,320
1888,-82.70000000000003,173
1889,-82.40000000000003,176
1890,-82.40000000000003,176
1891,-82.40000000000003,176
1892,-82.70000000000003,173
1893,-82.60000000000002,174
1894,-82.70000000000003,173
1895,-81.80000000000001,182
1896,-82.20000000000002,178
1897,-81.80000000000001,182
1898,-82.70000000000003,173
1899,-81.80000000000001,182
1900,-67.89999999999998,216
1901,-82.60000000000002,174
1902,-82.60000000000002,174
1903,-82.60000000000002,174
1904,-82.40000000000003,176
1905,-82.60000000000002,174
1906,-82.20000000000002,178
1907,-82.70000000000003,173
1908,-82.70000000000003,173
1909,-82.70000000000003,173
1910,-82.40000000000003,176
1911,-82.40000000000003,176
1912,-82.00000000000003,180
1913,-82.70000000000003,173
1914,-82.70000000000003,173
1915,-82.40000000000003,176
1916,-82.60000000000002,174
1917,-59.79999999999992,252
1918,-82.70000000000003,173
1919,-82.60000000000002,174
1920,-82.20000000000002,178
1921,-82.70000000000003,173
1922,-82.40000000000003,176
1923,-82.70000000000003,173
1924,-82.20000000000002,178
1925,-81.80000000000001,182
1926,-82.70000000000003,173
1927,-22.000000000000114,360
1928,-82.20000000000002,178
1929,-82.40000000000003,176
1930,-67.29999999999995,222
1931,74.59999999999843,626
1932,-82.00000000000003,180
1933,-82.40000000000003,176
1934,-82.20000000000002,178
1935,-82.70000000000003,173
1936,-82.60000000000002,174
1937,-82.00000000000003,180
1938,-82.20000000000002,178
1939,-82.00000000000003,180
1940,-82.60000000000002,174
1941,-82.40000000000003,176
1942,-82.70000000000003,173
1943,-82.20000000000002,178
1944,-82.40000000000003,176
1945,-82.20000000000002,178
1946,-82.60000000000002,174
1947,-60.799999999999926,247
1948,-82.40000000000003,176
1949,-41.399999999999864,291
1950,-82.70000000000003,173
1951,-82.60000000000002,174
1952,-82.40000000000003,176
1953,-82.70000000000003,173
1954,-82.40000000000003,176
1955,-82.00000000000003,180
1956,-82.00000000000003,180
1957,-82.40000000000003,176
1958,-82.20000000000002,178
1959,-81.4,186
1960,-81.60000000000002,184
1961,-82.70000000000003,173
1962,-82.20000000000002,178
1963,-82.20000000000002,178
1964,-61.99999999999995,230
1965,-59.599999999999916,254
1966,-45.799999999999834,312
1967,-81.80000000000001,182
1968,-82.20000000000002,178
1969,-81.60000000000002,184
1970,-82.60000000000002,174
1971,-82.20000000000002,178
1972,-82.40000000000003,176
1973,-82.40000000000003,176
1974,-82.70000000000003,173
1975,-82.60000000000002,174
1976,-82.70000000000003,173
1977,-81.80000000000001,182
1978,-82.70000000000003,173
1979,-82.70000000000003,173
1980,-82.20000000000002,178
1981,-81.80000000000001,182
1982,14.899999999999295,444
1983,-82.70000000000003,173
1984,-82.20000000000002,178
1985,-82.40000000000003,176
1986,-19.100000000000065,364
1987,-82.70000000000003,173
1988,-82.60000000000002,174
1989,-82.70000000000003,173
1990,-82.40000000000003,176
1991,-82.60000000000002,174
1992,-82.60000000000002,174
1993,-82.40000000000003,176
1994,-5.700000000000472,388
1995,-41.69999999999987,288
1996,-82.40000000000003,176
1997,-82.60000000000002,174
1998,-82.00000000000003,180
1999,-64.69999999999993,248
2000,-82.60000000000002,174
2001,-7.000000000000483,400
2002,-82.20000000000002,178
2003,-82.70000000000003,173
2004,-82.40000000000003,176
2005,-82.40000000000003,176
2006,-82.60000000000002,174
2007,-82.40000000000003,176
2008,-82.00000000000003,180
2009,-37.79999999999982,322
2010,-82.40000000000003,176
2011,-45.99999999999987,285
2012,-82.40000000000003,176
2013,-82.60000000000002,174
2014,20.499999999999176,500
2015,-82.20000000000002,178
2016,-82.70000000000003,173
2017,-82.70000000000003,173
2018,-82.70000000000003,173
2019,14.59999999999934,426
2020,-82.20000000000002,178
2021,-82.70000000000003,173
2022,-82.40000000000003,176
2023,-82.70000000000003,173
2024,-41.59999999999986,294
2025,-82.20000000000002,178
2026,-82.60000000000002,174
2027,-82.20000000000002,178
2028,-64.89999999999992,246
2029,-82.00000000000003,180
2030,-82.40000000000003,176
2031,-82.40000000000003,176
2032,-82.40000000000003,176
2033,-82.20000000000002,178
2034,-81.80000000000001,182
2035,-82.40000000000003,176
2036,-82.70000000000003,173
2037,-82.00000000000003,180
2038,-81.80000000000001,182
2039,-82.40000000000003,176
2040,-82.70000000000003,173
2041,-82.60000000000002,174
2042,-82.60000000000002,174
2043,-82.20000000000002,178
2044,-81.80000000000001,182
2045,-81.80000000000001,182
2046,-82.40000000000003,176
2047,-81.80000000000001,182
2048,-82.00000000000003,180
2049,-82.20000000000002,178
2050,-82.60000000000002,174
2051,-59.99999999999992,250
2052,-82.00000000000003,180
2053,-61.699999999999946,233
2054,-82.20000000000002,178
2055,-82.20000000000002,178
2056,-24.600000000000108,349
2057,-82.40000000000003,176
2058,-82.20000000000002,178
2059,-44.1999999999999,263
2060,-82.20000000000002,178
2061,-82.20000000000002,178
2062,-82.70000000000003,173
2063,-82.70000000000003,173
2064,-82.70000000000003,173
2065,-82.60000000000002,174
2066,-82.00000000000003,180
2067,-82.20000000000002,178
2068,-81.80000000000001,182
2069,-82.00000000000003,180
2070,-44.09999999999983,314
2071,-22.200000000000074,328
2072,-81.4,186
2073,-82.20000000000002,178
2074,-82.70000000000003,173
2075,-42.19999999999984,308
2076,-82.40000000000003,176
2077,-62.19999999999995,228
2078,-62.79999999999996,222
2079,-22.000000000000057,330
2080,-39.39999999999984,306
2081,-61.99999999999995,230
2082,-82.00000000000003,180
2083,-82.70000000000003,173
2084,-62.49999999999996,225
2085,-82.70000000000003,173
2086,-66.99999999999996,225
2087,-62.399999999999956,226
2088,-82.00000000000003,180
2089,-82.00000000000003,180
2090,-81.80000000000001,182
2091,-82.60000000000002,174
2092,-82.40000000000003,176
2093,-0.9000000000004746,396
2094,-81.4,186
2095,-82.70000000000003,173
2096,-82.70000000000003,173
2097,-41.299999999999855,297
2098,-62.79999999999996,222
2099,-82.20000000000002,178
2100,-61.99999999999995,230
2101,-64.59999999999994,234
2102,-21.00000000000024,345
2103,-37.59999999999982,324
2104,-49.89999999999992,251
2105,-82.00000000000003,180
2106,-82.20000000000002,178
2107,-6.900000000000148,341
2108,-82.40000000000003,176
2109,-81.80000000000001,182
2110,-65.79999999999994,237
2111,-64.09999999999997,214
2112,-82.40000000000003,176
2113,-42.999999999999886,275
2114,-4.900000000000247,356
2115,-82.00000000000003,180
2116,-82.60000000000002,174
2117,-81.60000000000002,184
2118,-66.09999999999994,234
2119,-21.40000000000005,336
2120,-82.70000000000003,173
2121,-82.70000000000003,173
2122,-61.19999999999994,238
2123,-82.20000000000002,178
2124,-48.399999999999906,261
2125,-82.40000000000003,176
2126,-82.70000000000003,173
2127,-82.20000000000002,178
2128,-81.60000000000002,184
2129,-82.60000000000002,174
2130,-67.29999999999995,222
2131,-82.40000000000003,176
2132,-82.00000000000003,180
2133,-82.00000000000003,180
2134,-40.39999999999986,296
2135,-82.00000000000003,180
2136,-81.80000000000001,182
2137,-61.89999999999995,231
2138,-63.39999999999997,216
2139,-28.100000000000264,319
2140,-62.399999999999956,226
2141,-82.00000000000003,180
2142,-62.89999999999996,221
2143,-63.09999999999996,224
2144,-82.70000000000003,173
2145,-82.20000000000002,178
2146,-82.20000000000002,178
2147,-82.40000000000003,176
2148,-82.40000000000003,176
2149,-82.60000000000002,174
2150,-61.79999999999995,232
2151,-82.60000000000002,174
2152,46.69999999999885,502
2153,-63.699999999999974,213
2154,-63.39999999999997,216
2155,-81.60000000000002,184
2156,-64.19999999999999,208
2157,-82.20000000000002,178
2158,-61.89999999999995,231
2159,-61.99999999999995,230
2160,-82.40000000000003,176
2161,-82.70000000000003,173
2162,-59.19999999999991,258
2163,-82.70000000000003,173
2164,-82.20000000000002,178
2165,-81.60000000000002,184
2166,-82.70000000000003,173
2167,56.099999999998715,546
2168,-82.40000000000003,176
2169,-63.699999999999974,213
2170,-60.49999999999992,250
2171,-82.70000000000003,173
2172,-81.60000000000002,184
2173,-62.69999999999995,228
2174,-82.60000000000002,174
2175,-81.80000000000001,182
2176,-82.40000000000003,176
2177,-62.999999999999964,220
2178,-42.39999999999984,306
2179,-82.00000000000003,180
2180,-82.40000000000003,176
2181,-82.70000000000003,173
2182,-82.70000000000003,173
2183,-62.999999999999964,220
2184,-82.00000000000003,180
2185,-81.80000000000001,182
2186,-82.70000000000003,173
2187,-82.70000000000003,173
2188,-45.99999999999987,285
2189,-82.70000000000003,173
2190,-46.49999999999994,235
2191,-82.40000000000003,176
2192,-82.00000000000003,180
2193,-61.99999999999995,230
2194,-82.60000000000002,174
2195,-82.20000000000002,178
2196,-82.40000000000003,176
2197,-82.40000000000003,176
2198,-43.59999999999983,314
2199,-28.00000000000007,300
2200,-59.69999999999991,258
2201,-41.69999999999987,288
2202,-82.40000000000003,176
2203,-82.40000000000003,176
2204,-49.999999999999865,290
2205,-82.40000000000003,176
2206,-82.60000000000002,174
2207,-61.69999999999994,238
2208,-21.800000000000054,342
2209,-82.40000000000003,176
2210,-62.59999999999996,224
2211,-82.40000000000003,176
2212,-62.799999999999955,227
2213,-82.00000000000003,180
2214,-45.399999999999885,276
2215,-82.20000000000002,178
2216,-82.20000000000002,178
2217,-21.099999999999966,344
2218,-81.4,186
2219,-82.40000000000003,176
2220,-36.799999999999805,332
2221,-82.40000000000003,176
2222,-62.29999999999995,232
2223,-64.39999999999992,251
2224,-40.99999999999986,295
2225,-81.80000000000001,182
2226,-81.4,186
2227,-63.99999999999997,215
2228,-82.40000000000003,176
2229,-82.20000000000002,178
2230,-24.400000000000105,336
2231,-62.099999999999945,234
2232,-61.99999999999995,230
2233,-82.00000000000003,180
2234,-82.40000000000003,176
2235,-64.19999999999992,253
2236,-82.70000000000003,173
2237,-82.20000000000002,178
2238,-82.40000000000003,176
2239,-82.20000000000002,178
2240,-82.40000000000003,176
2241,-62.59999999999996,224
2242,-3.200000000000557,398
2243,-82.20000000000002,178
2244,-82.70000000000003,173
2245,-82.20000000000002,178
2246,-23.69999999999999,358
2247,-82.00000000000003,180
2248,-82.00000000000003,180
2249,-82.40000000000003,176
2250,-82.20000000000002,178
2251,-82.20000000000002,178
2252,-82.40000000000003,176
2253,-82.40000000000003,176
2254,-82.70000000000003,173
2255,-82.00000000000003,180
2256,-81.80000000000001,182
2257,-82.00000000000003,180
2258,-61.599999999999945,234
2259,-82.40000000000003,176
2260,-82.20000000000002,178
2261,-20.10000000000025,374
2262,-64.6,204
2263,-61.49999999999994,235
2264,-82.20000000000002,178
2265,-81.80000000000001,182
2266,-62.29999999999995,232
2267,-81.80000000000001,182
2268,-68.29999999999998,212
2269,-17.800000000000125,372
2270,-43.09999999999986,294
2271,-82.70000000000003,173
2272,-82.60000000000002,174
2273,-82.70000000000003,173
2274,-82.70000000000003,173
2275,-82.20000000000002,178
2276,-82.20000000000002,178
2277,-82.00000000000003,180
2278,-40.39999999999986,296
2279,-81.60000000000002,184
2280,-82.40000000000003,176
2281,-82.70000000000003,173
2282,-62.49999999999996,225
2283,-81.80000000000001,182
2284,-82.00000000000003,180
2285,-82.60000000000002,174
2286,-82.60000000000002,174
2287,-82.20000000000002,178
2288,-82.20000000000002,178
2289,-82.00000000000003,180
2290,-81.80000000000001,182
2291,-81.60000000000002,184
2292,-61.79999999999995,232
2293,-82.40000000000003,176
2294,-82.00000000000003,180
2295,-22.10000000000035,334
2296,-21.199999999999974,338
2297,-59.599999999999916,254
2298,81.99999999999838,655
2299,-62.19999999999995,228
2300,-82.20000000000002,178
2301,-82.40000000000003,176
2302,-82.20000000000002,178
2303,-82.40000000000003,176
2304,-59.39999999999991,256
2305,-82.00000000000003,180
2306,-67.69999999999996,218
2307,-82.60000000000002,174
2308,-63.99999999999997,215
2309,-18.500000000000085,370
2310,-82.20000000000002,178
2311,-7.700000000000358,368
2312,-82.40000000000003,176
2313,-81.60000000000002,184
2314,-81.80000000000001,182
2315,-64.29999999999993,252
2316,-82.70000000000003,173
2317,-82.20000000000002,178
2318,-82.40000000000003,176
2319,20.399999999999338,464
2320,-82.20000000000002,178
2321,40.29999999999902,503
2322,-68.09999999999997,214
2323,-19.60000000000028,354
2324,-82.70000000000003,173
2325,-82.60000000000002,174
2326,-82.60000000000002,174
2327,-81.80000000000001,182
2328,-61.59999999999994,239
2329,-21.60000000000018,334
2330,-82.20000000000002,178
2331,-81.80000000000001,182
2332,-67.39999999999998,206
2333,-82.40000000000003,176
2334,-62.19999999999995,228
2335,-39.499999999999844,305
2336,-51.599999999999916,254
2337,-82.00000000000003,180
2338,-61.89999999999994,236
2339,-82.70000000000003,173
2340,-82.40000000000003,176
2341,-82.60000000000002,174
2342,-82.70000000000003,173
2343,-81.80000000000001,182
2344,-81.4,186
2345,-62.99999999999996,225
2346,-62.999999999999964,220
2347,-60.39999999999992,251
2348,-64.89999999999992,246
2349,-81.80000000000001,182
2350,-82.40000000000003,176
2351,-82.40000000000003,176
2352,-82.40000000000003,176
2353,-82.20000000000002,178
2354,-48.99999999999987,285
2355,-39.499999999999844,305
2356,-19.500000000000057,360
2357,-81.4,186
2358,-82.70000000000003,173
2359,-82.60000000000002,174
2360,-82.40000000000003,176
2361,-82.70000000000003,173
2362,-44.99999999999988,280
2363,-59.79999999999992,252
2364,-25.60000000000008,334
2365,-82.60000000000002,174
2366,-61.89999999999995,231
2367,-42.99999999999989,270
2368,-81.80000000000001,182
2369,-82.70000000000003,173
2370,-81.60000000000002,184
2371,-62.79999999999996,222
2372,-62.19999999999995,228
2373,-82.20000000000002,178
2374,-61.99999999999995,230
2375,-41.79999999999986,292
2376,-82.40000000000003,176
2377,-82.70000000000003,173
2378,-21.600000000000094,334
2379,-68.29999999999998,212
2380,-40.59999999999985,299
2381,-59.99999999999992,250
2382,-82.70000000000003,173
2383,-66.09999999999994,234
2384,-82.70000000000003,173
2385,-81.60000000000002,184
2386,-82.70000000000003,173
2387,-82.20000000000002,178
2388,-82.20000000000002,178
2389,-82.20000000000002,178
2390,-64.09999999999997,214
2391,-4.100000000000321,384
2392,-59.39999999999991,256
2393,-82.40000000000003,176
2394,-82.70000000000003,173
2395,-82.70000000000003,173
2396,-47.69999999999992,253
2397,-82.40000000000003,176
2398,-82.40000000000003,176
2399,-82.00000000000003,180
2400,-60.199999999999925,248
2401,-82.20000000000002,178
2402,-45.79999999999992,252
2403,-82.70000000000003,173
2404,-46.09999999999987,284
2405,-81.80000000000001,182
2406,-64.79999999999995,232
2407,-82.70000000000003,173
2408,-82.70000000000003,173
2409,-82.70000000000003,173
2410,-6.600000000000307,409
2411,-81.80000000000001,182
2412,-82.70000000000003,173
2413,-82.60000000000002,174
2414,-82.70000000000003,173
2415,-81.80000000000001,182
2416,-59.99999999999992,250
2417,-40.59999999999986,294
2418,-41.899999999999814,326
2419,-82.70000000000003,173
2420,-82.00000000000003,180
2421,-82.20000000000002,178
2422,-82.20000000000002,178
2423,-81.60000000000002,184
2424,-82.40000000000003,176
2425,-82.60000000000002,174
2426,-82.20000000000002,178
2427,-48.299999999999905,262
2428,-82.60000000000002,174
2429,-64.29999999999993,252
2430,-66.69999999999996,228
2431,-82.70000000000003,173
2432,-82.00000000000003,180
2433,-81.80000000000001,182
2434,-81.60000000000002,184
2435,-82.60000000000002,174
2436,-82.20000000000002,178
2437,61.8999999999985,614
2438,-82.20000000000002,178
2439,-82.70000000000003,173
2440,-67.29999999999995,222
2441,-82.60000000000002,174
2442,-60.69999999999993,243
2443,16.49999999999909,440
2444,-82.00000000000003,180
2445,22.099999999999255,471
2446,-66.69999999999996,228
2447,-82.60000000000002,174
2448,-82.00000000000003,180
2449,-62.899999999999956,226
2450,-47.699999999999896,268
2451,-82.60000000000002,174
2452,-81.60000000000002,184
2453,-38.799999999999834,312
2454,-46.6999999999999,263
2455,-82.20000000000002,178
2456,-81.4,186
2457,-82.20000000000002,178
2458,-82.70000000000003,173
2459,-47.49999999999989,270
2460,-43.199999999999896,268
2461,-82.70000000000003,173
2462,-81.80000000000001,182
2463,-82.70000000000003,173
2464,-82.60000000000002,174
2465,17.299999999999272,448
2466,-82.20000000000002,178
2467,3.69999999999942,457
2468,-44.39999999999987,286
2469,-82.20000000000002,178
2470,-41.399999999999864,291
2471,-82.60000000000002,174
2472,-41.39999999999987,286
2473,-63.09999999999996,224
2474,-82.60000000000002,174
2475,-82.00000000000003,180
2476,-82.20000000000002,178
2477,-81.80000000000001,182
2478,-82.40000000000003,176
2479,-82.70000000000003,173
2480,-62.79999999999996,222
2481,-82.00000000000003,180
2482,-81.80000000000001,182
2483,-61.599999999999945,234
2484,-82.00000000000003,180
2485,-82.70000000000003,173
2486,-82.40000000000003,176
2487,-82.40000000000003,176
2488,-82.70000000000003,173
2489,-22.999999999999943,355
2490,-82.40000000000003,176
2491,-82.60000000000002,174
2492,-81.80000000000001,182
2493,-82.20000000000002,178
2494,-82.70000000000003,173
2495,-68.09999999999997,214
2496,-39.49999999999981,330
2497,-81.80000000000001,182
2498,-63.09999999999996,224
2499,-63.39999999999997,216
2500,-82.70000000000003,173
2501,-82.40000000000003,176
2502,-82.60000000000002,174
2503,-60.099999999999916,254
2504,-82.70000000000003,173
2505,-82.20000000000002,178
2506,-62.19999999999995,228
2507,-82.60000000000002,174
2508,-82.70000000000003,173
2509,-64.39999999999992,251
2510,-64.89999999999992,246
2511,-82.60000000000002,174
2512,-82.40000000000003,176
2513,-82.60000000000002,174
2514,-82.20000000000002,178
2515,-82.40000000000003,176
2516,-82.70000000000003,173
2517,-82.60000000000002,174
2518,-82.70000000000003,173
2519,-81.4,186
2520,-82.70000000000003,173
2521,-81.80000000000001,182
2522,-82.70000000000003,173
2523,-82.40000000000003,176
2524,-67.29999999999995,222
2525,-82.20000000000002,178
2526,-82.60000000000002,174
2527,-82.40000000000003,176
2528,-82.40000000000003,176
2529,-60.49999999999992,250
2530,-82.40000000000003,176
2531,-64.39999999999998,206
2532,-64.39999999999998,206
2533,-82.70000000000003,173
2534,-81.60000000000002,184
2535,-82.40000000000003,176
2536,-43.399999999999864,291
2537,-82.70000000000003,173
2538,-61.99999999999995,230
2539,-82.20000000000002,178
2540,-63.19999999999997,218
2541,-82.70000000000003,173
2542,-82.40000000000003,176
2543,-82.60000000000002,174
2544,-82.40000000000003,176
2545,-82.20000000000002,178
2546,-81.60000000000002,184
2547,-42.29999999999982,322
2548,-82.20000000000002,178
2549,-81.80000000000001,182
2550,-23.800000000000253,317
2551,-82.60000000000002,174
2552,-61.599999999999945,234
2553,-82.70000000000003,173
2554,-82.20000000000002,178
2555,-43.09999999999989,274
2556,-81.60000000000002,184
2557,-82.60000000000002,174
2558,-24.100000000000065,354
2559,-66.89999999999995,226
2560,-4.300000000000296,392
2561,-82.70000000000003,173
2562,-82.40000000000003,176
2563,-61.599999999999945,234
2564,-38.39999999999983,316
2565,-82.70000000000003,173
2566,-82.60000000000002,174
2567,-82.70000000000003,173
2568,-82.20000000000002,178
2569,-81.60000000000002,184
2570,-11.200000000000458,358
2571,-82.40000000000003,176
2572,-82.20000000000002,178
2573,-82.00000000000003,180
2574,-81.60000000000002,184
2575,-82.00000000000003,180
2576,-18.000000000000128,370
2577,-82.40000000000003,176
2578,-81.80000000000001,182
2579,-81.80000000000001,182
2580,-82.60000000000002,174
2581,-42.39999999999985,301
2582,-82.20000000000002,178
2583,-22.60000000000008,324
2584,-82.60000000000002,174
2585,-64.39999999999998,206
2586,-82.40000000000003,176
2587,-82.60000000000002,174
2588,-64.19999999999999,208
2589,-82.70000000000003,173
2590,-46.5999999999999,264
2591,-82.70000000000003,173
2592,-82.40000000000003,176
2593,-82.40000000000003,176
2594,-81.4,186
2595,-81.80000000000001,182
2596,-67.89999999999998,216
2597,-81.4,186
2598,-81.60000000000002,184
2599,-62.19999999999995,228
2600,-82.70000000000003,173
2601,-45.69999999999987,288
2602,-82.00000000000003,180
2603,-40.79999999999986,292
2604,-82.70000000000003,173
2605,-82.70000000000003,173
2606,-82.40000000000003,176
2607,-2.7000000000003155,373
2608,-82.00000000000003,180
2609,-64.49999999999999,205
2610,-62.59999999999995,229
2611,-82.00000000000003,180
2612,-61.99999999999995,230
2613,-60.999999999999936,240
2614,-61.99999999999994,235
2615,-82.70000000000003,173
2616,-61.89999999999994,236
2617,-42.89999999999983,316
2618,-81.80000000000001,182
2619,-82.70000000000003,173
2620,-82.70000000000003,173
2621,-82.40000000000003,176
2622,-82.00000000000003,180
2623,-81.80000000000001,182
2624,-82.20000000000002,178
2625,-62.999999999999964,220
2626,-82.20000000000002,178
2627,-82.60000000000002,174
2628,-82.70000000000003,173
2629,-82.70000000000003,173
2630,-82.20000000000002,178
2631,-45.09999999999986,294
2632,-81.80000000000001,182
2633,-82.70000000000003,173
2634,-82.40000000000003,176
2635,-61.79999999999995,232
2636,-82.70000000000003,173
2637,-81.4,186
2638,-82.00000000000003,180
2639,-82.70000000000003,173
2640,-82.40000000000003,176
2641,-82.20000000000002,178
2642,-82.70000000000003,173
2643,-82.70000000000003,173
2644,-67.6,204
2645,-82.60000000000002,174
2646,-82.20000000000002,178
2647,-82.20000000000002,178
2648,-82.70000000000003,173
2649,-82.40000000000003,176
2650,-82.40000000000003,176
2651,-81.80000000000001,182
2652,-82.40000000000003,176
2653,-82.00000000000003,180
2654,-81.80000000000001,182
2655,-81.60000000000002,184
2656,-63.09999999999996,224
2657,-82.40000000000003,176
2658,-23.90000000000022,311
2659,-42.99999999999985,300
2660,-82.70000000000003,173
2661,-82.70000000000003,173
2662,-81.80000000000001,182
2663,-66.89999999999995,226
2664,-63.29999999999997,217
2665,-82.20000000000002,178
2666,-82.70000000000003,173
2667,-59.79999999999992,252
2668,-28.399999999999935,311
2669,-81.60000000000002,184
2670,-81.80000000000001,182
2671,-62.39999999999995,231
2672,3.4999999999993037,440
2673,-81.4,186
2674,-82.40000000000003,176
2675,-82.40000000000003,176
2676,50.49999999999875,570
2677,-41.099999999999866,289
2678,-82.40000000000003,176
2679,-82.40000000000003,176
2680,-81.80000000000001,182
2681,-64.09999999999991,254
2682,-53.79999999999992,252
2683,-82.20000000000002,178
2684,11.799999999999258,418
2685,-82.40000000000003,176
2686,-7.400000000000347,366
2687,-82.00000000000003,180
2688,-62.19999999999995,228
2689,-82.40000000000003,176
2690,-81.80000000000001,182
2691,-65.59999999999994,239
2692,-43.099999999999895,269
2693,-62.49999999999996,225
2694,-82.00000000000003,180
2695,-61.599999999999945,234
2696,-82.20000000000002,178
2697,-82.70000000000003,173
2698,-41.89999999999987,286
2699,-82.40000000000003,176
2700,-82.70000000000003,173
2701,-63.29999999999996,222
2702,-47.89999999999989,271
2703,-59.19999999999991,258
2704,-81.80000000000001,182
2705,-82.00000000000003,180
2706,-81.80000000000001,182
2707,-82.70000000000003,173
2708,-82.60000000000002,174
2709,-60.49999999999992,250
2710,-44.09999999999991,259
2711,-81.4,186
2712,-82.40000000000003,176
2713,-60.49999999999993,245
2714,-81.60000000000002,184
2715,-81.4,186
2716,-82.40000000000003,176
2717,-82.40000000000003,176
2718,-21.900000000000105,331
2719,-82.20000000000002,178
2720,-59.89999999999991,256
2721,-82.20000000000002,178
2722,-82.00000000000003,180
2723,-82.60000000000002,174
2724,-82.70000000000003,173
2725,-64.69999999999993,248
2726,-82.40000000000003,176
2727,-82.70000000000003,173
2728,-59.89999999999991,256
2729,-19.300000000000225,357
2730,-43.99999999999991,260
2731,-40.199999999999854,298
2732,-82.00000000000003,180
2733,-82.40000000000003,176
2734,-63.19999999999997,218
2735,-62.399999999999956,226
2736,-62.79999999999996,222
2737,-39.19999999999984,308
2738,-82.40000000000003,176
2739,-81.80000000000001,182
2740,-81.80000000000001,182
2741,-82.70000000000003,173
2742,-67.89999999999998,216
2743,-81.60000000000002,184
2744,-82.40000000000003,176
2745,-10.400000000000404,346
2746,-45.899999999999935,241
2747,-42.79999999999988,277
2748,-44.699999999999854,298
2749,-64.09999999999997,214
2750,-43.59999999999986,294
2751,-82.70000000000003,173
2752,-82.40000000000003,176
2753,-82.20000000000002,178
2754,-64.79999999999995,232
2755,-82.00000000000003,180
2756,-60.29999999999992,252
2757,-82.20000000000002,178
2758,-82.00000000000003,180
2759,-60.49999999999993,245
2760,-62.19999999999995,228
2761,-59.599999999999916,254
2762,-82.00000000000003,180
2763,-82.00000000000003,180
2764,-82.70000000000003,173
2765,-61.79999999999995,232
2766,-81.80000000000001,182
2767,-66.89999999999995,226
2768,-82.20000000000002,178
2769,-81.80000000000001,182
2770,-82.40000000000003,176
2771,-64.19999999999999,208
2772,-45.499999999999865,290
2773,-67.49999999999997,220
2774,-82.70000000000003,173
2775,-33.999999999999986,300
2776,-82.00000000000003,180
2777,-20.90000000000012,386
2778,65.7999999999983,568
2779,-82.20000000000002,178
2780,-59.99999999999992,250
2781,-82.70000000000003,173
2782,-82.40000000000003,176
2783,-82.20000000000002,178
2784,-82.60000000000002,174
2785,-82.00000000000003,180
2786,-42.499999999999844,305
2787,-82.70000000000003,173
2788,-82.60000000000002,174
2789,-82.40000000000003,176
2790,-61.39999999999994,236
2791,-41.299999999999805,332
2792,-82.40000000000003,176
2793,-81.60000000000002,184
2794,-82.70000000000003,173
2795,-82.00000000000003,180
2796,-43.8999999999999,266
2797,-61.89999999999995,231
2798,-62.79999999999996,222
2799,-42.39999999999983,316
2800,-82.70000000000003,173
2801,-81.60000000000002,184
2802,-82.70000000000003,173
2803,-61.49999999999994,235
2804,-82.40000000000003,176
2805,-62.19999999999995,228
2806,64.79999999999876,598
2807,33.79999999999896,508
2808,-81.80000000000001,182
2809,-61.89999999999995,231
2810,-62.79999999999996,222
2811,-82.20000000000002,178
2812,-64.39999999999992,251
2813,-23.400000000000148,316
2814,-62.79999999999996,222
2815,-63.79999999999993,242
2816,95.39999999999807,664
2817,-26.89999999999992,326
2818,-81.80000000000001,182
2819,-82.00000000000003,180
2820,-42.59999999999989,274
2821,-17.600000000000065,374
2822,-68.09999999999997,214
2823,-82.20000000000002,178
2824,-82.40000000000003,176
2825,-82.70000000000003,173
2826,-60.39999999999993,246
2827,-82.40000000000003,176
2828,-22.200000000000315,328
2829,-66.09999999999994,234
2830,-82.60000000000002,174
2831,-82.70000000000003,173
2832,-82.00000000000003,180
2833,-82.20000000000002,178
2834,-81.80000000000001,182
2835,-40.39999999999986,296
2836,-81.60000000000002,184
2837,-62.49999999999996,225
2838,-81.80000000000001,182
2839,-39.19999999999984,308
2840,-64.39999999999998,206
2841,-43.59999999999989,274
2842,-82.40000000000003,176
2843,-82.20000000000002,178
2844,-59.79999999999992,252
2845,-66.39999999999995,231
2846,-45.499999999999865,290
2847,-61.39999999999994,236
2848,-81.4,186
2849,4.399999999999537,444
2850,-67.09999999999997,224
2851,-62.49999999999996,225
2852,-61.89999999999995,231
2853,-22.300000000000125,372
2854,-82.20000000000002,178
2855,1.899999999999551,424
2856,-63.89999999999997,216
2857,-28.200000000000273,318
2858,-81.80000000000001,182
2859,-82.70000000000003,173
2860,-82.70000000000003,173
2861,-20.00000000000003,350
2862,17.099999999999028,446
2863,-62.59999999999996,224
2864,-64.29999999999993,252
2865,-82.00000000000003,180
2866,-82.20000000000002,178
2867,-62.399999999999956,226
2868,-82.70000000000003,173
2869,-20.300000000000068,352
2870,-82.20000000000002,178
2871,-81.4,186
2872,-43.3999999999999,266
2873,-82.70000000000003,173
2874,-82.20000000000002,178
2875,-82.40000000000003,176
2876,-82.70000000000003,173
2877,-43.5999999999999,264
2878,-25.000000000000014,325
2879,-6.100000000000648,384
2880,-82.40000000000003,176
2881,-82.70000000000003,173
2882,-62.999999999999964,220
2883,-42.899999999999885,276
2884,-82.60000000000002,174
2885,45.59999999999883,566
2886,-64.29999999999993,252
2887,-82.70000000000003,173
2888,-82.70000000000003,173
2889,-82.20000000000002,178
2890,-81.80000000000001,182
2891,-81.60000000000002,184
2892,-82.70000000000003,173
2893,-62.69999999999996,223
2894,-82.70000000000003,173
2895,-61.49999999999994,235
2896,-81.4,186
2897,-21.10000000000008,339
2898,-30.000000000000142,325
2899,-82.70000000000003,173
2900,-82.20000000000002,178
2901,-82.60000000000002,174
2902,-43.4999999999999,265
2903,-82.20000000000002,178
2904,-82.40000000000003,176
2905,-39.89999999999984,306
2906,-22.30000000000011,327
2907,-43.199999999999896,268
2908,-40.999999999999865,290
2909,-60.69999999999993,243
2910,-82.70000000000003,173
2911,-82.00000000000003,180
2912,-59.79999999999992,252
2913,-43.799999999999855,297
2914,-17.60000000000005,374
2915,-82.60000000000002,174
2916,-82.40000000000003,176
2917,-63.09999999999996,224
2918,-82.20000000000002,178
2919,-41.39999999999987,286
2920,-20.5000000000002,355
2921,-82.70000000000003,173
2922,-81.80000000000001,182
2923,-81.60000000000002,184
2924,-82.70000000000003,173
2925,-81.4,186
2926,-61.49999999999994,235
2927,-82.00000000000003,180
2928,-39.79999999999985,302
2929,-82.20000000000002,178
2930,-66.99999999999996,225
2931,-63.19999999999996,223
2932,-82.40000000000003,176
2933,-43.199999999999896,268
2934,-81.80000000000001,182
2935,-67.39999999999996,221
2936,-82.60000000000002,174
2937,-60.39999999999993,246
2938,-64.29999999999993,252
2939,-63.699999999999974,213
2940,-82.20000000000002,178
2941,-82.60000000000002,174
2942,-64.49999999999997,210
2943,-59.69999999999992,253
2944,-62.899999999999956,226
2945,-82.00000000000003,180
2946,-82.40000000000003,176
2947,-82.70000000000003,173
2948,-82.20000000000002,178
2949,-41.799999999999876,282
2950,-82.00000000000003,180
2951,-82.70000000000003,173
2952,-82.60000000000002,174
2953,-62.19999999999995,228
2954,-62.79999999999996,222
2955,-81.80000000000001,182
2956,-82.00000000000003,180
2957,-82.70000000000003,173
2958,-81.60000000000002,184
2959,-81.80000000000001,182
2960,-81.80000000000001,182
2961,-17.900000000000105,376
2962,-64.39999999999995,236
2963,-41.899999999999814,326
2964,-82.40000000000003,176
2965,-82.60000000000002,174
2966,-65.09999999999994,244
2967,-81.80000000000001,182
2968,-82.20000000000002,178
2969,-81.80000000000001,182
2970,-82.70000000000003,173
2971,-82.40000000000003,176
2972,-82.20000000000002,178
2973,-39.79999999999983,317
2974,-82.20000000000002,178
2975,-82.60000000000002,174
2976,-82.00000000000003,180
2977,-82.00000000000003,180
2978,-62.399999999999956,226
2979,-82.60000000000002,174
2980,-82.60000000000002,174
2981,-82.70000000000003,173
2982,-82.70000000000003,173
2983,-82.70000000000003,173
2984,-62.59999999999996,224
2985,-63.29999999999996,222
2986,-82.00000000000003,180
2987,-63.89999999999991,256
2988,-82.40000000000003,176
2989,-82.20000000000002,178
2990,-44.39999999999991,256
2991,-61.599999999999945,234
2992,-82.70000000000003,173
2993,-82.40000000000003,176
2994,-82.70000000000003,173
2995,-82.40000000000003,176
2996,-82.20000000000002,178
2997,-82.70000000000003,173
2998,-82.20000000000002,178
2999,-82.70000000000003,173
3000,-82.60000000000002,174
3001,-82.40000000000003,176
3002,-82.20000000000002,178
3003,-82.70000000000003,173
3004,-82.60000000000002,174
3005,-82.20000000000002,178
3006,-82.70000000000003,173
3007,-81.80000000000001,182
3008,-82.70000000000003,173
3009,-82.40000000000003,176
3010,-82.00000000000003,180
3011,-82.60000000000002,174
3012,-82.60000000000002,174
3013,-5.90000000000046,386
3014,-81.80000000000001,182
3015,-82.40000000000003,176
3016,-82.40000000000003,176
3017,-81.80000000000001,182
3018,-82.60000000000002,174
3019,-82.70000000000003,173
3020,-82.20000000000002,178
3021,-51.89999999999991,256
3022,-82.70000000000003,173
3023,-82.70000000000003,173
3024,-82.60000000000002,174
3025,-62.59999999999996,224
3026,-82.70000000000003,173
3027,-64.89999999999992,246
3028,40.0999999999988,506
3029,-82.20000000000002,178
3030,-82.60000000000002,174
3031,-82.60000000000002,174
3032,-82.00000000000003,180
3033,-82.40000000000003,176
3034,-82.40000000000003,176
3035,-64.29999999999993,252
3036,-82.60000000000002,174
3037,-47.399999999999885,276
3038,-82.70000000000003,173
3039,-82.70000000000003,173
3040,-82.70000000000003,173
3041,-82.40000000000003,176
3042,-82.40000000000003,176
3043,-82.70000000000003,173
3044,-65.09999999999994,244
3045,-82.20000000000002,178
3046,-82.00000000000003,180
3047,-82.40000000000003,176
3048,-82.20000000000002,178
3049,-63.19999999999997,218
3050,-82.70000000000003,173
3051,-58.99999999999991,260
3052,-82.20000000000002,178
3053,-82.40000000000003,176
3054,-82.20000000000002,178
3055,-81.4,186
3056,-82.40000000000003,176
3057,-81.80000000000001,182
3058,-82.00000000000003,180
3059,-81.80000000000001,182
3060,-42.299999999999876,282
3061,-82.60000000000002,174
3062,-82.20000000000002,178
3063,-63.499999999999964,220
3064,-82.60000000000002,174
3065,-82.70000000000003,173
3066,-82.20000000000002,178
3067,-82.40000000000003,176
3068,-82.20000000000002,178
3069,-82.70000000000003,173
3070,-82.20000000000002,178
3071,-82.20000000000002,178
3072,-82.40000000000003,176
3073,-82.70000000000003,173
3074,-81.80000000000001,182
3075,76.4999999999985,610
3076,-82.20000000000002,178
3077,-82.40000000000003,176
3078,-82.00000000000003,180
3079,-82.40000000000003,176
3080,-82.70000000000003,173
3081,-82.70000000000003,173
3082,-82.40000000000003,176
3083,-62.49999999999996,225
3084,-82.60000000000002,174
3085,-82.20000000000002,178
3086,-82.00000000000003,180
3087,-82.00000000000003,180
3088,-82.40000000000003,176
3089,-82.70000000000003,173
3090,-82.40000000000003,176
3091,-82.70000000000003,173
3092,-18.400000000000063,366
3093,-60.199999999999925,248
3094,-81.80000000000001,182
3095,-82.60000000000002,174
3096,-82.70000000000003,173
3097,-82.40000000000003,176
3098,-82.70000000000003,173
3099,-82.00000000000003,180
3100,-19.400000000000063,356
3101,-82.70000000000003,173
3102,-82.60000000000002,174
3103,-82.70000000000003,173
3104,-82.70000000000003,173
3105,-81.4,186
3106,-82.40000000000003,176
3107,-82.60000000000002,174
3108,-62.19999999999995,228
3109,-37.399999999999814,326
3110,-28.000000000000057,310
3111,-82.20000000000002,178
3112,-82.60000000000002,174
3113,-82.60000000000002,174
3114,-82.20000000000002,178
3115,-82.60000000000002,174
3116,-82.20000000000002,178
3117,-43.99999999999991,260
3118,-82.20000000000002,178
3119,-82.60000000000002,174
3120,-82.70000000000003,173
3121,-82.70000000000003,173
3122,-82.60000000000002,174
3123,-38.199999999999825,318
3124,-82.20000000000002,178
3125,-81.4,186
3126,-81.60000000000002,184
3127,-62.09999999999995,229
3128,-82.00000000000003,180
3129,-82.20000000000002,178
3130,-82.70000000000003,173
3131,-82.40000000000003,176
3132,-82.60000000000002,174
3133,-81.80000000000001,182
3134,-82.20000000000002,178
3135,-82.70000000000003,173
3136,-61.99999999999995,230
3137,-82.70000000000003,173
3138,-61.99999999999995,230
3139,-82.40000000000003,176
3140,-42.19999999999986,293
3141,-59.599999999999916,254
3142,-82.00000000000003,180
3143,-82.40000000000003,176
3144,-82.40000000000003,176
3145,-82.70000000000003,173
3146,-82.40000000000003,176
3147,-63.79999999999997,217
3148,-82.70000000000003,173
3149,-82.60000000000002,174
3150,-82.40000000000003,176
3151,-82.20000000000002,178
3152,-82.40000000000003,176
3153,-82.70000000000003,173
3154,-82.60000000000002,174
3155,-46.099999999999866,289
3156,-82.60000000000002,174
3157,-82.00000000000003,180
3158,-82.40000000000003,176
3159,-82.40000000000003,176
3160,-82.40000000000003,176
3161,-81.60000000000002,184
3162,-81.60000000000002,184
3163,-23.700000000000287,338
3164,-82.40000000000003,176
3165,-82.40000000000003,176
3166,-82.40000000000003,176
3167,-82.00000000000003,180
3168,-82.00000000000003,180
3169,-82.60000000000002,174
3170,-82.60000000000002,174
3171,-25.40000000000026,346
3172,-63.19999999999997,218
3173,-82.60000000000002,174
3174,-64.59999999999992,249
3175,-82.40000000000003,176
3176,-82.70000000000003,173
3177,-82.70000000000003,173
3178,-82.60000000000002,174
3179,-82.60000000000002,174
3180,-68.19999999999997,213
3181,-62.19999999999995,228
3182,-81.80000000000001,182
3183,-82.40000000000003,176
3184,-82.20000000000002,178
3185,-82.60000000000002,174
3186,-82.70000000000003,173
3187,-82.40000000000003,176
3188,-82.60000000000002,174
3189,-82.20000000000002,178
3190,-82.20000000000002,178
3191,-62.79999999999996,222
3192,-82.20000000000002,178
3193,-40.49999999999985,300
3194,-82.20000000000002,178
3195,-81.80000000000001,182
3196,-82.20000000000002,178
3197,-82.00000000000003,180
3198,-82.60000000000002,174
3199,-46.49999999999988,280
3200,-82.20000000000002,178
3201,-82.00000000000003,180
3202,-82.70000000000003,173
3203,-43.199999999999896,268
3204,-82.20000000000002,178
3205,-82.70000000000003,173
3206,-82.40000000000003,176
3207,-81.80000000000001,182
3208,-82.60000000000002,174
3209,-82.40000000000003,176
3210,-81.60000000000002,184
3211,-82.40000000000003,176
3212,-7.900000000000304,356
3213,-82.60000000000002,174
3214,-82.40000000000003,176
3215,-82.70000000000003,173
3216,-82.60000000000002,174
3217,-39.09999999999984,309
3218,-82.00000000000003,180
3219,15.399999999999338,434
3220,-81.80000000000001,182
3221,-82.60000000000002,174
3222,-82.00000000000003,180
3223,-82.00000000000003,180
3224,-63.69999999999997,218
3225,-63.39999999999997,216
3226,-82.40000000000003,176
3227,-82.40000000000003,176
3228,-38.39999999999983,316
3229,-82.70000000000003,173
3230,-22.80000000000001,352
3231,-82.40000000000003,176
3232,-81.80000000000001,182
3233,-82.40000000000003,176
3234,-82.70000000000003,173
3235,-67.89999999999998,216
3236,-82.20000000000002,178
3237,-82.70000000000003,173
3238,-20.70000000000006,348
3239,-82.40000000000003,176
3240,-64.29999999999993,252
3241,-82.70000000000003,173
3242,-82.60000000000002,174
3243,-82.00000000000003,180
3244,-63.199999999999925,248
3245,-81.80000000000001,182
3246,-82.40000000000003,176
3247,-81.80000000000001,182
3248,-42.59999999999989,274
3249,-82.70000000000003,173
3250,-82.70000000000003,173
3251,-82.00000000000003,180
3252,-82.60000000000002,174
3253,-40.999999999999865,290
3254,-82.20000000000002,178
3255,-81.4,186
3256,-82.70000000000003,173
3257,-64.69999999999993,248
3258,-81.4,186
3259,-82.40000000000003,176
3260,-82.20000000000002,178
3261,-82.40000000000003,176
3262,-81.80000000000001,182
3263,-82.40000000000003,176
3264,-81.80000000000001,182
3265,-61.79999999999995,232
3266,-82.40000000000003,176
3267,-82.00000000000003,180
3268,-63.09999999999996,224
3269,-22.900000000000105,326
3270,-82.40000000000003,176
3271,-82.20000000000002,178
3272,-82.00000000000003,180
3273,-82.20000000000002,178
3274,-28.900000000000105,286
3275,-82.60000000000002,174
3276,-82.40000000000003,176
3277,-61.99999999999995,230
3278,-82.20000000000002,178
3279,-82.20000000000002,178
3280,-82.40000000000003,176
3281,-82.40000000000003,176
3282,-40.69999999999986,293
3283,-82.20000000000002,178
3284,-37.99999999999982,320
3285,-67.89999999999998,216
3286,-64.89999999999992,246
3287,-20.600000000000023,354
3288,-82.20000000000002,178
3289,-64.29999999999993,252
3290,-82.60000000000002,174
3291,-41.39999999999987,286
3292,-82.20000000000002,178
3293,-82.20000000000002,178
3294,-82.40000000000003,176
3295,-19.800000000000253,352
3296,-82.40000000000003,176
3297,-82.70000000000003,173
3298,-60.49999999999992,250
3299,-82.20000000000002,178
3300,-81.80000000000001,182
3301,-82.70000000000003,173
3302,-59.599999999999916,254
3303,-82.20000000000002,178
3304,-82.70000000000003,173
3305,-82.40000000000003,176
3306,-22.70000000000026,358
3307,-82.40000000000003,176
3308,-82.40000000000003,176
3309,-82.40000000000003,176
3310,-82.00000000000003,180
3311,-82.60000000000002,174
3312,-82.70000000000003,173
3313,-63.499999999999964,220
3314,-82.70000000000003,173
3315,-82.70000000000003,173
3316,-82.20000000000002,178
3317,-60.699999999999925,248
3318,-82.40000000000003,176
3319,-82.00000000000003,180
3320,-82.70000000000003,173
3321,-18.800000000000026,362
3322,-82.70000000000003,173
3323,-82.60000000000002,174
3324,-82.00000000000003,180
3325,-81.80000000000001,182
3326,-82.20000000000002,178
3327,-82.60000000000002,174
3328,-24.900000000000162,326
3329,-82.20000000000002,178
3330,-82.70000000000003,173
3331,-82.70000000000003,173
3332,-40.999999999999865,290
3333,-82.40000000000003,176
3334,-63.29999999999996,222
3335,-81.80000000000001,182
3336,-64.49999999999991,250
3337,-82.60000000000002,174
3338,-82.40000000000003,176
3339,-81.60000000000002,184
3340,-16.200000000000216,398
3341,-63.29999999999996,222
3342,-81.4,186
3343,-82.00000000000003,180
3344,-82.60000000000002,174
3345,-67.89999999999998,216
3346,-82.20000000000002,178
3347,-67.69999999999996,218
3348,-82.00000000000003,180
3349,-82.70000000000003,173
3350,-82.00000000000003,180
3351,-82.60000000000002,174
3352,-82.70000000000003,173
3353,-82.20000000000002,178
3354,-82.40000000000003,176
3355,-64.29999999999993,252
3356,-41.29999999999986,292
3357,-82.60000000000002,174
3358,-82.70000000000003,173
3359,-68.29999999999998,212
3360,-82.20000000000002,178
3361,-82.00000000000003,180
3362,-82.60000000000002,174
3363,-42.79999999999989,272
3364,-82.00000000000003,180
3365,-82.20000000000002,178
3366,-21.700000000000358,338
3367,-63.19999999999996,223
3368,-82.40000000000003,176
3369,-82.00000000000003,180
3370,-42.19999999999987,288
3371,-82.40000000000003,176
3372,-22.90000000000019,381
3373,-82.70000000000003,173
3374,-47.999999999999865,290
3375,-82.60000000000002,174
3376,-82.60000000000002,174
3377,-82.40000000000003,176
3378,-49.19999999999988,278
3379,-41.29999999999986,292
3380,-82.40000000000003,176
3381,-59.79999999999992,252
3382,-82.70000000000003,173
3383,-82.40000000000003,176
3384,-82.20000000000002,178
3385,-82.00000000000003,180
3386,-81.80000000000001,182
3387,-82.60000000000002,174
3388,-82.00000000000003,180
3389,-82.60000000000002,174
3390,-82.60000000000002,174
3391,-82.40000000000003,176
3392,-82.60000000000002,174
3393,-40.59999999999986,294
3394,-82.20000000000002,178
3395,-44.699999999999854,298
3396,-82.60000000000002,174
3397,-82.60000000000002,174
3398,-81.4,186
3399,-82.70000000000003,173
3400,-82.20000000000002,178
3401,-82.20000000000002,178
3402,-82.20000000000002,178
3403,-82.20000000000002,178
3404,-82.60000000000002,174
3405,-68.09999999999997,214
3406,-82.40000000000003,176
3407,-82.20000000000002,178
3408,-82.40000000000003,176
3409,-64.69999999999993,248
3410,-6.200000000000571,393
3411,-82.00000000000003,180
3412,-82.40000000000003,176
3413,-82.40000000000003,176
3414,-82.60000000000002,174
3415,-82.70000000000003,173
3416,-82.20000000000002,178
3417,-82.60000000000002,174
3418,-61.39999999999994,236
3419,-82.60000000000002,174
3420,-82.20000000000002,178
3421,-60.19999999999992,253
3422,-59.89999999999991,256
3423,-82.40000000000003,176
3424,-82.40000000000003,176
3425,-82.60000000000002,174
3426,-23.400000000000148,316
3427,-50.799999999999876,282
3428,-82.40000000000003,176
3429,-82.40000000000003,176
3430,-67.29999999999995,222
3431,-40.49999999999986,295
3432,-82.60000000000002,174
3433,-63.39999999999996,221
3434,-82.60000000000002,174
3435,-82.70000000000003,173
3436,-82.40000000000003,176
3437,-82.20000000000002,178
3438,-82.20000000000002,178
3439,-82.70000000000003,173
3440,-82.20000000000002,178
3441,-82.40000000000003,176
3442,-63.39999999999997,216
3443,-82.40000000000003,176
3444,-82.20000000000002,178
3445,-82.60000000000002,174
3446,-82.40000000000003,176
3447,-43.5999999999999,264
3448,-82.40000000000003,176
3449,-82.40000000000003,176
3450,-65.09999999999994,244
3451,-82.00000000000003,180
3452,-82.20000000000002,178
3453,-82.70000000000003,173
3454,-82.20000000000002,178
3455,-82.20000000000002,178
3456,-82.60000000000002,174
3457,-82.60000000000002,174
3458,-81.60000000000002,184
3459,-82.70000000000003,173
3460,-82.70000000000003,173
3461,-82.60000000000002,174
3462,-82.20000000000002,178
3463,-82.00000000000003,180
3464,-82.60000000000002,174
3465,-82.20000000000002,178
3466,-82.40000000000003,176
3467,-82.40000000000003,176
3468,-63.09999999999996,224
3469,-82.40000000000003,176
3470,-82.70000000000003,173
3471,-59.19999999999991,258
3472,-82.40000000000003,176
3473,-81.60000000000002,184
3474,-82.40000000000003,176
3475,-82.60000000000002,174
3476,-60.89999999999993,246
3477,-82.60000000000002,174
3478,-82.70000000000003,173
3479,-82.70000000000003,173
3480,-81.80000000000001,182
3481,-82.70000000000003,173
3482,-82.70000000000003,173
3483,-67.49999999999999,205
3484,-42.09999999999986,294
3485,-82.70000000000003,173
3486,-82.40000000000003,176
3487,-82.40000000000003,176
3488,-81.80000000000001,182
3489,-61.79999999999995,232
3490,-82.40000000000003,176
3491,-82.60000000000002,174
3492,-82.70000000000003,173
3493,-82.20000000000002,178
3494,-82.60000000000002,174
3495,-82.60000000000002,174
3496,-62.999999999999964,220
3497,-45.499999999999865,290
3498,-45.89999999999987,286
3499,-82.70000000000003,173
3500,-82.40000000000003,176
3501,-81.80000000000001,182
3502,-61.89999999999995,231
3503,-82.60000000000002,174
3504,-82.20000000000002,178
3505,-82.40000000000003,176
3506,-82.60000000000002,174
3507,-82.70000000000003,173
3508,-82.20000000000002,178
3509,-82.60000000000002,174
3510,-24.900000000000105,346
3511,-82.60000000000002,174
3512,-82.60000000000002,174
3513,-82.40000000000003,176
3514,-81.80000000000001,182
3515,-82.70000000000003,173
3516,-82.00000000000003,180
3517,-82.60000000000002,174
3518,-82.20000000000002,178
3519,-82.60000000000002,174
3520,-82.70000000000003,173
3521,-82.40000000000003,176
3522,-81.60000000000002,184
3523,-82.60000000000002,174
3524,-82.20000000000002,178
3525,-82.20000000000002,178
3526,-82.70000000000003,173
3527,-82.40000000000003,176
3528,-81.80000000000001,182
3529,-82.20000000000002,178
3530,-82.40000000000003,176
3531,-82.40000000000003,176
3532,-82.60000000000002,174
3533,-82.70000000000003,173
3534,-82.40000000000003,176
3535,-82.40000000000003,176
3536,-81.80000000000001,182
3537,-82.70000000000003,173
3538,-82.20000000000002,178
3539,-63.499999999999964,220
3540,-82.00000000000003,180
3541,-82.70000000000003,173
3542,-82.60000000000002,174
3543,-82.20000000000002,178
3544,-81.80000000000001,182
3545,-82.40000000000003,176
3546,-82.60000000000002,174
3547,-82.60000000000002,174
3548,-64.09999999999997,214
3549,-82.20000000000002,178
3550,-82.40000000000003,176
3551,-82.20000000000002,178
3552,-63.39999999999997,216
3553,-82.70000000000003,173
3554,-64.09999999999997,214
3555,-82.60000000000002,174
3556,-82.60000000000002,174
3557,-82.20000000000002,178
3558,-43.4999999999999,265
3559,-64.09999999999997,214
3560,-81.80000000000001,182
3561,-82.70000000000003,173
3562,-82.00000000000003,180
3563,-82.70000000000003,173
3564,-82.40000000000003,176
3565,-82.60000000000002,174
3566,-82.70000000000003,173
3567,-82.40000000000003,176
3568,-82.00000000000003,180
3569,-82.70000000000003,173
3570,-82.70000000000003,173
3571,-82.70000000000003,173
3572,-63.89999999999991,256
3573,-82.20000000000002,178
3574,-82.20000000000002,178
3575,-82.20000000000002,178
3576,-82.40000000000003,176
3577,-82.00000000000003,180
3578,-82.60000000000002,174
3579,-82.20000000000002,178
3580,-82.70000000000003,173
3581,-81.60000000000002,184
3582,-82.70000000000003,173
3583,-82.60000000000002,174
3584,-81.80000000000001,182
3585,-82.40000000000003,176
3586,-82.70000000000003,173
3587,-82.40000000000003,176
3588,-67.99999999999997,215
3589,-82.40000000000003,176
3590,-82.40000000000003,176
3591,-82.20000000000002,178
3592,-62.59999999999996,224
3593,-82.40000000000003,176
3594,-81.4,186
3595,-82.40000000000003,176
3596,-82.60000000000002,174
3597,-82.70000000000003,173
3598,-82.60000000000002,174
3599,-82.70000000000003,173
3600,-82.60000000000002,174
3601,-82.40000000000003,176
3602,-81.80000000000001,182
3603,-82.40000000000003,176
3604,-82.60000000000002,174
3605,-82.40000000000003,176
3606,-82.70000000000003,173
3607,-81.80000000000001,182
3608,-82.60000000000002,174
3609,-82.40000000000003,176
3610,-82.20000000000002,178
3611,-82.20000000000002,178
3612,-82.60000000000002,174
3613,-82.00000000000003,180
3614,-82.40000000000003,176
3615,-82.00000000000003,180
3616,20.899999999999338,464
3617,-82.60000000000002,174
3618,-82.20000000000002,178
3619,-82.70000000000003,173
3620,-82.00000000000003,180
3621,-82.70000000000003,173
3622,-81.4,186
3623,-60.699999999999925,248
3624,-82.70000000000003,173
3625,-81.80000000000001,182
3626,-82.40000000000003,176
3627,-68.09999999999997,214
3628,-82.40000000000003,176
3629,-82.40000000000003,176
3630,-62.999999999999964,220
3631,-82.40000000000003,176
3632,-82.40000000000003,176
3633,-82.70000000000003,173
3634,-82.20000000000002,178
3635,-82.60000000000002,174
3636,-82.20000000000002,178
3637,-82.60000000000002,174
3638,-82.70000000000003,173
3639,-82.70000000000003,173
3640,-82.00000000000003,180
3641,-82.60000000000002,174
3642,-82.40000000000003,176
3643,-82.70000000000003,173
3644,-82.40000000000003,176
3645,-68.29999999999998,212
3646,-81.80000000000001,182
3647,-82.20000000000002,178
3648,-82.20000000000002,178
3649,-24.50000000000024,380
3650,-82.60000000000002,174
3651,-46.09999999999987,284
3652,-82.70000000000003,173
3653,-82.70000000000003,173
3654,-67.09999999999997,224
3655,-82.40000000000003,176
3656,-82.00000000000003,180
3657,-82.70000000000003,173
3658,-61.79999999999995,232
3659,-82.40000000000003,176
3660,-82.40000000000003,176
3661,-82.40000000000003,176
3662,-82.00000000000003,180
3663,-82.20000000000002,178
3664,-82.40000000000003,176
3665,-81.80000000000001,182
3666,-82.60000000000002,174
3667,-41.99999999999988,280
3668,-82.20000000000002,178
3669,-62.69999999999996,223
3670,-82.60000000000002,174
3671,-82.40000000000003,176
3672,-82.70000000000003,173
3673,-82.20000000000002,178
3674,-82.40000000000003,176
3675,-82.70000000000003,173
3676,-82.70000000000003,173
3677,-81.80000000000001,182
3678,-82.60000000000002,174
3679,-82.40000000000003,176
3680,-82.20000000000002,178
3681,-82.40000000000003,176
3682,-82.70000000000003,173
3683,-82.60000000000002,174
3684,-82.70000000000003,173
3685,-82.60000000000002,174
3686,-82.40000000000003,176
3687,-82.40000000000003,176
3688,-82.60000000000002,174
3689,-82.20000000000002,178
3690,-82.40000000000003,176
3691,-81.4,186
3692,-63.89999999999997,216
3693,-81.60000000000002,184
3694,-82.40000000000003,176
3695,-82.20000000000002,178
3696,-64.09999999999997,214
3697,-82.60000000000002,174
3698,-82.40000000000003,176
3699,-82.20000000000002,178
3700,-82.20000000000002,178
3701,-82.70000000000003,173
3702,-82.40000000000003,176
3703,-82.70000000000003,173
3704,-81.80000000000001,182
3705,-82.60000000000002,174
3706,-2.7000000000004576,418
3707,-82.70000000000003,173
3708,-67.09999999999997,224
3709,-82.20000000000002,178
3710,-82.40000000000003,176
3711,-82.70000000000003,173
3712,-82.60000000000002,174
3713,-82.70000000000003,173
3714,-82.00000000000003,180
3715,-82.40000000000003,176
3716,-82.20000000000002,178
3717,-82.60000000000002,174
3718,-82.70000000000003,173
3719,-82.00000000000003,180
3720,-82.40000000000003,176
3721,-82.20000000000002,178
3722,-82.60000000000002,174
3723,-82.60000000000002,174
3724,-82.40000000000003,176
3725,-63.29999999999996,222
3726,-82.00000000000003,180
3727,-82.70000000000003,173
3728,-82.70000000000003,173
3729,-82.20000000000002,178
3730,-82.20000000000002,178
3731,-81.80000000000001,182
3732,-82.40000000000003,176
3733,-82.40000000000003,176
3734,-62.19999999999995,228
3735,-82.60000000000002,174
3736,-64.69999999999993,248
3737,-82.70000000000003,173
3738,-82.20000000000002,178
3739,-82.60000000000002,174
3740,-82.60000000000002,174
3741,-60.89999999999993,246
3742,-82.40000000000003,176
3743,-61.99999999999995,230
3744,-40.49999999999982,320
3745,-82.40000000000003,176
3746,-82.60000000000002,174
3747,-82.20000000000002,178
3748,-82.70000000000003,173
3749,-81.4,186
3750,-30.400000000000148,346
3751,-82.40000000000003,176
3752,-82.40000000000003,176
3753,-81.4,186
3754,-82.00000000000003,180
3755,-82.70000000000003,173
3756,-82.40000000000003,176
3757,-82.70000000000003,173
3758,-81.80000000000001,182
3759,-68.29999999999998,212
3760,-82.20000000000002,178
3761,-82.40000000000003,176
3762,-82.70000000000003,173
3763,-82.70000000000003,173
3764,-82.70000000000003,173
3765,-82.60000000000002,174
3766,-82.70000000000003,173
3767,-82.70000000000003,173
3768,-82.20000000000002,178
3769,2.2999999999992724,428
3770,-41.099999999999866,289
3771,-82.70000000000003,173
3772,-82.20000000000002,178
3773,-82.70000000000003,173
3774,-62.79999999999996,222
3775,-82.60000000000002,174
3776,-82.70000000000003,173
3777,-82.40000000000003,176
3778,-59.599999999999916,254
3779,-60.799999999999926,247
3780,-82.20000000000002,178
3781,-82.60000000000002,174
3782,-3.300000000000452,412
3783,-82.40000000000003,176
3784,-82.40000000000003,176
3785,-81.4,186
3786,-82.70000000000003,173
3787,-81.80000000000001,182
3788,-82.60000000000002,174
3789,-68.29999999999998,212
3790,-82.70000000000003,173
3791,-82.70000000000003,173
3792,-82.70000000000003,173
3793,-82.40000000000003,176
3794,-82.00000000000003,180
3795,-82.40000000000003,176
3796,-81.80000000000001,182
3797,-82.40000000000003,176
3798,-82.40000000000003,176
3799,-82.40000000000003,176
3800,-82.00000000000003,180
3801,-82.20000000000002,178
3802,-82.60000000000002,174
3803,-82.70000000000003,173
3804,-82.60000000000002,174
3805,-81.80000000000001,182
3806,-82.20000000000002,178
3807,-46.69999999999987,288
3808,-82.70000000000003,173
3809,-81.80000000000001,182
3810,-43.199999999999896,268
3811,-82.20000000000002,178
3812,-81.80000000000001,182
3813,31.199999999998795,532
3814,-82.70000000000003,173
3815,-82.20000000000002,178
3816,-82.00000000000003,180
3817,-64.49999999999991,250
3818,-40.79999999999986,292
3819,-82.00000000000003,180
3820,-41.99999999999988,280
3821,-82.40000000000003,176
3822,-81.60000000000002,184
3823,-82.40000000000003,176
3824,-62.999999999999964,220
3825,-59.89999999999991,256
3826,-60.49999999999992,250
3827,-82.60000000000002,174
3828,-82.40000000000003,176
3829,-81.60000000000002,184
3830,-82.40000000000003,176
3831,-60.29999999999992,252
3832,-82.70000000000003,173
3833,-82.70000000000003,173
3834,-82.00000000000003,180
3835,-62.399999999999956,226
3836,-67.89999999999998,216
3837,-82.60000000000002,174
3838,-81.80000000000001,182
3839,-67.49999999999997,220
3840,-81.80000000000001,182
3841,-81.80000000000001,182
3842,-81.60000000000002,184
3843,-81.4,186
3844,-82.60000000000002,174
3845,56.399999999998386,624
3846,-82.60000000000002,174
3847,-82.40000000000003,176
3848,-23.200000000000145,318
3849,-82.70000000000003,173
3850,-82.00000000000003,180
3851,-82.00000000000003,180
3852,-10.200000000000315,358
3853,-82.40000000000003,176
3854,-82.70000000000003,173
3855,-82.20000000000002,178
3856,-82.20000000000002,178
3857,-81.60000000000002,184
3858,-59.99999999999992,250
3859,-82.70000000000003,173
3860,-82.00000000000003,180
3861,-82.20000000000002,178
3862,-64.09999999999997,214
3863,-64.29999999999993,252
3864,-82.60000000000002,174
3865,-82.70000000000003,173
3866,-82.40000000000003,176
3867,-82.70000000000003,173
3868,-82.70000000000003,173
3869,-81.80000000000001,182
3870,-82.60000000000002,174
3871,-82.40000000000003,176
3872,-82.70000000000003,173
3873,-82.60000000000002,174
3874,-82.20000000000002,178
3875,-41.899999999999814,326
3876,-82.20000000000002,178
3877,-82.60000000000002,174
3878,-82.70000000000003,173
3879,-81.80000000000001,182
3880,-82.60000000000002,174
3881,-82.20000000000002,178
3882,-82.70000000000003,173
3883,-82.00000000000003,180
3884,-82.20000000000002,178
3885,-82.60000000000002,174
3886,-82.60000000000002,174
3887,-82.40000000000003,176
3888,-82.40000000000003,176
3889,-82.40000000000003,176
3890,-81.80000000000001,182
3891,-82.70000000000003,173
3892,-82.40000000000003,176
3893,-82.40000000000003,176
3894,16.199999999999193,502
3895,-82.60000000000002,174
3896,-82.60000000000002,174
3897,-82.40000000000003,176
3898,-81.80000000000001,182
3899,-82.70000000000003,173
3900,-82.60000000000002,174
3901,-82.70000000000003,173
3902,-82.20000000000002,178
3903,-82.60000000000002,174
3904,-82.40000000000003,176
3905,-82.40000000000003,176
3906,-82.70000000000003,173
3907,-43.69999999999987,288
3908,-82.70000000000003,173
3909,-82.60000000000002,174
3910,-82.20000000000002,178
3911,-82.70000000000003,173
3912,-82.70000000000003,173
3913,-82.60000000000002,174
3914,-82.70000000000003,173
3915,-60.29999999999992,252
3916,-82.00000000000003,180
3917,-82.60000000000002,174
3918,-82.70000000000003,173
3919,-82.20000000000002,178
3920,-82.70000000000003,173
3921,-82.70000000000003,173
3922,-67.29999999999995,222
3923,-82.40000000000003,176
3924,-82.70000000000003,173
3925,-82.00000000000003,180
3926,-82.00000000000003,180
3927,-82.60000000000002,174
3928,-82.60000000000002,174
3929,-82.70000000000003,173
3930,-63.69999999999997,218
3931,-82.70000000000003,173
3932,-82.20000000000002,178
3933,-82.40000000000003,176
3934,-44.099999999999866,289
3935,-43.899999999999906,261
3936,-82.70000000000003,173
3937,-82.40000000000003,176
3938,-82.60000000000002,174
3939,-82.40000000000003,176
3940,-82.20000000000002,178
3941,-82.40000000000003,176
3942,-82.60000000000002,174
3943,-10.600000000000335,354
3944,-82.20000000000002,178
3945,-82.70000000000003,173
3946,-82.20000000000002,178
3947,-82.70000000000003,173
3948,-82.60000000000002,174
3949,-82.60000000000002,174
3950,-82.70000000000003,173
3951,-25.300000000000054,342
3952,-82.40000000000003,176
3953,-82.70000000000003,173
3954,-63.19999999999997,218
3955,-82.70000000000003,173
3956,-82.70000000000003,173
3957,-82.20000000000002,178
3958,-82.60000000000002,174
3959,-82.70000000000003,173
3960,-82.40000000000003,176
3961,-82.60000000000002,174
3962,-82.70000000000003,173
3963,-82.60000000000002,174
3964,-46.299999999999876,282
3965,-82.60000000000002,174
3966,-82.00000000000003,180
3967,-82.60000000000002,174
3968,-82.20000000000002,178
3969,-82.00000000000003,180
3970,-82.60000000000002,174
3971,-82.70000000000003,173
3972,-82.20000000000002,178
3973,-82.70000000000003,173
3974,-82.40000000000003,176
3975,-82.70000000000003,173
3976,-82.40000000000003,176
3977,-82.70000000000003,173
3978,-82.00000000000003,180
3979,-82.70000000000003,173
3980,-82.70000000000003,173
3981,-82.60000000000002,174
3982,-82.40000000000003,176
3983,-62.79999999999996,222
3984,-82.40000000000003,176
3985,-82.20000000000002,178
3986,-82.70000000000003,173
3987,-62.19999999999995,228
3988,-82.70000000000003,173
3989,-82.60000000000002,174
3990,-82.70000000000003,173
3991,-82.70000000000003,173
3992,-82.40000000000003,176
3993,-82.70000000000003,173
3994,-82.20000000000002,178
3995,-82.70000000000003,173
3996,-82.60000000000002,174
3997,-82.40000000000003,176
3998,-82.20000000000002,178
3999,-82.70000000000003,173
4000,-82.00000000000003,180
4001,-82.60000000000002,174
4002,-82.20000000000002,178
4003,-20.100000000000236,394
4004,-82.60000000000002,174
4005,-82.20000000000002,178
4006,-82.60000000000002,174
4007,-81.80000000000001,182
4008,-82.70000000000003,173
4009,-82.20000000000002,178
4010,-82.70000000000003,173
4011,-82.70000000000003,173
4012,-82.60000000000002,174
4013,-82.70000000000003,173
4014,-82.40000000000003,176
4015,-82.70000000000003,173
4016,-82.40000000000003,176
4017,-82.60000000000002,174
4018,-82.70000000000003,173
4019,-81.80000000000001,182
4020,-82.70000000000003,173
4021,-81.80000000000001,182
4022,-82.20000000000002,178
4023,52.899999999998556,554
4024,-62.79999999999996,222
4025,-64.49999999999991,250
4026,-82.00000000000003,180
4027,-82.70000000000003,173
4028,-49.19999999999988,278
4029,-82.40000000000003,176
4030,-82.70000000000003,173
4031,-82.70000000000003,173
4032,-21.200000000000145,343
4033,-82.70000000000003,173
4034,-82.70000000000003,173
4035,-82.00000000000003,180
4036,-82.00000000000003,180
4037,-82.40000000000003,176
4038,-82.20000000000002,178
4039,-82.70000000000003,173
4040,-44.19999999999991,258
4041,-47.299999999999876,282
4042,-81.60000000000002,184
4043,-82.20000000000002,178
4044,-18.60000000000028,364
4045,-82.20000000000002,178
4046,-40.199999999999854,298
4047,-82.70000000000003,173
4048,-82.40000000000003,176
4049,-82.60000000000002,174
4050,-82.70000000000003,173
4051,94.99999999999807,610
4052,-82.60000000000002,174
4053,-82.70000000000003,173
4054,-82.20000000000002,178
4055,-82.60000000000002,174
4056,-41.69999999999987,288
4057,-82.40000000000003,176
4058,-82.00000000000003,180
4059,-82.20000000000002,178
4060,-59.89999999999992,251
4061,36.599999999999056,476
4062,-82.20000000000002,178
4063,-64.69999999999993,248
4064,-81.80000000000001,182
4065,-82.70000000000003,173
4066,-82.60000000000002,174
4067,-81.80000000000001,182
4068,-82.00000000000003,180
4069,-82.70000000000003,173
4070,-82.60000000000002,174
4071,-66.59999999999995,229
4072,-82.70000000000003,173
4073,-82.60000000000002,174
4074,-81.80000000000001,182
4075,-82.40000000000003,176
4076,-82.60000000000002,174
4077,-82.00000000000003,180
4078,-82.00000000000003,180
4079,19.89999999999924,454
4080,-37.19999999999981,328
4081,-82.20000000000002,178
4082,-81.60000000000002,184
4083,-82.20000000000002,178
4084,-82.70000000000003,173
4085,-82.60000000000002,174
4086,-82.20000000000002,178
4087,-81.60000000000002,184
4088,-82.00000000000003,180
4089,-81.80000000000001,182
4090,-81.80000000000001,182
4091,-82.20000000000002,178
4092,-63.099999999999966,219
4093,-82.20000000000002,178
4094,-82.60000000000002,174
4095,-41.099999999999866,289
4096,-81.4,186
4097,-46.199999999999875,283
4098,-82.60000000000002,174
4099,-82.00000000000003,180
4100,-82.20000000000002,178
4101,-82.70000000000003,173
4102,-82.70000000000003,173
4103,-82.40000000000003,176
4104,-62.69999999999996,223
4105,-81.60000000000002,184
4106,-82.60000000000002,174
4107,-82.40000000000003,176
4108,-68.29999999999998,212
4109,-81.80000000000001,182
4110,-82.00000000000003,180
4111,-82.20000000000002,178
4112,-82.70000000000003,173
4113,-67.69999999999996,218
4114,-82.70000000000003,173
4115,-61.89999999999995,231
4116,-82.20000000000002,178
4117,-82.40000000000003,176
4118,-82.70000000000003,173
4119,66.19999999999817,622
4120,-82.20000000000002,178
4121,-81.60000000000002,184
4122,-82.00000000000003,180
4123,-82.20000000000002,178
4124,-82.40000000000003,176
4125,-81.80000000000001,182
4126,-82.40000000000003,176
4127,-82.20000000000002,178
4128,-82.20000000000002,178
4129,-82.20000000000002,178
4130,-82.40000000000003,176
4131,-82.60000000000002,174
4132,-82.70000000000003,173
4133,-82.70000000000003,173
4134,-81.80000000000001,182
4135,-44.999999999999915,255
4136,-82.40000000000003,176
4137,-82.70000000000003,173
4138,-81.80000000000001,182
4139,-82.60000000000002,174
4140,-82.60000000000002,174
4141,-64.49999999999991,250
4142,-63.19999999999997,218
4143,-40.799999999999855,297
4144,-82.70000000000003,173
4145,-82.70000000000003,173
4146,-82.70000000000003,173
4147,-82.00000000000003,180
4148,-63.39999999999997,216
4149,-82.40000000000003,176
4150,-82.70000000000003,173
4151,-82.40000000000003,176
4152,-82.20000000000002,178
4153,-62.79999999999996,222
4154,-81.80000000000001,182
4155,-82.60000000000002,174
4156,-82.70000000000003,173
4157,-81.60000000000002,184
4158,-82.40000000000003,176
4159,-82.40000000000003,176
4160,-82.20000000000002,178
4161,-82.70000000000003,173
4162,-82.40000000000003,176
4163,-82.70000000000003,173
4164,-82.60000000000002,174
4165,-82.70000000000003,173
4166,-82.60000000000002,174
4167,-42.49999999999988,280
4168,-82.60000000000002,174
4169,-82.60000000000002,174
4170,-82.00000000000003,180
4171,-82.70000000000003,173
4172,-82.70000000000003,173
4173,-82.70000000000003,173
4174,-82.00000000000003,180
4175,-82.00000000000003,180
4176,-82.70000000000003,173
4177,-82.60000000000002,174
4178,-82.40000000000003,176
4179,-82.60000000000002,174
4180,-82.60000000000002,174
4181,-82.00000000000003,180
4182,-82.40000000000003,176
4183,-82.70000000000003,173
4184,-82.40000000000003,176
4185,-82.60000000000002,174
4186,-82.40000000000003,176
4187,-82.20000000000002,178
4188,-82.60000000000002,174
4189,-82.40000000000003,176
4190,-82.60000000000002,174
4191,-82.70000000000003,173
4192,-82.70000000000003,173
4193,-82.20000000000002,178
4194,-82.70000000000003,173
4195,-82.20000000000002,178
4196,-82.60000000000002,174
4197,-82.70000000000003,173
4198,-82.70000000000003,173
4199,-82.40000000000003,176
4200,-82.70000000000003,173
4201,-82.40000000000003,176
4202,-82.70000000000003,173
4203,-28.5000000000001,310
4204,-82.20000000000002,178
4205,-82.70000000000003,173
4206,-81.80000000000001,182
4207,-82.60000000000002,174
4208,-82.60000000000002,174
4209,-82.60000000000002,174
4210,-82.70000000000003,173
4211,-82.00000000000003,180
4212,-82.70000000000003,173
4213,-82.40000000000003,176
4214,-82.70000000000003,173
4215,-82.70000000000003,173
4216,-82.70000000000003,173
4217,-82.00000000000003,180
4218,-82.70000000000003,173
4219,-82.70000000000003,173
4220,-82.60000000000002,174
4221,-82.20000000000002,178
4222,-82.70000000000003,173
4223,-82.20000000000002,178
4224,-82.70000000000003,173
4225,-82.60000000000002,174
4226,-82.20000000000002,178
4227,-82.60000000000002,174
4228,-82.70000000000003,173
4229,-82.60000000000002,174
4230,-82.70000000000003,173
4231,-82.60000000000002,174
4232,-82.60000000000002,174
4233,-82.70000000000003,173
4234,-82.70000000000003,173
4235,-82.60000000000002,174
4236,-82.70000000000003,173
4237,-82.00000000000003,180
4238,-82.40000000000003,176
4239,-82.60000000000002,174
4240,-64.29999999999993,252
4241,-82.60000000000002,174
4242,-82.70000000000003,173
4243,-82.60000000000002,174
4244,-82.60000000000002,174
4245,-82.40000000000003,176
4246,-82.40000000000003,176
4247,-82.60000000000002,174
4248,-82.70000000000003,173
4249,-82.40000000000003,176
4250,-59.39999999999991,256
4251,-82.60000000000002,174
4252,-82.70000000000003,173
4253,-82.70000000000003,173
4254,-82.60000000000002,174
4255,-82.60000000000002,174
4256,-82.20000000000002,178
4257,-82.40000000000003,176
4258,-82.60000000000002,174
4259,-82.70000000000003,173
4260,-82.70000000000003,173
4261,-82.40000000000003,176
4262,-82.40000000000003,176
4263,-82.70000000000003,173
4264,-82.00000000000003,180
4265,-82.40000000000003,176
4266,-82.70000000000003,173
4267,-82.70000000000003,173
4268,-82.40000000000003,176
4269,-82.60000000000002,174
4270,-82.00000000000003,180
4271,-82.60000000000002,174
4272,-82.60000000000002,174
4273,-82.70000000000003,173
4274,-82.60000000000002,174
4275,-82.40000000000003,176
4276,-82.70000000000003,173
4277,-82.70000000000003,173
4278,-82.60000000000002,174
4279,-82.70000000000003,173
4280,-82.40000000000003,176
4281,-82.70000000000003,173
4282,-82.70000000000003,173
4283,-82.60000000000002,174
4284,-82.60000000000002,174
4285,-82.70000000000003,173
4286,-82.40000000000003,176
4287,-82.70000000000003,173
4288,-82.70000000000003,173
4289,-82.40000000000003,176
4290,-82.70000000000003,173
4291,-82.70000000000003,173
4292,-82.70000000000003,173
4293,-82.60000000000002,174
4294,-82.60000000000002,174
4295,-82.40000000000003,176
4296,-82.70000000000003,173
4297,-82.70000000000003,173
4298,-82.40000000000003,176
4299,-82.40000000000003,176
4300,-82.60000000000002,174
4301,-82.40000000000003,176
4302,-82.60000000000002,174
4303,-82.70000000000003,173
4304,-82.70000000000003,173
4305,-82.60000000000002,174
4306,-82.00000000000003,180
4307,-82.70000000000003,173
4308,-82.70000000000003,173
4309,-82.60000000000002,174
4310,-82.60000000000002,174
4311,-82.70000000000003,173
4312,-82.70000000000003,173
4313,-64.89999999999992,246
4314,-82.40000000000003,176
4315,-82.70000000000003,173
4316,-82.40000000000003,176
4317,-82.40000000000003,176
4318,-82.40000000000003,176
4319,-82.70000000000003,173
4320,-82.70000000000003,173
4321,-82.70000000000003,173
4322,-82.70000000000003,173
4323,-82.70000000000003,173
4324,-82.70000000000003,173
4325,-82.70000000000003,173
4326,-81.60000000000002,184
4327,-82.40000000000003,176
4328,-82.70000000000003,173
4329,-82.70000000000003,173
4330,-82.70000000000003,173
4331,-82.40000000000003,176
4332,-82.70000000000003,173
4333,-82.60000000000002,174
4334,-82.20000000000002,178
4335,-82.20000000000002,178
4336,-82.20000000000002,178
4337,-82.70000000000003,173
4338,-82.20000000000002,178
4339,-82.40000000000003,176
4340,-82.70000000000003,173
4341,-82.70000000000003,173
4342,-82.70000000000003,173
4343,-42.69999999999988,278
4344,-82.70000000000003,173
4345,-82.70000000000003,173
4346,-82.60000000000002,174
4347,-82.70000000000003,173
4348,-82.70000000000003,173
4349,-82.70000000000003,173
4350,-82.70000000000003,173
4351,-82.70000000000003,173
4352,-82.60000000000002,174
4353,-82.20000000000002,178
4354,-82.70000000000003,173
4355,-82.00000000000003,180
4356,-82.70000000000003,173
4357,-82.70000000000003,173
4358,-82.60000000000002,174
4359,-82.60000000000002,174
4360,-82.60000000000002,174
4361,-82.70000000000003,173
4362,-82.40000000000003,176
4363,-82.70000000000003,173
4364,-82.00000000000003,180
4365,-82.60000000000002,174
4366,-82.70000000000003,173
4367,-82.40000000000003,176
4368,-43.799999999999834,312
4369,-82.70000000000003,173
4370,-82.70000000000003,173
4371,-82.40000000000003,176
4372,-82.60000000000002,174
4373,-82.70000000000003,173
4374,-82.60000000000002,174
4375,-82.00000000000003,180
4376,-82.00000000000003,180
4377,-82.60000000000002,174
4378,-52.59999999999993,244
4379,-82.60000000000002,174
4380,59.99999999999875,550
4381,-82.40000000000003,176
4382,-82.60000000000002,174
4383,-82.60000000000002,174
4384,-82.70000000000003,173
4385,-82.40000000000003,176
4386,-82.00000000000003,180
4387,-82.70000000000003,173
4388,-82.20000000000002,178
4389,-82.40000000000003,176
4390,-82.40000000000003,176
4391,-82.70000000000003,173
4392,-82.20000000000002,178
4393,-82.40000000000003,176
4394,-82.70000000000003,173
4395,-82.60000000000002,174
4396,-82.40000000000003,176
4397,-82.70000000000003,173
4398,-82.70000000000003,173
4399,-82.00000000000003,180
4400,-82.20000000000002,178
4401,-82.60000000000002,174
4402,-82.40000000000003,176
4403,-82.20000000000002,178
4404,-81.80000000000001,182
4405,-82.70000000000003,173
4406,-82.70000000000003,173
4407,-82.70000000000003,173
4408,-82.40000000000003,176
4409,-82.20000000000002,178
4410,-82.40000000000003,176
4411,-63.599999999999966,219
4412,-64.89999999999992,246
4413,-82.20000000000002,178
4414,-82.40000000000003,176
4415,-82.40000000000003,176
4416,-82.70000000000003,173
4417,-82.70000000000003,173
4418,-82.20000000000002,178
4419,-82.70000000000003,173
4420,-82.20000000000002,178
4421,-82.70000000000003,173
4422,-82.60000000000002,174
4423,-81.80000000000001,182
4424,-82.60000000000002,174
4425,-82.40000000000003,176
4426,-82.70000000000003,173
4427,-82.40000000000003,176
4428,-82.70000000000003,173
4429,-82.70000000000003,173
4430,-82.00000000000003,180
4431,-82.60000000000002,174
4432,-82.40000000000003,176
4433,-82.20000000000002,178
4434,-82.60000000000002,174
4435,-82.60000000000002,174
4436,-82.70000000000003,173
4437,-82.60000000000002,174
4438,-82.40000000000003,176
4439,-82.70000000000003,173
4440,-82.20000000000002,178
4441,-82.60000000000002,174
4442,-82.40000000000003,176
4443,-82.70000000000003,173
4444,-82.60000000000002,174
4445,-82.00000000000003,180
4446,-82.00000000000003,180
4447,-82.00000000000003,180
4448,-81.80000000000001,182
4449,-67.59999999999997,219
4450,-82.60000000000002,174
4451,-82.60000000000002,174
4452,-82.60000000000002,174
4453,-82.60000000000002,174
4454,-82.60000000000002,174
4455,-82.60000000000002,174
4456,-2.2000000000004576,388
4457,-82.60000000000002,174
4458,-82.70000000000003,173
4459,-82.40000000000003,176
4460,-82.40000000000003,176
4461,-5.400000000000418,396
4462,-82.60000000000002,174
4463,-82.70000000000003,173
4464,-82.70000000000003,173
4465,-65.09999999999994,244
4466,-82.60000000000002,174
4467,-82.60000000000002,174
4468,-82.40000000000003,176
4469,-82.70000000000003,173
4470,-82.70000000000003,173
4471,-82.70000000000003,173
4472,-82.70000000000003,173
4473,-82.70000000000003,173
4474,-63.19999999999997,218
4475,-82.70000000000003,173
4476,-82.70000000000003,173
4477,-81.80000000000001,182
4478,-61.99999999999995,230
4479,-82.70000000000003,173
4480,-82.20000000000002,178
4481,-82.00000000000003,180
4482,-81.80000000000001,182
4483,-82.40000000000003,176
4484,-82.20000000000002,178
4485,-82.40000000000003,176
4486,-82.70000000000003,173
4487,-82.70000000000003,173
4488,-82.40000000000003,176
4489,-82.60000000000002,174
4490,-43.99999999999991,260
4491,-82.20000000000002,178
4492,-82.60000000000002,174
4493,-18.700000000000117,363
4494,-82.20000000000002,178
4495,-82.40000000000003,176
4496,-60.49999999999992,250
4497,-82.20000000000002,178
4498,-82.60000000000002,174
4499,-82.20000000000002,178
4500,-82.20000000000002,178
4501,-82.00000000000003,180
4502,-82.70000000000003,173
4503,-21.500000000000142,350
4504,-81.60000000000002,184
4505,-82.70000000000003,173
4506,-82.20000000000002,178
4507,-82.20000000000002,178
4508,-82.70000000000003,173
4509,-82.60000000000002,174
4510,-82.60000000000002,174
4511,-82.40000000000003,176
4512,-81.80000000000001,182
4513,-59.599999999999916,254
4514,-82.60000000000002,174
4515,-82.60000000000002,174
4516,-82.20000000000002,178
4517,-82.40000000000003,176
4518,-82.00000000000003,180
4519,-43.09999999999983,314
4520,-60.49999999999992,250
4521,-82.20000000000002,178
4522,-82.40000000000003,176
4523,-62.999999999999964,220
4524,-82.70000000000003,173
4525,-82.40000000000003,176
4526,-65.09999999999994,244
4527,-43.99999999999991,260
4528,-82.60000000000002,174
4529,-82.40000000000003,176
4530,-82.00000000000003,180
4531,-82.70000000000003,173
4532,-59.599999999999916,254
4533,-82.40000000000003,176
4534,-60.29999999999992,252
4535,-82.00000000000003,180
4536,-82.40000000000003,176
4537,-82.40000000000003,176
4538,-82.60000000000002,174
4539,-18.800000000000125,362
4540,-81.80000000000001,182
4541,-81.4,186
4542,-62.09999999999995,229
4543,-82.20000000000002,178
4544,-82.70000000000003,173
4545,-33.599999999999994,289
4546,-82.20000000000002,178
4547,-62.399999999999956,226
4548,-82.60000000000002,174
4549,-82.00000000000003,180
4550,-82.40000000000003,176
4551,-82.20000000000002,178
4552,-82.70000000000003,173
4553,-81.80000000000001,182
4554,-82.40000000000003,176
4555,33.29999999999879,498
4556,-82.40000000000003,176
4557,-82.40000000000003,176
4558,-82.00000000000003,180
4559,-82.40000000000003,176
4560,-82.00000000000003,180
4561,-82.70000000000003,173
4562,-82.60000000000002,174
4563,-82.20000000000002,178
4564,-81.4,186
4565,-41.59999999999987,284
4566,-81.80000000000001,182
4567,-82.20000000000002,178
4568,-82.40000000000003,176
4569,-64.49999999999991,250
4570,-81.60000000000002,184
4571,-82.60000000000002,174
4572,-82.60000000000002,174
4573,-82.60000000000002,174
4574,-47.49999999999989,270
4575,-82.70000000000003,173
4576,-28.500000000000142,295
4577,-82.20000000000002,178
4578,-60.49999999999992,250
4579,-82.70000000000003,173
4580,-81.80000000000001,182
4581,-44.799999999999876,282
4582,-81.4,186
4583,-82.60000000000002,174
4584,-40.79999999999986,292
4585,-82.60000000000002,174
4586,-82.60000000000002,174
4587,-27.40000000000012,336
4588,-82.00000000000003,180
4589,-81.80000000000001,182
4590,-66.99999999999996,225
4591,-62.19999999999995,228
4592,-82.20000000000002,178
4593,-81.80000000000001,182
4594,-62.999999999999964,220
4595,0.49999999999954525,410
4596,-82.20000000000002,178
4597,-81.60000000000002,184
4598,-40.49999999999982,320
4599,79.29999999999833,628
4600,-42.79999999999989,272
4601,-82.00000000000003,180
4602,-82.20000000000002,178
4603,-81.80000000000001,182
4604,-82.20000000000002,178
4605,-82.00000000000003,180
4606,-82.40000000000003,176
4607,-82.70000000000003,173
4608,-59.69999999999991,258
4609,-81.4,186
4610,-81.80000000000001,182
4611,-82.60000000000002,174
4612,-82.00000000000003,180
4613,-82.20000000000002,178
4614,-82.60000000000002,174
4615,-62.999999999999964,220
4616,-82.40000000000003,176
4617,-28.400000000000034,311
4618,-82.00000000000003,180
4619,-82.20000000000002,178
4620,-67.49999999999997,220
4621,-82.20000000000002,178
4622,-82.20000000000002,178
4623,-42.29999999999988,277
4624,-81.4,186
4625,-82.60000000000002,174
4626,-64.49999999999994,235
4627,-67.69999999999996,218
4628,-82.70000000000003,173
4629,-82.60000000000002,174
4630,-82.40000000000003,176
4631,-46.99999999999988,280
4632,-82.20000000000002,178
4633,-40.59999999999986,294
4634,-82.70000000000003,173
4635,-82.60000000000002,174
4636,-82.70000000000003,173
4637,92.99999999999793,660
4638,-59.19999999999991,258
4639,-82.70000000000003,173
4640,-62.399999999999956,226
4641,-81.60000000000002,184
4642,-62.299999999999955,227
4643,-82.70000000000003,173
4644,-82.20000000000002,178
4645,-82.20000000000002,178
4646,-82.40000000000003,176
4647,-18.5000000000001,370
4648,-82.00000000000003,180
4649,-82.70000000000003,173
4650,-82.70000000000003,173
4651,-82.70000000000003,173
4652,-82.00000000000003,180
4653,-81.80000000000001,182
4654,-62.299999999999955,227
4655,-82.00000000000003,180
4656,-82.70000000000003,173
4657,-82.00000000000003,180
4658,-18.20000000000006,368
4659,-62.399999999999956,226
4660,-82.70000000000003,173
4661,-82.60000000000002,174
4662,-82.70000000000003,173
4663,-2.100000000000449,384
4664,-82.20000000000002,178
4665,-81.4,186
4666,-64.09999999999991,254
4667,15.19999999999925,447
4668,-82.70000000000003,173
4669,-63.69999999999997,218
4670,-82.20000000000002,178
4671,-40.799999999999855,297
4672,-82.00000000000003,180
4673,-40.59999999999986,294
4674,-82.20000000000002,178
4675,-59.39999999999991,256
4676,-2.7000000000003297,383
4677,-62.19999999999995,228
4678,-62.59999999999996,224
4679,-82.70000000000003,173
4680,51.29999999999862,608
4681,-81.4,186
4682,-67.49999999999997,220
4683,-67.59999999999997,219
4684,-82.70000000000003,173
4685,-82.40000000000003,176
4686,-82.60000000000002,174
4687,-82.20000000000002,178
4688,-81.4,186
4689,-64.59999999999992,249
4690,-82.60000000000002,174
4691,-42.99999999999985,300
4692,-63.39999999999997,216
4693,-82.60000000000002,174
4694,-64.29999999999993,252
4695,-81.80000000000001,182
4696,-60.49999999999992,250
4697,-81.4,186
4698,-60.29999999999992,252
4699,-62.69999999999995,228
4700,-59.99999999999992,250
4701,-45.59999999999989,274
4702,-43.99999999999991,260
4703,-81.80000000000001,182
4704,-81.80000000000001,182
4705,17.599999999999298,451
4706,-63.09999999999996,224
4707,-64.29999999999998,207
4708,-68.29999999999998,212
4709,-38.799999999999834,312
4710,-24.60000000000018,304
4711,-63.39999999999993,246
4712,-82.40000000000003,176
4713,12.999999999999247,480
4714,-82.60000000000002,174
4715,-81.4,186
4716,-82.20000000000002,178
4717,-82.40000000000003,176
4718,-82.20000000000002,178
4719,-82.40000000000003,176
4720,-81.60000000000002,184
4721,-81.80000000000001,182
4722,-82.70000000000003,173
4723,-82.20000000000002,178
4724,-81.80000000000001,182
4725,-82.20000000000002,178
4726,-82.00000000000003,180
4727,-82.20000000000002,178
4728,-82.40000000000003,176
4729,-59.599999999999916,254
4730,-82.70000000000003,173
4731,-47.39999999999989,271
4732,-82.60000000000002,174
4733,-82.60000000000002,174
4734,-81.80000000000001,182
4735,-82.40000000000003,176
4736,-63.19999999999997,218
4737,-25.999999999999986,295
4738,-82.20000000000002,178
4739,-82.00000000000003,180
4740,-59.39999999999991,256
4741,-81.4,186
4742,-82.00000000000003,180
4743,15.2999999999993,428
4744,-82.70000000000003,173
4745,-15.900000000000134,396
4746,-82.20000000000002,178
4747,-81.4,186
4748,-81.60000000000002,184
4749,-82.70000000000003,173
4750,-81.60000000000002,184
4751,-63.89999999999997,216
4752,-43.99999999999991,260
4753,-81.80000000000001,182
4754,-45.699999999999854,298
4755,-81.60000000000002,184
4756,-82.40000000000003,176
4757,-82.70000000000003,173
4758,-82.70000000000003,173
4759,-65.09999999999994,244
4760,-45.59999999999993,244
4761,-82.60000000000002,174
4762,-20.600000000000037,374
4763,-59.99999999999992,250
4764,-82.40000000000003,176
4765,17.199999999999406,467
4766,-82.70000000000003,173
4767,-81.80000000000001,182
4768,-82.20000000000002,178
4769,-60.29999999999992,252
4770,-82.60000000000002,174
4771,-63.69999999999997,218
4772,-82.40000000000003,176
4773,-82.20000000000002,178
4774,-82.20000000000002,178
4775,-61.49999999999994,235
4776,-82.00000000000003,180
4777,-81.80000000000001,182
4778,-82.40000000000003,176
4779,-32.40000000000008,316
4780,-81.80000000000001,182
4781,-61.29999999999994,237
4782,-82.70000000000003,173
4783,-81.80000000000001,182
4784,-81.80000000000001,182
4785,33.899999999998954,494
4786,-82.70000000000003,173
4787,-6.6000000000004775,404
4788,-82.60000000000002,174
4789,-81.4,186
4790,-10.800000000000296,332
4791,-82.20000000000002,178
4792,-81.80000000000001,182
4793,-61.19999999999994,238
4794,-82.00000000000003,180
4795,-82.40000000000003,176
4796,-82.00000000000003,180
4797,-42.699999999999825,318
4798,48.399999999998755,534
4799,-82.20000000000002,178
4800,-25.300000000000026,342
4801,-82.20000000000002,178
4802,-82.70000000000003,173
4803,-82.00000000000003,180
4804,-67.49999999999997,220
4805,-82.60000000000002,174
4806,-19.300000000000267,362
4807,-81.80000000000001,182
4808,-82.40000000000003,176
4809,-81.80000000000001,182
4810,-64.19999999999992,253
4811,-82.40000000000003,176
4812,-62.899999999999956,226
4813,-82.70000000000003,173
4814,-82.40000000000003,176
4815,-82.70000000000003,173
4816,-82.20000000000002,178
4817,-64.39999999999992,251
4818,-82.70000000000003,173
4819,-29.800000000000253,322
4820,-82.20000000000002,178
4821,-82.00000000000003,180
4822,-37.399999999999814,326
4823,-61.39999999999994,236
4824,-82.40000000000003,176
4825,-82.40000000000003,176
4826,59.49999999999858,570
4827,-41.499999999999865,290
4828,-59.19999999999991,258
4829,-59.99999999999992,250
4830,-59.99999999999992,250
4831,-82.20000000000002,178
4832,-64.89999999999992,246
4833,-82.20000000000002,178
4834,-63.599999999999966,219
4835,-82.70000000000003,173
4836,-67.29999999999995,222
4837,-82.70000000000003,173
4838,-82.60000000000002,174
4839,-82.20000000000002,178
4840,-22.30000000000021,372
4841,-43.29999999999986,292
4842,-82.00000000000003,180
4843,-82.20000000000002,178
4844,-81.60000000000002,184
4845,-82.60000000000002,174
4846,-82.40000000000003,176
4847,-82.20000000000002,178
4848,7.89999999999938,444
4849,-82.00000000000003,180
4850,-20.200000000000088,363
4851,-39.19999999999984,308
4852,-67.29999999999995,222
4853,-82.60000000000002,174
4854,-61.599999999999945,234
4855,-41.09999999999986,294
4856,-63.89999999999998,211
4857,-82.70000000000003,173
4858,-62.09999999999995,229
4859,-81.80000000000001,182
4860,-82.70000000000003,173
4861,17.599999999999312,436
4862,-81.4,186
4863,1.4999999999995168,415
4864,-82.60000000000002,174
4865,-62.29999999999995,232
4866,-63.89999999999991,256
4867,-82.00000000000003,180
4868,-62.79999999999996,222
4869,-60.899999999999935,241
4870,-82.20000000000002,178
4871,-48.39999999999987,286
4872,-58.799999999999905,262
4873,-82.60000000000002,174
4874,-82.70000000000003,173
4875,-82.20000000000002,178
4876,-82.40000000000003,176
4877,-82.20000000000002,178
4878,-82.60000000000002,174
4879,-82.40000000000003,176
4880,-63.29999999999996,222
4881,-82.00000000000003,180
4882,-40.099999999999845,304
4883,-67.79999999999997,217
4884,-63.29999999999996,222
4885,-64.09999999999997,214
4886,-49.49999999999992,250
4887,-82.20000000000002,178
4888,-82.40000000000003,176
4889,-81.4,186
4890,-63.29999999999996,222
4891,-64.69999999999993,248
4892,-82.40000000000003,176
4893,-82.60000000000002,174
4894,-82.20000000000002,178
4895,-81.60000000000002,184
4896,-82.20000000000002,178
4897,-31.600000000000122,324
4898,-82.40000000000003,176
4899,-81.80000000000001,182
4900,-82.20000000000002,178
4901,-20.200000000000088,348
4902,-82.00000000000003,180
4903,-59.39999999999991,256
4904,-82.00000000000003,180
4905,-81.60000000000002,184
4906,-82.70000000000003,173
4907,-42.69999999999988,278
4908,-62.79999999999996,222
4909,-40.699999999999854,298
4910,-61.39999999999994,236
4911,-62.299999999999955,227
4912,-18.800000000000054,362
4913,-82.70000000000003,173
4914,-82.70000000000003,173
4915,-82.60000000000002,174
4916,-20.200000000000145,348
4917,-43.5999999999999,264
4918,-63.39999999999997,216
4919,-82.70000000000003,173
4920,-81.60000000000002,184
4921,-82.70000000000003,173
4922,-82.00000000000003,180
4923,-82.70000000000003,173
4924,-41.799999999999876,282
4925,-82.70000000000003,173
4926,-82.60000000000002,174
4927,-67.29999999999995,222
4928,-81.4,186
4929,-40.09999999999985,299
4930,-82.70000000000003,173
4931,-64.49999999999999,205
4932,-82.60000000000002,174
4933,-82.20000000000002,178
4934,-61.79999999999995,232
4935,-82.70000000000003,173
4936,-18.700000000000117,368
4937,-81.80000000000001,182
4938,-81.80000000000001,182
4939,-30.49999999999993,320
4940,20.7999999999992,463
4941,-60.299999999999926,247
4942,-67.19999999999996,223
4943,-82.70000000000003,173
4944,-8.000000000000426,365
4945,-43.5999999999999,264
4946,-82.20000000000002,178
4947,-62.69999999999996,223
4948,-82.20000000000002,178
4949,-48.299999999999905,262
4950,-81.80000000000001,182
4951,-43.9999999999999,265
4952,-67.39999999999996,221
4953,-82.60000000000002,174
4954,-59.89999999999991,256
4955,-62.79999999999996,222
4956,-63.39999999999996,221
4957,-82.00000000000003,180
4958,71.99999999999844,575
4959,-82.70000000000003,173
4960,-67.89999999999998,216
4961,30.799999999999102,478
4962,179.19999999999894,877
4963,-61.49999999999994,235
4964,-59.19999999999991,258
4965,-82.40000000000003,176
4966,-82.40000000000003,176
4967,-19.100000000000037,359
4968,-81.80000000000001,182
4969,3.6999999999995197,447
4970,-82.70000000000003,173
4971,-82.60000000000002,174
4972,-82.60000000000002,174
4973,-81.80000000000001,182
4974,-82.40000000000003,176
4975,-82.00000000000003,180
4976,-82.70000000000003,173
4977,-82.70000000000003,173
4978,-68.09999999999997,214
4979,-81.80000000000001,182
4980,-82.60000000000002,174
4981,-82.20000000000002,178
4982,-64.6,204
4983,-82.40000000000003,176
4984,39.49999999999872,540
4985,-81.80000000000001,182
4986,-64.49999999999991,250
4987,-82.70000000000003,173
4988,-82.20000000000002,178
4989,-40.39999999999985,301
4990,-82.40000000000003,176
4991,-61.399999999999935,241
4992,-47.39999999999989,271
4993,-67.09999999999997,224
4994,1.9999999999993747,420
4995,-82.00000000000003,180
4996,-2.800000000000395,377
4997,-81.4,186
4998,-82.40000000000003,176
4999,-67.49999999999997,220
5000,-59.599999999999916,254
5001,-82.20000000000002,178
5002,-82.40000000000003,176
5003,-82.70000000000003,173
5004,-81.80000000000001,182
5005,-62.79999999999996,222
5006,61.99999999999855,540
5007,-82.70000000000003,173
5008,-82.70000000000003,173
5009,-41.89999999999984,306
5010,-82.40000000000003,176
5011,-62.59999999999996,224
5012,-61.59999999999994,239
5013,-82.60000000000002,174
5014,-81.4,186
5015,-62.59999999999996,224
5016,-41.499999999999865,290
5017,-82.40000000000003,176
5018,-67.89999999999998,216
5019,-82.40000000000003,176
5020,-81.4,186
5021,-82.40000000000003,176
5022,-82.60000000000002,174
5023,-82.20000000000002,178
5024,55.69999999999857,522
5025,-2.700000000000557,448
5026,-82.60000000000002,174
5027,-81.4,186
5028,-81.80000000000001,182
5029,-41.39999999999987,286
5030,-82.40000000000003,176
5031,-81.80000000000001,182
5032,-22.700000000000145,378
5033,-82.20000000000002,178
5034,-82.00000000000003,180
5035,-82.40000000000003,176
5036,-64.09999999999998,209
5037,-81.80000000000001,182
5038,-29.299999999999955,317
5039,-82.70000000000003,173
5040,-66.69999999999996,228
5041,-81.60000000000002,184
5042,-61.19999999999994,238
5043,-39.499999999999844,305
5044,-3.30000000000031,367
5045,-61.599999999999945,234
5046,-82.60000000000002,174
5047,-18.200000000000102,368
5048,-81.60000000000002,184
5049,-81.80000000000001,182
5050,-82.70000000000003,173
5051,-61.99999999999995,230
5052,-82.20000000000002,178
5053,-82.00000000000003,180
5054,-82.40000000000003,176
5055,-82.70000000000003,173
5056,-23.100000000000108,334
5057,-82.20000000000002,178
5058,-81.80000000000001,182
5059,-82.20000000000002,178
5060,-64.39999999999995,236
5061,-21.800000000000225,332
5062,-82.20000000000002,178
5063,-82.40000000000003,176
5064,-82.20000000000002,178
5065,-82.70000000000003,173
5066,0.5999999999994259,436
5067,-60.69999999999993,243
5068,-82.60000000000002,174
5069,-41.19999999999987,288
5070,-41.19999999999987,288
5071,-81.80000000000001,182
5072,-82.40000000000003,176
5073,-82.00000000000003,180
5074,-82.70000000000003,173
5075,-43.49999999999989,270
5076,-82.20000000000002,178
5077,-82.00000000000003,180
5078,-62.09999999999995,229
5079,-82.60000000000002,174
5080,-43.199999999999896,268
5081,-82.70000000000003,173
5082,-81.80000000000001,182
5083,-82.20000000000002,178
5084,-82.70000000000003,173
5085,-82.60000000000002,174
5086,-44.39999999999985,301
5087,-61.19999999999994,238
5088,-82.00000000000003,180
5089,-82.00000000000003,180
5090,-82.40000000000003,176
5091,-82.70000000000003,173
5092,-82.60000000000002,174
5093,-82.40000000000003,176
5094,-82.20000000000002,178
5095,-62.79999999999996,222
5096,-82.40000000000003,176
5097,-81.80000000000001,182
5098,-82.60000000000002,174
5099,-41.29999999999986,292
5100,-64.09999999999991,254
5101,-62.09999999999995,229
5102,-82.40000000000003,176
5103,-20.400000000000148,346
5104,-82.20000000000002,178
5105,-62.299999999999955,227
5106,-82.40000000000003,176
5107,-82.70000000000003,173
5108,-82.70000000000003,173
5109,-81.60000000000002,184
5110,-82.20000000000002,178
5111,-82.20000000000002,178
5112,-81.60000000000002,184
5113,21.499999999999204,495
5114,-82.00000000000003,180
5115,-82.20000000000002,178
5116,-82.60000000000002,174
5117,-5.300000000000281,392
5118,-63.89999999999997,216
5119,-62.999999999999964,220
5120,-82.70000000000003,173
5121,-62.19999999999995,228
5122,-81.80000000000001,182
5123,-44.79999999999982,322
5124,-44.29999999999985,302
5125,-81.80000000000001,182
5126,-81.80000000000001,182
5127,-81.80000000000001,182
5128,-82.40000000000003,176
5129,-82.00000000000003,180
5130,-63.09999999999996,224
5131,-63.29999999999996,222
5132,-67.69999999999996,218
5133,-82.00000000000003,180
5134,-63.39999999999997,216
5135,19.699999999999292,492
5136,-62.999999999999964,220
5137,-42.19999999999987,288
5138,-82.40000000000003,176
5139,-67.49999999999997,220
5140,-24.80000000000024,352
5141,-82.40000000000003,176
5142,-82.40000000000003,176
5143,-82.40000000000003,176
5144,-81.80000000000001,182
5145,-82.00000000000003,180
5146,-67.49999999999997,220
5147,-42.29999999999987,287
5148,-82.40000000000003,176
5149,-81.80000000000001,182
5150,36.299999999998846,508
5151,-82.40000000000003,176
5152,-5.800000000000296,372
5153,-82.70000000000003,173
5154,-46.5999999999999,264
5155,-63.79999999999993,242
5156,-82.40000000000003,176
5157,-82.20000000000002,178
5158,-82.20000000000002,178
5159,-64.09999999999997,214
5160,-82.20000000000002,178
5161,18.299999999999542,433
5162,-82.20000000000002,178
5163,-82.70000000000003,173
5164,-81.4,186
5165,-6.400000000000318,336
5166,-66.59999999999995,229
5167,-82.20000000000002,178
5168,-60.49999999999992,250
5169,-82.70000000000003,173
5170,-59.79999999999992,252
5171,-82.20000000000002,178
5172,-82.60000000000002,174
5173,-58.99999999999991,260
5174,-82.70000000000003,173
5175,-4.200000000000472,388
5176,-81.80000000000001,182
5177,-82.40000000000003,176
5178,-82.70000000000003,173
5179,24.999999999998977,520
5180,-82.70000000000003,173
5181,-82.20000000000002,178
5182,-62.49999999999996,225
5183,-64.29999999999993,252
5184,-82.20000000000002,178
5185,-81.4,186
5186,74.09999999999837,616
5187,-61.699999999999946,233
5188,-82.00000000000003,180
5189,-82.40000000000003,176
5190,-81.4,186
5191,-82.40000000000003,176
5192,-82.60000000000002,174
5193,-82.40000000000003,176
5194,-46.3999999999999,266
5195,-62.19999999999995,228
5196,-82.20000000000002,178
5197,-60.29999999999992,252
5198,-45.09999999999986,294
5199,-82.00000000000003,180
5200,-82.40000000000003,176
5201,-62.59999999999996,224
5202,-82.70000000000003,173
5203,-81.80000000000001,182
5204,-82.40000000000003,176
5205,-65.39999999999993,241
5206,-64.39999999999998,206
5207,-63.999999999999936,240
5208,-41.89999999999987,286
5209,-81.60000000000002,184
5210,-82.60000000000002,174
5211,-82.60000000000002,174
5212,-82.60000000000002,174
5213,-60.29999999999992,252
5214,-81.4,186
5215,-82.60000000000002,174
5216,-22.9999999999999,335
5217,-82.70000000000003,173
5218,-45.09999999999986,294
5219,-82.60000000000002,174
5220,-81.80000000000001,182
5221,-82.20000000000002,178
5222,-82.20000000000002,178
5223,-82.70000000000003,173
5224,-82.20000000000002,178
5225,-82.40000000000003,176
5226,-82.60000000000002,174
5227,-81.80000000000001,182
5228,-82.40000000000003,176
5229,-81.4,186
5230,-82.20000000000002,178
5231,-59.79999999999992,252
5232,-82.70000000000003,173
5233,-26.70000000000003,328
5234,-62.79999999999996,222
5235,-67.49999999999997,220
5236,-20.200000000000202,348
5237,-81.80000000000001,182
5238,-82.40000000000003,176
5239,-59.79999999999992,252
5240,-82.20000000000002,178
5241,-82.70000000000003,173
5242,82.99999999999832,640
5243,-81.80000000000001,182
5244,-82.20000000000002,178
5245,-37.59999999999982,324
5246,-82.40000000000003,176
5247,-82.60000000000002,174
5248,-82.40000000000003,176
5249,-8.10000000000035,369
5250,-81.80000000000001,182
5251,-82.00000000000003,180
5252,-82.70000000000003,173
5253,-82.70000000000003,173
5254,-82.60000000000002,174
5255,-59.89999999999991,256
5256,-61.79999999999995,232
5257,-40.59999999999986,294
5258,-82.70000000000003,173
5259,-82.70000000000003,173
5260,-82.40000000000003,176
5261,-45.89999999999987,286
5262,-82.00000000000003,180
5263,-82.60000000000002,174
5264,-81.80000000000001,182
5265,-81.80000000000001,182
5266,-82.40000000000003,176
5267,-81.80000000000001,182
5268,-81.80000000000001,182
5269,-82.40000000000003,176
5270,-82.00000000000003,180
5271,-45.09999999999986,294
5272,-82.00000000000003,180
5273,-82.00000000000003,180
5274,-82.20000000000002,178
5275,-37.19999999999981,328
5276,-81.4,186
5277,-63.29999999999996,222
5278,-81.4,186
5279,-82.20000000000002,178
5280,-82.20000000000002,178
5281,-82.70000000000003,173
5282,-82.00000000000003,180
5283,-19.80000000000014,362
5284,-82.20000000000002,178
5285,-67.49999999999997,220
5286,-82.60000000000002,174
5287,-82.40000000000003,176
5288,-67.49999999999997,220
5289,-82.60000000000002,174
5290,-82.20000000000002,178
5291,-82.20000000000002,178
5292,-82.70000000000003,173
5293,-38.29999999999982,322
5294,-82.00000000000003,180
5295,-82.00000000000003,180
5296,-62.899999999999956,226
5297,-82.00000000000003,180
5298,-61.79999999999995,232
5299,-62.59999999999996,224
5300,-82.70000000000003,173
5301,-81.60000000000002,184
5302,-42.19999999999988,278
5303,-82.70000000000003,173
5304,-82.40000000000003,176
5305,-81.80000000000001,182
5306,-82.70000000000003,173
5307,-81.60000000000002,184
5308,-82.00000000000003,180
5309,-68.29999999999998,212
5310,-39.99999999999985,300
5311,-82.00000000000003,180
5312,-82.00000000000003,180
5313,-82.70000000000003,173
5314,-63.19999999999996,223
5315,-82.40000000000003,176
5316,-82.60000000000002,174
5317,-23.700000000000216,388
5318,-82.40000000000003,176
5319,-43.09999999999983,314
5320,-24.400000000000205,306
5321,-63.39999999999996,221
5322,-82.20000000000002,178
5323,-39.49999999999981,330
5324,-82.00000000000003,180
5325,-81.4,186
5326,-17.800000000000182,372
5327,-40.79999999999986,292
5328,-82.20000000000002,178
5329,-82.00000000000003,180
5330,-82.00000000000003,180
5331,-82.70000000000003,173
5332,-82.70000000000003,173
5333,-82.40000000000003,176
5334,-4.300000000000409,362
5335,-82.60000000000002,174
5336,-82.20000000000002,178
5337,-62.59999999999996,224
5338,-82.00000000000003,180
5339,-82.60000000000002,174
5340,-62.69999999999996,223
5341,-82.40000000000003,176
5342,-1.800000000000324,387
5343,-82.60000000000002,174
5344,-64.49999999999991,250
5345,-82.40000000000003,176
5346,-60.59999999999993,244
5347,-82.20000000000002,178
5348,-82.70000000000003,173
5349,-82.20000000000002,178
5350,-82.60000000000002,174
5351,-82.70000000000003,173
5352,-82.40000000000003,176
5353,-82.40000000000003,176
5354,-81.80000000000001,182
5355,-64.49999999999991,250
5356,-82.20000000000002,178
5357,-82.00000000000003,180
5358,-8.100000000000335,354
5359,-82.20000000000002,178
5360,-82.20000000000002,178
5361,-62.69999999999996,223
5362,-64.09999999999991,254
5363,-32.80000000000008,292
5364,-82.00000000000003,180
5365,-82.70000000000003,173
5366,-68.29999999999998,212
5367,-59.599999999999916,254
5368,-82.20000000000002,178
5369,-82.40000000000003,176
5370,-82.70000000000003,173
5371,-63.599999999999966,219
5372,-82.40000000000003,176
5373,-17.80000000000011,372
5374,-82.70000000000003,173
5375,-82.40000000000003,176
5376,-60.099999999999916,254
5377,-81.60000000000002,184
5378,-46.299999999999876,282
5379,-82.20000000000002,178
5380,-81.80000000000001,182
5381,-82.00000000000003,180
5382,-40.999999999999865,290
5383,-82.60000000000002,174
5384,-64.09999999999997,214
5385,-82.40000000000003,176
5386,-82.00000000000003,180
5387,19.79999999999906,458
5388,-61.99999999999995,230
5389,-82.00000000000003,180
5390,-82.00000000000003,180
5391,-81.80000000000001,182
5392,-82.00000000000003,180
5393,-23.500000000000085,360
5394,-45.099999999999916,254
5395,-82.60000000000002,174
5396,-64.69999999999993,248
5397,-63.69999999999991,258
5398,-82.70000000000003,173
5399,-82.70000000000003,173
5400,-82.70000000000003,173
5401,-81.80000000000001,182
5402,-63.39999999999997,216
5403,-62.99999999999996,225
5404,-64.29999999999993,252
5405,-82.20000000000002,178
5406,-82.00000000000003,180
5407,-59.69999999999991,258
5408,-82.70000000000003,173
5409,-82.20000000000002,178
5410,-82.70000000000003,173
5411,-64.49999999999991,250
5412,-82.20000000000002,178
5413,-41.599999999999866,289
5414,-64.79999999999995,232
5415,-81.80000000000001,182
5416,-82.20000000000002,178
5417,-82.00000000000003,180
5418,-81.4,186
5419,-82.70000000000003,173
5420,-63.19999999999997,218
5421,-82.70000000000003,173
5422,-82.60000000000002,174
5423,-82.40000000000003,176
5424,-81.80000000000001,182
5425,-82.40000000000003,176
5426,-82.20000000000002,178
5427,-22.200000000000074,328
5428,-82.60000000000002,174
5429,-24.39999999999995,311
5430,-82.70000000000003,173
5431,-82.00000000000003,180
5432,-82.00000000000003,180
5433,-82.70000000000003,173
5434,-81.80000000000001,182
5435,-81.4,186
5436,-82.20000000000002,178
5437,-82.20000000000002,178
5438,-82.70000000000003,173
5439,-82.70000000000003,173
5440,-82.70000000000003,173
5441,-82.70000000000003,173
5442,-61.599999999999945,234
5443,21.399999999999125,504
5444,-23.10000000000018,369
5445,-39.69999999999985,303
5446,-60.999999999999936,240
5447,-82.20000000000002,178
5448,-2.8000000000004803,402
5449,-64.09999999999991,254
5450,-58.5999999999999,264
5451,-81.80000000000001,182
5452,-81.80000000000001,182
5453,-82.70000000000003,173
5454,-58.99999999999991,260
5455,-64.29999999999993,252
5456,-68.29999999999998,212
5457,-82.40000000000003,176
5458,-82.20000000000002,178
5459,-82.00000000000003,180
5460,-82.20000000000002,178
5461,-64.59999999999994,234
5462,-82.40000000000003,176
5463,-82.70000000000003,173
5464,-82.20000000000002,178
5465,-64.6,204
5466,-62.19999999999995,228
5467,-63.69999999999991,258
5468,-82.40000000000003,176
5469,-82.70000000000003,173
5470,-61.79999999999995,232
5471,-82.60000000000002,174
5472,-82.70000000000003,173
5473,-82.20000000000002,178
5474,-63.29999999999996,222
5475,-82.20000000000002,178
5476,-67.29999999999995,222
5477,-81.80000000000001,182
5478,-82.20000000000002,178
5479,-62.19999999999995,228
5480,-81.60000000000002,184
5481,-62.39999999999995,231
5482,-82.40000000000003,176
5483,-82.20000000000002,178
5484,-82.70000000000003,173
5485,-82.20000000000002,178
5486,-81.4,186
5487,-82.20000000000002,178
5488,-22.200000000000145,328
5489,-82.00000000000003,180
5490,-82.60000000000002,174
5491,16.69999999999925,432
5492,-82.60000000000002,174
5493,-46.3999999999999,266
5494,-2.3000000000005514,422
5495,-81.80000000000001,182
5496,-82.20000000000002,178
5497,-82.70000000000003,173
5498,-45.69999999999989,273
5499,-50.59999999999987,284
5500,-81.80000000000001,182
5501,-63.29999999999996,222
5502,-82.60000000000002,174
5503,-82.40000000000003,176
5504,-81.80000000000001,182
5505,-82.20000000000002,178
5506,-60.39999999999993,246
5507,-22.000000000000142,330
5508,-82.70000000000003,173
5509,-62.399999999999956,226
5510,-59.69999999999991,258
5511,-66.99999999999996,225
5512,-81.80000000000001,182
5513,-59.99999999999992,250
5514,-67.49999999999997,220
5515,-82.60000000000002,174
5516,-41.79999999999987,287
5517,-61.99999999999995,230
5518,-63.89999999999997,216
5519,-59.99999999999992,250
5520,-81.80000000000001,182
5521,2.5999999999995396,426
5522,-82.20000000000002,178
5523,-82.40000000000003,176
5524,-82.00000000000003,180
5525,-81.80000000000001,182
5526,-82.40000000000003,176
5527,-82.60000000000002,174
5528,-82.20000000000002,178
5529,-62.79999999999996,222
5530,-26.600000000000165,339
5531,-39.79999999999985,302
5532,-15.900000000000205,396
5533,-62.299999999999955,227
5534,-81.80000000000001,182
5535,-68.29999999999998,212
5536,-82.40000000000003,176
5537,-82.20000000000002,178
5538,-82.40000000000003,176
5539,-59.99999999999992,250
5540,-67.49999999999997,220
5541,-82.70000000000003,173
5542,-82.40000000000003,176
5543,-30.800000000000054,332
5544,-82.20000000000002,178
5545,-82.60000000000002,174
5546,33.699999999998965,542
5547,-82.00000000000003,180
5548,-82.70000000000003,173
5549,-63.39999999999997,216
5550,34.79999999999893,508
5551,-50.19999999999987,288
5552,-82.00000000000003,180
5553,-82.00000000000003,180
5554,-81.60000000000002,184
5555,-40.79999999999986,292
5556,-82.20000000000002,178
5557,-43.3999999999999,266
5558,18.699999999999307,477
5559,14.69999999999932,427
5560,-81.4,186
5561,-42.299999999999876,282
5562,-18.900000000000233,366
5563,-24.200000000000117,308
5564,-82.70000000000003,173
5565,-82.70000000000003,173
5566,-82.60000000000002,174
5567,-82.20000000000002,178
5568,-63.29999999999997,217
5569,-82.20000000000002,178
5570,-82.40000000000003,176
5571,-82.70000000000003,173
5572,-82.60000000000002,174
5573,-61.89999999999995,231
5574,-39.79999999999985,302
5575,-82.40000000000003,176
5576,-63.89999999999997,216
5577,-82.20000000000002,178
5578,-82.40000000000003,176
5579,-43.09999999999986,294
5580,-63.09999999999996,224
5581,-60.19999999999992,253
5582,-82.70000000000003,173
5583,-82.00000000000003,180
5584,-82.40000000000003,176
5585,-64.19999999999992,253
5586,-82.70000000000003,173
5587,-62.19999999999995,228
5588,-82.00000000000003,180
5589,-81.60000000000002,184
5590,-62.19999999999995,228
5591,-62.19999999999995,228
5592,-81.80000000000001,182
5593,-81.80000000000001,182
5594,-62.999999999999964,220
5595,-81.80000000000001,182
5596,-81.80000000000001,182
5597,-41.99999999999984,310
5598,-62.99999999999996,225
5599,-82.40000000000003,176
5600,-81.60000000000002,184
5601,-63.69999999999991,258
5602,-82.00000000000003,180
5603,-82.60000000000002,174
5604,-62.399999999999956,226
5605,-44.599999999999845,304
5606,-81.80000000000001,182
5607,-82.60000000000002,174
5608,-63.39999999999997,216
5609,-61.09999999999994,239
5610,-59.39999999999991,256
5611,-82.40000000000003,176
5612,-82.70000000000003,173
5613,-27.199999999999974,323
5614,-82.00000000000003,180
5615,-82.70000000000003,173
5616,-82.00000000000003,180
5617,-2.300000000000665,452
5618,-60.49999999999992,250
5619,-82.70000000000003,173
5620,-61.99999999999995,230
5621,-82.20000000000002,178
5622,-82.40000000000003,176
5623,-59.79999999999992,252
5624,-82.00000000000003,180
5625,-2.800000000000338,372
5626,-63.69999999999997,218
5627,-37.899999999999814,326
5628,-81.60000000000002,184
5629,-82.70000000000003,173
5630,22.799999999999102,478
5631,-59.49999999999991,260
5632,-82.40000000000003,176
5633,-82.40000000000003,176
5634,-82.40000000000003,176
5635,-82.20000000000002,178
5636,-82.00000000000003,180
5637,-81.4,186
5638,-82.00000000000003,180
5639,-82.20000000000002,178
5640,-37.79999999999982,322
5641,-82.00000000000003,180
5642,-61.599999999999945,234
5643,-62.79999999999996,222
5644,-81.60000000000002,184
5645,-45.499999999999865,290
5646,-82.70000000000003,173
5647,-82.70000000000003,173
5648,-82.70000000000003,173
5649,-61.89999999999995,231
5650,-63.099999999999966,219
5651,-82.60000000000002,174
5652,-82.20000000000002,178
5653,-82.70000000000003,173
5654,-81.80000000000001,182
5655,-82.00000000000003,180
5656,-82.70000000000003,173
5657,-61.79999999999995,232
5658,-82.70000000000003,173
5659,-82.40000000000003,176
5660,-62.39999999999995,231
5661,-61.39999999999994,236
5662,-62.19999999999995,228
5663,-81.80000000000001,182
5664,-82.70000000000003,173
5665,-60.49999999999993,245
5666,-82.20000000000002,178
5667,-81.60000000000002,184
5668,-82.20000000000002,178
5669,-62.399999999999956,226
5670,-82.60000000000002,174
5671,-82.60000000000002,174
5672,-82.60000000000002,174
5673,-81.4,186
5674,-82.60000000000002,174
5675,-82.20000000000002,178
5676,-61.699999999999946,233
5677,-22.400000000000162,326
5678,-43.89999999999986,296
5679,-82.60000000000002,174
5680,-40.299999999999855,297
5681,112.89999999999787,704
5682,-82.60000000000002,174
5683,-42.69999999999989,273
5684,-26.100000000000094,334
5685,-82.00000000000003,180
5686,-40.699999999999854,298
5687,-67.29999999999995,222
5688,-82.60000000000002,174
5689,-82.20000000000002,178
5690,-81.80000000000001,182
5691,-82.20000000000002,178
5692,-0.6000000000007049,394
5693,-81.80000000000001,182
5694,-82.40000000000003,176
5695,-67.89999999999998,216
5696,-62.79999999999996,222
5697,-82.40000000000003,176
5698,-82.00000000000003,180
5699,-82.70000000000003,173
5700,-82.70000000000003,173
5701,-60.199999999999925,248
5702,-41.59999999999987,284
5703,-36.5999999999998,334
5704,-63.89999999999991,256
5705,-82.20000000000002,178
5706,-82.70000000000003,173
5707,-61.79999999999995,232
5708,-82.40000000000003,176
5709,-82.40000000000003,176
5710,-82.40000000000003,176
5711,-82.20000000000002,178
5712,-82.40000000000003,176
5713,-61.89999999999995,231
5714,-82.20000000000002,178
5715,-66.49999999999994,230
5716,-41.99999999999988,280
5717,47.499999999998806,575
5718,-67.09999999999997,224
5719,-46.4999999999999,265
5720,-40.89999999999986,296
5721,-81.80000000000001,182
5722,-82.70000000000003,173
5723,-67.09999999999997,224
5724,-58.99999999999991,260
5725,-39.39999999999984,306
5726,-82.20000000000002,178
5727,-40.89999999999986,296
5728,-19.90000000000022,351
5729,-82.70000000000003,173
5730,-82.20000000000002,178
5731,-66.89999999999995,226
5732,-82.70000000000003,173
5733,-63.19999999999996,223
5734,-61.79999999999995,232
5735,-61.89999999999995,231
5736,-82.60000000000002,174
5737,-82.00000000000003,180
5738,-61.599999999999945,234
5739,-82.40000000000003,176
5740,-61.99999999999995,230
5741,-82.70000000000003,173
5742,-63.09999999999996,224
5743,-25.60000000000018,294
5744,-81.60000000000002,184
5745,-41.09999999999986,294
5746,-81.4,186
5747,-2.3000000000005656,377
5748,-61.99999999999994,235
5749,-19.500000000000114,360
5750,-82.70000000000003,173
5751,-81.60000000000002,184
5752,-38.799999999999834,312
5753,-61.99999999999995,230
5754,-81.4,186
5755,-82.70000000000003,173
5756,-62.399999999999956,226
5757,-82.70000000000003,173
5758,-82.70000000000003,173
5759,-63.19999999999997,218
5760,-82.70000000000003,173
5761,-81.4,186
5762,-82.40000000000003,176
5763,-66.89999999999995,226
5764,-59.79999999999992,252
5765,-82.60000000000002,174
5766,-82.60000000000002,174
5767,-81.60000000000002,184
5768,-82.00000000000003,180
5769,-61.19999999999994,238
5770,-81.60000000000002,184
5771,-82.00000000000003,180
5772,77.89999999999822,584
5773,-81.4,186
5774,-62.59999999999996,224
5775,-82.40000000000003,176
5776,-82.70000000000003,173
5777,-61.39999999999994,236
5778,-81.60000000000002,184
5779,-60.79999999999993,242
5780,-82.20000000000002,178
5781,-59.599999999999916,254
5782,-82.00000000000003,180
5783,-82.70000000000003,173
5784,-23.000000000000142,320
5785,-81.80000000000001,182
5786,-81.80000000000001,182
5787,-82.20000000000002,178
5788,-62.29999999999995,232
5789,-82.70000000000003,173
5790,-82.70000000000003,173
5791,-82.40000000000003,176
5792,-81.80000000000001,182
5793,-62.89999999999996,221
5794,-40.69999999999986,293
5795,-82.70000000000003,173
5796,-44.89999999999986,296
5797,-82.60000000000002,174
5798,-21.300000000000168,352
5799,-82.70000000000003,173
5800,-42.399999999999885,276
5801,-62.19999999999995,228
5802,-81.4,186
5803,-82.40000000000003,176
5804,-81.4,186
5805,-64.29999999999994,237
5806,-82.70000000000003,173
5807,-82.60000000000002,174
5808,-82.70000000000003,173
5809,-82.70000000000003,173
5810,-82.20000000000002,178
5811,-81.80000000000001,182
5812,-62.09999999999995,229
5813,-82.20000000000002,178
5814,-51.69999999999989,273
5815,-60.09999999999992,249
5816,-40.39999999999986,296
5817,-82.70000000000003,173
5818,-81.80000000000001,182
5819,-62.399999999999956,226
5820,-64.29999999999994,237
5821,-82.70000000000003,173
5822,-59.599999999999916,254
5823,-81.80000000000001,182
5824,-82.70000000000003,173
5825,-81.4,186
5826,-82.40000000000003,176
5827,-62.299999999999955,227
5828,-82.40000000000003,176
5829,-44.49999999999985,300
5830,-63.39999999999997,216
5831,-60.79999999999993,242
5832,-44.3999999999999,266
5833,-12.000000000000384,340
5834,-42.89999999999986,296
5835,-82.70000000000003,173
5836,-42.99999999999989,270
5837,-82.00000000000003,180
5838,-64.39999999999992,251
5839,-59.69999999999992,253
5840,-82.60000000000002,174
5841,-47.8999999999999,266
5842,-66.49999999999994,230
5843,-61.99999999999995,230
5844,-82.40000000000003,176
5845,-40.29999999999985,302
5846,-60.59999999999993,244
5847,-62.49999999999996,225
5848,-81.60000000000002,184
5849,-40.79999999999986,292
5850,-63.29999999999996,222
5851,-63.09999999999996,224
5852,-82.70000000000003,173
5853,-82.00000000000003,180
5854,-81.80000000000001,182
5855,-82.00000000000003,180
5856,-82.20000000000002,178
5857,-82.70000000000003,173
5858,-82.40000000000003,176
5859,-82.40000000000003,176
5860,-82.70000000000003,173
5861,-82.40000000000003,176
5862,-62.299999999999955,227
5863,-62.299999999999955,227
5864,-20.500000000000284,350
5865,-20.300000000000253,392
5866,-81.60000000000002,184
5867,-82.40000000000003,176
5868,-41.09999999999986,294
5869,-39.39999999999984,306
5870,-82.70000000000003,173
5871,-82.70000000000003,173
5872,-67.19999999999996,223
5873,-82.00000000000003,180
5874,-82.20000000000002,178
5875,-82.70000000000003,173
5876,-62.399999999999956,226
5877,-46.49999999999988,280
5878,-66.89999999999995,226
5879,-61.99999999999995,230
5880,-61.79999999999995,232
5881,-61.29999999999994,237
5882,-60.099999999999916,254
5883,-32.40000000000008,296
5884,-45.49999999999989,270
5885,-82.40000000000003,176
5886,-82.20000000000002,178
5887,-68.09999999999997,214
5888,-82.40000000000003,176
5889,-64.59999999999992,249
5890,-82.60000000000002,174
5891,-20.600000000000122,374
5892,-81.80000000000001,182
5893,-82.60000000000002,174
5894,-61.99999999999994,235
5895,-66.29999999999995,232
5896,-40.29999999999985,302
5897,-81.80000000000001,182
5898,-43.199999999999825,318
5899,-64.29999999999993,252
5900,-82.70000000000003,173
5901,-81.80000000000001,182
5902,-81.80000000000001,182
5903,-82.40000000000003,176
5904,-81.80000000000001,182
5905,-44.39999999999991,256
5906,-82.70000000000003,173
5907,-63.29999999999997,217
5908,-82.70000000000003,173
5909,-82.70000000000003,173
5910,-82.60000000000002,174
5911,-43.19999999999988,278
5912,-82.70000000000003,173
5913,-82.20000000000002,178
5914,-64.09999999999991,254
5915,-82.20000000000002,178
5916,-61.79999999999995,232
5917,-82.20000000000002,178
5918,-67.89999999999998,216
5919,-61.99999999999995,230
5920,-82.60000000000002,174
5921,-82.20000000000002,178
5922,-61.99999999999995,230
5923,-82.20000000000002,178
5924,-62.79999999999996,222
5925,-82.40000000000003,176
5926,-81.80000000000001,182
5927,-43.3999999999999,266
5928,-63.99999999999998,210
5929,-66.39999999999998,216
5930,-39.99999999999985,300
5931,-82.20000000000002,178
5932,-62.299999999999955,227
5933,-20.400000000000134,356
5934,-82.40000000000003,176
5935,-82.70000000000003,173
5936,-60.699999999999925,248
5937,-67.09999999999997,224
5938,-64.89999999999992,246
5939,-82.70000000000003,173
5940,-67.39999999999996,221
5941,-82.40000000000003,176
5942,-82.20000000000002,178
5943,-62.59999999999996,224
5944,-22.80000000000011,322
5945,-82.00000000000003,180
5946,-39.69999999999985,303
5947,-82.60000000000002,174
5948,-40.79999999999986,292
5949,-82.60000000000002,174
5950,-62.99999999999996,225
5951,-3.6000000000003354,394
5952,-81.80000000000001,182
5953,-1.5000000000007532,430
5954,-81.60000000000002,184
5955,-82.40000000000003,176
5956,-82.40000000000003,176
5957,-19.200000000000074,358
5958,-82.00000000000003,180
5959,-82.40000000000003,176
5960,-82.60000000000002,174
5961,-64.49999999999991,250
5962,-82.00000000000003,180
5963,11.199999999999406,412
5964,-82.40000000000003,176
5965,-82.70000000000003,173
5966,-81.80000000000001,182
5967,-81.80000000000001,182
5968,-82.40000000000003,176
5969,-81.80000000000001,182
5970,-82.20000000000002,178
5971,-82.40000000000003,176
5972,-82.20000000000002,178
5973,-82.40000000000003,176
5974,-82.40000000000003,176
5975,-82.70000000000003,173
5976,-44.69999999999991,258
5977,-82.70000000000003,173
5978,-42.59999999999982,324
5979,-82.60000000000002,174
5980,-82.60000000000002,174
5981,-60.199999999999925,248
5982,-67.89999999999998,216
5983,-82.70000000000003,173
5984,-82.40000000000003,176
5985,-82.70000000000003,173
5986,-82.70000000000003,173
5987,-81.60000000000002,184
5988,-60.799999999999926,247
5989,-65.09999999999994,244
5990,-82.20000000000002,178
5991,-82.40000000000003,176
5992,-82.60000000000002,174
5993,-82.40000000000003,176
5994,-82.70000000000003,173
5995,-82.60000000000002,174
5996,-82.60000000000002,174
5997,-82.70000000000003,173
5998,-82.20000000000002,178
5999,-82.20000000000002,178
6000,-82.70000000000003,173
6001,-82.00000000000003,180
6002,-82.70000000000003,173
6003,-82.70000000000003,173
6004,-82.60000000000002,174
6005,-82.70000000000003,173
6006,-81.60000000000002,184
6007,-63.79999999999997,217
6008,-82.70000000000003,173
6009,-82.60000000000002,174
6010,-62.999999999999964,220
6011,-82.40000000000003,176
6012,-82.00000000000003,180
6013,-82.70000000000003,173
6014,-82.70000000000003,173
6015,-82.70000000000003,173
6016,-82.20000000000002,178
6017,-82.00000000000003,180
6018,-82.70000000000003,173
6019,-82.70000000000003,173
6020,-82.70000000000003,173
6021,-82.40000000000003,176
6022,-82.70000000000003,173
6023,-81.80000000000001,182
6024,-82.70000000000003,173
6025,-82.60000000000002,174
6026,-82.60000000000002,174
6027,-82.20000000000002,178
6028,-82.20000000000002,178
6029,-82.20000000000002,178
6030,-82.70000000000003,173
6031,-82.60000000000002,174
6032,-82.60000000000002,174
6033,-82.70000000000003,173
6034,-82.20000000000002,178
6035,-82.40000000000003,176
6036,-63.69999999999997,218
6037,-82.40000000000003,176
6038,-82.70000000000003,173
6039,-82.70000000000003,173
6040,-82.70000000000003,173
6041,-82.40000000000003,176
6042,-82.70000000000003,173
6043,-82.70000000000003,173
6044,-82.60000000000002,174
6045,-82.00000000000003,180
6046,-82.60000000000002,174
6047,-63.39999999999997,216
6048,-82.20000000000002,178
6049,-82.20000000000002,178
6050,-82.60000000000002,174
6051,-82.60000000000002,174
6052,-82.40000000000003,176
6053,-82.40000000000003,176
6054,-82.70000000000003,173
6055,-81.80000000000001,182
6056,-82.20000000000002,178
6057,-82.70000000000003,173
6058,-82.60000000000002,174
6059,-81.60000000000002,184
6060,-82.40000000000003,176
6061,-82.60000000000002,174
6062,-82.60000000000002,174
6063,-68.29999999999998,212
6064,-82.60000000000002,174
6065,-82.20000000000002,178
6066,-82.20000000000002,178
6067,-82.70000000000003,173
6068,-82.00000000000003,180
6069,-82.60000000000002,174
6070,-82.40000000000003,176
6071,-82.60000000000002,174
6072,-82.60000000000002,174
6073,19.39999999999918,474
6074,-82.00000000000003,180
6075,-82.40000000000003,176
6076,-82.60000000000002,174
6077,-82.40000000000003,176
6078,-82.40000000000003,176
6079,-13.900000000000446,386
6080,-82.70000000000003,173
6081,-82.20000000000002,178
6082,-82.20000000000002,178
6083,-82.60000000000002,174
6084,-82.00000000000003,180
6085,-82.40000000000003,176
6086,-82.00000000000003,180
6087,-82.40000000000003,176
6088,-82.70000000000003,173
6089,-82.60000000000002,174
6090,-82.70000000000003,173
6091,-82.70000000000003,173
6092,-82.70000000000003,173
6093,-25.100000000000037,344
6094,-82.70000000000003,173
6095,-82.40000000000003,176
6096,-82.70000000000003,173
6097,-63.39999999999997,216
6098,-82.00000000000003,180
6099,-82.70000000000003,173
6100,-82.60000000000002,174
6101,-82.00000000000003,180
6102,-82.60000000000002,174
6103,-82.40000000000003,176
6104,-81.60000000000002,184
6105,-82.40000000000003,176
6106,-82.70000000000003,173
6107,-12.7000000000005,378
6108,-82.60000000000002,174
6109,-82.70000000000003,173
6110,-82.70000000000003,173
6111,-82.70000000000003,173
6112,-82.40000000000003,176
6113,-82.70000000000003,173
6114,-81.80000000000001,182
6115,-82.40000000000003,176
6116,-82.20000000000002,178
6117,-82.60000000000002,174
6118,-82.70000000000003,173
6119,-82.00000000000003,180
6120,-82.60000000000002,174
6121,-82.70000000000003,173
6122,-82.60000000000002,174
6123,-82.70000000000003,173
6124,-82.70000000000003,173
6125,-82.20000000000002,178
6126,-24.70000000000003,348
6127,-82.20000000000002,178
6128,-81.80000000000001,182
6129,-82.20000000000002,178
6130,-82.70000000000003,173
6131,-82.60000000000002,174
6132,-82.60000000000002,174
6133,-82.70000000000003,173
6134,-82.00000000000003,180
6135,-82.40000000000003,176
6136,-82.20000000000002,178
6137,-82.40000000000003,176
6138,-82.00000000000003,180
6139,-82.70000000000003,173
6140,-82.40000000000003,176
6141,-82.60000000000002,174
6142,-82.00000000000003,180
6143,-82.40000000000003,176
6144,-82.70000000000003,173
6145,-82.70000000000003,173
6146,-81.80000000000001,182
6147,-82.60000000000002,174
6148,-81.80000000000001,182
6149,-82.70000000000003,173
6150,-82.40000000000003,176
6151,-82.20000000000002,178
6152,-82.70000000000003,173
6153,-82.70000000000003,173
6154,-82.60000000000002,174
6155,-82.60000000000002,174
6156,-82.60000000000002,174
6157,-82.70000000000003,173
6158,-82.70000000000003,173
6159,-82.60000000000002,174
6160,-82.70000000000003,173
6161,-82.40000000000003,176
6162,-82.60000000000002,174
6163,-82.20000000000002,178
6164,-82.40000000000003,176
6165,-82.40000000000003,176
6166,-82.40000000000003,176
6167,-82.70000000000003,173
6168,-82.70000000000003,173
6169,-68.09999999999997,214
6170,-82.40000000000003,176
6171,-82.20000000000002,178
6172,-82.70000000000003,173
6173,-82.00000000000003,180
6174,-60.29999999999992,252
6175,-82.00000000000003,180
6176,-82.40000000000003,176
6177,-82.40000000000003,176
6178,-82.70000000000003,173
6179,-82.70000000000003,173
6180,-82.40000000000003,176
6181,-82.70000000000003,173
6182,-82.70000000000003,173
6183,-82.70000000000003,173
6184,-82.70000000000003,173
6185,-82.70000000000003,173
6186,-82.60000000000002,174
6187,-82.40000000000003,176
6188,-82.70000000000003,173
6189,-64.89999999999992,246
6190,-82.20000000000002,178
6191,-82.60000000000002,174
6192,-82.40000000000003,176
6193,-82.70000000000003,173
6194,-82.60000000000002,174
6195,-82.70000000000003,173
6196,-82.00000000000003,180
6197,-82.60000000000002,174
6198,-82.40000000000003,176
6199,-82.70000000000003,173
6200,-82.40000000000003,176
6201,-82.70000000000003,173
6202,-82.00000000000003,180
6203,-82.40000000000003,176
6204,-82.70000000000003,173
6205,-82.60000000000002,174
6206,-81.80000000000001,182
6207,-82.70000000000003,173
6208,-82.70000000000003,173
6209,-82.40000000000003,176
6210,-82.70000000000003,173
6211,-82.00000000000003,180
6212,-82.40000000000003,176
6213,-82.40000000000003,176
6214,-82.70000000000003,173
6215,-82.70000000000003,173
6216,-82.20000000000002,178
6217,-82.20000000000002,178
6218,-82.40000000000003,176
6219,-82.00000000000003,180
6220,-82.20000000000002,178
6221,-82.70000000000003,173
6222,-82.70000000000003,173
6223,-82.40000000000003,176
6224,-82.60000000000002,174
6225,-82.60000000000002,174
6226,-81.60000000000002,184
6227,-82.40000000000003,176
6228,-82.60000000000002,174
6229,-82.70000000000003,173
6230,-82.60000000000002,174
6231,-59.99999999999992,250
6232,-82.20000000000002,178
6233,-82.70000000000003,173
6234,1.099999999999497,416
6235,-82.70000000000003,173
6236,-82.40000000000003,176
6237,-82.70000000000003,173
6238,-81.80000000000001,182
6239,-82.20000000000002,178
6240,-82.70000000000003,173
6241,-65.09999999999994,244
6242,-82.20000000000002,178
6243,-82.70000000000003,173
6244,-82.00000000000003,180
6245,-82.70000000000003,173
6246,-82.40000000000003,176
6247,-46.69999999999988,278
6248,-82.70000000000003,173
6249,-81.80000000000001,182
6250,-82.20000000000002,178
6251,-82.40000000000003,176
6252,-82.60000000000002,174
6253,-82.40000000000003,176
6254,-82.20000000000002,178
6255,-82.20000000000002,178
6256,-44.79999999999984,307
6257,-49.599999999999916,254
6258,-82.40000000000003,176
6259,-82.60000000000002,174
6260,-60.49999999999992,250
6261,-82.40000000000003,176
6262,-82.70000000000003,173
6263,-82.40000000000003,176
6264,-82.40000000000003,176
6265,-64.69999999999993,248
6266,-82.00000000000003,180
6267,-81.80000000000001,182
6268,-82.60000000000002,174
6269,-82.20000000000002,178
6270,-82.70000000000003,173
6271,-82.20000000000002,178
6272,-82.60000000000002,174
6273,-82.00000000000003,180
6274,-82.40000000000003,176
6275,-82.60000000000002,174
6276,-82.70000000000003,173
6277,-82.40000000000003,176
6278,-82.20000000000002,178
6279,-82.40000000000003,176
6280,-60.89999999999993,246
6281,-82.60000000000002,174
6282,-45.89999999999987,286
6283,-82.60000000000002,174
6284,-82.20000000000002,178
6285,-82.40000000000003,176
6286,-82.40000000000003,176
6287,-82.70000000000003,173
6288,-82.60000000000002,174
6289,-82.70000000000003,173
6290,-82.70000000000003,173
6291,-82.70000000000003,173
6292,-82.70000000000003,173
6293,-82.20000000000002,178
6294,-82.70000000000003,173
6295,-82.60000000000002,174
6296,-82.20000000000002,178
6297,-82.60000000000002,174
6298,-82.70000000000003,173
6299,-82.20000000000002,178
6300,-82.70000000000003,173
6301,-82.20000000000002,178
6302,-82.70000000000003,173
6303,-47.399999999999885,276
6304,-82.60000000000002,174
6305,-64.09999999999997,214
6306,-64.09999999999997,214
6307,-82.40000000000003,176
6308,-82.60000000000002,174
6309,-82.40000000000003,176
6310,-82.70000000000003,173
6311,-82.40000000000003,176
6312,-82.20000000000002,178
6313,-82.70000000000003,173
6314,-82.70000000000003,173
6315,-82.20000000000002,178
6316,-82.40000000000003,176
6317,-60.29999999999992,252
6318,-82.40000000000003,176
6319,-81.80000000000001,182
6320,-82.70000000000003,173
6321,-82.00000000000003,180
6322,-82.70000000000003,173
6323,-82.20000000000002,178
6324,-82.70000000000003,173
6325,-82.70000000000003,173
6326,-82.40000000000003,176
6327,-82.70000000000003,173
6328,-82.60000000000002,174
6329,-82.00000000000003,180
6330,-82.70000000000003,173
6331,-82.70000000000003,173
6332,-82.70000000000003,173
6333,-82.60000000000002,174
6334,-82.60000000000002,174
6335,-82.00000000000003,180
6336,-82.60000000000002,174
6337,-82.40000000000003,176
6338,-82.70000000000003,173
6339,-82.20000000000002,178
6340,-82.60000000000002,174
6341,-82.20000000000002,178
6342,-82.40000000000003,176
6343,-82.70000000000003,173
6344,-81.80000000000001,182
6345,-82.40000000000003,176
6346,-82.20000000000002,178
6347,-82.70000000000003,173
6348,-82.20000000000002,178
6349,-81.80000000000001,182
6350,-82.70000000000003,173
6351,-82.60000000000002,174
6352,-81.60000000000002,184
6353,-68.29999999999998,212
6354,-67.89999999999998,216
6355,-82.70000000000003,173
6356,-67.89999999999998,216
6357,-81.4,186
6358,-82.20000000000002,178
6359,-82.70000000000003,173
6360,-82.70000000000003,173
6361,-81.80000000000001,182
6362,-62.299999999999955,227
6363,-82.20000000000002,178
6364,-82.40000000000003,176
6365,-26.300000000000097,357
6366,-64.09999999999997,214
6367,-82.40000000000003,176
6368,-67.79999999999997,217
6369,-82.70000000000003,173
6370,-82.20000000000002,178
6371,-82.60000000000002,174
6372,-82.20000000000002,178
6373,-82.20000000000002,178
6374,-82.60000000000002,174
6375,-63.99999999999997,215
6376,-82.70000000000003,173
6377,-82.60000000000002,174
6378,-63.39999999999997,216
6379,-82.60000000000002,174
6380,-82.60000000000002,174
6381,-82.70000000000003,173
6382,-82.60000000000002,174
6383,-82.70000000000003,173
6384,-82.70000000000003,173
6385,-6.100000000000534,384
6386,-82.00000000000003,180
6387,-82.40000000000003,176
6388,-82.60000000000002,174
6389,-67.39999999999996,221
6390,-82.20000000000002,178
6391,-82.70000000000003,173
6392,84.2999999999983,668
6393,-82.70000000000003,173
6394,-82.40000000000003,176
6395,-82.70000000000003,173
6396,-82.40000000000003,176
6397,-82.60000000000002,174
6398,-82.40000000000003,176
6399,-81.80000000000001,182
6400,-82.60000000000002,174
6401,-82.70000000000003,173
6402,-45.099999999999916,254
6403,-82.70000000000003,173
6404,-82.60000000000002,174
6405,-82.40000000000003,176
6406,81.49999999999844,620
6407,-23.400000000000105,326
6408,-81.80000000000001,182
6409,-82.40000000000003,176
6410,-81.60000000000002,184
6411,-82.40000000000003,176
6412,-82.00000000000003,180
6413,-24.30000000000004,352
6414,-82.60000000000002,174
6415,-48.49999999999991,260
6416,-82.00000000000003,180
6417,-82.00000000000003,180
6418,-82.70000000000003,173
6419,-60.699999999999925,248
6420,-82.40000000000003,176
6421,-82.20000000000002,178
6422,-81.80000000000001,182
6423,-82.20000000000002,178
6424,-41.69999999999986,293
6425,-82.60000000000002,174
6426,-82.60000000000002,174
6427,-40.39999999999986,296
6428,-82.20000000000002,178
6429,-26.300000000000068,332
6430,-43.89999999999986,296
6431,-82.40000000000003,176
6432,-82.20000000000002,178
6433,-81.80000000000001,182
6434,-82.60000000000002,174
6435,-43.799999999999905,262
6436,-82.60000000000002,174
6437,-82.20000000000002,178
6438,-61.79999999999995,232
6439,-82.60000000000002,174
6440,-46.49999999999991,260
6441,-81.80000000000001,182
6442,-61.99999999999995,230
6443,-82.60000000000002,174
6444,-60.49999999999992,250
6445,-41.39999999999987,286
6446,24.199999999998994,442
6447,-82.70000000000003,173
6448,-26.500000000000114,290
6449,-63.69999999999991,258
6450,-81.80000000000001,182
6451,-81.4,186
6452,-82.00000000000003,180
6453,-63.89999999999997,216
6454,-62.59999999999996,224
6455,-45.69999999999987,288
6456,-59.39999999999991,256
6457,-66.99999999999996,225
6458,16.29999999999923,448
6459,-82.00000000000003,180
6460,-62.399999999999956,226
6461,71.39999999999827,624
6462,-82.20000000000002,178
6463,-81.80000000000001,182
6464,-82.70000000000003,173
6465,-61.699999999999946,233
6466,-24.100000000000165,354
6467,-66.89999999999995,226
6468,-81.80000000000001,182
6469,-82.20000000000002,178
6470,-81.4,186
6471,-81.80000000000001,182
6472,-39.29999999999984,307
6473,-62.79999999999996,222
6474,-82.20000000000002,178
6475,-81.60000000000002,184
6476,-18.500000000000128,370
6477,-60.49999999999993,245
6478,-82.70000000000003,173
6479,-82.40000000000003,176
6480,-43.89999999999989,271
6481,-81.60000000000002,184
6482,-2.4000000000005173,446
6483,-82.40000000000003,176
6484,-82.40000000000003,176
6485,-82.00000000000003,180
6486,-82.00000000000003,180
6487,-43.19999999999988,278
6488,-82.70000000000003,173
6489,-82.20000000000002,178
6490,-81.80000000000001,182
6491,-82.40000000000003,176
6492,13.89999999999938,424
6493,-82.20000000000002,178
6494,-82.00000000000003,180
6495,-61.699999999999946,233
6496,-19.200000000000074,368
6497,-62.89999999999996,221
6498,-81.80000000000001,182
6499,-43.199999999999896,268
6500,-82.70000000000003,173
6501,-82.40000000000003,176
6502,-82.40000000000003,176
6503,-7.100000000000321,369
6504,-62.899999999999956,226
6505,-82.20000000000002,178
6506,-82.40000000000003,176
6507,-82.40000000000003,176
6508,-82.40000000000003,176
6509,-82.00000000000003,180
6510,-82.40000000000003,176
6511,-81.80000000000001,182
6512,-82.40000000000003,176
6513,-64.29999999999998,207
6514,-67.09999999999997,224
6515,34.49999999999886,520
6516,-82.70000000000003,173
6517,-82.70000000000003,173
6518,-67.49999999999997,220
6519,-67.6,204
6520,-42.399999999999885,276
6521,-82.40000000000003,176
6522,-61.19999999999994,238
6523,-61.19999999999994,238
6524,-44.099999999999845,304
6525,-81.80000000000001,182
6526,-81.60000000000002,184
6527,-81.80000000000001,182
6528,-17.30000000000024,377
6529,-81.60000000000002,184
6530,-81.60000000000002,184
6531,-81.80000000000001,182
6532,-62.79999999999996,222
6533,-82.00000000000003,180
6534,-20.100000000000122,354
6535,-82.70000000000003,173
6536,-82.00000000000003,180
6537,-82.60000000000002,174
6538,-82.60000000000002,174
6539,-82.70000000000003,173
6540,-82.40000000000003,176
6541,-1.5000000000004974,390
6542,-82.20000000000002,178
6543,-42.69999999999987,288
6544,-82.70000000000003,173
6545,-46.69999999999988,278
6546,-38.39999999999983,316
6547,-18.400000000000063,371
6548,-59.19999999999991,258
6549,-82.60000000000002,174
6550,-67.49999999999997,220
6551,-81.80000000000001,182
6552,-82.20000000000002,178
6553,-82.40000000000003,176
6554,-63.299999999999905,262
6555,-61.19999999999994,238
6556,-13.800000000000281,352
6557,-82.60000000000002,174
6558,-81.80000000000001,182
6559,-82.40000000000003,176
6560,-63.69999999999997,218
6561,-82.70000000000003,173
6562,23.899999999999125,509
6563,-82.60000000000002,174
6564,-59.69999999999992,253
6565,-61.29999999999994,237
6566,-81.60000000000002,184
6567,-82.40000000000003,176
6568,-82.60000000000002,174
6569,-64.69999999999993,248
6570,-61.19999999999994,238
6571,-82.00000000000003,180
6572,77.19999999999831,622
6573,-82.40000000000003,176
6574,43.099999999998715,536
6575,-59.599999999999916,254
6576,-81.80000000000001,182
6577,-37.19999999999981,328
6578,-82.40000000000003,176
6579,-82.20000000000002,178
6580,-82.70000000000003,173
6581,-82.40000000000003,176
6582,-60.29999999999992,252
6583,-62.69999999999995,228
6584,-82.20000000000002,178
6585,-59.19999999999991,258
6586,1.5999999999993832,421
6587,-68.29999999999998,212
6588,-5.000000000000568,380
6589,-82.40000000000003,176
6590,-61.19999999999994,238
6591,-62.69999999999995,228
6592,-39.99999999999985,300
6593,-82.40000000000003,176
6594,-41.799999999999876,282
6595,-82.20000000000002,178
6596,-82.20000000000002,178
6597,-63.99999999999998,210
6598,-26.800000000000125,292
6599,-41.499999999999865,290
6600,-30.500000000000085,290
6601,-82.20000000000002,178
6602,-40.79999999999986,292
6603,-43.6999999999999,263
6604,-81.4,186
6605,-81.4,186
6606,-82.20000000000002,178
6607,-63.09999999999996,224
6608,-67.69999999999996,218
6609,-62.19999999999995,228
6610,-38.19999999999982,323
6611,-17.000000000000156,380
6612,-19.800000000000026,352
6613,-81.80000000000001,182
6614,-59.89999999999991,256
6615,-41.69999999999987,288
6616,-82.20000000000002,178
6617,-81.80000000000001,182
6618,-64.59999999999994,234
6619,-0.6000000000004775,444
6620,-23.99999999999993,340
6621,-82.20000000000002,178
6622,-82.40000000000003,176
6623,-81.60000000000002,184
6624,-42.59999999999989,274
6625,-48.499999999999936,240
6626,-1.4000000000004746,391
6627,34.39999999999921,504
6628,-82.20000000000002,178
6629,-82.40000000000003,176
6630,-44.19999999999987,288
6631,-82.70000000000003,173
6632,-67.89999999999998,216
6633,-82.70000000000003,173
6634,-64.49999999999991,250
6635,-82.60000000000002,174
6636,-36.3999999999998,336
6637,-6.900000000000503,376
6638,-82.20000000000002,178
6639,-7.700000000000557,368
6640,-82.60000000000002,174
6641,-82.20000000000002,178
6642,-82.70000000000003,173
6643,-81.80000000000001,182
6644,-82.20000000000002,178
6645,-61.89999999999994,236
6646,-82.70000000000003,173
6647,-82.40000000000003,176
6648,-82.00000000000003,180
6649,22.599999999999085,476
6650,-25.900000000000148,331
6651,-20.200000000000145,348
6652,-62.79999999999996,222
6653,-82.60000000000002,174
6654,-62.39999999999995,231
6655,-41.19999999999987,288
6656,-61.19999999999994,238
6657,-82.60000000000002,174
6658,-82.70000000000003,173
6659,-82.40000000000003,176
6660,-81.80000000000001,182
6661,-82.40000000000003,176
6662,-24.300000000000068,337
6663,-58.799999999999905,262
6664,-82.60000000000002,174
6665,-82.00000000000003,180
6666,-82.70000000000003,173
6667,-81.80000000000001,182
6668,-61.599999999999945,234
6669,-81.80000000000001,182
6670,-64.69999999999999,208
6671,-63.29999999999996,222
6672,-82.60000000000002,174
6673,-82.70000000000003,173
6674,-4.30000000000058,402
6675,-67.49999999999997,220
6676,-82.60000000000002,174
6677,-82.00000000000003,180
6678,19.39999999999938,484
6679,-81.80000000000001,182
6680,-61.699999999999946,233
6681,-82.70000000000003,173
6682,-82.70000000000003,173
6683,-82.00000000000003,180
6684,-60.69999999999993,243
6685,-82.20000000000002,178
6686,-62.79999999999996,222
6687,-82.70000000000003,173
6688,-82.70000000000003,173
6689,-82.20000000000002,178
6690,16.89999999999938,464
6691,-61.19999999999994,238
6692,-47.29999999999989,272
6693,-82.60000000000002,174
6694,-82.70000000000003,173
6695,-60.59999999999993,244
6696,-24.299999999999997,312
6697,-63.89999999999991,256
6698,-82.00000000000003,180
6699,-82.70000000000003,173
6700,-61.89999999999994,236
6701,-82.70000000000003,173
6702,-43.79999999999986,292
6703,-82.70000000000003,173
6704,-82.60000000000002,174
6705,-62.79999999999996,222
6706,37.09999999999903,476
6707,-82.70000000000003,173
6708,-82.60000000000002,174
6709,-82.40000000000003,176
6710,-82.20000000000002,178
6711,-63.89999999999997,216
6712,-63.79999999999993,242
6713,-82.40000000000003,176
6714,-61.39999999999994,236
6715,-43.3999999999999,266
6716,-47.39999999999989,271
6717,-59.79999999999992,252
6718,-82.00000000000003,180
6719,-82.40000000000003,176
6720,-82.20000000000002,178
6721,-62.79999999999996,222
6722,-82.60000000000002,174
6723,-82.20000000000002,178
6724,-81.4,186
6725,-19.200000000000273,388
6726,-82.40000000000003,176
6727,-23.40000000000005,326
6728,-62.69999999999995,228
6729,-82.70000000000003,173
6730,-81.80000000000001,182
6731,-62.19999999999995,228
6732,-16.40000000000022,386
6733,-82.20000000000002,178
6734,-59.79999999999992,252
6735,-63.49999999999993,245
6736,-21.500000000000256,360
6737,-81.4,186
6738,-62.09999999999995,229
6739,-82.20000000000002,178
6740,43.09999999999869,566
6741,-82.00000000000003,180
6742,-62.59999999999996,224
6743,-82.20000000000002,178
6744,-82.40000000000003,176
6745,-62.19999999999995,228
6746,-81.80000000000001,182
6747,-62.79999999999996,222
6748,-82.70000000000003,173
6749,-82.00000000000003,180
6750,-82.40000000000003,176
6751,-82.70000000000003,173
6752,-59.79999999999992,252
6753,-82.40000000000003,176
6754,-82.20000000000002,178
6755,-82.40000000000003,176
6756,-62.799999999999955,227
6757,-66.79999999999995,227
6758,-0.7000000000004718,398
6759,-63.09999999999996,224
6760,-68.29999999999998,212
6761,-61.99999999999995,230
6762,-67.29999999999995,222
6763,-82.40000000000003,176
6764,-63.29999999999996,222
6765,-81.80000000000001,182
6766,-82.60000000000002,174
6767,-82.20000000000002,178
6768,-82.70000000000003,173
6769,-82.00000000000003,180
6770,-62.99999999999996,225
6771,-40.39999999999984,306
6772,-82.60000000000002,174
6773,-82.70000000000003,173
6774,-40.59999999999986,294
6775,-81.80000000000001,182
6776,-67.29999999999995,222
6777,-40.19999999999984,308
6778,-82.40000000000003,176
6779,-62.399999999999956,226
6780,-82.40000000000003,176
6781,-81.80000000000001,182
6782,-26.100000000000108,324
6783,-67.29999999999995,222
6784,-62.399999999999956,226
6785,-82.40000000000003,176
6786,-62.79999999999996,222
6787,19.199999999999108,452
6788,-82.60000000000002,174
6789,-43.399999999999885,276
6790,-82.70000000000003,173
6791,-82.40000000000003,176
6792,-62.399999999999956,226
6793,-82.00000000000003,180
6794,-82.40000000000003,176
6795,-82.70000000000003,173
6796,-82.70000000000003,173
6797,-82.20000000000002,178
6798,-81.4,186
6799,-82.00000000000003,180
6800,-82.40000000000003,176
6801,-82.70000000000003,173
6802,-82.00000000000003,180
6803,-81.80000000000001,182
6804,-67.49999999999997,220
6805,-82.20000000000002,178
6806,-46.69999999999988,278
6807,-37.79999999999982,322
6808,-68.29999999999998,212
6809,-81.80000000000001,182
6810,-41.79999999999986,292
6811,-82.60000000000002,174
6812,-82.00000000000003,180
6813,-46.39999999999987,286
6814,-81.80000000000001,182
6815,-82.00000000000003,180
6816,-67.19999999999996,223
6817,-81.80000000000001,182
6818,-81.80000000000001,182
6819,-82.60000000000002,174
6820,-82.00000000000003,180
6821,-81.80000000000001,182
6822,-82.00000000000003,180
6823,-40.49999999999985,300
6824,-62.19999999999995,228
6825,-82.20000000000002,178
6826,-82.00000000000003,180
6827,-67.09999999999997,224
6828,-82.70000000000003,173
6829,-5.600000000000392,344
6830,-82.40000000000003,176
6831,-63.39999999999997,216
6832,-82.70000000000003,173
6833,-62.19999999999995,228
6834,-82.00000000000003,180
6835,-82.60000000000002,174
6836,-82.40000000000003,176
6837,-82.60000000000002,174
6838,-82.00000000000003,180
6839,-82.20000000000002,178
6840,-82.40000000000003,176
6841,-82.40000000000003,176
6842,-82.40000000000003,176
6843,-37.59999999999982,324
6844,-81.80000000000001,182
6845,-81.60000000000002,184
6846,-82.60000000000002,174
6847,-82.60000000000002,174
6848,-64.49999999999991,250
6849,-82.40000000000003,176
6850,-82.70000000000003,173
6851,-67.89999999999998,216
6852,-82.70000000000003,173
6853,-82.00000000000003,180
6854,-82.20000000000002,178
6855,-62.19999999999995,228
6856,-82.20000000000002,178
6857,-82.20000000000002,178
6858,-82.20000000000002,178
6859,-81.80000000000001,182
6860,-82.40000000000003,176
6861,-81.4,186
6862,-59.79999999999992,252
6863,-61.99999999999995,230
6864,-81.80000000000001,182
6865,-82.60000000000002,174
6866,-82.20000000000002,178
6867,-81.80000000000001,182
6868,-82.60000000000002,174
6869,-59.19999999999991,258
6870,-82.20000000000002,178
6871,-82.60000000000002,174
6872,-81.60000000000002,184
6873,-82.40000000000003,176
6874,-68.29999999999998,212
6875,-81.60000000000002,184
6876,-82.40000000000003,176
6877,-81.80000000000001,182
6878,-61.599999999999945,234
6879,-82.00000000000003,180
6880,-59.89999999999991,256
6881,-41.399999999999864,291
6882,-22.0000000000001,360
6883,-45.89999999999987,286
6884,-82.00000000000003,180
6885,-82.60000000000002,174
6886,-81.4,186
6887,-7.800000000000182,392
6888,-81.80000000000001,182
6889,-17.600000000000122,374
6890,-82.70000000000003,173
6891,-82.20000000000002,178
6892,-82.70000000000003,173
6893,-82.70000000000003,173
6894,-82.70000000000003,173
6895,-82.00000000000003,180
6896,-82.00000000000003,180
6897,-22.200000000000358,338
6898,-82.40000000000003,176
6899,-82.00000000000003,180
6900,-81.4,186
6901,-82.70000000000003,173
6902,-82.70000000000003,173
6903,-81.80000000000001,182
6904,-81.80000000000001,182
6905,-82.20000000000002,178
6906,-40.999999999999865,290
6907,-67.49999999999997,220
6908,-82.70000000000003,173
6909,-82.70000000000003,173
6910,-82.40000000000003,176
6911,-82.40000000000003,176
6912,-82.60000000000002,174
6913,-45.69999999999987,288
6914,-81.80000000000001,182
6915,-82.60000000000002,174
6916,-61.599999999999945,234
6917,-59.49999999999991,260
6918,-82.60000000000002,174
6919,-62.49999999999996,225
6920,-22.100000000000193,334
6921,-82.70000000000003,173
6922,-82.20000000000002,178
6923,-64.69999999999993,248
6924,-82.40000000000003,176
6925,-47.399999999999906,261
6926,-82.40000000000003,176
6927,47.49999999999869,525
6928,-82.40000000000003,176
6929,-82.70000000000003,173
6930,-50.49999999999989,270
6931,-62.89999999999996,221
6932,-59.39999999999991,256
6933,-82.60000000000002,174
6934,-37.899999999999814,326
6935,-22.10000000000005,334
6936,-22.000000000000057,345
6937,-66.89999999999995,226
6938,-82.00000000000003,180
6939,-81.60000000000002,184
6940,-82.40000000000003,176
6941,-82.00000000000003,180
6942,-82.20000000000002,178
6943,-60.79999999999993,242
6944,-43.99999999999991,260
6945,-82.70000000000003,173
6946,-44.29999999999985,302
6947,-64.09999999999991,254
6948,-81.60000000000002,184
6949,-82.00000000000003,180
6950,-61.99999999999995,230
6951,-82.70000000000003,173
6952,-82.70000000000003,173
6953,-58.799999999999905,262
6954,-82.70000000000003,173
6955,-82.40000000000003,176
6956,-82.00000000000003,180
6957,-81.80000000000001,182
6958,-82.00000000000003,180
6959,-38.199999999999825,318
6960,-26.5000000000001,330
6961,-39.39999999999984,306
6962,-82.70000000000003,173
6963,-17.000000000000128,380
6964,-60.199999999999925,248
6965,-62.399999999999956,226
6966,-82.00000000000003,180
6967,-81.80000000000001,182
6968,-66.79999999999995,227
6969,-38.899999999999835,311
6970,-82.40000000000003,176
6971,-62.59999999999995,229
6972,-82.40000000000003,176
6973,-82.20000000000002,178
6974,-62.199999999999946,233
6975,-22.600000000000122,324
6976,-82.00000000000003,180
6977,-59.99999999999992,250
6978,-81.60000000000002,184
6979,-82.70000000000003,173
6980,-82.40000000000003,176
6981,-82.00000000000003,180
6982,-81.60000000000002,184
6983,-82.20000000000002,178
6984,0.09999999999948272,416
6985,-63.599999999999966,219
6986,-61.79999999999995,232
6987,-82.70000000000003,173
6988,-82.70000000000003,173
6989,-64.69999999999993,248
6990,-82.20000000000002,178
6991,61.69999999999857,567
6992,-62.59999999999996,224
6993,-82.00000000000003,180
6994,-82.70000000000003,173
6995,-82.20000000000002,178
6996,-81.60000000000002,184
6997,-82.40000000000003,176
6998,-82.20000000000002,178
6999,-82.40000000000003,176
7000,-81.80000000000001,182
7001,-82.40000000000003,176
7002,-82.70000000000003,173
7003,-82.20000000000002,178
7004,-63.19999999999996,223
7005,-41.19999999999987,288
7006,-62.399999999999956,226
7007,-82.70000000000003,173
7008,-59.99999999999992,250
7009,-82.00000000000003,180
7010,-82.40000000000003,176
7011,-82.70000000000003,173
7012,-81.80000000000001,182
7013,19.299999999999315,458
7014,-42.09999999999987,284
7015,-82.60000000000002,174
7016,-81.80000000000001,182
7017,-82.40000000000003,176
7018,-82.20000000000002,178
7019,-2.000000000000327,390
7020,-82.40000000000003,176
7021,-82.40000000000003,176
7022,-82.20000000000002,178
7023,-43.99999999999991,260
7024,-82.20000000000002,178
7025,-82.60000000000002,174
7026,-82.40000000000003,176
7027,-82.70000000000003,173
7028,-82.20000000000002,178
7029,-82.60000000000002,174
7030,-82.60000000000002,174
7031,-62.59999999999996,224
7032,-82.70000000000003,173
7033,-81.80000000000001,182
7034,-82.60000000000002,174
7035,-82.00000000000003,180
7036,-82.70000000000003,173
7037,-82.40000000000003,176
7038,-82.70000000000003,173
7039,-82.00000000000003,180
7040,-82.70000000000003,173
7041,-82.60000000000002,174
7042,-82.70000000000003,173
7043,-82.20000000000002,178
7044,-67.09999999999997,224
7045,-81.60000000000002,184
7046,-82.70000000000003,173
7047,-60.199999999999925,248
7048,-59.599999999999916,254
7049,-41.89999999999987,286
7050,-82.40000000000003,176
7051,-82.40000000000003,176
7052,-82.70000000000003,173
7053,-82.40000000000003,176
7054,-82.20000000000002,178
7055,-82.60000000000002,174
7056,-82.40000000000003,176
7057,-62.399999999999956,226
7058,-28.700000000000173,308
7059,-82.70000000000003,173
7060,-82.70000000000003,173
7061,-82.60000000000002,174
7062,-82.20000000000002,178
7063,-8.30000000000058,452
7064,-82.20000000000002,178
7065,12.199999999999122,442
7066,-82.70000000000003,173
7067,-82.70000000000003,173
7068,-82.60000000000002,174
7069,-82.00000000000003,180
7070,-82.70000000000003,173
7071,-82.60000000000002,174
7072,-82.00000000000003,180
7073,-68.29999999999998,212
7074,-82.00000000000003,180
7075,-82.20000000000002,178
7076,-82.00000000000003,180
7077,11.999999999999432,455
7078,-44.29999999999987,287
7079,-82.40000000000003,176
7080,-81.60000000000002,184
7081,-82.70000000000003,173
7082,-82.00000000000003,180
7083,-82.20000000000002,178
7084,11.599999999999326,396
7085,-82.40000000000003,176
7086,-82.70000000000003,173
7087,-82.00000000000003,180
7088,-82.20000000000002,178
7089,-81.60000000000002,184
7090,-82.60000000000002,174
7091,-82.60000000000002,174
7092,-22.700000000000045,328
7093,-23.400000000000148,351
7094,-81.4,186
7095,-82.40000000000003,176
7096,-82.70000000000003,173
7097,-82.00000000000003,180
7098,-82.70000000000003,173
7099,-82.70000000000003,173
7100,-67.49999999999997,220
7101,-59.19999999999991,258
7102,18.99999999999919,490
7103,-82.00000000000003,180
7104,-40.39999999999986,296
7105,-82.60000000000002,174
7106,-46.899999999999885,276
7107,-82.40000000000003,176
7108,-44.59999999999991,259
7109,-82.20000000000002,178
7110,-82.00000000000003,180
7111,-82.70000000000003,173
7112,-81.4,186
7113,-82.70000000000003,173
7114,-81.80000000000001,182
7115,-11.800000000000438,397
7116,-46.09999999999987,284
7117,-82.00000000000003,180
7118,-39.79999999999985,302
7119,-82.40000000000003,176
7120,-82.60000000000002,174
7121,-21.600000000000094,334
7122,-82.60000000000002,174
7123,-63.69999999999997,218
7124,-23.900000000000276,356
7125,-62.09999999999995,229
7126,-82.40000000000003,176
7127,-82.70000000000003,173
7128,-82.20000000000002,178
7129,-81.80000000000001,182
7130,-81.60000000000002,184
7131,-63.29999999999996,222
7132,-82.60000000000002,174
7133,-43.89999999999987,286
7134,-82.00000000000003,180
7135,-82.70000000000003,173
7136,-60.49999999999992,250
7137,-62.999999999999964,220
7138,-82.60000000000002,174
7139,-82.20000000000002,178
7140,-81.80000000000001,182
7141,-82.40000000000003,176
7142,-64.09999999999991,254
7143,-82.70000000000003,173
7144,-60.699999999999925,248
7145,-82.20000000000002,178
7146,-81.4,186
7147,-82.60000000000002,174
7148,-82.70000000000003,173
7149,-82.00000000000003,180
7150,60.69999999999854,602
7151,-82.40000000000003,176
7152,-24.10000000000008,314
7153,-82.40000000000003,176
7154,-62.19999999999995,228
7155,-42.79999999999989,272
7156,-81.60000000000002,184
7157,-62.59999999999996,224
7158,-64.59999999999994,234
7159,-82.40000000000003,176
7160,-82.70000000000003,173
7161,-82.00000000000003,180
7162,-82.00000000000003,180
7163,-28.000000000000085,320
7164,-82.70000000000003,173
7165,-59.99999999999992,250
7166,-82.70000000000003,173
7167,-82.20000000000002,178
7168,-82.60000000000002,174
7169,-82.60000000000002,174
7170,-82.70000000000003,173
7171,-40.59999999999986,294
7172,-50.59999999999987,284
7173,-81.80000000000001,182
7174,-47.8999999999999,266
7175,-66.39999999999995,231
7176,-82.40000000000003,176
7177,20.499999999999062,470
7178,-0.8000000000004661,442
7179,-82.60000000000002,174
7180,-82.00000000000003,180
7181,-64.79999999999995,232
7182,-82.40000000000003,176
7183,-67.49999999999997,220
7184,-82.40000000000003,176
7185,-81.80000000000001,182
7186,-82.00000000000003,180
7187,34.199999999998795,512
7188,-46.09999999999994,239
7189,-82.00000000000003,180
7190,-62.399999999999956,226
7191,-46.899999999999885,276
7192,-61.39999999999994,236
7193,-82.00000000000003,180
7194,-82.20000000000002,178
7195,-64.69999999999993,248
7196,-58.99999999999991,260
7197,-82.40000000000003,176
7198,-82.40000000000003,176
7199,-43.79999999999986,292
7200,-45.09999999999986,294
7201,-23.80000000000021,312
7202,-65.89999999999995,236
7203,-46.69999999999988,278
7204,-81.80000000000001,182
7205,-81.4,186
7206,12.89999999999904,444
7207,-82.00000000000003,180
7208,-45.499999999999865,290
7209,-62.79999999999996,222
7210,-82.70000000000003,173
7211,-82.40000000000003,176
7212,-82.60000000000002,174
7213,-1.4000000000003041,396
7214,-82.70000000000003,173
7215,-41.29999999999986,292
7216,-82.20000000000002,178
7217,-19.400000000000105,356
7218,-81.60000000000002,184
7219,-62.399999999999956,226
7220,-82.20000000000002,178
7221,-82.40000000000003,176
7222,-82.70000000000003,173
7223,-82.00000000000003,180
7224,-82.40000000000003,176
7225,-62.999999999999964,220
7226,-44.699999999999854,298
7227,-82.00000000000003,180
7228,-21.600000000000264,364
7229,-82.20000000000002,178
7230,-6.400000000000318,366
7231,-20.000000000000256,380
7232,-82.70000000000003,173
7233,-82.70000000000003,173
7234,8.699999999999207,412
7235,-82.00000000000003,180
7236,-82.00000000000003,180
7237,-82.20000000000002,178
7238,-59.19999999999991,258
7239,-81.60000000000002,184
7240,-59.599999999999916,254
7241,-81.4,186
7242,-81.80000000000001,182
7243,-82.70000000000003,173
7244,-82.00000000000003,180
7245,-81.60000000000002,184
7246,-81.60000000000002,184
7247,-82.70000000000003,173
7248,-64.49999999999991,250
7249,-82.60000000000002,174
7250,15.19999999999942,447
7251,-82.70000000000003,173
7252,-81.80000000000001,182
7253,-82.00000000000003,180
7254,-67.49999999999997,220
7255,-39.99999999999985,300
7256,-82.40000000000003,176
7257,-82.40000000000003,176
7258,-61.599999999999945,234
7259,-61.39999999999994,236
7260,-82.70000000000003,173
7261,-40.39999999999986,296
7262,12.399999999999466,404
7263,-82.40000000000003,176
7264,-60.099999999999916,254
7265,-82.60000000000002,174
7266,-29.700000000000145,298
7267,-82.00000000000003,180
7268,-63.89999999999991,256
7269,-82.20000000000002,178
7270,-82.70000000000003,173
7271,-62.19999999999995,228
7272,-82.70000000000003,173
7273,102.39999999999773,704
7274,-81.80000000000001,182
7275,-82.70000000000003,173
7276,-82.40000000000003,176
7277,-22.400000000000063,326
7278,-82.20000000000002,178
7279,-82.20000000000002,178
7280,-62.999999999999964,220
7281,-63.89999999999998,211
7282,-62.19999999999995,228
7283,-81.80000000000001,182
7284,-82.20000000000002,178
7285,-81.80000000000001,182
7286,-82.40000000000003,176
7287,-82.00000000000003,180
7288,-64.09999999999994,239
7289,-66.89999999999995,226
7290,-81.60000000000002,184
7291,-82.00000000000003,180
7292,-40.29999999999985,302
7293,-81.80000000000001,182
7294,-82.70000000000003,173
7295,-40.999999999999865,290
7296,-82.40000000000003,176
7297,-47.8999999999999,266
7298,-59.599999999999916,254
7299,-44.099999999999845,304
7300,-82.40000000000003,176
7301,-67.39999999999996,221
7302,-63.19999999999997,218
7303,-49.99999999999992,250
7304,-82.00000000000003,180
7305,22.39999999999931,474
7306,-81.80000000000001,182
7307,20.999999999999318,460
7308,-82.40000000000003,176
7309,-82.60000000000002,174
7310,-82.70000000000003,173
7311,-82.70000000000003,173
7312,-48.89999999999991,256
7313,-82.70000000000003,173
7314,-4.547473508864641e-13,430
7315,-17.20000000000013,378
7316,-82.40000000000003,176
7317,-82.70000000000003,173
7318,-82.60000000000002,174
7319,-81.60000000000002,184
7320,-42.59999999999989,274
7321,-82.20000000000002,178
7322,-63.39999999999997,216
7323,-61.99999999999995,230
7324,-82.70000000000003,173
7325,33.199999999998994,487
7326,-82.00000000000003,180
7327,-81.60000000000002,184
7328,-81.80000000000001,182
7329,-82.40000000000003,176
7330,-82.40000000000003,176
7331,-82.70000000000003,173
7332,-62.59999999999996,224
7333,-82.40000000000003,176
7334,-82.40000000000003,176
7335,-82.40000000000003,176
7336,-82.70000000000003,173
7337,121.89999999999768,724
7338,-82.00000000000003,180
7339,-43.099999999999824,319
7340,-62.49999999999996,225
7341,-82.60000000000002,174
7342,-82.20000000000002,178
7343,-82.70000000000003,173
7344,-67.09999999999997,224
7345,-82.20000000000002,178
7346,-82.00000000000003,180
7347,-62.299999999999955,227
7348,-81.60000000000002,184
7349,-82.60000000000002,174
7350,-81.4,186
7351,-81.80000000000001,182
7352,-25.500000000000128,330
7353,-82.70000000000003,173
7354,-64.49999999999991,250
7355,-40.39999999999986,296
7356,-82.70000000000003,173
7357,-82.40000000000003,176
7358,-82.40000000000003,176
7359,-62.399999999999956,226
7360,-32.400000000000006,266
7361,-63.49999999999993,245
7362,-82.70000000000003,173
7363,-62.399999999999956,226
7364,-62.19999999999995,228
7365,-60.29999999999992,252
7366,-82.20000000000002,178
7367,-67.89999999999998,216
7368,-82.00000000000003,180
7369,-82.70000000000003,173
7370,-43.2999999999999,267
7371,-39.69999999999985,303
7372,-82.00000000000003,180
7373,-82.40000000000003,176
7374,-81.4,186
7375,-46.49999999999988,280
7376,-2.2000000000006708,428
7377,-82.70000000000003,173
7378,-81.4,186
7379,-61.19999999999994,238
7380,-82.60000000000002,174
7381,-59.89999999999992,251
7382,-82.40000000000003,176
7383,-82.70000000000003,173
7384,3.2999999999994856,433
7385,-61.79999999999995,232
7386,-62.399999999999956,226
7387,-82.20000000000002,178
7388,-81.80000000000001,182
7389,-61.79999999999995,232
7390,-82.00000000000003,180
7391,-82.60000000000002,174
7392,-82.60000000000002,174
7393,-81.80000000000001,182
7394,-62.59999999999996,224
7395,-81.80000000000001,182
7396,-82.40000000000003,176
7397,-5.900000000000517,416
7398,-82.00000000000003,180
7399,-64.89999999999992,246
7400,-40.39999999999986,296
7401,-81.4,186
7402,-22.20000000000013,328
7403,-62.399999999999956,226
7404,-58.99999999999991,260
7405,-58.799999999999905,262
7406,-2.600000000000321,374
7407,-61.19999999999994,238
7408,-63.89999999999991,256
7409,-37.19999999999981,328
7410,-82.40000000000003,176
7411,-81.4,186
7412,-62.19999999999995,228
7413,-82.00000000000003,180
7414,-22.30000000000024,362
7415,-62.29999999999995,232
7416,-81.60000000000002,184
7417,-82.20000000000002,178
7418,-82.70000000000003,173
7419,-81.60000000000002,184
7420,-66.89999999999995,226
7421,-82.20000000000002,178
7422,-82.40000000000003,176
7423,-81.4,186
7424,-82.40000000000003,176
7425,-82.00000000000003,180
7426,-61.99999999999995,230
7427,-67.09999999999997,224
7428,-62.399999999999956,226
7429,-82.40000000000003,176
7430,-82.70000000000003,173
7431,-81.80000000000001,182
7432,-81.4,186
7433,-82.40000000000003,176
7434,24.199999999999008,492
7435,-62.799999999999955,227
7436,-82.20000000000002,178
7437,-82.40000000000003,176
7438,-60.699999999999925,248
7439,-82.40000000000003,176
7440,-82.40000000000003,176
7441,-40.699999999999854,298
7442,-82.70000000000003,173
7443,-59.599999999999916,254
7444,-16.400000000000205,386
7445,-82.40000000000003,176
7446,-82.40000000000003,176
7447,-82.60000000000002,174
7448,-81.60000000000002,184
7449,-82.40000000000003,176
7450,-82.60000000000002,174
7451,-62.79999999999996,222
7452,-82.00000000000003,180
7453,-28.800000000000068,312
7454,-82.40000000000003,176
7455,-41.59999999999987,284
7456,-43.39999999999986,296
7457,-81.80000000000001,182
7458,-82.60000000000002,174
7459,-46.79999999999987,287
7460,-82.00000000000003,180
7461,-66.69999999999996,228
7462,55.29999999999839,548
7463,-82.20000000000002,178
7464,-1.4000000000004178,436
7465,-67.89999999999998,216
7466,-81.80000000000001,182
7467,-82.40000000000003,176
7468,-23.300000000000125,322
7469,-63.39999999999997,216
7470,-82.00000000000003,180
7471,-82.60000000000002,174
7472,-82.40000000000003,176
7473,-82.40000000000003,176
7474,-58.799999999999905,262
7475,57.19999999999868,557
7476,-67.89999999999998,216
7477,-63.89999999999997,216
7478,-82.70000000000003,173
7479,-66.89999999999995,226
7480,-62.79999999999996,222
7481,-82.60000000000002,174
7482,-40.99999999999983,315
7483,-82.00000000000003,180
7484,-81.4,186
7485,-82.40000000000003,176
7486,-82.60000000000002,174
7487,-40.49999999999985,300
7488,-40.19999999999985,303
7489,-60.19999999999992,253
7490,-81.80000000000001,182
7491,-60.49999999999992,250
7492,-82.70000000000003,173
7493,-82.20000000000002,178
7494,-82.40000000000003,176
7495,-82.20000000000002,178
7496,-40.59999999999986,294
7497,-82.70000000000003,173
7498,-82.00000000000003,180
7499,-82.00000000000003,180
7500,-46.79999999999988,277
7501,9.899999999999508,394
7502,-41.399999999999864,291
7503,-62.59999999999996,224
7504,-82.60000000000002,174
7505,-81.4,186
7506,-82.20000000000002,178
7507,-82.60000000000002,174
7508,-4.100000000000534,404
7509,-41.39999999999987,286
7510,-82.40000000000003,176
7511,-63.29999999999996,222
7512,-82.40000000000003,176
7513,-82.40000000000003,176
7514,-66.29999999999995,232
7515,-82.40000000000003,176
7516,-82.60000000000002,174
7517,-81.80000000000001,182
7518,-82.40000000000003,176
7519,-68.09999999999997,214
7520,-82.70000000000003,173
7521,-82.20000000000002,178
7522,-82.70000000000003,173
7523,-43.99999999999991,260
7524,-82.40000000000003,176
7525,-9.700000000000387,358
7526,-62.999999999999964,220
7527,-82.70000000000003,173
7528,-82.20000000000002,178
7529,-63.099999999999966,219
7530,-65.89999999999995,236
7531,-82.70000000000003,173
7532,-21.10000000000022,384
7533,-82.70000000000003,173
7534,-26.000000000000043,320
7535,-82.70000000000003,173
7536,-82.70000000000003,173
7537,-82.70000000000003,173
7538,-81.60000000000002,184
7539,-82.60000000000002,174
7540,-20.500000000000014,350
7541,-82.60000000000002,174
7542,-82.70000000000003,173
7543,-82.20000000000002,178
7544,-62.999999999999964,220
7545,-82.60000000000002,174
7546,20.299999999999216,458
7547,-82.60000000000002,174
7548,-82.20000000000002,178
7549,-82.40000000000003,176
7550,-82.00000000000003,180
7551,-62.999999999999964,220
7552,-82.20000000000002,178
7553,-82.40000000000003,176
7554,-59.89999999999991,256
7555,20.999999999999147,460
7556,-63.499999999999964,220
7557,-63.499999999999964,220
7558,-82.40000000000003,176
7559,1.7999999999995566,418
7560,-61.89999999999995,231
7561,-24.800000000000068,332
7562,-82.70000000000003,173
7563,-81.60000000000002,184
7564,-11.700000000000315,358
7565,-62.399999999999956,226
7566,-81.60000000000002,184
7567,-66.39999999999995,231
7568,-81.60000000000002,184
7569,102.19999999999811,677
7570,-60.199999999999925,248
7571,-82.20000000000002,178
7572,-2.500000000000412,420
7573,-3.900000000000503,406
7574,57.099999999998516,551
7575,-82.40000000000003,176
7576,-2.3000000000003524,382
7577,-82.60000000000002,174
7578,0.09999999999952536,406
7579,-82.00000000000003,180
7580,-82.00000000000003,180
7581,-60.29999999999992,252
7582,-82.40000000000003,176
7583,-82.60000000000002,174
7584,-81.4,186
7585,-68.09999999999997,214
7586,-82.40000000000003,176
7587,-61.79999999999995,232
7588,-82.60000000000002,174
7589,-62.399999999999956,226
7590,-81.60000000000002,184
7591,-65.09999999999994,244
7592,-82.70000000000003,173
7593,-82.40000000000003,176
7594,-23.900000000000162,366
7595,-82.40000000000003,176
7596,-5.800000000000395,392
7597,-44.39999999999991,256
7598,-59.99999999999992,250
7599,-22.400000000000148,326
7600,-58.5999999999999,264
7601,-82.40000000000003,176
7602,-81.80000000000001,182
7603,-82.00000000000003,180
7604,-82.70000000000003,173
7605,-82.60000000000002,174
7606,-82.40000000000003,176
7607,-82.60000000000002,174
7608,-42.699999999999825,318
7609,-81.4,186
7610,-67.69999999999996,218
7611,-82.40000000000003,176
7612,-43.99999999999991,260
7613,-82.20000000000002,178
7614,-62.399999999999956,226
7615,-48.399999999999864,291
7616,-59.79999999999992,252
7617,-82.60000000000002,174
7618,-33.999999999999986,300
7619,-82.60000000000002,174
7620,-81.80000000000001,182
7621,-61.599999999999945,234
7622,-61.19999999999994,238
7623,-62.69999999999996,223
7624,-1.4000000000005315,391
7625,-62.19999999999995,228
7626,-82.60000000000002,174
7627,-82.40000000000003,176
7628,-82.40000000000003,176
7629,-81.60000000000002,184
7630,-20.700000000000216,358
7631,-82.60000000000002,174
7632,-82.60000000000002,174
7633,-82.70000000000003,173
7634,-82.20000000000002,178
7635,-82.60000000000002,174
7636,-82.40000000000003,176
7637,-82.40000000000003,176
7638,-82.70000000000003,173
7639,-82.00000000000003,180
7640,-82.70000000000003,173
7641,0.39999999999955094,409
7642,-39.99999999999985,300
7643,-82.00000000000003,180
7644,-64.19999999999993,238
7645,-44.29999999999985,302
7646,-82.40000000000003,176
7647,-25.000000000000128,330
7648,-45.29999999999986,292
7649,-22.200000000000216,358
7650,-63.89999999999991,256
7651,-82.70000000000003,173
7652,-81.60000000000002,184
7653,-81.4,186
7654,-82.00000000000003,180
7655,-82.40000000000003,176
7656,-40.39999999999986,296
7657,-82.40000000000003,176
7658,-59.79999999999992,252
7659,-59.599999999999916,254
7660,-61.19999999999994,238
7661,-82.60000000000002,174
7662,-40.999999999999865,290
7663,-40.79999999999986,292
7664,-45.499999999999865,290
7665,-82.70000000000003,173
7666,-82.70000000000003,173
7667,-82.60000000000002,174
7668,-82.70000000000003,173
7669,-82.20000000000002,178
7670,-23.00000000000017,325
7671,-82.20000000000002,178
7672,-82.00000000000003,180
7673,-63.89999999999991,256
7674,-82.00000000000003,180
7675,-23.79999999999997,312
7676,-82.40000000000003,176
7677,-82.70000000000003,173
7678,-44.799999999999876,282
7679,-81.80000000000001,182
7680,-49.69999999999986,293
7681,-59.0999999999999,264
7682,-61.89999999999995,231
7683,-82.40000000000003,176
7684,-81.60000000000002,184
7685,-82.20000000000002,178
7686,-82.00000000000003,180
7687,-48.59999999999991,259
7688,-82.00000000000003,180
7689,-81.80000000000001,182
7690,-81.80000000000001,182
7691,-61.99999999999995,230
7692,-40.999999999999865,290
7693,-82.20000000000002,178
7694,-62.19999999999995,228
7695,-82.40000000000003,176
7696,-59.599999999999916,254
7697,-82.00000000000003,180
7698,-82.20000000000002,178
7699,-82.00000000000003,180
7700,-41.499999999999865,290
7701,-46.09999999999987,284
7702,-63.09999999999996,224
7703,-48.499999999999865,290
7704,2.2999999999994998,428
7705,-61.79999999999995,232
7706,-81.4,186
7707,-82.40000000000003,176
7708,-63.89999999999998,211
7709,-81.60000000000002,184
7710,-82.20000000000002,178
7711,-45.89999999999987,286
7712,-82.20000000000002,178
7713,-81.80000000000001,182
7714,-82.20000000000002,178
7715,-43.09999999999983,314
7716,-82.00000000000003,180
7717,-81.60000000000002,184
7718,-63.39999999999997,216
7719,-82.70000000000003,173
7720,-59.599999999999916,254
7721,-62.59999999999996,224
7722,-62.399999999999956,226
7723,-3.7000000000005713,403
7724,-62.399999999999956,226
7725,-64.39999999999998,206
7726,-82.20000000000002,178
7727,-61.79999999999995,232
7728,-82.40000000000003,176
7729,-82.40000000000003,176
7730,-49.39999999999994,236
7731,-82.60000000000002,174
7732,-22.60000000000015,324
7733,10.399999999999324,424
7734,-82.20000000000002,178
7735,-81.4,186
7736,-60.09999999999992,249
7737,-3.2000000000007276,438
7738,-82.40000000000003,176
7739,-82.20000000000002,178
7740,-61.29999999999993,242
7741,-67.49999999999997,220
7742,-62.099999999999945,234
7743,-20.800000000000082,352
7744,-82.70000000000003,173
7745,-82.40000000000003,176
7746,-64.29999999999993,252
7747,-61.39999999999994,236
7748,-43.09999999999985,299
7749,-81.60000000000002,184
7750,-62.79999999999996,222
7751,-19.900000000000034,356
7752,-40.79999999999986,292
7753,-81.80000000000001,182
7754,-61.09999999999994,239
7755,-81.80000000000001,182
7756,-81.4,186
7757,-82.00000000000003,180
7758,-82.00000000000003,180
7759,-62.999999999999964,220
7760,-64.09999999999991,254
7761,-61.499999999999936,240
7762,-82.20000000000002,178
7763,-82.20000000000002,178
7764,-82.20000000000002,178
7765,-82.40000000000003,176
7766,-42.49999999999982,320
7767,-82.60000000000002,174
7768,-58.799999999999905,262
7769,-82.40000000000003,176
7770,-82.70000000000003,173
7771,48.79999999999907,438
7772,-21.800000000000125,332
7773,-21.800000000000125,332
7774,-67.49999999999997,220
7775,-82.20000000000002,178
7776,-81.80000000000001,182
7777,-67.29999999999995,222
7778,-81.60000000000002,184
7779,-42.99999999999989,270
7780,-17.40000000000029,376
7781,-82.40000000000003,176
7782,-82.20000000000002,178
7783,-81.80000000000001,182
7784,-62.09999999999995,229
7785,-82.20000000000002,178
7786,-82.20000000000002,178
7787,-82.70000000000003,173
7788,-81.80000000000001,182
7789,-43.6999999999999,263
7790,-58.5999999999999,264
7791,91.59999999999835,621
7792,-81.80000000000001,182
7793,-62.399999999999956,226
7794,-82.60000000000002,174
7795,-82.20000000000002,178
7796,-5.1000000000002785,394
7797,-21.800000000000125,332
7798,-81.80000000000001,182
7799,-67.49999999999997,220
7800,-19.600000000000094,354
7801,-81.60000000000002,184
7802,-82.20000000000002,178
7803,-81.4,186
7804,-81.4,186
7805,-81.4,186
7806,-44.89999999999991,256
7807,17.69999999999949,432
7808,-62.19999999999995,228
7809,-26.400000000000176,331
7810,-61.39999999999994,236
7811,-62.59999999999996,224
7812,-82.00000000000003,180
7813,-82.40000000000003,176
7814,-82.70000000000003,173
7815,-15.000000000000327,320
7816,-60.49999999999992,250
7817,-62.79999999999996,222
7818,-2.2000000000005713,408
7819,-43.9999999999999,265
7820,-61.89999999999995,231
7821,-82.40000000000003,176
7822,-82.70000000000003,173
7823,-82.00000000000003,180
7824,-58.99999999999991,260
7825,-82.20000000000002,178
7826,-82.00000000000003,180
7827,-49.29999999999992,252
7828,-22.70000000000013,328
7829,-63.09999999999996,224
7830,-82.60000000000002,174
7831,-63.499999999999964,220
7832,-22.400000000000063,326
7833,-82.70000000000003,173
7834,-62.799999999999955,227
7835,-22.39999999999995,336
7836,-82.70000000000003,173
7837,-82.20000000000002,178
7838,-81.80000000000001,182
7839,-82.70000000000003,173
7840,-81.80000000000001,182
7841,-21.400000000000148,336
7842,-62.39999999999995,231
7843,-82.00000000000003,180
7844,-82.20000000000002,178
7845,-82.70000000000003,173
7846,-82.40000000000003,176
7847,-82.20000000000002,178
7848,-62.09999999999995,229
7849,-82.70000000000003,173
7850,-82.00000000000003,180
7851,-82.60000000000002,174
7852,-62.399999999999956,226
7853,-82.60000000000002,174
7854,-81.4,186
7855,-82.00000000000003,180
7856,-82.00000000000003,180
7857,-21.600000000000165,334
7858,-63.99999999999998,210
7859,-82.00000000000003,180
7860,-82.20000000000002,178
7861,-62.19999999999995,228
7862,-61.79999999999995,232
7863,-43.799999999999905,262
7864,-81.80000000000001,182
7865,-61.599999999999945,234
7866,-82.20000000000002,178
7867,-81.60000000000002,184
7868,-82.20000000000002,178
7869,-39.49999999999981,330
7870,-63.499999999999964,220
7871,-43.3999999999999,266
7872,-41.899999999999814,326
7873,-82.20000000000002,178
7874,-82.70000000000003,173
7875,-17.60000000000015,374
7876,-82.20000000000002,178
7877,-59.39999999999991,256
7878,-64.6,204
7879,-82.70000000000003,173
7880,-82.40000000000003,176
7881,-46.899999999999885,276
7882,-45.89999999999987,286
7883,-64.39999999999998,206
7884,-82.70000000000003,173
7885,-82.60000000000002,174
7886,-82.20000000000002,178
7887,-21.700000000000074,338
7888,-81.80000000000001,182
7889,-43.9999999999999,265
7890,-59.79999999999992,252
7891,-82.70000000000003,173
7892,-68.49999999999997,210
7893,-82.20000000000002,178
7894,-64.69999999999993,248
7895,-82.40000000000003,176
7896,20.899999999999096,484
7897,-40.199999999999854,298
7898,-81.60000000000002,184
7899,-61.599999999999945,234
7900,-82.70000000000003,173
7901,-25.700000000000117,338
7902,-20.900000000000134,346
7903,-62.49999999999995,230
7904,-81.60000000000002,184
7905,-82.40000000000003,176
7906,-61.19999999999994,238
7907,-63.39999999999997,216
7908,-82.40000000000003,176
7909,-38.49999999999983,315
7910,-25.40000000000005,321
7911,-82.20000000000002,178
7912,-82.70000000000003,173
7913,-51.0999999999999,264
7914,-82.40000000000003,176
7915,-25.400000000000148,306
7916,-61.49999999999994,235
7917,-61.49999999999994,235
7918,-42.499999999999844,305
7919,1.699999999999676,417
7920,-82.40000000000003,176
7921,-82.70000000000003,173
7922,-61.49999999999994,235
7923,-82.20000000000002,178
7924,-81.80000000000001,182
7925,-59.89999999999991,256
7926,-60.899999999999935,241
7927,-63.19999999999997,218
7928,-63.59999999999993,244
7929,-81.4,186
7930,-82.00000000000003,180
7931,-82.40000000000003,176
7932,-82.70000000000003,173
7933,-81.60000000000002,184
7934,-82.00000000000003,180
7935,-26.100000000000136,334
7936,-66.89999999999995,226
7937,-43.99999999999991,260
7938,-21.200000000000188,338
7939,-82.40000000000003,176
7940,-82.70000000000003,173
7941,-38.39999999999983,316
7942,-43.39999999999989,271
7943,-63.19999999999997,218
7944,-39.99999999999985,300
7945,-82.40000000000003,176
7946,-63.09999999999996,224
7947,-42.99999999999988,280
7948,-61.99999999999995,230
7949,-61.399999999999935,241
7950,-62.79999999999996,222
7951,-62.19999999999995,228
7952,-81.80000000000001,182
7953,-58.5999999999999,264
7954,-4.800000000000438,352
7955,-62.19999999999995,228
7956,-60.39999999999993,246
7957,-82.20000000000002,178
7958,-82.00000000000003,180
7959,1.8999999999996362,419
7960,-63.59999999999997,214
7961,-66.89999999999995,226
7962,-82.40000000000003,176
7963,-64.19999999999999,208
7964,-61.79999999999995,232
7965,-62.999999999999964,220
7966,-45.499999999999886,275
7967,-81.80000000000001,182
7968,-82.40000000000003,176
7969,-44.59999999999985,299
7970,-41.999999999999865,290
7971,-82.70000000000003,173
7972,-62.79999999999996,222
7973,-82.70000000000003,173
7974,-62.899999999999956,226
7975,-62.79999999999996,222
7976,-82.40000000000003,176
7977,-82.00000000000003,180
7978,-45.79999999999989,272
7979,-82.00000000000003,180
7980,-82.70000000000003,173
7981,-82.70000000000003,173
7982,29.599999999999056,441
7983,-82.00000000000003,180
7984,-62.299999999999955,227
7985,-60.39999999999993,246
7986,-82.40000000000003,176
7987,-82.70000000000003,173
7988,-82.60000000000002,174
7989,-82.40000000000003,176
7990,-24.599999999999994,314
7991,-39.39999999999984,306
7992,-63.49999999999997,215
7993,-67.49999999999999,205
7994,-44.19999999999987,288
7995,2.499999999999531,440
7996,-82.70000000000003,173
7997,-36.8999999999998,336
7998,-65.19999999999993,243
7999,-82.70000000000003,173
8000,-82.70000000000003,173
8001,-60.899999999999935,241
8002,-82.60000000000002,174
8003,-60.69999999999993,243
8004,-82.40000000000003,176
8005,-67.89999999999998,216
8006,-82.20000000000002,178
8007,-82.00000000000003,180
8008,-82.70000000000003,173
8009,-82.40000000000003,176
8010,-82.40000000000003,176
8011,-62.49999999999996,225
8012,-61.79999999999994,237
8013,-82.60000000000002,174
8014,-81.60000000000002,184
8015,-61.99999999999995,230
8016,-44.6999999999999,263
8017,-58.99999999999991,260
8018,-62.899999999999956,226
8019,-82.40000000000003,176
8020,-81.60000000000002,184
8021,-60.699999999999925,248
8022,-82.20000000000002,178
8023,-66.89999999999995,226
8024,-2.400000000000361,421
8025,-81.4,186
8026,-82.20000000000002,178
8027,-66.79999999999995,227
8028,-81.80000000000001,182
8029,-82.00000000000003,180
8030,-62.29999999999995,232
8031,-42.39999999999984,306
8032,-43.199999999999896,268
8033,-82.40000000000003,176
8034,-82.20000000000002,178
8035,-22.100000000000264,374
8036,-63.59999999999993,244
8037,-82.40000000000003,176
8038,-82.20000000000002,178
8039,32.999999999999034,480
8040,1.1999999999995055,412
8041,-81.80000000000001,182
8042,-82.20000000000002,178
8043,-39.79999999999985,302
8044,-43.199999999999896,268
8045,-82.20000000000002,178
8046,-82.60000000000002,174
8047,-66.39999999999995,231
8048,-2.0000000000005116,410
8049,-82.40000000000003,176
8050,-7.70000000000023,393
8051,-82.20000000000002,178
8052,-61.599999999999945,234
8053,-82.00000000000003,180
8054,-82.40000000000003,176
8055,-82.40000000000003,176
8056,-62.399999999999956,226
8057,-20.700000000000017,368
8058,-59.19999999999991,258
8059,-82.20000000000002,178
8060,-48.799999999999876,282
8061,-82.00000000000003,180
8062,-82.00000000000003,180
8063,-82.20000000000002,178
8064,38.899999999998926,519
8065,-82.20000000000002,178
8066,-82.00000000000003,180
8067,-46.1999999999999,263
8068,-82.60000000000002,174
8069,-63.29999999999996,222
8070,-82.40000000000003,176
8071,-24.400000000000134,306
8072,-82.20000000000002,178
8073,-22.00000000000007,330
8074,-82.60000000000002,174
8075,-81.60000000000002,184
8076,-22.60000000000015,334
8077,-82.60000000000002,174
8078,-61.599999999999945,234
8079,-82.40000000000003,176
8080,-43.8999999999999,266
8081,65.0999999999986,606
8082,-28.700000000000102,298
8083,-53.39999999999991,256
8084,-82.70000000000003,173
8085,-82.20000000000002,178
8086,-82.40000000000003,176
8087,-82.70000000000003,173
8088,-82.00000000000003,180
8089,-82.70000000000003,173
8090,-82.20000000000002,178
8091,-82.70000000000003,173
8092,-42.79999999999989,272
8093,-82.70000000000003,173
8094,-82.70000000000003,173
8095,-17.40000000000005,376
8096,-41.19999999999986,293
8097,-81.80000000000001,182
8098,-64.09999999999998,209
8099,-82.60000000000002,174
8100,-82.60000000000002,174
8101,-82.70000000000003,173
8102,-67.49999999999997,220
8103,-82.70000000000003,173
8104,-81.4,186
8105,-39.19999999999984,308
8106,-82.70000000000003,173
8107,-82.70000000000003,173
8108,-82.40000000000003,176
8109,-65.09999999999994,244
8110,-82.60000000000002,174
8111,-18.800000000000026,367
8112,-2.3000000000003524,377
8113,-82.70000000000003,173
8114,-67.39999999999996,221
8115,-60.59999999999993,244
8116,-82.70000000000003,173
8117,54.799999999998676,508
8118,-82.70000000000003,173
8119,-82.00000000000003,180
8120,-81.80000000000001,182
8121,-63.29999999999996,222
8122,-44.29999999999985,302
8123,-67.89999999999998,216
8124,-82.70000000000003,173
8125,-66.09999999999994,234
8126,35.8999999999987,494
8127,-82.00000000000003,180
8128,-81.80000000000001,182
8129,-43.799999999999905,262
8130,-17.60000000000005,374
8131,-82.00000000000003,180
8132,-61.39999999999994,236
8133,-68.09999999999997,214
8134,-63.19999999999996,223
8135,-82.70000000000003,173
8136,-39.599999999999845,304
8137,-82.00000000000003,180
8138,37.99999999999898,530
8139,-62.199999999999946,233
8140,-60.19999999999992,253
8141,-82.70000000000003,173
8142,-81.80000000000001,182
8143,4.399999999999565,444
8144,-82.70000000000003,173
8145,-81.80000000000001,182
8146,-61.49999999999994,235
8147,-62.19999999999995,228
8148,-63.39999999999997,216
8149,-82.00000000000003,180
8150,-82.20000000000002,178
8151,-42.399999999999885,276
8152,-60.69999999999993,243
8153,-82.40000000000003,176
8154,-81.60000000000002,184
8155,-82.60000000000002,174
8156,-60.999999999999936,240
8157,-40.699999999999854,298
8158,-82.70000000000003,173
8159,-41.89999999999988,281
8160,-41.19999999999987,288
8161,-82.70000000000003,173
8162,-82.20000000000002,178
8163,-82.40000000000003,176
8164,-20.300000000000054,352
8165,-62.69999999999995,228
8166,-60.999999999999936,240
8167,-63.89999999999991,256
8168,-62.59999999999996,224
8169,-40.79999999999986,292
8170,13.299999999999429,408
8171,-82.00000000000003,180
8172,-81.60000000000002,184
8173,-82.00000000000003,180
8174,-81.80000000000001,182
8175,-81.4,186
8176,-82.20000000000002,178
8177,-26.600000000000136,314
8178,-82.40000000000003,176
8179,-67.69999999999996,218
8180,-62.59999999999996,224
8181,-81.80000000000001,182
8182,-62.59999999999996,224
8183,-82.40000000000003,176
8184,-62.999999999999964,220
8185,-24.800000000000125,302
8186,-63.499999999999964,220
8187,-81.80000000000001,182
8188,-82.70000000000003,173
8189,-82.20000000000002,178
8190,-81.4,186
8191,-43.49999999999984,310
8192,-39.99999999999984,310
8193,-81.4,186
8194,-82.60000000000002,174
8195,-61.99999999999995,230
8196,-82.20000000000002,178
8197,-63.099999999999966,219
8198,-1.5000000000002984,410
8199,17.199999999999406,422
8200,-39.89999999999984,306
8201,-42.599999999999845,304
8202,-81.80000000000001,182
8203,-81.80000000000001,182
8204,-82.20000000000002,178
8205,-41.99999999999988,280
8206,-82.60000000000002,174
8207,-81.80000000000001,182
8208,-60.69999999999993,243
8209,-81.80000000000001,182
8210,-47.7999999999999,267
8211,-31.90000000000012,306
8212,-81.80000000000001,182
8213,-82.20000000000002,178
8214,32.39999999999907,484
8215,-82.00000000000003,180
8216,-62.19999999999995,228
8217,-62.59999999999996,224
8218,150.09999999999695,856
8219,-62.59999999999996,224
8220,-82.70000000000003,173
8221,-82.40000000000003,176
8222,-42.59999999999989,274
8223,-81.80000000000001,182
8224,-82.70000000000003,173
8225,-62.59999999999996,224
8226,-64.29999999999993,252
8227,-82.70000000000003,173
8228,-41.89999999999983,316
8229,64.29999999999836,638
8230,-82.70000000000003,173
8231,-63.39999999999997,216
8232,-60.49999999999992,250
8233,-82.20000000000002,178
8234,-81.4,186
8235,-62.59999999999996,224
8236,-22.200000000000088,328
8237,-61.99999999999995,230
8238,-82.20000000000002,178
8239,-82.70000000000003,173
8240,-82.00000000000003,180
8241,-62.59999999999996,224
8242,-27.300000000000068,322
8243,-61.79999999999995,232
8244,-82.70000000000003,173
8245,-61.19999999999994,238
8246,-39.09999999999984,309
8247,-59.39999999999991,256
8248,-59.69999999999991,258
8249,-41.29999999999986,292
8250,-82.40000000000003,176
8251,-42.499999999999865,290
8252,-81.4,186
8253,-41.399999999999864,291
8254,-67.49999999999997,220
8255,-82.60000000000002,174
8256,-82.00000000000003,180
8257,-40.79999999999986,292
8258,-82.20000000000002,178
8259,-82.00000000000003,180
8260,-82.00000000000003,180
8261,-82.70000000000003,173
8262,-82.70000000000003,173
8263,-17.5000000000001,380
8264,-61.69999999999994,238
8265,-43.5999999999999,264
8266,-82.70000000000003,173
8267,-6.900000000000546,386
8268,-81.80000000000001,182
8269,-22.800000000000097,322
8270,61.099999999998374,586
8271,15.999999999999304,440
8272,-42.39999999999984,306
8273,-42.399999999999885,276
8274,-61.79999999999995,232
8275,-82.70000000000003,173
8276,-68.29999999999998,212
8277,-68.29999999999998,212
8278,-61.699999999999946,233
8279,-82.20000000000002,178
8280,-62.999999999999964,220
8281,-64.59999999999992,249
8282,-22.100000000000136,334
8283,-61.39999999999994,236
8284,-39.29999999999984,307
8285,-63.59999999999997,214
8286,-82.70000000000003,173
8287,-61.79999999999995,232
8288,-22.200000000000145,328
8289,-20.400000000000304,376
8290,-81.80000000000001,182
8291,-61.49999999999994,235
8292,-60.099999999999916,254
8293,-46.299999999999876,282
8294,-82.20000000000002,178
8295,-62.399999999999956,226
8296,-45.199999999999854,298
8297,-67.49999999999997,220
8298,-63.69999999999997,218
8299,-82.60000000000002,174
8300,-81.80000000000001,182
8301,-40.099999999999845,304
8302,-43.199999999999896,268
8303,-82.20000000000002,178
8304,-60.39999999999993,246
8305,-82.70000000000003,173
8306,-82.70000000000003,173
8307,95.69999999999794,677
8308,-25.60000000000015,294
8309,-82.40000000000003,176
8310,-24.100000000000136,334
8311,26.199999999999136,432
8312,-62.59999999999996,224
8313,-62.79999999999996,222
8314,-82.70000000000003,173
8315,-64.59999999999992,249
8316,-42.29999999999988,277
8317,-81.4,186
8318,-48.599999999999895,269
8319,-64.6,204
8320,-43.199999999999896,268
8321,-4.700000000000344,358
8322,-61.99999999999995,230
8323,-82.20000000000002,178
8324,-82.40000000000003,176
8325,-82.60000000000002,174
8326,-64.89999999999992,246
8327,-23.200000000000074,328
8328,-82.40000000000003,176
8329,-82.40000000000003,176
8330,-81.80000000000001,182
8331,-81.60000000000002,184
8332,-81.60000000000002,184
8333,-5.500000000000398,390
8334,-44.39999999999991,256
8335,-61.599999999999945,234
8336,-82.40000000000003,176
8337,-62.79999999999996,222
8338,-24.30000000000004,312
8339,-21.000000000000085,340
8340,-82.20000000000002,178
8341,-62.59999999999996,224
8342,-81.80000000000001,182
8343,-64.49999999999991,250
8344,-43.699999999999896,268
8345,-82.00000000000003,180
8346,-82.20000000000002,178
8347,-81.4,186
8348,-82.60000000000002,174
8349,-60.199999999999925,248
8350,-62.69999999999995,228
8351,-46.49999999999994,235
8352,-3.9000000000003894,406
8353,-62.19999999999995,228
8354,-59.99999999999992,250
8355,-81.60000000000002,184
8356,-82.00000000000003,180
8357,-82.20000000000002,178
8358,-82.20000000000002,178
8359,-82.40000000000003,176
8360,-45.29999999999986,292
8361,-28.300000000000082,342
8362,-62.799999999999955,227
8363,-82.40000000000003,176
8364,-60.29999999999992,252
8365,38.99999999999878,550
8366,-81.60000000000002,184
8367,-31.80000000000011,322
8368,-82.20000000000002,178
8369,-82.60000000000002,174
8370,-82.70000000000003,173
8371,-23.80000000000011,322
8372,-82.60000000000002,174
8373,-59.89999999999992,251
8374,-61.39999999999994,236
8375,-82.20000000000002,178
8376,-82.60000000000002,174
8377,-82.60000000000002,174
8378,-27.500000000000128,300
8379,-82.20000000000002,178
8380,-20.900000000000247,366
8381,-82.70000000000003,173
8382,-63.39999999999997,216
8383,-82.00000000000003,180
8384,-82.70000000000003,173
8385,-82.40000000000003,176
8386,-1.0000000000006537,440
8387,-81.80000000000001,182
8388,-46.999999999999915,255
8389,-59.99999999999992,250
8390,-82.40000000000003,176
8391,-61.19999999999994,238
8392,13.199999999999264,427
8393,-82.70000000000003,173
8394,-82.60000000000002,174
8395,-39.69999999999985,303
8396,-40.79999999999986,292
8397,-81.80000000000001,182
8398,-59.599999999999916,254
8399,-81.80000000000001,182
8400,-44.299999999999905,262
8401,-40.59999999999986,294
8402,-3.90000000000056,406
8403,-82.00000000000003,180
8404,-82.60000000000002,174
8405,-82.20000000000002,178
8406,-82.70000000000003,173
8407,-82.70000000000003,173
8408,-22.800000000000068,327
8409,-36.1999999999998,338
8410,-81.80000000000001,182
8411,-82.40000000000003,176
8412,-82.20000000000002,178
8413,-81.80000000000001,182
8414,-82.20000000000002,178
8415,-81.80000000000001,182
8416,-7.500000000000227,395
8417,-82.20000000000002,178
8418,-5.500000000000611,400
8419,-0.5000000000004832,400
8420,-82.60000000000002,174
8421,-81.80000000000001,182
8422,-62.59999999999996,224
8423,-45.89999999999987,286
8424,-67.89999999999998,216
8425,-20.900000000000105,341
8426,-82.40000000000003,176
8427,-82.00000000000003,180
8428,-81.80000000000001,182
8429,-67.89999999999998,216
8430,-82.60000000000002,174
8431,-63.29999999999996,222
8432,-62.999999999999964,220
8433,-41.69999999999987,288
8434,-82.20000000000002,178
8435,-82.40000000000003,176
8436,21.299999999999358,468
8437,-81.80000000000001,182
8438,-81.60000000000002,184
8439,-82.40000000000003,176
8440,-41.19999999999986,293
8441,-82.40000000000003,176
8442,-81.60000000000002,184
8443,-81.80000000000001,182
8444,13.499999999999446,410
8445,-82.20000000000002,178
8446,-60.59999999999993,244
8447,-64.89999999999992,246
8448,-82.60000000000002,174
8449,-82.40000000000003,176
8450,-82.40000000000003,176
8451,-81.80000000000001,182
8452,-82.60000000000002,174
8453,-2.300000000000452,382
8454,-82.00000000000003,180
8455,-82.60000000000002,174
8456,-53.599999999999916,254
8457,-82.00000000000003,180
8458,-59.19999999999991,258
8459,-37.399999999999814,326
8460,-82.00000000000003,180
8461,-82.20000000000002,178
8462,-82.20000000000002,178
8463,-62.299999999999955,227
8464,-82.00000000000003,180
8465,-45.69999999999987,288
8466,-62.59999999999996,224
8467,-65.89999999999995,236
8468,-82.40000000000003,176
8469,-27.10000000000008,324
8470,-9.80000000000048,392
8471,-81.80000000000001,182
8472,-46.899999999999885,276
8473,-81.4,186
8474,-81.60000000000002,184
8475,-82.00000000000003,180
8476,18.599999999999426,456
8477,-82.70000000000003,173
8478,-82.70000000000003,173
8479,-63.19999999999997,218
8480,-42.99999999999989,270
8481,44.09999999999883,556
8482,-81.80000000000001,182
8483,-82.40000000000003,176
8484,-82.40000000000003,176
8485,-59.599999999999916,254
8486,-82.70000000000003,173
8487,-81.60000000000002,184
8488,-63.299999999999905,262
8489,-67.89999999999998,216
8490,-82.20000000000002,178
8491,-82.20000000000002,178
8492,-82.70000000000003,173
8493,-82.40000000000003,176
8494,-41.09999999999986,294
8495,-31.200000000000145,328
8496,-62.799999999999955,227
8497,-82.40000000000003,176
8498,-82.20000000000002,178
8499,-62.79999999999996,222
8500,-59.79999999999992,252
8501,-64.89999999999992,246
8502,-82.60000000000002,174
8503,-63.89999999999991,256
8504,-62.49999999999996,225
8505,-44.0999999999999,264
8506,19.599999999999255,481
8507,-81.80000000000001,182
8508,-82.20000000000002,178
8509,-61.599999999999945,234
8510,-66.39999999999995,231
8511,-82.40000000000003,176
8512,-40.999999999999865,290
8513,-64.19999999999992,253
8514,-82.00000000000003,180
8515,-81.80000000000001,182
8516,-81.60000000000002,184
8517,-63.29999999999996,222
8518,-62.29999999999995,232
8519,-82.60000000000002,174
8520,-60.199999999999925,248
8521,-58.99999999999991,260
8522,-82.20000000000002,178
8523,-45.09999999999986,294
8524,-82.60000000000002,174
8525,-19.300000000000068,357
8526,-82.00000000000003,180
8527,-82.70000000000003,173
8528,-82.20000000000002,178
8529,-82.40000000000003,176
8530,-64.39999999999995,236
8531,18.59999999999947,461
8532,-42.79999999999985,302
8533,-39.99999999999985,300
8534,-17.800000000000125,372
8535,-20.70000000000013,343
8536,19.899999999999125,484
8537,-82.40000000000003,176
8538,-82.60000000000002,174
8539,-3.9000000000005457,386
8540,-82.40000000000003,176
8541,-82.70000000000003,173
8542,-67.29999999999995,222
8543,-81.60000000000002,184
8544,-62.79999999999996,222
8545,-67.69999999999996,218
8546,-82.20000000000002,178
8547,-22.700000000000273,368
8548,-82.00000000000003,180
8549,-48.499999999999865,290
8550,-62.49999999999995,230
8551,12.499999999999346,430
8552,-82.70000000000003,173
8553,-67.09999999999997,224
8554,-82.20000000000002,178
8555,-42.69999999999981,328
8556,-81.80000000000001,182
8557,-42.99999999999985,300
8558,-82.20000000000002,178
8559,-28.80000000000024,307
8560,-19.70000000000006,358
8561,-63.69999999999997,218
8562,-82.70000000000003,173
8563,-82.40000000000003,176
8564,-59.19999999999991,258
8565,-82.60000000000002,174
8566,-82.60000000000002,174
8567,-62.399999999999956,226
8568,-81.60000000000002,184
8569,-82.40000000000003,176
8570,-81.4,186
8571,-82.70000000000003,173
8572,-81.4,186
8573,-81.80000000000001,182
8574,-82.00000000000003,180
8575,-81.4,186
8576,-60.099999999999916,254
8577,-82.70000000000003,173
8578,-62.899999999999956,226
8579,-59.69999999999992,253
8580,37.7999999999991,478
8581,-82.00000000000003,180
8582,-82.60000000000002,174
8583,-81.80000000000001,182
8584,-82.20000000000002,178
8585,-37.69999999999981,328
8586,-40.79999999999986,292
8587,-43.49999999999984,310
8588,-82.40000000000003,176
8589,-63.499999999999964,220
8590,-25.900000000000077,336
8591,-63.39999999999996,221
8592,-61.599999999999945,234
8593,-68.29999999999998,212
8594,-82.70000000000003,173
8595,-82.20000000000002,178
8596,-81.60000000000002,184
8597,-62.79999999999996,222
8598,-82.20000000000002,178
8599,-62.399999999999956,226
8600,-82.40000000000003,176
8601,-81.4,186
8602,-82.70000000000003,173
8603,-62.999999999999964,220
8604,-40.59999999999986,294
8605,-38.59999999999983,314
8606,-2.6000000000004633,404
8607,-81.60000000000002,184
8608,-82.70000000000003,173
8609,-59.19999999999991,258
8610,-82.20000000000002,178
8611,-82.70000000000003,173
8612,-48.9999999999999,265
8613,-82.70000000000003,173
8614,-82.00000000000003,180
8615,-81.4,186
8616,-82.40000000000003,176
8617,-67.19999999999996,223
8618,-82.70000000000003,173
8619,-15.80000000000038,332
8620,-43.699999999999896,268
8621,-82.40000000000003,176
8622,21.899999999999096,469
8623,-62.19999999999995,228
8624,-60.29999999999992,252
8625,-23.000000000000057,330
8626,-82.20000000000002,178
8627,-82.20000000000002,178
8628,-19.600000000000037,354
8629,-41.69999999999987,288
8630,-81.80000000000001,182
8631,-82.70000000000003,173
8632,-22.00000000000024,360
8633,-82.60000000000002,174
8634,-82.20000000000002,178
8635,-82.00000000000003,180
8636,-42.399999999999885,276
8637,-8.500000000000455,390
8638,-82.60000000000002,174
8639,-61.99999999999995,230
8640,-82.40000000000003,176
8641,-59.79999999999992,252
8642,70.09999999999854,536
8643,-20.60000000000008,344
8644,-82.60000000000002,174
8645,-82.70000000000003,173
8646,-37.399999999999814,326
8647,-61.599999999999945,234
8648,-82.40000000000003,176
8649,-82.70000000000003,173
8650,-36.799999999999805,332
8651,-82.20000000000002,178
8652,-81.60000000000002,184
8653,-66.69999999999996,228
8654,-82.70000000000003,173
8655,-82.20000000000002,178
8656,-82.70000000000003,173
8657,-81.80000000000001,182
8658,-41.99999999999988,280
8659,-81.80000000000001,182
8660,-43.29999999999989,272
8661,-82.20000000000002,178
8662,-60.099999999999916,254
8663,-67.89999999999998,216
8664,-82.70000000000003,173
8665,-18.700000000000173,388
8666,-82.40000000000003,176
8667,-82.40000000000003,176
8668,-82.60000000000002,174
8669,-1.2000000000006708,398
8670,1.999999999999261,420
8671,-82.40000000000003,176
8672,-22.40000000000009,326
8673,-82.20000000000002,178
8674,-82.60000000000002,174
8675,-82.40000000000003,176
8676,-82.00000000000003,180
8677,-82.70000000000003,173
8678,-82.40000000000003,176
8679,-82.70000000000003,173
8680,-10.80000000000041,382
8681,-82.70000000000003,173
8682,-82.60000000000002,174
8683,-62.49999999999996,225
8684,-82.70000000000003,173
8685,-82.40000000000003,176
8686,-7.9000000000003325,366
8687,-40.699999999999854,298
8688,-82.70000000000003,173
8689,-82.60000000000002,174
8690,-40.699999999999854,298
8691,-19.000000000000085,360
8692,-82.20000000000002,178
8693,-82.60000000000002,174
8694,-82.20000000000002,178
8695,-82.40000000000003,176
8696,-43.3999999999999,266
8697,-82.20000000000002,178
8698,-20.000000000000256,360
8699,-81.60000000000002,184
8700,77.99999999999847,580
8701,-26.400000000000134,326
8702,-42.79999999999989,272
8703,-59.49999999999991,260
8704,-82.70000000000003,173
8705,-82.60000000000002,174
8706,-82.40000000000003,176
8707,-82.60000000000002,174
8708,-68.29999999999998,212
8709,-82.40000000000003,176
8710,-61.19999999999994,238
8711,-62.79999999999996,222
8712,-46.3999999999999,266
8713,-46.99999999999988,280
8714,-43.8999999999999,266
8715,-62.89999999999996,221
8716,-63.79999999999993,242
8717,-82.20000000000002,178
8718,-81.80000000000001,182
8719,-82.70000000000003,173
8720,-63.09999999999996,224
8721,-62.39999999999995,231
8722,-41.59999999999987,284
8723,-82.70000000000003,173
8724,-43.799999999999905,262
8725,-38.99999999999984,310
8726,-40.89999999999986,296
8727,-82.60000000000002,174
8728,-63.99999999999998,210
8729,-39.79999999999985,302
8730,-82.40000000000003,176
8731,-43.3999999999999,266
8732,-20.699999999999918,353
8733,-47.8999999999999,266
8734,-24.600000000000122,304
8735,-22.500000000000114,370
8736,-82.70000000000003,173
8737,-24.800000000000182,392
8738,-59.79999999999992,252
8739,-82.20000000000002,178
8740,-61.19999999999994,238
8741,-82.20000000000002,178
8742,-82.70000000000003,173
8743,-44.999999999999886,275
8744,-82.60000000000002,174
8745,-82.70000000000003,173
8746,-4.600000000000449,384
8747,-82.60000000000002,174
8748,-81.4,186
8749,-82.70000000000003,173
8750,-82.40000000000003,176
8751,-82.70000000000003,173
8752,-82.20000000000002,178
8753,-82.40000000000003,176
8754,-19.40000000000012,356
8755,-82.40000000000003,176
8756,-46.999999999999886,275
8757,-82.00000000000003,180
8758,-47.79999999999986,292
8759,-81.80000000000001,182
8760,-61.89999999999995,231
8761,-81.80000000000001,182
8762,-2.00000000000054,450
8763,-82.40000000000003,176
8764,-42.89999999999986,296
8765,19.399999999999295,454
8766,-82.70000000000003,173
8767,-62.399999999999956,226
8768,-82.40000000000003,176
8769,-82.00000000000003,180
8770,-19.00000000000007,360
8771,-82.60000000000002,174
8772,-81.80000000000001,182
8773,-62.899999999999956,226
8774,16.299999999999102,468
8775,-82.40000000000003,176
8776,-19.400000000000205,401
8777,-82.70000000000003,173
8778,-22.60000000000025,354
8779,-82.20000000000002,178
8780,-19.90000000000026,356
8781,-82.70000000000003,173
8782,-82.20000000000002,178
8783,-43.699999999999896,268
8784,-82.20000000000002,178
8785,-82.40000000000003,176
8786,-82.00000000000003,180
8787,-82.60000000000002,174
8788,-62.59999999999996,224
8789,-82.20000000000002,178
8790,-82.40000000000003,176
8791,-82.00000000000003,180
8792,-62.999999999999964,220
8793,9.499999999999588,415
8794,-48.499999999999886,275
8795,16.79999999999903,443
8796,-82.70000000000003,173
8797,11.899999999999281,444
8798,-62.19999999999995,228
8799,-82.00000000000003,180
8800,-82.70000000000003,173
8801,-82.60000000000002,174
8802,-42.49999999999985,300
8803,-61.599999999999945,234
8804,-40.199999999999854,298
8805,-12.50000000000044,375
8806,-61.39999999999994,236
8807,-61.09999999999994,239
8808,-43.199999999999854,298
8809,-81.80000000000001,182
8810,-81.80000000000001,182
8811,-82.70000000000003,173
8812,-66.99999999999997,210
8813,-82.40000000000003,176
8814,-44.099999999999845,304
8815,-20.40000000000022,356
8816,-82.20000000000002,178
8817,-82.40000000000003,176
8818,-42.79999999999989,272
8819,-62.59999999999996,224
8820,-67.49999999999997,220
8821,-82.20000000000002,178
8822,-81.80000000000001,182
8823,-63.09999999999996,224
8824,-22.10000000000008,334
8825,-82.00000000000003,180
8826,-64.69999999999995,233
8827,-64.89999999999992,246
8828,-41.799999999999834,312
8829,-61.99999999999995,230
8830,-82.20000000000002,178
8831,-44.699999999999854,298
8832,-62.59999999999996,224
8833,-82.70000000000003,173
8834,-81.60000000000002,184
8835,-82.00000000000003,180
8836,-81.60000000000002,184
8837,-82.00000000000003,180
8838,-43.799999999999905,262
8839,-62.59999999999996,224
8840,-82.20000000000002,178
8841,-63.699999999999974,213
8842,-61.599999999999945,234
8843,-82.00000000000003,180
8844,-63.29999999999996,222
8845,-82.40000000000003,176
8846,-82.70000000000003,173
8847,-81.60000000000002,184
8848,-67.09999999999997,224
8849,-59.599999999999916,254
8850,-82.20000000000002,178
8851,-62.19999999999995,228
8852,-82.70000000000003,173
8853,-82.60000000000002,174
8854,-40.999999999999865,290
8855,-81.4,186
8856,-64.6,204
8857,-82.40000000000003,176
8858,16.899999999999295,464
8859,-62.19999999999995,228
8860,-67.59999999999997,219
8861,-82.70000000000003,173
8862,-19.40000000000009,356
8863,-40.39999999999986,296
8864,-81.4,186
8865,-82.20000000000002,178
8866,-81.80000000000001,182
8867,-81.80000000000001,182
8868,-61.89999999999994,236
8869,-82.70000000000003,173
8870,-30.800000000000082,332
8871,-82.60000000000002,174
8872,-81.80000000000001,182
8873,-43.099999999999895,269
8874,-67.69999999999996,218
8875,-82.00000000000003,180
8876,-82.20000000000002,178
8877,-60.89999999999993,246
8878,-82.60000000000002,174
8879,-46.299999999999876,282
8880,-81.80000000000001,182
8881,20.699999999998994,512
8882,-82.70000000000003,173
8883,-61.599999999999945,234
8884,40.29999999999913,528
8885,-82.00000000000003,180
8886,-61.99999999999995,230
8887,-59.599999999999916,254
8888,-48.3999999999999,266
8889,-81.60000000000002,184
8890,-18.600000000000094,364
8891,-82.20000000000002,178
8892,-82.60000000000002,174
8893,-81.80000000000001,182
8894,-61.19999999999994,238
8895,-82.60000000000002,174
8896,-63.69999999999997,218
8897,-21.200000000000188,338
8898,-81.4,186
8899,-82.00000000000003,180
8900,-39.89999999999984,306
8901,-82.60000000000002,174
8902,-66.29999999999995,232
8903,-17.900000000000134,371
8904,-82.60000000000002,174
8905,0.9999999999994458,420
8906,-59.99999999999992,250
8907,-43.49999999999989,270
8908,-82.00000000000003,180
8909,-21.600000000000122,334
8910,-22.500000000000128,330
8911,-82.40000000000003,176
8912,-81.60000000000002,184
8913,-39.79999999999985,302
8914,-82.00000000000003,180
8915,-62.19999999999995,228
8916,-82.20000000000002,178
8917,-82.20000000000002,178
8918,-81.80000000000001,182
8919,-82.00000000000003,180
8920,-82.70000000000003,173
8921,-67.69999999999996,218
8922,-82.20000000000002,178
8923,-40.29999999999985,302
8924,-64.49999999999991,250
8925,-50.39999999999987,286
8926,-82.20000000000002,178
8927,-81.80000000000001,182
8928,-39.39999999999984,306
8929,33.799999999999216,478
8930,-4.700000000000514,388
8931,-82.00000000000003,180
8932,-82.60000000000002,174
8933,-62.09999999999995,229
8934,-82.70000000000003,173
8935,-82.60000000000002,174
8936,-67.69999999999996,218
8937,-18.100000000000065,384
8938,-82.60000000000002,174
8939,-81.60000000000002,184
8940,-37.59999999999982,324
8941,-61.49999999999994,235
8942,-64.49999999999999,205
8943,-59.599999999999916,254
8944,-18.300000000000182,372
8945,-82.20000000000002,178
8946,-82.60000000000002,174
8947,-67.29999999999995,222
8948,-68.09999999999997,214
8949,-27.300000000000082,322
8950,-82.60000000000002,174
8951,-81.80000000000001,182
8952,-24.60000000000008,334
8953,-6.100000000000449,414
8954,-39.09999999999983,314
8955,-61.39999999999994,236
8956,-81.80000000000001,182
8957,-61.99999999999995,230
8958,-82.70000000000003,173
8959,-61.89999999999995,231
8960,-44.19999999999991,258
8961,-82.70000000000003,173
8962,-64.09999999999997,214
8963,-59.599999999999916,254
8964,-42.79999999999989,272
8965,-45.29999999999986,292
8966,-43.199999999999896,268
8967,-82.20000000000002,178
8968,20.0999999999989,476
8969,-67.89999999999998,216
8970,-59.49999999999991,260
8971,-68.09999999999997,214
8972,-44.599999999999916,254
8973,-81.80000000000001,182
8974,-22.50000000000034,330
8975,-82.70000000000003,173
8976,-82.00000000000003,180
8977,-82.60000000000002,174
8978,-81.80000000000001,182
8979,-62.59999999999996,224
8980,-61.599999999999945,234
8981,-60.59999999999993,244
8982,-82.40000000000003,176
8983,-41.59999999999986,294
8984,-82.20000000000002,178
8985,-81.60000000000002,184
8986,-21.200000000000273,348
8987,-82.40000000000003,176
8988,-41.19999999999987,288
8989,-82.70000000000003,173
8990,-24.300000000000182,307
8991,-65.09999999999994,244
8992,-82.00000000000003,180
8993,-82.40000000000003,176
8994,1.3999999999997073,414
8995,-38.899999999999835,311
8996,-82.20000000000002,178
8997,-39.99999999999985,300
8998,16.399999999999338,424
8999,-14.600000000000264,404
9000,32.89999999999898,509
9001,-61.79999999999995,232
9002,-48.1999999999999,263
9003,-41.89999999999987,286
9004,116.0999999999975,731
9005,-82.70000000000003,173
9006,-82.00000000000003,180
9007,-64.09999999999994,239
9008,-22.700000000000202,368
9009,-62.59999999999996,224
9010,-49.29999999999992,252
9011,-26.600000000000207,314
9012,-82.70000000000003,173
9013,-81.80000000000001,182
9014,-82.00000000000003,180
9015,-82.60000000000002,174
9016,-59.89999999999992,251
9017,-62.59999999999996,224
9018,-17.90000000000012,371
9019,-81.4,186
9020,-81.60000000000002,184
9021,-82.20000000000002,178
9022,-82.70000000000003,173
9023,-64.29999999999993,252
9024,-46.09999999999987,284
9025,-82.00000000000003,180
9026,34.39999999999904,494
9027,-81.4,186
9028,-25.300000000000182,332
9029,-82.40000000000003,176
9030,-82.40000000000003,176
9031,-82.00000000000003,180
9032,-82.70000000000003,173
9033,-82.20000000000002,178
9034,21.899999999999267,499
9035,-81.60000000000002,184
9036,-48.3999999999999,266
9037,-82.20000000000002,178
9038,-82.60000000000002,174
9039,-68.09999999999997,214
9040,-59.19999999999991,258
9041,-46.799999999999905,262
9042,-82.60000000000002,174
9043,-82.60000000000002,174
9044,-62.79999999999996,222
9045,-82.40000000000003,176
9046,-82.70000000000003,173
9047,-45.699999999999925,248
9048,-62.899999999999956,226
9049,-82.00000000000003,180
9050,-81.80000000000001,182
9051,-59.599999999999916,254
9052,-82.00000000000003,180
9053,-82.20000000000002,178
9054,-63.89999999999997,216
9055,-66.79999999999995,227
9056,-63.79999999999993,242
9057,-82.60000000000002,174
9058,-82.60000000000002,174
9059,-82.60000000000002,174
9060,-82.20000000000002,178
9061,-63.69999999999991,258
9062,-82.70000000000003,173
9063,-82.60000000000002,174
9064,-81.4,186
9065,-81.80000000000001,182
9066,-4.900000000000588,396
9067,-45.69999999999987,288
9068,-82.00000000000003,180
9069,-82.70000000000003,173
9070,-24.899999999999963,301
9071,-62.299999999999955,227
9072,-62.399999999999956,226
9073,-82.60000000000002,174
9074,-82.20000000000002,178
9075,-60.29999999999992,252
9076,-82.20000000000002,178
9077,-43.49999999999984,310
9078,-42.89999999999983,316
9079,-82.40000000000003,176
9080,-21.200000000000088,338
9081,-42.699999999999825,318
9082,-24.999999999999943,310
9083,-82.40000000000003,176
9084,-63.59999999999993,244
9085,-39.599999999999845,304
9086,-47.8999999999999,266
9087,-82.20000000000002,178
9088,-82.70000000000003,173
9089,-62.99999999999996,225
9090,-43.49999999999989,270
9091,-42.399999999999885,276
9092,-82.70000000000003,173
9093,-81.80000000000001,182
9094,-81.4,186
9095,-24.20000000000013,368
9096,-59.599999999999916,254
9097,-4.973799150320701e-13,400
9098,-23.500000000000156,320
9099,-62.19999999999995,228
9100,-82.60000000000002,174
9101,-61.99999999999995,230
9102,-81.60000000000002,184
9103,-82.40000000000003,176
9104,-82.40000000000003,176
9105,-63.899999999999935,241
9106,-67.89999999999998,216
9107,-81.60000000000002,184
9108,-81.4,186
9109,-23.50000000000007,360
9110,-82.20000000000002,178
9111,-81.80000000000001,182
9112,-23.00000000000007,330
9113,-82.70000000000003,173
9114,-43.899999999999906,261
9115,-82.00000000000003,180
9116,-82.40000000000003,176
9117,-62.999999999999964,220
9118,-60.999999999999936,240
9119,77.19999999999814,632
9120,-40.39999999999986,296
9121,-82.70000000000003,173
9122,-19.700000000000088,358
9123,-82.70000000000003,173
9124,-61.599999999999945,234
9125,-81.60000000000002,184
9126,-82.70000000000003,173
9127,17.19999999999912,432
9128,-82.40000000000003,176
9129,-46.09999999999986,294
9130,-61.699999999999946,233
9131,-82.20000000000002,178
9132,-58.5999999999999,264
9133,-82.70000000000003,173
9134,-62.79999999999996,222
9135,-22.00000000000017,330
9136,-82.00000000000003,180
9137,-20.70000000000013,368
9138,-45.09999999999989,274
9139,-82.70000000000003,173
9140,117.39999999999753,774
9141,-82.20000000000002,178
9142,-82.40000000000003,176
9143,-82.20000000000002,178
9144,-81.80000000000001,182
9145,-81.4,186
9146,-82.40000000000003,176
9147,-82.20000000000002,178
9148,-81.80000000000001,182
9149,-82.60000000000002,174
9150,-4.900000000000475,351
9151,-82.20000000000002,178
9152,-81.80000000000001,182
9153,-61.39999999999994,236
9154,-82.20000000000002,178
9155,-82.00000000000003,180
9156,-63.69999999999997,218
9157,-62.299999999999955,227
9158,-10.700000000000273,368
9159,-82.20000000000002,178
9160,-67.89999999999998,216
9161,0.1999999999994344,407
9162,-82.60000000000002,174
9163,-81.4,186
9164,-62.399999999999956,226
9165,-82.60000000000002,174
9166,-45.09999999999986,294
9167,-36.99999999999981,330
9168,-82.70000000000003,173
9169,-82.70000000000003,173
9170,-82.70000000000003,173
9171,35.89999999999924,459
9172,-82.40000000000003,176
9173,-22.000000000000085,340
9174,-41.19999999999987,288
9175,-82.20000000000002,178
9176,-82.60000000000002,174
9177,-58.99999999999991,260
9178,-82.60000000000002,174
9179,-60.39999999999992,251
9180,-24.000000000000142,310
9181,-82.20000000000002,178
9182,-81.80000000000001,182
9183,-81.4,186
9184,-18.600000000000108,364
9185,-43.199999999999896,268
9186,47.99999999999872,580
9187,-38.39999999999983,316
9188,-82.00000000000003,180
9189,-23.49999999999993,320
9190,-44.89999999999991,256
9191,-3.6000000000005343,364
9192,-81.80000000000001,182
9193,-66.39999999999995,231
9194,-58.799999999999905,262
9195,-1.3000000000004803,432
9196,-60.59999999999993,244
9197,-81.60000000000002,184
9198,-1.0000000000004974,390
9199,-82.20000000000002,178
9200,-63.69999999999991,258
9201,-61.79999999999995,232
9202,-82.40000000000003,176
9203,15.399999999999409,429
9204,-64.29999999999993,252
9205,-44.89999999999991,256
9206,-26.100000000000236,364
9207,-82.40000000000003,176
9208,-82.40000000000003,176
9209,-81.60000000000002,184
9210,-81.4,186
9211,-81.4,186
9212,-20.600000000000136,344
9213,-65.19999999999993,243
9214,-63.999999999999936,240
9215,39.19999999999905,492
9216,-82.20000000000002,178
9217,-82.40000000000003,176
9218,-59.89999999999991,256
9219,-59.39999999999991,256
9220,-82.20000000000002,178
9221,-81.80000000000001,182
9222,17.799999999999287,428
9223,-81.80000000000001,182
9224,-82.70000000000003,173
9225,-4.90000000000029,356
9226,-82.40000000000003,176
9227,-81.80000000000001,182
9228,-67.49999999999997,220
9229,-81.4,186
9230,-59.49999999999991,260
9231,-62.59999999999996,224
9232,-3.3000000000003524,367
9233,-60.79999999999993,242
9234,-63.49999999999993,245
9235,-82.40000000000003,176
9236,-81.60000000000002,184
9237,-82.00000000000003,180
9238,-59.599999999999916,254
9239,-82.70000000000003,173
9240,24.79999999999913,498
9241,-21.200000000000188,338
9242,-62.19999999999995,228
9243,-63.29999999999996,222
9244,-63.19999999999997,218
9245,-62.69999999999996,223
9246,-63.29999999999996,222
9247,-82.20000000000002,178
9248,-62.399999999999956,226
9249,-43.199999999999896,268
9250,-64.59999999999994,234
9251,-81.80000000000001,182
9252,-64.59999999999992,249
9253,-62.999999999999964,220
9254,-40.79999999999986,292
9255,-82.00000000000003,180
9256,74.69999999999843,602
9257,-82.00000000000003,180
9258,-81.60000000000002,184
9259,-82.20000000000002,178
9260,-2.600000000000591,414
9261,-82.60000000000002,174
9262,-82.60000000000002,174
9263,43.499999999998806,535
9264,-81.80000000000001,182
9265,-82.40000000000003,176
9266,-82.00000000000003,180
9267,-66.89999999999995,226
9268,-81.80000000000001,182
9269,-18.80000000000004,362
9270,-42.49999999999987,285
9271,-62.19999999999995,228
9272,-61.599999999999945,234
9273,-82.40000000000003,176
9274,-82.70000000000003,173
9275,-40.999999999999865,290
9276,-62.79999999999996,222
9277,-69.1,204
9278,-23.10000000000025,319
9279,-82.70000000000003,173
9280,-82.70000000000003,173
9281,-60.999999999999936,240
9282,-82.00000000000003,180
9283,-59.39999999999991,256
9284,-58.5999999999999,264
9285,-64.59999999999994,234
9286,-60.199999999999925,248
9287,5.7999999999993435,398
9288,-59.79999999999992,252
9289,-62.999999999999964,220
9290,-81.80000000000001,182
9291,-63.299999999999905,262
9292,-82.20000000000002,178
9293,70.49999999999878,555
9294,-23.299999999999983,362
9295,-37.399999999999814,326
9296,-81.60000000000002,184
9297,-82.60000000000002,174
9298,-61.99999999999995,230
9299,-81.80000000000001,182
9300,-23.100000000000094,324
9301,-61.39999999999994,236
9302,-60.999999999999936,240
9303,-81.80000000000001,182
9304,1.799999999999514,423
9305,-39.599999999999845,304
9306,-82.20000000000002,178
9307,-82.60000000000002,174
9308,15.199999999999534,442
9309,-82.60000000000002,174
9310,-61.39999999999994,236
9311,-21.400000000000148,336
9312,-82.40000000000003,176
9313,-62.999999999999964,220
9314,-82.40000000000003,176
9315,-82.20000000000002,178
9316,-82.40000000000003,176
9317,-82.20000000000002,178
9318,-45.79999999999989,272
9319,-82.40000000000003,176
9320,-41.199999999999825,318
9321,-62.09999999999995,229
9322,-81.4,186
9323,-82.70000000000003,173
9324,-62.59999999999996,224
9325,-81.60000000000002,184
9326,-42.39999999999985,301
9327,-82.70000000000003,173
9328,-42.89999999999984,306
9329,-82.70000000000003,173
9330,-61.99999999999995,230
9331,-43.09999999999989,274
9332,-82.00000000000003,180
9333,-81.4,186
9334,29.399999999999096,484
9335,-82.70000000000003,173
9336,-81.4,186
9337,-82.20000000000002,178
9338,-64.29999999999993,252
9339,-60.899999999999935,241
9340,-64.19999999999993,238
9341,-63.39999999999993,246
9342,-9.700000000000372,348
9343,-65.49999999999994,240
9344,-82.60000000000002,174
9345,-62.19999999999995,228
9346,-41.799999999999876,282
9347,-29.20000000000016,348
9348,-37.89999999999982,321
9349,-18.0000000000001,370
9350,-43.199999999999896,268
9351,-82.70000000000003,173
9352,36.49999999999869,510
9353,-82.70000000000003,173
9354,-19.600000000000108,384
9355,-43.699999999999896,268
9356,-82.00000000000003,180
9357,-81.80000000000001,182
9358,45.19999999999888,552
9359,-43.2999999999999,267
9360,-45.19999999999985,303
9361,-82.40000000000003,176
9362,0.49999999999964473,410
9363,-82.70000000000003,173
9364,28.49999999999926,430
9365,-43.699999999999896,268
9366,-82.70000000000003,173
9367,-81.4,186
9368,-81.80000000000001,182
9369,-60.79999999999993,242
9370,-81.80000000000001,182
9371,-37.0999999999998,334
9372,-46.19999999999988,278
9373,-63.69999999999997,218
9374,-61.699999999999946,233
9375,-63.89999999999998,211
9376,-62.79999999999996,222
9377,-81.80000000000001,182
9378,-25.300000000000182,332
9379,-82.20000000000002,178
9380,-63.09999999999996,224
9381,-64.09999999999991,254
9382,-82.70000000000003,173
9383,-62.49999999999995,230
9384,-12.300000000000367,372
9385,-63.69999999999991,258
9386,-61.09999999999994,239
9387,-82.00000000000003,180
9388,-81.80000000000001,182
9389,-62.19999999999995,228
9390,-58.5999999999999,264
9391,-61.79999999999995,232
9392,-82.70000000000003,173
9393,-26.200000000000102,318
9394,-82.20000000000002,178
9395,-61.39999999999994,236
9396,-82.60000000000002,174
9397,-82.70000000000003,173
9398,2.999999999999133,420
9399,-62.19999999999995,228
9400,-81.4,186
9401,-82.20000000000002,178
9402,11.599999999999511,401
9403,-61.29999999999994,237
9404,-64.6,204
9405,-45.89999999999987,286
9406,-18.50000000000007,365
9407,-62.399999999999956,226
9408,-63.799999999999976,212
9409,-40.699999999999854,298
9410,-82.70000000000003,173
9411,-82.70000000000003,173
9412,-61.79999999999995,232
9413,-17.30000000000004,377
9414,-82.60000000000002,174
9415,-23.90000000000012,316
9416,-41.299999999999834,312
9417,-82.20000000000002,178
9418,-82.40000000000003,176
9419,-41.49999999999984,310
9420,-20.400000000000276,376
9421,-82.60000000000002,174
9422,-81.4,186
9423,-41.59999999999983,314
9424,-82.20000000000002,178
9425,-82.00000000000003,180
9426,-82.00000000000003,180
9427,-67.39999999999996,221
9428,-81.80000000000001,182
9429,-82.70000000000003,173
9430,-82.70000000000003,173
9431,-82.20000000000002,178
9432,-82.60000000000002,174
9433,-81.60000000000002,184
9434,-82.60000000000002,174
9435,-47.699999999999896,268
9436,-47.8999999999999,266
9437,-81.80000000000001,182
9438,-82.20000000000002,178
9439,-82.40000000000003,176
9440,-82.40000000000003,176
9441,-82.00000000000003,180
9442,-3.600000000000577,404
9443,-67.39999999999996,221
9444,-82.20000000000002,178
9445,-62.59999999999996,224
9446,-82.60000000000002,174
9447,-81.80000000000001,182
9448,-67.69999999999996,218
9449,-49.59999999999986,294
9450,38.199999999998965,517
9451,-82.20000000000002,178
9452,-82.70000000000003,173
9453,-22.300000000000054,352
9454,-64.09999999999997,214
9455,-82.20000000000002,178
9456,-82.70000000000003,173
9457,-43.3999999999999,266
9458,-63.69999999999991,258
9459,-61.99999999999995,230
9460,-40.49999999999985,300
9461,-82.20000000000002,178
9462,-60.29999999999992,252
9463,-43.49999999999989,270
9464,-20.600000000000136,344
9465,-82.20000000000002,178
9466,-45.29999999999992,252
9467,-82.20000000000002,178
9468,-82.40000000000003,176
9469,-82.20000000000002,178
9470,-26.700000000000117,328
9471,-82.60000000000002,174
9472,-81.60000000000002,184
9473,-61.79999999999995,232
9474,-61.79999999999995,232
9475,-82.00000000000003,180
9476,-81.60000000000002,184
9477,-62.09999999999995,229
9478,-61.89999999999995,231
9479,37.39999999999901,474
9480,-82.70000000000003,173
9481,-39.599999999999845,304
9482,-61.79999999999995,232
9483,-82.70000000000003,173
9484,-82.70000000000003,173
9485,-63.499999999999964,220
9486,25.199999999998937,502
9487,-81.80000000000001,182
9488,-62.299999999999955,227
9489,-61.99999999999995,230
9490,-82.70000000000003,173
9491,-82.20000000000002,178
9492,-82.40000000000003,176
9493,-62.399999999999956,226
9494,-82.70000000000003,173
9495,-82.60000000000002,174
9496,-82.40000000000003,176
9497,-64.39999999999998,206
9498,-64.09999999999997,214
9499,-82.40000000000003,176
9500,-81.60000000000002,184
9501,-44.299999999999905,262
9502,-82.00000000000003,180
9503,-81.4,186
9504,-81.4,186
9505,-45.99999999999989,270
9506,-61.599999999999945,234
9507,-82.40000000000003,176
9508,-82.60000000000002,174
9509,-82.70000000000003,173
9510,-61.599999999999945,234
9511,-81.80000000000001,182
9512,-82.00000000000003,180
9513,-14.800000000000225,342
9514,-82.00000000000003,180
9515,-82.00000000000003,180
9516,-82.00000000000003,180
9517,-81.80000000000001,182
9518,-82.70000000000003,173
9519,-82.20000000000002,178
9520,-82.40000000000003,176
9521,-82.60000000000002,174
9522,-82.20000000000002,178
9523,-82.40000000000003,176
9524,-82.00000000000003,180
9525,-59.599999999999916,254
9526,-82.40000000000003,176
9527,-15.000000000000227,400
9528,-64.49999999999991,250
9529,-82.70000000000003,173
9530,-49.099999999999916,254
9531,-40.39999999999986,296
9532,-4.900000000000432,411
9533,-82.70000000000003,173
9534,-61.39999999999994,236
9535,-64.09999999999997,214
9536,75.29999999999816,598
9537,-67.49999999999997,220
9538,-82.40000000000003,176
9539,-38.799999999999834,312
9540,-62.59999999999996,224
9541,-82.20000000000002,178
9542,-81.60000000000002,184
9543,-63.69999999999997,218
9544,-62.999999999999964,220
9545,-82.40000000000003,176
9546,-63.499999999999964,220
9547,17.99999999999916,460
9548,-82.40000000000003,176
9549,-82.20000000000002,178
9550,-62.999999999999964,220
9551,-82.40000000000003,176
9552,-45.49999999999989,270
9553,-81.60000000000002,184
9554,-59.19999999999991,258
9555,-82.00000000000003,180
9556,-60.79999999999993,242
9557,-82.60000000000002,174
9558,-82.40000000000003,176
9559,-82.00000000000003,180
9560,-61.19999999999994,238
9561,-60.099999999999916,254
9562,-61.99999999999995,230
9563,-81.80000000000001,182
9564,-39.99999999999985,300
9565,77.29999999999814,678
9566,-82.20000000000002,178
9567,40.69999999999891,512
9568,-82.70000000000003,173
9569,-82.20000000000002,178
9570,-19.200000000000003,358
9571,-82.00000000000003,180
9572,-82.70000000000003,173
9573,-44.99999999999985,300
9574,-42.99999999999983,315
9575,-81.80000000000001,182
9576,-21.500000000000213,370
9577,-64.69999999999999,203
9578,-82.60000000000002,174
9579,-82.20000000000002,178
9580,-82.70000000000003,173
9581,-82.70000000000003,173
9582,-5.500000000000455,350
9583,-39.89999999999984,306
9584,-82.60000000000002,174
9585,-62.09999999999995,229
9586,-59.0999999999999,264
9587,-82.40000000000003,176
9588,-61.39999999999994,236
9589,-82.70000000000003,173
9590,-22.000000000000114,330
9591,-11.900000000000304,326
9592,-42.09999999999988,279
9593,-82.70000000000003,173
9594,-42.79999999999989,272
9595,-82.40000000000003,176
9596,-21.60000000000005,334
9597,-22.800000000000125,322
9598,-61.99999999999995,230
9599,-82.20000000000002,178
9600,-82.60000000000002,174
9601,-82.40000000000003,176
9602,-82.00000000000003,180
9603,-61.99999999999995,230
9604,-63.39999999999997,216
9605,-82.60000000000002,174
9606,-46.99999999999982,320
9607,-62.79999999999996,222
9608,-61.89999999999995,231
9609,-82.20000000000002,178
9610,0.9999999999995453,410
9611,-82.00000000000003,180
9612,-81.80000000000001,182
9613,-81.4,186
9614,-41.19999999999987,288
9615,31.19999999999925,417
9616,-81.60000000000002,184
9617,-42.49999999999982,320
9618,-44.799999999999834,312
9619,-82.20000000000002,178
9620,-62.79999999999996,222
9621,-82.00000000000003,180
9622,-43.39999999999986,296
9623,-60.79999999999993,242
9624,-41.29999999999986,292
9625,18.299999999999088,478
9626,-81.60000000000002,184
9627,-82.60000000000002,174
9628,-45.89999999999987,286
9629,23.099999999999355,481
9630,-82.20000000000002,178
9631,-82.60000000000002,174
9632,-23.600000000000108,324
9633,-82.60000000000002,174
9634,-82.00000000000003,180
9635,108.39999999999753,744
9636,-81.60000000000002,184
9637,-82.60000000000002,174
9638,-2.100000000000449,434
9639,-16.800000000000153,382
9640,-61.599999999999945,234
9641,-65.89999999999995,236
9642,-62.399999999999956,226
9643,-82.40000000000003,176
9644,-82.00000000000003,180
9645,-82.70000000000003,173
9646,-82.20000000000002,178
9647,-64.49999999999991,250
9648,-5.000000000000696,400
9649,-10.500000000000497,370
9650,54.5999999999986,526
9651,-61.599999999999945,234
9652,-39.39999999999984,306
9653,-67.69999999999996,218
9654,-81.80000000000001,182
9655,-24.20000000000026,308
9656,-82.60000000000002,174
9657,-82.40000000000003,176
9658,-61.79999999999995,232
9659,-82.20000000000002,178
9660,-61.49999999999994,235
9661,33.09999999999923,461
9662,-64.09999999999997,214
9663,-61.19999999999994,238
9664,-47.09999999999989,274
9665,-82.70000000000003,173
9666,-82.70000000000003,173
9667,-81.80000000000001,182
9668,-62.19999999999995,228
9669,-82.20000000000002,178
9670,-21.900000000000148,336
9671,-64.79999999999995,232
9672,-25.900000000000162,321
9673,-47.8999999999999,266
9674,-82.70000000000003,173
9675,-3.7000000000005286,418
9676,-62.999999999999964,220
9677,-82.70000000000003,173
9678,-39.79999999999985,302
9679,-82.60000000000002,174
9680,55.99999999999895,550
9681,-25.400000000000148,296
9682,-82.20000000000002,178
9683,-3.200000000000557,368
9684,-40.199999999999854,298
9685,-82.00000000000003,180
9686,-44.0999999999999,264
9687,-82.70000000000003,173
9688,-64.69999999999993,248
9689,-62.19999999999995,228
9690,-59.69999999999992,253
9691,-82.00000000000003,180
9692,-46.5999999999999,264
9693,-61.79999999999995,232
9694,-82.60000000000002,174
9695,-21.100000000000136,339
9696,-82.20000000000002,178
9697,-81.80000000000001,182
9698,-82.20000000000002,178
9699,-7.700000000000301,358
9700,-61.89999999999994,236
9701,-62.19999999999995,228
9702,-82.20000000000002,178
9703,-65.99999999999994,235
9704,-30.600000000000165,304
9705,-82.70000000000003,173
9706,-82.00000000000003,180
9707,-82.70000000000003,173
9708,-81.80000000000001,182
9709,-82.40000000000003,176
9710,-44.099999999999845,304
9711,-43.199999999999896,268
9712,-81.4,186
9713,-82.40000000000003,176
9714,-62.79999999999996,222
9715,-27.80000000000001,317
9716,-82.70000000000003,173
9717,-41.799999999999876,282
9718,-63.69999999999991,258
9719,-61.89999999999994,236
9720,-18.00000000000027,370
9721,-82.20000000000002,178
9722,-64.69999999999999,208
9723,-64.69999999999993,248
9724,-81.80000000000001,182
9725,-82.00000000000003,180
9726,-82.00000000000003,180
9727,-82.40000000000003,176
9728,-81.80000000000001,182
9729,-81.4,186
9730,-64.49999999999999,205
9731,-64.69999999999993,248
9732,-22.30000000000028,332
9733,-82.20000000000002,178
9734,-62.19999999999995,228
9735,-42.399999999999885,276
9736,-59.79999999999992,252
9737,-41.799999999999876,282
9738,-42.69999999999985,303
9739,-39.19999999999984,308
9740,-82.70000000000003,173
9741,61.89999999999864,599
9742,-82.40000000000003,176
9743,-21.000000000000142,350
9744,-81.80000000000001,182
9745,-81.80000000000001,182
9746,-24.500000000000128,310
9747,-59.19999999999991,258
9748,-81.4,186
9749,-59.89999999999991,256
9750,-38.99999999999984,310
9751,-82.70000000000003,173
9752,-61.39999999999994,236
9753,-66.09999999999994,234
9754,-81.4,186
9755,-18.00000000000007,380
9756,-81.60000000000002,184
9757,-82.70000000000003,173
9758,-59.599999999999916,254
9759,38.099999999998886,531
9760,-82.00000000000003,180
9761,-0.9000000000006452,426
9762,-82.40000000000003,176
9763,-65.09999999999994,244
9764,-45.79999999999993,242
9765,-59.39999999999991,256
9766,-81.80000000000001,182
9767,-26.800000000000097,372
9768,-82.60000000000002,174
9769,-82.40000000000003,176
9770,-42.09999999999982,324
9771,-82.00000000000003,180
9772,-43.89999999999984,306
9773,-1.900000000000432,381
9774,-81.80000000000001,182
9775,-82.00000000000003,180
9776,-37.5999999999998,334
9777,-82.20000000000002,178
9778,-81.4,186
9779,-21.20000000000016,338
9780,-82.20000000000002,178
9781,-1.4000000000004036,386
9782,-24.500000000000185,340
9783,-41.59999999999987,284
9784,-24.799999999999997,312
9785,-82.00000000000003,180
9786,-82.70000000000003,173
9787,-61.79999999999995,232
9788,-82.00000000000003,180
9789,-81.4,186
9790,-37.69999999999981,328
9791,-62.69999999999995,228
9792,-8.600000000000477,384
9793,-81.80000000000001,182
9794,-42.59999999999989,274
9795,-82.00000000000003,180
9796,-82.40000000000003,176
9797,-82.40000000000003,176
9798,-82.00000000000003,180
9799,16.499999999999503,460
9800,-82.70000000000003,173
9801,-81.80000000000001,182
9802,-62.59999999999996,224
9803,-82.20000000000002,178
9804,-81.80000000000001,182
9805,-82.20000000000002,178
9806,-81.80000000000001,182
9807,-82.40000000000003,176
9808,-82.70000000000003,173
9809,-31.300000000000125,342
9810,-82.60000000000002,174
9811,-82.00000000000003,180
9812,-47.099999999999916,254
9813,-82.60000000000002,174
9814,-82.60000000000002,174
9815,4.299999999999514,448
9816,-29.500000000000213,370
9817,-82.70000000000003,173
9818,-81.4,186
9819,-82.20000000000002,178
9820,-82.20000000000002,178
9821,-62.59999999999996,224
9822,-82.40000000000003,176
9823,-82.00000000000003,180
9824,-19.500000000000085,385
9825,-44.19999999999991,258
9826,-82.70000000000003,173
9827,-82.60000000000002,174
9828,-82.20000000000002,178
9829,-16.70000000000013,388
9830,-63.09999999999996,224
9831,-43.4999999999999,265
9832,-82.00000000000003,180
9833,-63.89999999999997,216
9834,-82.20000000000002,178
9835,-82.00000000000003,180
9836,-82.20000000000002,178
9837,-61.99999999999995,230
9838,-82.40000000000003,176
9839,-52.799999999999905,262
9840,-82.20000000000002,178
9841,-18.800000000000082,362
9842,-82.60000000000002,174
9843,-67.09999999999997,224
9844,-23.200000000000074,328
9845,-82.60000000000002,174
9846,-81.80000000000001,182
9847,-81.60000000000002,184
9848,-37.899999999999814,326
9849,-82.60000000000002,174
9850,-21.20000000000016,338
9851,-82.40000000000003,176
9852,-64.09999999999997,214
9853,-82.20000000000002,178
9854,-82.40000000000003,176
9855,-81.4,186
9856,-63.39999999999997,216
9857,-82.40000000000003,176
9858,-43.99999999999991,260
9859,-81.80000000000001,182
9860,-81.80000000000001,182
9861,-82.20000000000002,178
9862,-81.60000000000002,184
9863,-82.00000000000003,180
9864,-46.599999999999845,304
9865,-82.20000000000002,178
9866,10.499999999999204,460
9867,-82.60000000000002,174
9868,-82.20000000000002,178
9869,-82.70000000000003,173
9870,-82.70000000000003,173
9871,-82.60000000000002,174
9872,-67.89999999999998,216
9873,-82.00000000000003,180
9874,-82.20000000000002,178
9875,-81.4,186
9876,-25.300000000000054,322
9877,-63.69999999999997,218
9878,-82.20000000000002,178
9879,-64.69999999999993,248
9880,-82.00000000000003,180
9881,-67.39999999999996,221
9882,-60.29999999999992,252
9883,-82.00000000000003,180
9884,-81.60000000000002,184
9885,-46.799999999999876,282
9886,-63.69999999999997,218
9887,-67.59999999999997,219
9888,-82.60000000000002,174
9889,-82.00000000000003,180
9890,-82.20000000000002,178
9891,-82.60000000000002,174
9892,-82.00000000000003,180
9893,-82.00000000000003,180
9894,-59.19999999999991,258
9895,-45.89999999999987,286
9896,-82.60000000000002,174
9897,-81.80000000000001,182
9898,-81.80000000000001,182
9899,-82.70000000000003,173
9900,-45.7999999999999,267
9901,-82.40000000000003,176
9902,-82.00000000000003,180
9903,-62.19999999999995,228
9904,-81.80000000000001,182
9905,-82.40000000000003,176
9906,-30.800000000000153,332
9907,-82.40000000000003,176
9908,-42.19999999999984,308
9909,-15.30000000000021,402
9910,-81.80000000000001,182
9911,-20.100000000000023,354
9912,-82.40000000000003,176
9913,-40.79999999999986,292
9914,-62.999999999999964,220
9915,-63.69999999999991,258
9916,-43.199999999999896,268
9917,-22.40000000000009,336
9918,-82.00000000000003,180
9919,-23.50000000000007,370
9920,-41.09999999999983,314
9921,-82.70000000000003,173
9922,-45.39999999999985,301
9923,-82.20000000000002,178
9924,-62.999999999999964,220
9925,-39.99999999999985,300
9926,-42.99999999999985,300
9927,-82.00000000000003,180
9928,-82.00000000000003,180
9929,-63.09999999999996,224
9930,-82.60000000000002,174
9931,-82.20000000000002,178
9932,-82.40000000000003,176
9933,-24.40000000000022,346
9934,-81.4,186
9935,-61.19999999999994,238
9936,-60.49999999999993,245
9937,-82.60000000000002,174
9938,-64.29999999999993,252
9939,-25.100000000000037,324
9940,-61.39999999999994,236
9941,-81.80000000000001,182
9942,-82.40000000000003,176
9943,-61.599999999999945,234
9944,-82.60000000000002,174
9945,-81.60000000000002,184
9946,-67.29999999999995,222
9947,-82.40000000000003,176
9948,-82.40000000000003,176
9949,-39.79999999999985,302
9950,-82.60000000000002,174
9951,-82.70000000000003,173
9952,-82.60000000000002,174
9953,-82.00000000000003,180
9954,-64.89999999999992,246
9955,-82.20000000000002,178
9956,-67.59999999999997,219
9957,16.399999999999466,414
9958,-18.60000000000022,374
9959,-81.4,186
9960,-42.19999999999987,288
9961,-82.20000000000002,178
9962,-82.20000000000002,178
9963,-62.799999999999955,227
9964,-82.40000000000003,176
9965,-82.00000000000003,180
9966,-63.69999999999991,258
9967,-41.799999999999876,282
9968,-82.70000000000003,173
9969,-62.59999999999996,224
9970,-11.70000000000033,328
9971,-82.20000000000002,178
9972,-43.3999999999999,266
9973,-42.099999999999845,304
9974,-82.20000000000002,178
9975,-82.20000000000002,178
9976,-81.4,186
9977,-82.70000000000003,173
9978,100.59999999999798,686
9979,-82.70000000000003,173
9980,-81.80000000000001,182
9981,-82.20000000000002,178
9982,-81.4,186
9983,-39.99999999999985,300
9984,-42.29999999999982,322
9985,-81.60000000000002,184
9986,-20.400000000000134,356
9987,-82.40000000000003,176
9988,-20.500000000000284,370
9989,-1.9000000000004036,386
9990,-61.39999999999994,236
9991,-61.79999999999995,232
9992,-66.09999999999994,234
9993,-62.99999999999992,250
9994,-19.2000000000003,358
9995,-6.300000000000438,372
9996,-82.00000000000003,180
9997,-82.20000000000002,178
9998,-40.699999999999854,298
9999,-27.10000000000008,304
10000,-62.79999999999996,222
