Episodio,Score,Passos,Resultado,Pousou,Colisao,Timeout,VelocidadeAngularMedia,VelocidadeAngularMaxima,Epsilon,LossMedia
0,-101.5333,323,crash,0,1,0,0.144756,0.456634,1.0,0.0
1,-146.2962,265,crash,0,1,0,0.413667,1.035375,0.9998,0.0
2,-84.4668,279,crash,0,1,0,0.219961,0.5935,0.9996,0.0
3,-69.001,241,crash,0,1,0,0.166414,0.615123,0.9994,0.0
4,-140.562,273,crash,0,1,0,0.262107,0.734293,0.9992,0.0
5,-135.2175,254,crash,0,1,0,0.233955,0.57395,0.999,0.0
6,-68.1231,212,crash,0,1,0,0.359951,1.100744,0.998801,0.0
7,-82.6259,299,crash,0,1,0,0.148556,0.427608,0.998601,0.336
8,-76.9177,226,crash,0,1,0,0.155893,0.618791,0.998401,0.304719
9,-53.0993,234,crash,0,1,0,0.210238,0.620341,0.998201,0.509763
10,-119.4549,359,crash,0,1,0,0.280871,1.034649,0.998002,0.26582
11,-129.2399,241,crash,0,1,0,0.323128,0.777155,0.997802,0.403932
12,-160.3989,215,crash,0,1,0,0.445397,0.770229,0.997603,0.368978
13,-84.4126,359,crash,0,1,0,0.162984,0.531967,0.997403,0.315245
14,-79.5752,261,crash,0,1,0,0.219785,0.612437,0.997204,0.305994
15,-170.0416,229,crash,0,1,0,0.392809,0.988718,0.997004,0.346054
16,-84.2922,214,crash,0,1,0,0.236285,0.714436,0.996805,0.392282
17,-103.8705,192,crash,0,1,0,0.417185,0.952879,0.996605,0.244645
18,-143.1093,236,crash,0,1,0,0.264576,0.604079,0.996406,0.306474
19,-70.2608,270,crash,0,1,0,0.218518,0.591888,0.996207,0.364352
20,-109.5661,208,crash,0,1,0,0.28178,0.853475,0.996008,0.435238
21,-98.5023,243,crash,0,1,0,0.229012,0.60531,0.995808,0.442718
22,-54.5087,282,crash,0,1,0,0.392105,1.05111,0.995609,0.490581
23,-126.1629,252,crash,0,1,0,0.376584,0.950444,0.99541,0.321109
24,-112.0547,461,crash,0,1,0,0.167946,0.603522,0.995211,0.437792
25,-85.0879,324,crash,0,1,0,0.154651,0.481514,0.995012,0.481856
26,-99.7814,265,crash,0,1,0,0.25559,0.632524,0.994813,0.3497
27,-49.0353,215,crash,0,1,0,0.198919,0.52513,0.994614,0.450381
28,-112.8369,221,crash,0,1,0,0.335662,0.677263,0.994415,0.442657
29,-98.5542,256,crash,0,1,0,0.306202,0.986875,0.994216,0.383636
30,-114.9045,284,crash,0,1,0,0.28834,0.574055,0.994017,0.434001
31,-125.149,305,crash,0,1,0,0.154972,0.677368,0.993819,0.444065
32,-123.7732,254,crash,0,1,0,0.426619,1.149493,0.99362,0.388339
33,-128.3983,259,crash,0,1,0,0.226388,0.584443,0.993421,0.337176
34,-107.8494,203,crash,0,1,0,0.184202,0.556723,0.993222,0.478722
35,-137.5481,197,crash,0,1,0,0.449173,1.030526,0.993024,0.367528
36,-87.7841,178,crash,0,1,0,0.545434,1.124999,0.992825,0.190608
37,-163.4021,301,crash,0,1,0,0.252041,0.652109,0.992627,0.455203
38,-73.5418,363,crash,0,1,0,0.156924,0.495638,0.992428,0.499064
39,-94.8814,234,crash,0,1,0,0.154769,0.4413,0.99223,0.340328
40,-173.0433,290,crash,0,1,0,0.443951,1.137101,0.992031,0.509646
41,-146.7485,247,crash,0,1,0,0.27741,0.630435,0.991833,0.432808
42,-161.7974,238,crash,0,1,0,0.374601,0.963839,0.991634,0.259453
43,-92.0569,221,crash,0,1,0,0.267312,0.668249,0.991436,0.274188
44,-103.3559,318,crash,0,1,0,0.280771,0.80701,0.991238,0.446421
45,-74.229,217,crash,0,1,0,0.147751,0.450374,0.991039,0.248045
46,-119.963,254,crash,0,1,0,0.279757,0.953251,0.990841,0.335156
47,-132.5654,237,crash,0,1,0,0.291816,0.632282,0.990643,0.412673
48,-91.886,291,crash,0,1,0,0.290891,0.800209,0.990445,0.253158
49,-132.5975,251,crash,0,1,0,0.252078,0.921576,0.990247,0.392938
50,-149.6541,248,crash,0,1,0,0.300587,0.785815,0.990049,0.317793
51,-64.5999,268,crash,0,1,0,0.150389,0.553064,0.989851,0.306557
52,-143.4802,245,crash,0,1,0,0.330734,0.923852,0.989653,0.347003
53,-127.4712,212,crash,0,1,0,0.524699,1.003186,0.989455,0.43376
54,-130.2639,336,crash,0,1,0,0.273844,0.713448,0.989257,0.355137
55,-123.1947,227,crash,0,1,0,0.48852,1.052649,0.989059,0.352479
56,-89.0719,203,crash,0,1,0,0.53811,1.062401,0.988861,0.232264
57,-120.2487,324,crash,0,1,0,0.319238,0.842222,0.988664,0.501745
58,-78.7497,264,crash,0,1,0,0.244948,0.555019,0.988466,0.397964
59,-107.9163,229,crash,0,1,0,0.375348,0.794892,0.988268,0.460302
60,-95.087,282,crash,0,1,0,0.338746,0.788841,0.988071,0.437495
61,-159.6114,292,crash,0,1,0,0.296803,0.70352,0.987873,0.480798
62,-140.1218,288,crash,0,1,0,0.232145,0.613713,0.987675,0.263168
63,-82.1124,250,crash,0,1,0,0.220301,0.69181,0.987478,0.581611
64,-100.4456,327,crash,0,1,0,0.129456,0.398093,0.98728,0.362904
65,-87.6285,202,crash,0,1,0,0.217361,0.6249,0.987083,0.485326
66,-142.9968,227,crash,0,1,0,0.430639,0.670157,0.986885,0.437051
67,-143.5383,263,crash,0,1,0,0.255214,0.64296,0.986688,0.35188
68,-138.6395,283,crash,0,1,0,0.148405,0.599812,0.986491,0.346822
69,-71.0061,303,crash,0,1,0,0.123763,0.406568,0.986293,0.471707
70,-145.9365,343,crash,0,1,0,0.166553,0.637952,0.986096,0.420889
71,-90.0705,232,crash,0,1,0,0.368418,0.942953,0.985899,0.402689
72,-98.7532,239,crash,0,1,0,0.206434,0.734601,0.985702,0.36351
73,-172.774,285,crash,0,1,0,0.516622,1.204137,0.985505,0.34959
74,-80.0584,192,crash,0,1,0,0.322238,0.808172,0.985308,0.246436
75,-99.8841,246,crash,0,1,0,0.356263,0.898485,0.98511,0.448899
76,-108.6665,271,crash,0,1,0,0.168446,0.46768,0.984913,0.408116
77,-115.3669,318,crash,0,1,0,0.146673,0.636256,0.984716,0.3546
78,-141.5621,304,crash,0,1,0,0.491422,1.020986,0.98452,0.511537
79,-181.0297,263,crash,0,1,0,0.23183,0.675869,0.984323,0.395227
80,-142.2492,268,crash,0,1,0,0.182637,0.473719,0.984126,0.32177
81,-92.2573,185,crash,0,1,0,0.262551,0.652934,0.983929,0.504161
82,-132.2184,273,crash,0,1,0,0.277392,0.727047,0.983732,0.507643
83,-48.2744,278,crash,0,1,0,0.287573,0.640101,0.983535,0.353075
84,-76.3291,233,crash,0,1,0,0.371916,0.968766,0.983339,0.345008
85,-98.6945,341,crash,0,1,0,0.170705,0.488301,0.983142,0.411982
86,-66.2936,289,crash,0,1,0,0.451276,0.992752,0.982945,0.426633
87,-157.165,244,crash,0,1,0,0.384059,0.91962,0.982749,0.431484
88,-90.651,199,crash,0,1,0,0.317201,0.695796,0.982552,0.593859
89,-76.3774,313,crash,0,1,0,0.160231,0.579293,0.982356,0.277129
90,-127.7602,247,crash,0,1,0,0.310804,0.908398,0.982159,0.376173
91,-159.1445,214,crash,0,1,0,0.354099,0.741265,0.981963,0.374122
92,-134.6142,321,crash,0,1,0,0.196002,0.623653,0.981766,0.293308
93,-72.838,209,crash,0,1,0,0.240803,0.803789,0.98157,0.292449
94,-94.0695,200,crash,0,1,0,0.305795,0.74891,0.981374,0.426582
95,-103.4632,292,crash,0,1,0,0.148232,0.68241,0.981177,0.340318
96,-103.7175,278,crash,0,1,0,0.254073,0.721641,0.980981,0.374194
97,-92.0515,219,crash,0,1,0,0.250298,0.684804,0.980785,0.301428
98,-76.215,279,crash,0,1,0,0.272135,0.895108,0.980589,0.451906
99,-76.3001,263,crash,0,1,0,0.211335,0.615711,0.980393,0.539938
100,-143.108,222,crash,0,1,0,0.280902,0.927615,0.980197,0.49387
101,-80.1659,224,crash,0,1,0,0.300632,0.909542,0.980001,0.46703
102,-124.8338,294,crash,0,1,0,0.151698,0.461256,0.979805,0.411913
103,-131.6923,764,crash,0,1,0,0.177046,0.842573,0.979609,0.453702
104,-142.9622,290,crash,0,1,0,0.37058,1.439469,0.979413,0.564094
105,-128.1881,263,crash,0,1,0,0.29654,0.713898,0.979217,0.438034
106,-93.5608,232,crash,0,1,0,0.212871,0.566897,0.979021,0.41642
107,-137.1819,213,crash,0,1,0,0.581824,1.011793,0.978825,0.172902
108,-110.7882,252,crash,0,1,0,0.48787,1.202282,0.978629,0.348454
109,-79.2176,359,crash,0,1,0,0.235837,0.702963,0.978434,0.386652
110,-74.4113,202,crash,0,1,0,0.246988,0.714903,0.978238,0.477748
111,-77.5371,229,crash,0,1,0,0.395169,1.015604,0.978042,0.438306
112,-96.6809,257,crash,0,1,0,0.189655,0.612866,0.977847,0.500828
113,-145.8926,348,crash,0,1,0,0.336969,1.070247,0.977651,0.361961
114,-98.9251,229,crash,0,1,0,0.457428,0.868581,0.977456,0.215106
115,-94.203,247,crash,0,1,0,0.309083,0.837429,0.97726,0.278904
116,-91.0314,276,crash,0,1,0,0.165949,0.433778,0.977065,0.333036
117,-124.1546,245,crash,0,1,0,0.405654,0.974128,0.976869,0.443428
118,-97.0459,223,crash,0,1,0,0.310583,1.039848,0.976674,0.159346
119,-138.6206,300,crash,0,1,0,0.205292,0.510583,0.976479,0.507184
120,-105.6771,327,crash,0,1,0,0.246879,0.774062,0.976283,0.339644
121,-113.7588,278,crash,0,1,0,0.177653,0.613514,0.976088,0.626523
122,-112.0979,322,crash,0,1,0,0.318913,1.248917,0.975893,0.227585
123,-98.0594,219,crash,0,1,0,0.192471,0.525188,0.975698,0.311362
124,-100.4875,254,crash,0,1,0,0.272878,0.752631,0.975503,0.435658
125,-82.8472,277,crash,0,1,0,0.18196,0.578752,0.975307,0.354108
126,-114.8594,248,crash,0,1,0,0.261812,0.682227,0.975112,0.458364
127,-119.5406,254,crash,0,1,0,0.201533,0.508753,0.974917,0.415927
128,-80.9575,235,crash,0,1,0,0.422428,1.258601,0.974722,0.433171
129,-69.7453,221,crash,0,1,0,0.17745,0.451107,0.974527,0.375749
130,-95.2202,199,crash,0,1,0,0.12799,0.377783,0.974333,0.47452
131,-71.4074,243,crash,0,1,0,0.149931,0.416687,0.974138,0.518698
132,-87.9137,311,crash,0,1,0,0.205794,0.594435,0.973943,0.408068
133,-66.4876,306,crash,0,1,0,0.18923,0.725611,0.973748,0.267326
134,-163.7083,282,crash,0,1,0,0.215636,0.619188,0.973553,0.347429
135,-88.5787,317,crash,0,1,0,0.242554,0.685936,0.973359,0.481876
136,-88.5677,318,crash,0,1,0,0.356263,0.845285,0.973164,0.453727
137,-113.9807,264,crash,0,1,0,0.302846,0.922285,0.972969,0.38335
138,-139.665,208,crash,0,1,0,0.409609,0.890287,0.972775,0.39144
139,-130.8033,262,crash,0,1,0,0.304154,0.977417,0.97258,0.478248
140,-87.8363,220,crash,0,1,0,0.317388,0.933085,0.972386,0.330239
141,-87.3181,289,crash,0,1,0,0.221316,0.750074,0.972191,0.454692
142,-79.869,276,crash,0,1,0,0.18709,0.648691,0.971997,0.486915
143,-133.5608,224,crash,0,1,0,0.406129,1.07524,0.971802,0.281983
144,-146.5659,248,crash,0,1,0,0.263787,0.873849,0.971608,0.226689
145,-102.841,294,crash,0,1,0,0.232263,0.721329,0.971414,0.507244
146,-104.3114,279,crash,0,1,0,0.164825,0.610811,0.971219,0.508716
147,-95.4758,235,crash,0,1,0,0.251518,0.660737,0.971025,0.427195
148,-80.0488,235,crash,0,1,0,0.173399,0.540967,0.970831,0.406168
149,-123.8873,225,crash,0,1,0,0.209917,0.560684,0.970637,0.273431
150,-100.9141,247,crash,0,1,0,0.303677,0.739549,0.970443,0.328616
151,-99.7523,197,crash,0,1,0,0.309997,0.596583,0.970249,0.514633
152,-78.6333,353,crash,0,1,0,0.261731,0.626993,0.970054,0.456469
153,-111.8495,269,crash,0,1,0,0.311339,1.002399,0.96986,0.461534
154,-76.9041,209,crash,0,1,0,0.179977,0.465619,0.969667,0.381507
155,-147.6739,240,crash,0,1,0,0.283233,0.691794,0.969473,0.394802
156,-90.4294,209,crash,0,1,0,0.236997,0.529554,0.969279,0.478623
157,-116.2747,272,crash,0,1,0,0.155216,0.452572,0.969085,0.370973
158,-155.1581,377,crash,0,1,0,0.188716,0.643429,0.968891,0.432258
159,-121.3518,245,crash,0,1,0,0.387701,1.074346,0.968697,0.551877
160,-78.5695,225,crash,0,1,0,0.219283,0.590669,0.968503,0.354015
161,-75.1379,324,crash,0,1,0,0.215357,0.583607,0.96831,0.432893
162,-85.078,235,crash,0,1,0,0.15981,0.529049,0.968116,0.436974
163,-126.9421,311,crash,0,1,0,0.352753,0.829664,0.967922,0.455886
164,-104.5591,210,crash,0,1,0,0.474566,1.06633,0.967729,0.414782
165,-98.4619,215,crash,0,1,0,0.173618,0.472131,0.967535,0.328151
166,-78.9186,257,crash,0,1,0,0.160926,0.456511,0.967342,0.306551
167,-71.8238,330,crash,0,1,0,0.214781,0.600245,0.967148,0.424037
168,-45.2728,293,crash,0,1,0,0.171504,0.761703,0.966955,0.363249
169,-69.7678,266,crash,0,1,0,0.248691,0.693471,0.966762,0.495558
170,-85.4609,391,crash,0,1,0,0.126267,0.509062,0.966568,0.343751
171,-78.8438,224,crash,0,1,0,0.224801,0.713882,0.966375,0.284929
172,-63.4499,211,crash,0,1,0,0.203065,0.528159,0.966182,0.594075
173,-138.3657,278,crash,0,1,0,0.247848,0.707563,0.965988,0.470685
174,-114.9833,295,crash,0,1,0,0.29053,0.788099,0.965795,0.353086
175,-73.7948,222,crash,0,1,0,0.189117,0.563774,0.965602,0.490936
176,-132.3138,249,crash,0,1,0,0.359213,0.807056,0.965409,0.482763
177,-88.5441,265,crash,0,1,0,0.240287,0.539386,0.965216,0.401287
178,-93.2676,280,crash,0,1,0,0.224368,0.633989,0.965023,0.482927
179,-92.5516,235,crash,0,1,0,0.351809,0.985497,0.96483,0.267784
180,-73.4959,237,crash,0,1,0,0.241224,0.583462,0.964637,0.362205
181,-84.4812,296,crash,0,1,0,0.173413,0.531372,0.964444,0.37052
182,-47.3124,334,crash,0,1,0,0.181311,0.636578,0.964251,0.558953
183,-81.0524,247,crash,0,1,0,0.315153,0.730305,0.964058,0.482912
184,-121.6358,214,crash,0,1,0,0.303039,0.735869,0.963865,0.350904
185,-99.3752,241,crash,0,1,0,0.408824,0.810514,0.963673,0.336093
186,-74.8976,280,crash,0,1,0,0.163253,0.48486,0.96348,0.387065
187,-97.5404,266,crash,0,1,0,0.148074,0.531559,0.963287,0.491037
188,-62.8761,281,crash,0,1,0,0.229503,0.667787,0.963094,0.398384
189,-44.8901,298,crash,0,1,0,0.2505,0.742191,0.962902,0.466566
190,-93.1612,286,crash,0,1,0,0.246143,0.753047,0.962709,0.579264
191,-72.2996,297,crash,0,1,0,0.156559,0.657601,0.962517,0.260493
192,-74.916,237,crash,0,1,0,0.17765,0.56072,0.962324,0.44914
193,-137.2567,225,crash,0,1,0,0.307402,0.864772,0.962132,0.330892
194,-134.7714,296,crash,0,1,0,0.310444,0.832432,0.961939,0.558571
195,-95.1057,280,crash,0,1,0,0.209573,0.529261,0.961747,0.205834
196,-97.3355,212,crash,0,1,0,0.238028,0.886988,0.961555,0.511447
197,-83.9776,318,crash,0,1,0,0.207957,0.612824,0.961362,0.302813
198,-94.8144,263,crash,0,1,0,0.304341,0.617944,0.96117,0.380686
199,-102.1821,290,crash,0,1,0,0.218485,0.724962,0.960978,0.42976
200,-130.9508,280,crash,0,1,0,0.3093,0.869713,0.960786,0.477035
201,-76.9212,229,crash,0,1,0,0.217869,0.584038,0.960593,0.440257
202,-96.6461,192,crash,0,1,0,0.292647,0.787452,0.960401,0.281815
203,-119.9599,186,crash,0,1,0,0.592007,1.050442,0.960209,0.712631
204,-155.9333,250,crash,0,1,0,0.45759,1.188191,0.960017,0.277645
205,-72.0961,223,crash,0,1,0,0.131805,0.422275,0.959825,0.422423
206,-88.2117,324,crash,0,1,0,0.319298,1.00957,0.959633,0.449005
207,-114.1412,379,crash,0,1,0,0.168149,0.480203,0.959441,0.451153
208,-157.7533,258,crash,0,1,0,0.304909,0.918733,0.959249,0.339693
209,-64.7686,259,crash,0,1,0,0.166489,0.550627,0.959058,0.550475
210,-74.4014,346,crash,0,1,0,0.128343,0.527006,0.958866,0.28209
211,-108.5021,290,crash,0,1,0,0.218179,0.556188,0.958674,0.437975
212,-75.219,305,crash,0,1,0,0.237275,0.652537,0.958482,0.5293
213,-103.7338,261,crash,0,1,0,0.334044,1.032504,0.958291,0.479494
214,-143.0884,224,crash,0,1,0,0.341991,0.816635,0.958099,0.388726
215,-76.9097,247,crash,0,1,0,0.131115,0.524616,0.957907,0.426046
216,-103.9803,229,crash,0,1,0,0.295521,0.849426,0.957716,0.246664
217,-85.3483,278,crash,0,1,0,0.309164,1.049857,0.957524,0.251285
218,-147.3741,243,crash,0,1,0,0.308184,0.733103,0.957333,0.552924
219,-114.9745,293,crash,0,1,0,0.206454,0.917065,0.957141,0.475277
220,-100.4266,237,crash,0,1,0,0.198405,0.5419,0.95695,0.296402
221,-96.5704,207,crash,0,1,0,0.133337,0.406968,0.956758,0.333718
222,-111.946,324,crash,0,1,0,0.16728,0.519219,0.956567,0.344922
223,-51.5409,231,crash,0,1,0,0.16606,0.671398,0.956376,0.38969
224,-134.2758,276,crash,0,1,0,0.196317,0.490452,0.956184,0.434763
225,-56.7358,334,crash,0,1,0,0.14855,0.39603,0.955993,0.376428
226,-92.8168,265,crash,0,1,0,0.214481,0.819335,0.955802,0.429036
227,-95.624,184,crash,0,1,0,0.181964,0.658363,0.955611,0.483322
228,-73.5852,283,crash,0,1,0,0.114088,0.40226,0.95542,0.505231
229,-67.8837,201,crash,0,1,0,0.218164,0.660369,0.955229,0.310466
230,-123.7497,254,crash,0,1,0,0.267208,0.700727,0.955038,0.593659
231,-65.6365,198,crash,0,1,0,0.244501,0.729193,0.954847,0.428339
232,-81.4275,277,crash,0,1,0,0.145565,0.43727,0.954656,0.490619
233,-55.0885,245,crash,0,1,0,0.139376,0.426263,0.954465,0.333857
234,-56.3958,224,crash,0,1,0,0.422945,0.782399,0.954274,0.588644
235,-93.3122,272,crash,0,1,0,0.169414,0.573801,0.954083,0.278082
236,-102.4437,290,crash,0,1,0,0.18273,0.553863,0.953892,0.483074
237,-61.9013,293,crash,0,1,0,0.193302,0.895862,0.953701,0.452547
238,-126.4725,377,crash,0,1,0,0.233305,0.602904,0.953511,0.394862
239,-57.2084,256,crash,0,1,0,0.147215,0.45364,0.95332,0.513411
240,-107.131,215,crash,0,1,0,0.382275,0.765144,0.953129,0.38816
241,-142.8108,290,crash,0,1,0,0.22204,0.829853,0.952939,0.378118
242,-115.3783,267,crash,0,1,0,0.30112,0.688181,0.952748,0.501481
243,-65.0093,246,crash,0,1,0,0.263947,0.878984,0.952557,0.259336
244,-95.2222,227,crash,0,1,0,0.263287,0.889384,0.952367,0.387382
245,-63.82,226,crash,0,1,0,0.138971,0.433154,0.952176,0.502639
246,-82.6987,244,crash,0,1,0,0.12869,0.442813,0.951986,0.38916
247,-78.7141,318,crash,0,1,0,0.159532,0.586834,0.951796,0.428209
248,-80.1836,220,crash,0,1,0,0.180023,0.464381,0.951605,0.382015
249,-61.4891,236,crash,0,1,0,0.250359,0.703011,0.951415,0.428667
250,-135.0161,228,crash,0,1,0,0.280752,0.596199,0.951225,0.423017
251,-88.343,272,crash,0,1,0,0.15064,0.480538,0.951034,0.453919
252,-149.5253,265,crash,0,1,0,0.328062,0.746565,0.950844,0.33579
253,-71.0408,252,crash,0,1,0,0.138714,0.485753,0.950654,0.459263
254,-99.0917,258,crash,0,1,0,0.260533,0.614554,0.950464,0.360299
255,-126.2357,225,crash,0,1,0,0.35667,0.764063,0.950274,0.442235
256,-85.9272,207,crash,0,1,0,0.319583,0.962611,0.950084,0.543929
257,-97.1444,364,crash,0,1,0,0.201917,0.639829,0.949894,0.425201
258,-98.2241,275,crash,0,1,0,0.308063,0.70752,0.949704,0.472093
259,-71.4014,296,crash,0,1,0,0.171806,0.673192,0.949514,0.315817
260,-144.632,267,crash,0,1,0,0.239608,0.55011,0.949324,0.558865
261,-67.486,206,crash,0,1,0,0.303372,0.737776,0.949134,0.566746
262,-77.8666,196,crash,0,1,0,0.11156,0.36957,0.948944,0.386126
263,-137.2578,209,crash,0,1,0,0.311573,0.741622,0.948754,0.333536
264,-77.6254,240,crash,0,1,0,0.35596,1.028677,0.948565,0.37306
265,-86.2911,207,crash,0,1,0,0.157705,0.401035,0.948375,0.304036
266,-61.4247,256,crash,0,1,0,0.139823,0.652881,0.948185,0.217753
267,-107.3484,301,crash,0,1,0,0.217522,0.76314,0.947996,0.834567
268,-81.6562,240,crash,0,1,0,0.26119,0.575604,0.947806,0.32097
269,-97.1211,258,crash,0,1,0,0.226991,1.016208,0.947617,0.582206
270,-102.7054,279,crash,0,1,0,0.247905,0.525901,0.947427,0.397445
271,-138.1677,194,crash,0,1,0,0.302646,0.943689,0.947238,0.541576
272,-88.7766,230,crash,0,1,0,0.170237,0.51781,0.947048,0.351327
273,-86.6823,340,crash,0,1,0,0.169223,0.630065,0.946859,0.223523
274,-98.2681,242,crash,0,1,0,0.22445,0.687863,0.946669,0.386662
275,-97.6179,249,crash,0,1,0,0.24291,0.650189,0.94648,0.519345
276,-83.374,249,crash,0,1,0,0.130719,0.372177,0.946291,0.412272
277,-60.8837,215,crash,0,1,0,0.327091,0.694294,0.946101,0.44381
278,-124.0409,272,crash,0,1,0,0.311702,1.093516,0.945912,0.533182
279,-45.2284,292,crash,0,1,0,0.258831,0.693016,0.945723,0.34756
280,-86.7653,206,crash,0,1,0,0.166289,0.560131,0.945534,0.332985
281,-69.9069,265,crash,0,1,0,0.245585,0.923177,0.945345,0.546379
282,-81.7215,231,crash,0,1,0,0.165409,0.529403,0.945156,0.442654
283,-78.5176,254,crash,0,1,0,0.140737,0.430996,0.944967,0.496584
284,-89.9873,194,crash,0,1,0,0.311902,0.850198,0.944778,0.556004
285,-107.1071,261,crash,0,1,0,0.235103,0.898352,0.944589,0.653477
286,-145.236,258,crash,0,1,0,0.245695,0.664957,0.9444,0.532472
287,-107.2712,272,crash,0,1,0,0.179661,0.624811,0.944211,0.525446
288,-63.0889,279,crash,0,1,0,0.150222,0.505668,0.944022,0.414132
289,-71.1695,298,crash,0,1,0,0.278512,0.722747,0.943833,0.429035
290,-124.9349,204,crash,0,1,0,0.235674,0.738043,0.943644,0.630571
291,-126.6035,320,crash,0,1,0,0.231962,0.598388,0.943456,0.460972
292,-80.9466,238,crash,0,1,0,0.158852,0.641167,0.943267,0.492087
293,-80.2501,213,crash,0,1,0,0.298435,0.712195,0.943078,0.521168
294,-97.5087,228,crash,0,1,0,0.31407,0.835735,0.94289,0.515592
295,-94.3316,229,crash,0,1,0,0.425665,1.034867,0.942701,0.345851
296,-95.7386,242,crash,0,1,0,0.247561,0.811292,0.942513,0.264136
297,-95.1092,324,crash,0,1,0,0.268643,0.682709,0.942324,0.236532
298,-84.337,218,crash,0,1,0,0.162044,0.605405,0.942136,0.286895
299,-83.6533,255,crash,0,1,0,0.203247,0.610273,0.941947,0.460971
300,-151.997,242,crash,0,1,0,0.314483,0.755134,0.941759,0.261225
301,-58.9527,192,crash,0,1,0,0.299601,0.573046,0.941571,0.378038
302,-89.2347,186,crash,0,1,0,0.182105,0.672009,0.941382,0.261589
303,-59.3554,283,crash,0,1,0,0.226241,0.597659,0.941194,0.532233
304,-99.3596,295,crash,0,1,0,0.254804,0.620868,0.941006,0.442059
305,-115.1771,248,crash,0,1,0,0.213159,0.516384,0.940818,0.314044
306,-121.2509,228,crash,0,1,0,0.219447,0.636866,0.940629,0.624485
307,-94.6572,303,crash,0,1,0,0.217373,0.846167,0.940441,0.630189
308,-95.9412,257,crash,0,1,0,0.245744,0.735946,0.940253,0.581337
309,-136.8901,196,crash,0,1,0,0.442333,0.982706,0.940065,0.691343
310,-130.7757,202,crash,0,1,0,0.487352,1.043401,0.939877,0.465044
311,-62.0799,257,crash,0,1,0,0.191607,0.547552,0.939689,0.442208
312,-67.1355,288,crash,0,1,0,0.0976,0.370296,0.939501,0.360626
313,-74.5729,266,crash,0,1,0,0.108555,0.383703,0.939313,0.552445
314,-151.9405,249,crash,0,1,0,0.357695,0.877354,0.939125,0.357548
315,-100.8958,275,crash,0,1,0,0.19496,0.656627,0.938938,0.492016
316,-149.3728,219,crash,0,1,0,0.363996,0.913895,0.93875,0.514107
317,-67.725,242,crash,0,1,0,0.1729,0.499617,0.938562,0.515131
318,-110.9766,231,crash,0,1,0,0.155558,0.60431,0.938374,0.297216
319,-117.7468,245,crash,0,1,0,0.239724,0.634486,0.938187,0.589693
320,-84.7823,251,crash,0,1,0,0.137898,0.526692,0.937999,0.589264
321,-128.5552,221,crash,0,1,0,0.449487,1.140034,0.937811,0.3938
322,-65.7069,262,crash,0,1,0,0.163223,0.526689,0.937624,0.15931
323,-120.0108,180,crash,0,1,0,0.277151,0.73431,0.937436,0.315854
324,-48.0129,292,crash,0,1,0,0.146024,0.492879,0.937249,0.583576
325,-114.6204,299,crash,0,1,0,0.171464,0.586186,0.937061,0.523597
326,-61.8146,218,crash,0,1,0,0.260477,0.714333,0.936874,0.433761
327,-70.4312,362,crash,0,1,0,0.209831,0.609365,0.936687,0.502257
328,-102.7041,242,crash,0,1,0,0.1406,0.483934,0.936499,0.400413
329,-70.1119,262,crash,0,1,0,0.089493,0.425867,0.936312,0.51953
330,-76.9271,201,crash,0,1,0,0.210481,0.666281,0.936125,0.337283
331,-83.7004,211,crash,0,1,0,0.153915,0.384883,0.935937,0.553804
332,-73.0771,236,crash,0,1,0,0.096625,0.311545,0.93575,0.766771
333,-73.5833,227,crash,0,1,0,0.175506,0.410954,0.935563,0.592695
334,-112.9035,330,crash,0,1,0,0.155995,0.670305,0.935376,0.48291
335,-65.3778,319,crash,0,1,0,0.226298,0.803429,0.935189,0.489923
336,-76.2684,219,crash,0,1,0,0.172231,0.448992,0.935002,0.415426
337,-166.3735,293,crash,0,1,0,0.314239,0.778867,0.934815,0.595407
338,-73.1847,253,crash,0,1,0,0.157086,0.512056,0.934628,0.412702
339,-53.5404,289,crash,0,1,0,0.217914,0.624544,0.934441,0.510285
340,-47.9021,289,crash,0,1,0,0.214082,0.634984,0.934254,0.401536
341,-86.5369,209,crash,0,1,0,0.1807,0.730224,0.934067,0.359257
342,-79.4423,224,crash,0,1,0,0.200948,0.568338,0.93388,0.729696
343,-79.8044,293,crash,0,1,0,0.250056,0.891863,0.933694,0.280313
344,-90.8844,246,crash,0,1,0,0.24697,0.696794,0.933507,0.388862
345,-78.5025,238,crash,0,1,0,0.157515,0.553717,0.93332,0.562153
346,-81.3815,198,crash,0,1,0,0.292152,0.911923,0.933134,0.344522
347,-66.7145,229,crash,0,1,0,0.138335,0.437725,0.932947,0.206191
348,-79.5906,269,crash,0,1,0,0.126759,0.506936,0.93276,0.405557
349,-99.7686,274,crash,0,1,0,0.198571,0.74838,0.932574,0.631647
350,-66.3119,213,crash,0,1,0,0.195676,0.531652,0.932387,0.443485
351,-86.7062,253,crash,0,1,0,0.312847,0.8858,0.932201,0.520718
352,-85.9906,270,crash,0,1,0,0.148231,0.602944,0.932014,0.436574
353,-71.5985,239,crash,0,1,0,0.101399,0.3334,0.931828,0.416568
354,-74.9616,229,crash,0,1,0,0.113692,0.376356,0.931642,0.248276
355,-82.4723,273,crash,0,1,0,0.169629,0.472928,0.931455,0.329806
356,-89.608,301,crash,0,1,0,0.275824,0.838458,0.931269,0.506972
357,-74.0574,203,crash,0,1,0,0.142368,0.399705,0.931083,0.402056
358,-45.9564,302,crash,0,1,0,0.2448,0.591136,0.930897,0.523226
359,-75.3894,360,crash,0,1,0,0.175708,0.575454,0.93071,0.507261
360,-56.9521,339,crash,0,1,0,0.30103,0.790952,0.930524,0.548699
361,-81.5279,236,crash,0,1,0,0.156656,0.799928,0.930338,0.617755
362,-64.2599,187,crash,0,1,0,0.167741,0.488978,0.930152,0.634491
363,-100.868,231,crash,0,1,0,0.174037,0.459939,0.929966,0.250567
364,-80.8357,246,crash,0,1,0,0.270352,0.698059,0.92978,0.535564
365,-53.4332,273,crash,0,1,0,0.176754,0.692562,0.929594,0.556974
366,-129.0763,201,crash,0,1,0,0.333497,0.621593,0.929408,0.462387
367,-120.2135,259,crash,0,1,0,0.262515,0.659153,0.929222,0.552738
368,-67.343,214,crash,0,1,0,0.178053,0.523666,0.929036,0.380973
369,-60.9097,322,crash,0,1,0,0.197768,0.521672,0.928851,0.263535
370,-92.9507,240,crash,0,1,0,0.138887,0.429756,0.928665,0.628945
371,-112.8032,262,crash,0,1,0,0.135365,0.484304,0.928479,0.314215
372,-81.8449,228,crash,0,1,0,0.153599,0.412528,0.928293,0.564225
373,-78.2471,252,crash,0,1,0,0.150935,0.466621,0.928108,0.38099
374,-88.1402,180,crash,0,1,0,0.195031,0.504197,0.927922,0.50788
375,-67.9061,219,crash,0,1,0,0.168728,0.472185,0.927737,0.418066
376,-59.8938,319,crash,0,1,0,0.155577,0.66216,0.927551,0.401631
377,-98.0848,246,crash,0,1,0,0.155989,0.417491,0.927365,0.41716
378,-98.7171,271,crash,0,1,0,0.11514,0.540306,0.92718,0.308352
379,-81.4873,225,crash,0,1,0,0.321097,0.832222,0.926995,0.384208
380,-67.581,267,crash,0,1,0,0.078653,0.29423,0.926809,0.324546
381,-49.2624,252,crash,0,1,0,0.193676,0.733202,0.926624,0.309761
382,-59.0607,223,crash,0,1,0,0.221301,0.588887,0.926438,0.370772
383,-79.4583,306,crash,0,1,0,0.200425,0.706659,0.926253,0.318184
384,-67.2085,223,crash,0,1,0,0.188717,0.578944,0.926068,0.422191
385,-38.5095,268,crash,0,1,0,0.24596,0.706454,0.925883,0.400195
386,-65.423,206,crash,0,1,0,0.312463,0.701384,0.925698,0.262251
387,-64.9564,279,crash,0,1,0,0.180905,0.527859,0.925512,0.471252
388,-118.4999,212,crash,0,1,0,0.328013,0.879732,0.925327,0.388301
389,-65.6844,264,crash,0,1,0,0.125749,0.416693,0.925142,0.606069
390,-109.2495,248,crash,0,1,0,0.343168,0.779817,0.924957,0.425112
391,-91.8064,231,crash,0,1,0,0.158734,0.38819,0.924772,0.490722
392,-74.5829,203,crash,0,1,0,0.176256,0.620337,0.924587,0.674583
393,-68.6472,218,crash,0,1,0,0.212673,0.782587,0.924402,0.446062
394,-94.0098,268,crash,0,1,0,0.239624,0.669724,0.924217,0.594997
395,-120.8351,309,crash,0,1,0,0.211349,0.579805,0.924033,0.421766
396,-74.5487,270,crash,0,1,0,0.185,0.681861,0.923848,0.398281
397,-61.2545,224,crash,0,1,0,0.349975,0.862678,0.923663,0.602081
398,-95.8544,229,crash,0,1,0,0.254414,0.598564,0.923478,0.696664
399,-67.5827,249,crash,0,1,0,0.198584,0.619469,0.923294,0.38695
400,-138.5708,197,crash,0,1,0,0.295356,0.869254,0.923109,0.359536
401,-78.1999,234,crash,0,1,0,0.157164,0.588855,0.922924,0.445369
402,-103.7917,328,crash,0,1,0,0.196972,0.636921,0.92274,0.400509
403,-64.4163,279,crash,0,1,0,0.247368,0.612671,0.922555,0.563031
404,-140.41,250,crash,0,1,0,0.218548,0.617446,0.922371,0.438625
405,-68.8901,237,crash,0,1,0,0.114111,0.404277,0.922186,0.682232
406,-81.1737,254,crash,0,1,0,0.156939,0.426402,0.922002,0.411847
407,-74.9035,213,crash,0,1,0,0.146544,0.524085,0.921817,0.529972
408,-71.5329,270,crash,0,1,0,0.193467,0.831283,0.921633,0.499507
409,-105.2165,240,crash,0,1,0,0.274265,0.611022,0.921449,0.465381
410,-87.8222,215,crash,0,1,0,0.24491,0.620254,0.921264,0.568577
411,-68.2986,307,crash,0,1,0,0.254859,0.707142,0.92108,0.374698
412,-77.3061,400,crash,0,1,0,0.176324,0.654449,0.920896,0.525299
413,-71.4276,235,crash,0,1,0,0.123259,0.369143,0.920712,0.536664
414,-85.0314,209,crash,0,1,0,0.212019,0.551184,0.920528,0.335207
415,-74.1581,225,crash,0,1,0,0.257981,0.682718,0.920344,0.408929
416,-94.6808,197,crash,0,1,0,0.177171,0.611833,0.920159,0.259543
417,-83.3024,215,crash,0,1,0,0.202029,0.544531,0.919975,0.482914
418,-61.6245,235,crash,0,1,0,0.153585,0.638975,0.919791,0.318233
419,-66.4625,236,crash,0,1,0,0.160578,0.407655,0.919607,0.55972
420,-73.6416,239,crash,0,1,0,0.144107,0.475418,0.919424,0.377715
421,-66.0186,276,crash,0,1,0,0.160082,0.55983,0.91924,0.466086
422,-90.2267,262,crash,0,1,0,0.256183,0.88145,0.919056,0.43478
423,-81.0054,280,crash,0,1,0,0.185597,0.56056,0.918872,0.576623
424,-49.9442,244,crash,0,1,0,0.187811,0.603812,0.918688,0.51401
425,-48.6555,241,crash,0,1,0,0.166338,0.530544,0.918504,0.272725
426,-98.1226,261,crash,0,1,0,0.221364,0.594888,0.918321,0.394325
427,-103.8394,212,crash,0,1,0,0.257238,0.646242,0.918137,0.63372
428,-73.6316,233,crash,0,1,0,0.171267,0.547036,0.917953,0.425737
429,-79.3217,222,crash,0,1,0,0.227898,0.722296,0.91777,0.419736
430,-88.8464,348,crash,0,1,0,0.198394,0.521787,0.917586,0.36797
431,-81.4596,207,crash,0,1,0,0.202033,0.500169,0.917403,0.412122
432,-108.2925,243,crash,0,1,0,0.318408,0.697538,0.917219,0.233424
433,-68.6695,282,crash,0,1,0,0.198603,0.655633,0.917036,0.568747
434,-66.6029,193,crash,0,1,0,0.479643,1.11878,0.916852,0.539671
435,-74.2898,234,crash,0,1,0,0.21895,0.608998,0.916669,0.428812
436,-110.2569,265,crash,0,1,0,0.309883,0.819314,0.916486,0.322859
437,-100.5455,232,crash,0,1,0,0.39192,0.864861,0.916302,0.447533
438,-92.6959,210,crash,0,1,0,0.253364,0.625473,0.916119,0.434983
439,-71.8374,211,crash,0,1,0,0.142529,0.525876,0.915936,0.48455
440,-73.0887,254,crash,0,1,0,0.116086,0.440757,0.915753,0.38667
441,-55.2325,259,crash,0,1,0,0.142014,0.45004,0.91557,0.43426
442,-81.3817,200,crash,0,1,0,0.197779,0.747183,0.915387,0.422418
443,-70.2284,244,crash,0,1,0,0.134986,0.452984,0.915203,0.335903
444,-86.6914,250,crash,0,1,0,0.224555,0.534339,0.91502,0.31101
445,-52.5341,217,crash,0,1,0,0.261354,0.858524,0.914837,0.383432
446,-85.8332,234,crash,0,1,0,0.266894,0.786067,0.914654,0.492987
447,-75.0867,224,crash,0,1,0,0.125685,0.405557,0.914472,0.416763
448,-63.3958,249,crash,0,1,0,0.249216,0.635666,0.914289,0.399466
449,-82.5345,365,crash,0,1,0,0.217915,0.615353,0.914106,0.575858
450,-84.3354,239,crash,0,1,0,0.149495,0.612738,0.913923,0.359042
451,-96.0474,274,crash,0,1,0,0.20042,0.622767,0.91374,0.517397
452,-87.7125,227,crash,0,1,0,0.361582,0.849847,0.913557,0.47364
453,-54.4532,256,crash,0,1,0,0.170716,0.492513,0.913375,0.381644
454,-77.1351,270,crash,0,1,0,0.166975,0.521558,0.913192,0.532834
455,-68.6109,336,crash,0,1,0,0.105972,0.322687,0.913009,0.478064
456,-85.3787,204,crash,0,1,0,0.182981,0.58698,0.912827,0.590526
457,-92.2014,227,crash,0,1,0,0.312679,0.852009,0.912644,0.623109
458,-131.8176,209,crash,0,1,0,0.35626,0.826735,0.912462,0.306556
459,-115.8301,208,crash,0,1,0,0.314339,0.665808,0.912279,0.35816
460,-76.5351,317,crash,0,1,0,0.142411,0.376245,0.912097,0.487821
461,-72.8749,255,crash,0,1,0,0.150401,0.565007,0.911914,0.316551
462,-93.4898,180,crash,0,1,0,0.354764,0.81138,0.911732,0.397424
463,-85.5562,227,crash,0,1,0,0.157937,0.477285,0.91155,0.457216
464,-131.6485,215,crash,0,1,0,0.257844,0.734812,0.911367,0.382694
465,-64.6919,236,crash,0,1,0,0.190521,0.63691,0.911185,0.418502
466,-110.3874,244,crash,0,1,0,0.195781,0.5068,0.911003,0.48778
467,-60.0261,272,crash,0,1,0,0.151813,0.462469,0.910821,0.368364
468,-103.2216,239,crash,0,1,0,0.188059,0.776543,0.910638,0.544804
469,-66.9898,188,crash,0,1,0,0.341762,0.741458,0.910456,0.417793
470,-83.123,261,crash,0,1,0,0.137391,0.385919,0.910274,0.504178
471,-73.7515,207,crash,0,1,0,0.18586,0.467618,0.910092,0.352066
472,-62.824,234,crash,0,1,0,0.12113,0.427499,0.90991,0.409741
473,-70.9812,202,crash,0,1,0,0.175281,0.508271,0.909728,0.297359
474,-68.8685,303,crash,0,1,0,0.185517,0.676717,0.909546,0.49628
475,-66.124,229,crash,0,1,0,0.229726,0.545115,0.909364,0.343688
476,-89.7669,246,crash,0,1,0,0.20357,0.674988,0.909182,0.548583
477,-74.2852,242,crash,0,1,0,0.142044,0.390293,0.909001,0.502637
478,-77.049,222,crash,0,1,0,0.227762,0.550513,0.908819,0.660118
479,-86.4362,212,crash,0,1,0,0.221412,0.723333,0.908637,0.545891
480,-58.8359,319,crash,0,1,0,0.128488,0.39958,0.908455,0.41951
481,-75.6732,275,crash,0,1,0,0.137973,0.496625,0.908274,0.568873
482,-79.4553,270,crash,0,1,0,0.135373,0.34315,0.908092,0.572731
483,-57.1383,203,crash,0,1,0,0.267954,0.659324,0.90791,0.287644
484,-61.6781,249,crash,0,1,0,0.206756,0.516241,0.907729,0.321583
485,-55.6806,215,crash,0,1,0,0.157841,0.612646,0.907547,0.385744
486,-71.3041,239,crash,0,1,0,0.122916,0.344378,0.907366,0.324534
487,-91.1648,265,crash,0,1,0,0.256004,0.642975,0.907184,0.424457
488,-73.2987,228,crash,0,1,0,0.164706,0.399173,0.907003,0.308839
489,-91.0481,290,crash,0,1,0,0.154015,0.519396,0.906821,0.570045
490,-75.1543,240,crash,0,1,0,0.16295,0.484755,0.90664,0.4735
491,-80.2407,212,crash,0,1,0,0.155985,0.485019,0.906459,0.65021
492,-69.2706,222,crash,0,1,0,0.145955,0.375676,0.906277,0.259246
493,-55.6539,260,crash,0,1,0,0.210217,0.663971,0.906096,0.567815
494,-60.0792,211,crash,0,1,0,0.151064,0.447296,0.905915,0.579534
495,-61.8357,194,crash,0,1,0,0.250893,0.683523,0.905734,0.608424
496,-83.2826,204,crash,0,1,0,0.135991,0.375594,0.905553,0.421408
497,-120.3503,235,crash,0,1,0,0.212521,0.640308,0.905371,0.452953
498,-88.4718,265,crash,0,1,0,0.15538,0.592533,0.90519,0.323018
499,-68.7269,220,crash,0,1,0,0.167216,0.497869,0.905009,0.554623
500,-79.2328,275,crash,0,1,0,0.131065,0.403681,0.904828,0.495078
501,-85.6132,221,crash,0,1,0,0.152797,0.423421,0.904647,0.675983
502,-79.0308,245,crash,0,1,0,0.195453,0.590962,0.904466,0.406717
503,-88.0699,259,crash,0,1,0,0.280986,0.903734,0.904286,0.385684
504,-77.0401,193,crash,0,1,0,0.16373,0.436555,0.904105,0.364984
505,-73.7418,309,crash,0,1,0,0.240902,0.693027,0.903924,0.610883
506,-71.092,247,crash,0,1,0,0.152496,0.414676,0.903743,0.145744
507,-84.5966,313,crash,0,1,0,0.217514,0.67819,0.903562,0.544458
508,-75.0089,240,crash,0,1,0,0.199075,0.557034,0.903382,0.497261
509,-79.7914,221,crash,0,1,0,0.204521,0.649561,0.903201,0.398337
510,-87.5948,206,crash,0,1,0,0.23958,0.740089,0.90302,0.48845
511,-91.426,253,crash,0,1,0,0.211304,0.900303,0.90284,0.401855
512,-67.5073,219,crash,0,1,0,0.24353,0.665774,0.902659,0.386148
513,-78.075,223,crash,0,1,0,0.223663,0.612769,0.902479,0.535074
514,-109.6062,284,crash,0,1,0,0.341589,0.836511,0.902298,0.327496
515,-64.1538,232,crash,0,1,0,0.131372,0.444904,0.902118,0.370978
516,-64.4938,221,crash,0,1,0,0.254315,0.550772,0.901937,0.378213
517,-100.1488,222,crash,0,1,0,0.282894,0.845543,0.901757,0.382402
518,-76.1359,256,crash,0,1,0,0.155048,0.502549,0.901577,0.331218
519,-132.5105,256,crash,0,1,0,0.407433,0.841179,0.901396,0.422264
520,-76.997,210,crash,0,1,0,0.153546,0.555702,0.901216,0.410607
521,-90.6373,261,crash,0,1,0,0.15256,0.445096,0.901036,0.365805
522,-74.0657,196,crash,0,1,0,0.171044,0.537911,0.900855,0.362667
523,-80.742,200,crash,0,1,0,0.216598,0.557033,0.900675,0.322819
524,-65.2441,267,crash,0,1,0,0.115745,0.456684,0.900495,0.243996
525,-66.3727,209,crash,0,1,0,0.108452,0.389093,0.900315,0.522404
526,-55.0963,191,crash,0,1,0,0.20777,0.518848,0.900135,0.377798
527,-72.4457,269,crash,0,1,0,0.154708,0.479053,0.899955,0.373765
528,-94.0072,219,crash,0,1,0,0.186318,0.570652,0.899775,0.327862
529,-75.5809,243,crash,0,1,0,0.140572,0.43386,0.899595,0.564124
530,-61.6507,253,crash,0,1,0,0.164763,0.489041,0.899415,0.535042
531,-76.2529,261,crash,0,1,0,0.275373,0.950461,0.899235,0.556418
532,-64.9056,255,crash,0,1,0,0.198986,0.536857,0.899055,0.470053
533,-72.7435,213,crash,0,1,0,0.130242,0.379114,0.898876,0.53297
534,-79.3134,192,crash,0,1,0,0.310318,0.598172,0.898696,0.336429
535,-77.632,250,crash,0,1,0,0.134342,0.448571,0.898516,0.432392
536,-71.5675,247,crash,0,1,0,0.207014,0.62515,0.898336,0.609246
537,-83.5472,206,crash,0,1,0,0.233715,0.534543,0.898157,0.395298
538,-69.6174,207,crash,0,1,0,0.219521,0.735627,0.897977,0.58564
539,-107.7733,241,crash,0,1,0,0.328776,0.828064,0.897797,0.417059
540,-110.3026,261,crash,0,1,0,0.252629,0.657904,0.897618,0.481845
541,-76.0371,236,crash,0,1,0,0.211633,0.565473,0.897438,0.641334
542,-56.0486,302,crash,0,1,0,0.139215,0.464615,0.897259,0.822449
543,-74.1544,233,crash,0,1,0,0.217855,0.527708,0.897079,0.344232
544,-126.6667,207,crash,0,1,0,0.415347,0.804646,0.8969,0.282444
545,-87.0832,275,crash,0,1,0,0.173233,0.767424,0.896721,0.317968
546,-77.7882,186,crash,0,1,0,0.163761,0.536532,0.896541,0.727108
547,-57.8095,214,crash,0,1,0,0.199645,0.661805,0.896362,0.620826
548,-103.4959,319,crash,0,1,0,0.278438,0.820807,0.896183,0.453522
549,-87.7876,297,crash,0,1,0,0.181021,0.49222,0.896003,0.341312
550,-83.9627,223,crash,0,1,0,0.238594,0.604416,0.895824,0.390023
551,-42.7708,264,crash,0,1,0,0.180111,0.524987,0.895645,0.466915
552,-76.3984,371,crash,0,1,0,0.169894,0.507211,0.895466,0.599462
553,-75.0803,297,crash,0,1,0,0.164451,0.501676,0.895287,0.396634
554,-75.2127,272,crash,0,1,0,0.146007,0.604348,0.895108,0.44239
555,-96.2931,205,crash,0,1,0,0.236697,0.528303,0.894929,0.522206
556,-73.3034,195,crash,0,1,0,0.160182,0.422984,0.89475,0.477799
557,-83.0761,265,crash,0,1,0,0.209261,0.617429,0.894571,0.379298
558,-98.1424,226,crash,0,1,0,0.220016,0.704566,0.894392,0.454345
559,-62.4604,320,crash,0,1,0,0.20281,0.593482,0.894213,0.338383
560,-78.9148,233,crash,0,1,0,0.139367,0.370429,0.894034,0.518702
561,-66.0265,254,crash,0,1,0,0.099313,0.3403,0.893855,0.412587
562,-83.7341,207,crash,0,1,0,0.187903,0.498881,0.893677,0.418912
563,-77.3842,218,crash,0,1,0,0.173892,0.443005,0.893498,0.49091
564,-74.8556,224,crash,0,1,0,0.15109,0.482641,0.893319,0.45952
565,-74.1575,218,crash,0,1,0,0.190058,0.522924,0.893141,0.498833
566,-96.0012,225,crash,0,1,0,0.243524,0.774445,0.892962,0.482904
567,-54.7159,248,crash,0,1,0,0.142302,0.461316,0.892783,0.588275
568,-73.1036,229,crash,0,1,0,0.130379,0.421172,0.892605,0.534788
569,-78.3049,196,crash,0,1,0,0.118485,0.374263,0.892426,0.263106
570,-63.9264,211,crash,0,1,0,0.118042,0.394552,0.892248,0.433351
571,-65.4533,205,crash,0,1,0,0.133577,0.418659,0.892069,0.463456
572,-65.9172,299,crash,0,1,0,0.235703,0.680158,0.891891,0.564752
573,-80.4345,311,crash,0,1,0,0.187641,0.562886,0.891713,0.306209
574,-77.2435,226,crash,0,1,0,0.356938,0.798769,0.891534,0.482234
575,-67.5113,270,crash,0,1,0,0.160103,0.562094,0.891356,0.479319
576,-109.6085,201,crash,0,1,0,0.398772,1.021918,0.891178,0.422516
577,-89.3012,204,crash,0,1,0,0.189014,0.48623,0.890999,0.534901
578,-81.2415,193,crash,0,1,0,0.170342,0.588736,0.890821,0.703927
579,-56.3102,275,crash,0,1,0,0.139088,0.618376,0.890643,0.411134
580,-101.4943,221,crash,0,1,0,0.535163,1.309737,0.890465,0.514793
581,-85.7601,256,crash,0,1,0,0.197305,0.632934,0.890287,0.372892
582,-62.7243,208,crash,0,1,0,0.116364,0.414962,0.890109,0.478615
583,-84.4057,198,crash,0,1,0,0.180991,0.441875,0.889931,0.468306
584,-53.2501,302,crash,0,1,0,0.154846,0.478858,0.889753,0.276531
585,-85.7079,211,crash,0,1,0,0.193989,0.502223,0.889575,0.550827
586,-72.0772,225,crash,0,1,0,0.149639,0.400792,0.889397,0.629619
587,-70.402,197,crash,0,1,0,0.123804,0.325146,0.889219,0.216042
588,-72.9053,249,crash,0,1,0,0.175251,0.440227,0.889041,0.349108
589,-77.7377,190,crash,0,1,0,0.292505,0.702639,0.888863,0.53258
590,-105.5307,231,crash,0,1,0,0.30082,0.819775,0.888686,0.47101
591,-82.4369,257,crash,0,1,0,0.1942,0.544783,0.888508,0.513991
592,-62.2434,207,crash,0,1,0,0.35959,0.712635,0.88833,0.547962
593,-65.4844,235,crash,0,1,0,0.208889,0.651655,0.888152,0.559886
594,-60.0696,274,crash,0,1,0,0.153912,0.548306,0.887975,0.55244
595,-67.4934,223,crash,0,1,0,0.139177,0.402381,0.887797,0.294553
596,-68.5944,237,crash,0,1,0,0.173402,0.515653,0.88762,0.673289
597,-59.7957,278,crash,0,1,0,0.197603,0.542716,0.887442,0.357898
598,-69.0476,285,crash,0,1,0,0.163977,0.453156,0.887265,0.638314
599,-64.7374,213,crash,0,1,0,0.165694,0.523417,0.887087,0.448716
600,-70.0701,290,crash,0,1,0,0.199417,0.775357,0.88691,0.493149
601,-82.1186,241,crash,0,1,0,0.152741,0.453219,0.886732,0.395297
602,-88.722,196,crash,0,1,0,0.168665,0.615398,0.886555,0.724036
603,-76.3359,226,crash,0,1,0,0.177063,0.536169,0.886378,0.387566
604,-78.697,216,crash,0,1,0,0.163052,0.573645,0.8862,0.729224
605,-90.3596,225,crash,0,1,0,0.170633,0.553473,0.886023,0.381618
606,-106.0886,247,crash,0,1,0,0.28051,0.668486,0.885846,0.742128
607,-99.0562,225,crash,0,1,0,0.205803,0.574607,0.885669,0.453617
608,-72.8251,209,crash,0,1,0,0.24252,0.752865,0.885492,0.487139
609,-72.2724,254,crash,0,1,0,0.172826,0.457797,0.885315,0.460162
610,-85.9185,229,crash,0,1,0,0.18678,0.610448,0.885138,0.344668
611,-80.2224,247,crash,0,1,0,0.212891,0.534385,0.884961,0.418196
612,-65.3185,286,crash,0,1,0,0.186827,0.703074,0.884784,0.677312
613,-73.4277,232,crash,0,1,0,0.245053,0.669102,0.884607,0.594919
614,-85.6214,241,crash,0,1,0,0.114266,0.393304,0.88443,0.543317
615,-77.8096,194,crash,0,1,0,0.161461,0.465085,0.884253,0.402427
616,-64.5794,225,crash,0,1,0,0.173174,0.513318,0.884076,0.578209
617,-67.7171,281,crash,0,1,0,0.128481,0.377818,0.883899,0.185259
618,-56.8107,217,crash,0,1,0,0.160064,0.533378,0.883722,0.401308
619,-102.4089,298,crash,0,1,0,0.175365,0.43192,0.883546,0.442987
620,-92.2323,204,crash,0,1,0,0.255898,0.738982,0.883369,0.318741
621,-59.4554,233,crash,0,1,0,0.166436,0.446177,0.883192,0.749995
622,-85.1404,208,crash,0,1,0,0.187257,0.46849,0.883016,0.497794
623,-82.8985,207,crash,0,1,0,0.195143,0.588121,0.882839,0.485248
624,-90.7743,215,crash,0,1,0,0.218061,0.537039,0.882662,0.547615
625,-84.9192,207,crash,0,1,0,0.211161,0.644102,0.882486,0.562586
626,-74.2897,208,crash,0,1,0,0.122234,0.423133,0.882309,0.601001
627,-71.2212,221,crash,0,1,0,0.145577,0.439139,0.882133,0.583833
628,-49.2562,254,crash,0,1,0,0.185242,0.625785,0.881956,0.236538
629,-88.9314,220,crash,0,1,0,0.244038,0.666383,0.88178,0.553347
630,-125.9297,215,crash,0,1,0,0.338342,1.002757,0.881604,0.542892
631,-72.0426,230,crash,0,1,0,0.27458,0.721333,0.881427,0.629735
632,-65.9547,282,crash,0,1,0,0.152128,0.461683,0.881251,0.286784
633,-62.0014,296,crash,0,1,0,0.230094,0.668896,0.881075,0.424973
634,-65.8229,219,crash,0,1,0,0.20682,0.527492,0.880899,0.501207
635,-113.0064,267,crash,0,1,0,0.258277,0.741477,0.880722,0.63888
636,-78.8769,201,crash,0,1,0,0.312762,0.737156,0.880546,0.575317
637,-78.6822,279,crash,0,1,0,0.152045,0.44171,0.88037,0.445858
638,-110.9063,214,crash,0,1,0,0.414048,0.857105,0.880194,0.300605
639,-67.1428,215,crash,0,1,0,0.24312,0.566944,0.880018,0.300643
640,-89.331,223,crash,0,1,0,0.181711,0.613445,0.879842,0.499601
641,-73.2633,228,crash,0,1,0,0.121045,0.410116,0.879666,0.605052
642,-61.4098,261,crash,0,1,0,0.159344,0.521195,0.87949,0.66609
643,-82.6414,225,crash,0,1,0,0.254753,0.662992,0.879314,0.451366
644,-70.6965,279,crash,0,1,0,0.12856,0.480576,0.879138,0.522137
645,-86.685,247,crash,0,1,0,0.135817,0.458542,0.878963,0.306752
646,-73.7875,268,crash,0,1,0,0.151158,0.499107,0.878787,0.243472
647,-78.9968,211,crash,0,1,0,0.162931,0.387662,0.878611,0.551158
648,-79.0086,187,crash,0,1,0,0.089872,0.2914,0.878435,0.432451
649,-77.7763,314,crash,0,1,0,0.219002,0.706778,0.87826,0.458454
650,-90.1416,190,crash,0,1,0,0.172932,0.597367,0.878084,0.676863
651,-64.939,206,crash,0,1,0,0.11969,0.539963,0.877908,0.653131
652,-84.9123,225,crash,0,1,0,0.103099,0.338435,0.877733,0.452898
653,-69.4964,242,crash,0,1,0,0.218914,0.598452,0.877557,0.300148
654,-68.7628,231,crash,0,1,0,0.270346,0.962234,0.877382,0.494389
655,-76.9344,261,crash,0,1,0,0.131818,0.405089,0.877206,0.452778
656,-91.2505,264,crash,0,1,0,0.167756,0.524406,0.877031,0.3521
657,-86.5004,204,crash,0,1,0,0.163926,0.562214,0.876855,0.605578
658,-73.4016,231,crash,0,1,0,0.193329,0.577316,0.87668,0.469871
659,-62.341,255,crash,0,1,0,0.113632,0.384183,0.876505,0.768467
660,-58.4378,222,crash,0,1,0,0.088992,0.329093,0.876329,0.589218
661,-79.5418,210,crash,0,1,0,0.137287,0.478762,0.876154,0.420058
662,-89.8683,253,crash,0,1,0,0.225415,0.576907,0.875979,0.349263
663,-95.0437,222,crash,0,1,0,0.225813,0.752963,0.875804,0.495797
664,-73.6238,212,crash,0,1,0,0.200822,0.51105,0.875629,0.549126
665,-80.2801,255,crash,0,1,0,0.129676,0.522938,0.875453,0.486322
666,-120.4534,294,crash,0,1,0,0.272241,0.725558,0.875278,0.249007
667,-63.2059,210,crash,0,1,0,0.230169,0.706153,0.875103,0.457109
668,-81.3104,286,crash,0,1,0,0.291931,0.665714,0.874928,0.452739
669,-53.0527,319,crash,0,1,0,0.16151,0.49934,0.874753,0.397549
670,-79.5231,243,crash,0,1,0,0.454792,1.222331,0.874578,0.567814
671,-88.1998,201,crash,0,1,0,0.224378,0.751341,0.874403,0.291106
672,-64.5081,1000,timeout,0,0,1,0.082225,0.461147,0.874229,0.502601
673,-70.3963,198,crash,0,1,0,0.140411,0.446065,0.874054,0.743465
674,-76.9227,362,crash,0,1,0,0.161536,0.550348,0.873879,0.432421
675,-65.0748,318,crash,0,1,0,0.163518,0.520798,0.873704,0.530458
676,-69.1273,268,crash,0,1,0,0.176972,0.476687,0.873529,0.585192
677,-71.77,221,crash,0,1,0,0.222845,0.498456,0.873355,0.305982
678,-95.6026,186,crash,0,1,0,0.261146,0.76702,0.87318,0.478202
679,-75.2598,245,crash,0,1,0,0.093949,0.305194,0.873005,0.492502
680,-57.4729,247,crash,0,1,0,0.189782,0.529985,0.872831,0.583129
681,-55.1387,259,crash,0,1,0,0.143231,0.52746,0.872656,0.617679
682,-35.7346,226,crash,0,1,0,0.357888,0.86186,0.872482,0.481762
683,-76.2603,207,crash,0,1,0,0.251459,0.668248,0.872307,0.365079
684,-44.2846,231,crash,0,1,0,0.177905,0.53452,0.872133,0.368728
685,-56.4493,254,crash,0,1,0,0.173879,0.418448,0.871958,0.63934
686,-66.35,304,crash,0,1,0,0.132955,0.646146,0.871784,0.420631
687,-85.3071,243,crash,0,1,0,0.205586,0.766026,0.87161,0.568253
688,-77.6557,342,crash,0,1,0,0.116472,0.401837,0.871435,0.514825
689,-154.0289,247,crash,0,1,0,0.358701,1.085172,0.871261,0.505559
690,-74.2561,204,crash,0,1,0,0.088782,0.315137,0.871087,0.580495
691,-134.0239,228,crash,0,1,0,0.355261,0.807803,0.870912,0.459088
692,-93.5908,250,crash,0,1,0,0.333795,0.792387,0.870738,0.569251
693,-76.2099,252,crash,0,1,0,0.123914,0.369328,0.870564,0.337017
694,-86.4587,223,crash,0,1,0,0.13221,0.521545,0.87039,0.394451
695,-73.7248,189,crash,0,1,0,0.203155,0.531318,0.870216,0.557729
696,-64.9539,218,crash,0,1,0,0.124113,0.489138,0.870042,0.374272
697,-96.6074,211,crash,0,1,0,0.374555,0.89622,0.869868,0.374843
698,-81.3336,227,crash,0,1,0,0.218379,0.676094,0.869694,0.491713
699,-66.503,207,crash,0,1,0,0.112982,0.385725,0.86952,0.431002
700,-58.5314,249,crash,0,1,0,0.189113,0.59198,0.869346,0.481
701,-59.0488,203,crash,0,1,0,0.132437,0.441642,0.869172,0.587058
702,-55.3149,235,crash,0,1,0,0.152443,0.416994,0.868998,0.510329
703,-73.7932,642,crash,0,1,0,0.160618,0.522184,0.868825,0.531401
704,-82.5419,211,crash,0,1,0,0.120836,0.483725,0.868651,0.708068
705,-52.3217,232,crash,0,1,0,0.150007,0.505593,0.868477,0.467852
706,-63.7281,207,crash,0,1,0,0.148769,0.428526,0.868303,0.505316
707,-76.9692,236,crash,0,1,0,0.147625,0.41026,0.86813,0.438228
708,-77.6719,219,crash,0,1,0,0.141968,0.46249,0.867956,0.349224
709,-111.7525,286,crash,0,1,0,0.189316,0.550448,0.867782,0.596826
710,-57.5612,206,crash,0,1,0,0.208971,0.605179,0.867609,0.577052
711,-45.9441,221,crash,0,1,0,0.257116,0.741288,0.867435,0.588513
712,-58.7449,253,crash,0,1,0,0.18566,0.529757,0.867262,0.536284
713,-80.6068,221,crash,0,1,0,0.264104,0.73105,0.867088,0.542948
714,-67.1209,201,crash,0,1,0,0.156308,0.413532,0.866915,0.628325
715,-78.4353,208,crash,0,1,0,0.145444,0.600271,0.866742,0.504738
716,-58.5019,282,crash,0,1,0,0.225602,0.562897,0.866568,0.711224
717,-49.1451,262,crash,0,1,0,0.161902,0.386615,0.866395,0.629443
718,-92.7982,245,crash,0,1,0,0.189277,0.624095,0.866222,0.368353
719,-85.319,207,crash,0,1,0,0.143927,0.474386,0.866048,0.518729
720,-59.7456,257,crash,0,1,0,0.196175,0.671778,0.865875,0.445739
721,-68.1521,196,crash,0,1,0,0.242734,0.603995,0.865702,0.501265
722,-80.1553,257,crash,0,1,0,0.134635,0.633549,0.865529,0.337283
723,-78.1185,228,crash,0,1,0,0.182812,0.494898,0.865356,0.52422
724,-72.427,253,crash,0,1,0,0.167335,0.606394,0.865183,0.362299
725,-72.1556,231,crash,0,1,0,0.194324,0.667923,0.86501,0.349869
726,-78.9567,257,crash,0,1,0,0.490546,1.016564,0.864837,0.649949
727,-47.5782,259,crash,0,1,0,0.219471,0.754149,0.864664,0.549674
728,-101.1272,294,crash,0,1,0,0.252058,0.588622,0.864491,0.465301
729,-102.3654,201,crash,0,1,0,0.33251,0.922999,0.864318,0.858297
730,-75.8376,210,crash,0,1,0,0.175197,0.47684,0.864145,0.736684
731,-58.6483,215,crash,0,1,0,0.3496,0.779735,0.863972,0.461672
732,-74.944,232,crash,0,1,0,0.191269,0.594229,0.863799,0.38548
733,-63.7297,277,crash,0,1,0,0.213526,0.647993,0.863627,0.400885
734,-84.0888,211,crash,0,1,0,0.172699,0.510553,0.863454,0.561385
735,-72.217,217,crash,0,1,0,0.160502,0.472733,0.863281,0.54831
736,-73.3567,249,crash,0,1,0,0.15436,0.547064,0.863109,0.331821
737,-55.6816,255,crash,0,1,0,0.165748,0.496425,0.862936,0.397497
738,-77.2773,197,crash,0,1,0,0.161805,0.421783,0.862763,0.418214
739,-75.1203,202,crash,0,1,0,0.077724,0.276091,0.862591,0.697277
740,-73.5144,245,crash,0,1,0,0.182422,0.540222,0.862418,0.368113
741,-79.943,238,crash,0,1,0,0.173426,0.63777,0.862246,0.387239
742,-76.7355,230,crash,0,1,0,0.164735,0.480621,0.862073,0.798202
743,-75.5034,289,crash,0,1,0,0.194795,0.618714,0.861901,0.529792
744,-70.3935,227,crash,0,1,0,0.175838,0.509127,0.861729,0.487133
745,-81.8623,240,crash,0,1,0,0.156564,0.571593,0.861556,0.38016
746,-90.4534,192,crash,0,1,0,0.188409,0.400992,0.861384,0.424132
747,-71.0915,236,crash,0,1,0,0.187913,0.54597,0.861212,0.471385
748,-82.8354,241,crash,0,1,0,0.157276,0.458824,0.861039,0.494791
749,-85.9313,251,crash,0,1,0,0.124337,0.449336,0.860867,0.540755
750,-50.6909,280,crash,0,1,0,0.204656,0.576063,0.860695,0.294171
751,-79.7437,232,crash,0,1,0,0.196395,0.754131,0.860523,0.510079
752,-52.0679,304,crash,0,1,0,0.144897,0.581249,0.860351,0.443068
753,-80.2012,204,crash,0,1,0,0.157185,0.437698,0.860179,0.499186
754,-70.1909,243,crash,0,1,0,0.215591,0.72867,0.860007,0.701576
755,-84.5321,239,crash,0,1,0,0.338358,0.886228,0.859835,0.500259
756,-73.099,172,crash,0,1,0,0.171726,0.473843,0.859663,0.545675
757,-92.469,203,crash,0,1,0,0.198432,0.68582,0.859491,0.540552
758,-92.7431,257,crash,0,1,0,0.169253,0.655567,0.859319,0.392087
759,-83.1457,240,crash,0,1,0,0.173809,0.604276,0.859147,0.787632
760,-56.4907,242,crash,0,1,0,0.245789,0.72105,0.858975,0.64116
761,-80.3834,180,crash,0,1,0,0.15691,0.605805,0.858803,0.528066
762,-88.1423,274,crash,0,1,0,0.145912,0.499088,0.858632,0.42172
763,-76.3635,221,crash,0,1,0,0.161402,0.455841,0.85846,0.285303
764,-78.4364,241,crash,0,1,0,0.222852,0.694248,0.858288,0.525849
765,-76.7842,248,crash,0,1,0,0.192197,0.538746,0.858117,0.707493
766,-76.1169,184,crash,0,1,0,0.111627,0.396982,0.857945,0.493843
767,-82.712,212,crash,0,1,0,0.198251,0.507621,0.857773,0.525114
768,-66.6453,216,crash,0,1,0,0.246134,0.510682,0.857602,0.445212
769,-94.6497,276,crash,0,1,0,0.205569,0.773147,0.85743,0.594966
770,-76.8755,199,crash,0,1,0,0.108655,0.391921,0.857259,0.453488
771,-67.8383,242,crash,0,1,0,0.387898,1.065834,0.857087,0.474229
772,-76.3114,210,crash,0,1,0,0.168002,0.47113,0.856916,0.388947
773,-75.4326,210,crash,0,1,0,0.144127,0.518349,0.856745,0.521454
774,-66.6326,200,crash,0,1,0,0.137062,0.446986,0.856573,0.411712
775,-46.0068,243,crash,0,1,0,0.2085,0.804026,0.856402,0.517261
776,-74.1427,250,crash,0,1,0,0.114074,0.342795,0.856231,0.478908
777,-85.8667,330,crash,0,1,0,0.163596,0.537919,0.856059,0.374512
778,-67.4481,221,crash,0,1,0,0.297546,0.806552,0.855888,0.183437
779,-50.0335,255,crash,0,1,0,0.158881,0.452376,0.855717,0.525944
780,-74.108,198,crash,0,1,0,0.128292,0.43909,0.855546,0.415085
781,-99.1243,249,crash,0,1,0,0.223845,0.790103,0.855375,0.500974
782,-90.3354,223,crash,0,1,0,0.210684,0.804769,0.855204,0.691593
783,-78.3136,217,crash,0,1,0,0.154307,0.434322,0.855033,0.311687
784,-73.4365,259,crash,0,1,0,0.184781,0.558532,0.854862,0.535975
785,-72.8553,216,crash,0,1,0,0.13868,0.459412,0.854691,0.507583
786,-78.7881,200,crash,0,1,0,0.140622,0.506849,0.85452,0.54314
787,-69.8949,229,crash,0,1,0,0.140725,0.52095,0.854349,0.321817
788,-68.2909,237,crash,0,1,0,0.221841,0.648989,0.854178,0.496012
789,-81.9545,194,crash,0,1,0,0.219048,0.624257,0.854007,0.363712
790,-69.1837,287,crash,0,1,0,0.129132,0.481639,0.853836,0.395769
791,-82.8021,240,crash,0,1,0,0.216035,0.743807,0.853666,0.450469
792,-76.9457,273,crash,0,1,0,0.233953,0.581358,0.853495,0.504734
793,-73.1786,260,crash,0,1,0,0.163452,0.776966,0.853324,0.604281
794,-105.255,195,crash,0,1,0,0.278361,0.717488,0.853153,0.309711
795,-78.9582,198,crash,0,1,0,0.194892,0.548712,0.852983,0.292723
796,-91.0101,191,crash,0,1,0,0.340035,0.929304,0.852812,0.374392
797,-127.5069,288,crash,0,1,0,0.371645,1.00511,0.852642,0.405442
798,-81.1729,274,crash,0,1,0,0.147887,0.596638,0.852471,0.548449
799,-67.5513,264,crash,0,1,0,0.143734,0.391111,0.852301,0.419998
800,-56.8839,246,crash,0,1,0,0.191223,0.494264,0.85213,0.39131
801,-68.0756,225,crash,0,1,0,0.125318,0.345303,0.85196,0.578446
802,-81.8916,248,crash,0,1,0,0.211425,0.948892,0.851789,0.59193
803,-80.4205,230,crash,0,1,0,0.220308,0.519708,0.851619,0.522977
804,-97.9512,261,crash,0,1,0,0.145617,0.492752,0.851449,0.747114
805,-78.3619,245,crash,0,1,0,0.233143,0.666397,0.851278,0.555925
806,-76.4953,214,crash,0,1,0,0.260897,0.695494,0.851108,0.583922
807,-74.2152,235,crash,0,1,0,0.119064,0.62765,0.850938,0.252624
808,-85.028,253,crash,0,1,0,0.157181,0.699205,0.850768,0.469485
809,-78.4043,288,crash,0,1,0,0.118513,0.591431,0.850598,0.509716
810,-55.1176,295,crash,0,1,0,0.152729,0.411859,0.850427,0.501523
811,-71.7124,275,crash,0,1,0,0.120485,0.621344,0.850257,0.420546
812,-94.713,251,crash,0,1,0,0.320555,0.704754,0.850087,0.693
813,-76.6727,233,crash,0,1,0,0.198012,0.519101,0.849917,0.680459
814,-79.5071,234,crash,0,1,0,0.137559,0.484674,0.849747,0.402269
815,-73.2677,182,crash,0,1,0,0.245981,0.594575,0.849577,0.32399
816,-15.2995,1000,timeout,0,0,1,0.113119,0.662417,0.849407,0.523887
817,-106.369,177,crash,0,1,0,0.365243,1.097658,0.849238,0.301238
818,-59.5856,247,crash,0,1,0,0.18591,0.522077,0.849068,0.549253
819,-60.8361,262,crash,0,1,0,0.13414,0.461487,0.848898,0.537641
820,-67.815,224,crash,0,1,0,0.270049,0.734337,0.848728,0.486967
821,-78.5818,229,crash,0,1,0,0.132066,0.43609,0.848558,0.380773
822,-72.6517,252,crash,0,1,0,0.198107,0.590691,0.848389,0.413495
823,-102.0014,230,crash,0,1,0,0.333719,0.813026,0.848219,0.479764
824,-86.2,245,crash,0,1,0,0.163713,0.587447,0.848049,0.399061
825,-82.3191,182,crash,0,1,0,0.221879,0.69587,0.84788,0.615547
826,-112.1548,228,crash,0,1,0,0.471749,0.949669,0.84771,0.492426
827,-93.0146,268,crash,0,1,0,0.175917,0.499172,0.847541,0.331839
828,-78.2158,213,crash,0,1,0,0.154715,0.45327,0.847371,0.607765
829,-89.5971,947,crash,0,1,0,0.137801,0.812719,0.847202,0.379444
830,-124.0521,198,crash,0,1,0,0.386844,0.893882,0.847032,0.449806
831,-106.5929,263,crash,0,1,0,0.266565,0.676254,0.846863,0.376464
832,-57.2073,234,crash,0,1,0,0.200106,0.778324,0.846693,0.618592
833,-89.9925,201,crash,0,1,0,0.292079,0.719487,0.846524,0.442767
834,-77.3809,197,crash,0,1,0,0.29774,0.70667,0.846355,0.579558
835,-76.7635,272,crash,0,1,0,0.325162,0.858567,0.846185,0.457228
836,-78.9862,243,crash,0,1,0,0.195276,0.492729,0.846016,0.460501
837,-87.8103,315,crash,0,1,0,0.162086,0.588169,0.845847,0.470604
838,-60.0324,236,crash,0,1,0,0.166174,0.446919,0.845678,0.398514
839,-68.7631,295,crash,0,1,0,0.201169,0.459041,0.845509,0.524126
840,-84.4561,232,crash,0,1,0,0.189925,0.497232,0.84534,0.460003
841,-92.4043,221,crash,0,1,0,0.213184,0.538966,0.845171,0.381342
842,-78.8508,265,crash,0,1,0,0.113313,0.36138,0.845002,0.57293
843,-57.7268,222,crash,0,1,0,0.236427,0.591067,0.844833,0.342024
844,-102.8788,212,crash,0,1,0,0.356213,0.73889,0.844664,0.482012
845,-59.7377,212,crash,0,1,0,0.151703,0.442953,0.844495,0.724391
846,-59.5609,241,crash,0,1,0,0.211117,0.64895,0.844326,0.409318
847,-73.034,237,crash,0,1,0,0.160512,0.47102,0.844157,0.414416
848,-56.9287,207,crash,0,1,0,0.188344,0.513785,0.843988,0.314431
849,-70.5799,193,crash,0,1,0,0.1352,0.508945,0.843819,0.47475
850,-78.0382,235,crash,0,1,0,0.191552,0.542481,0.84365,0.358149
851,-102.5198,260,crash,0,1,0,0.30529,0.712741,0.843482,0.313372
852,-80.6065,223,crash,0,1,0,0.166176,0.7042,0.843313,0.424408
853,-74.513,287,crash,0,1,0,0.118794,0.422553,0.843144,0.561754
854,-64.3014,217,crash,0,1,0,0.224708,0.737783,0.842976,0.5691
855,-81.9184,259,crash,0,1,0,0.173724,0.474537,0.842807,0.353568
856,-68.3688,203,crash,0,1,0,0.186988,0.509029,0.842639,0.535358
857,-85.4067,248,crash,0,1,0,0.234348,0.686056,0.84247,0.581946
858,-81.4898,216,crash,0,1,0,0.222191,0.504945,0.842302,0.548889
859,-85.4184,243,crash,0,1,0,0.205244,0.596502,0.842133,0.310232
860,-53.0079,250,crash,0,1,0,0.295635,1.000501,0.841965,0.346914
861,-74.4767,207,crash,0,1,0,0.221735,0.751688,0.841796,0.395619
862,-73.9041,375,crash,0,1,0,0.15279,0.500426,0.841628,0.5813
863,-71.831,216,crash,0,1,0,0.116558,0.348041,0.84146,0.546794
864,-69.3476,240,crash,0,1,0,0.167333,0.520415,0.841291,0.484311
865,-60.0986,280,crash,0,1,0,0.127282,0.522785,0.841123,0.351643
866,-73.3044,195,crash,0,1,0,0.19346,0.702127,0.840955,0.382222
867,-44.6501,1000,timeout,0,0,1,0.10404,0.517164,0.840787,0.446404
868,-93.6084,259,crash,0,1,0,0.201925,0.717222,0.840618,0.444477
869,-79.6753,245,crash,0,1,0,0.160308,0.476298,0.84045,0.361888
870,-79.1838,217,crash,0,1,0,0.165843,0.610571,0.840282,0.563799
871,-63.8604,247,crash,0,1,0,0.149955,0.395126,0.840114,0.397968
872,-75.8666,180,crash,0,1,0,0.397046,0.948596,0.839946,0.634267
873,-72.4744,224,crash,0,1,0,0.15921,0.606909,0.839778,0.486627
874,-74.192,258,crash,0,1,0,0.138388,0.533911,0.83961,0.575446
875,-55.55,264,crash,0,1,0,0.201223,0.581936,0.839442,0.289517
876,-64.395,202,crash,0,1,0,0.111,0.319539,0.839274,0.498374
877,-62.7848,248,crash,0,1,0,0.118434,0.45361,0.839107,0.444422
878,-70.4961,230,crash,0,1,0,0.136109,0.37542,0.838939,0.306676
879,-88.767,246,crash,0,1,0,0.145402,0.573198,0.838771,0.639201
880,-91.2586,301,crash,0,1,0,0.226245,0.603294,0.838603,0.397077
881,-66.698,202,crash,0,1,0,0.148787,0.476817,0.838436,0.662977
882,-75.4982,262,crash,0,1,0,0.180644,0.501333,0.838268,0.58371
883,-73.652,218,crash,0,1,0,0.125135,0.409155,0.8381,0.60525
884,-60.9592,200,crash,0,1,0,0.164103,0.569677,0.837933,0.38261
885,-53.4719,205,crash,0,1,0,0.159777,0.6038,0.837765,0.46552
886,-69.1301,325,crash,0,1,0,0.09993,0.475248,0.837597,0.469387
887,-89.9018,240,crash,0,1,0,0.22358,0.554329,0.83743,0.405642
888,-86.2901,246,crash,0,1,0,0.177908,0.591079,0.837262,0.534641
889,-83.8638,232,crash,0,1,0,0.245687,0.755318,0.837095,0.468952
890,-78.3984,203,crash,0,1,0,0.10982,0.365407,0.836928,0.462096
891,-99.141,222,crash,0,1,0,0.438992,1.06452,0.83676,0.72237
892,-73.386,221,crash,0,1,0,0.245034,0.750993,0.836593,0.550801
893,-61.2909,198,crash,0,1,0,0.137282,0.406694,0.836425,0.592708
894,-78.7675,267,crash,0,1,0,0.184729,0.432327,0.836258,0.430449
895,-92.0461,190,crash,0,1,0,0.468808,0.992872,0.836091,0.434958
896,-84.3622,271,crash,0,1,0,0.194323,0.556131,0.835924,0.682638
897,-72.7067,235,crash,0,1,0,0.152833,0.529441,0.835757,0.496028
898,-69.0092,240,crash,0,1,0,0.141,0.351963,0.835589,0.489233
899,-80.1566,197,crash,0,1,0,0.207922,0.594594,0.835422,0.551531
900,-64.6788,259,crash,0,1,0,0.106867,0.331322,0.835255,0.476162
901,-74.9801,205,crash,0,1,0,0.120067,0.424263,0.835088,0.2708
902,-85.6696,266,crash,0,1,0,0.177852,0.526033,0.834921,0.492491
903,-88.7611,213,crash,0,1,0,0.283958,0.797793,0.834754,0.51279
904,-72.3096,279,crash,0,1,0,0.111658,0.383038,0.834587,0.52594
905,-81.9583,223,crash,0,1,0,0.214741,0.617566,0.83442,0.573193
906,-101.2409,210,crash,0,1,0,0.357746,0.927837,0.834253,0.328249
907,-88.3157,181,crash,0,1,0,0.430323,0.838137,0.834087,0.450511
908,-79.5806,280,crash,0,1,0,0.171419,0.732504,0.83392,0.294318
909,-75.8769,261,crash,0,1,0,0.167448,0.511878,0.833753,0.396057
910,-83.5654,220,crash,0,1,0,0.184513,0.653326,0.833586,0.52481
911,-73.7484,239,crash,0,1,0,0.18151,0.550531,0.833419,0.340064
912,-47.405,254,crash,0,1,0,0.264494,0.872318,0.833253,0.329152
913,-126.8093,223,crash,0,1,0,0.407373,0.779424,0.833086,0.449257
914,-90.112,195,crash,0,1,0,0.232953,0.721247,0.832919,0.347081
915,-53.4414,266,crash,0,1,0,0.266146,0.733685,0.832753,0.21588
916,-76.2572,255,crash,0,1,0,0.183449,0.503169,0.832586,0.451762
917,-82.8267,181,crash,0,1,0,0.216239,0.683965,0.83242,0.527583
918,-88.6761,236,crash,0,1,0,0.396077,1.005314,0.832253,0.405899
919,-42.7632,237,crash,0,1,0,0.321697,0.636125,0.832087,0.340767
920,-62.5001,255,crash,0,1,0,0.107174,0.393871,0.83192,0.426007
921,-81.2017,233,crash,0,1,0,0.266135,0.658849,0.831754,0.396353
922,-61.111,202,crash,0,1,0,0.160636,0.536096,0.831588,0.452896
923,-83.0621,250,crash,0,1,0,0.167787,0.531097,0.831421,0.439134
924,-72.5954,268,crash,0,1,0,0.167393,0.553641,0.831255,0.592074
925,-123.5271,231,crash,0,1,0,0.344586,0.970536,0.831089,0.374093
926,-81.0652,212,crash,0,1,0,0.146845,0.40253,0.830923,0.376352
927,-67.744,218,crash,0,1,0,0.158047,0.486419,0.830757,0.376242
928,-71.4168,243,crash,0,1,0,0.210561,0.594433,0.83059,0.473817
929,-74.5957,213,crash,0,1,0,0.176461,0.600222,0.830424,0.439898
930,-89.3542,215,crash,0,1,0,0.307251,0.705828,0.830258,0.205653
931,-71.335,264,crash,0,1,0,0.240544,0.701017,0.830092,0.349609
932,-83.9063,208,crash,0,1,0,0.15469,0.678275,0.829926,0.602001
933,-69.0486,293,crash,0,1,0,0.192121,0.545349,0.82976,0.466859
934,-122.7003,254,crash,0,1,0,0.35652,0.975643,0.829594,0.348452
935,-71.7455,213,crash,0,1,0,0.119519,0.514693,0.829428,0.431835
936,-75.353,217,crash,0,1,0,0.140158,0.492084,0.829262,0.687416
937,-85.174,247,crash,0,1,0,0.396107,0.977566,0.829096,0.366097
938,-78.577,195,crash,0,1,0,0.393145,0.709658,0.828931,0.569238
939,-58.6231,263,crash,0,1,0,0.180063,0.582937,0.828765,0.315895
940,-74.1852,243,crash,0,1,0,0.273273,0.689831,0.828599,0.444858
941,-129.7743,198,crash,0,1,0,0.37527,0.876152,0.828433,0.544435
942,-76.539,214,crash,0,1,0,0.220912,0.62667,0.828268,0.495064
943,-81.0846,208,crash,0,1,0,0.241567,0.672015,0.828102,0.471006
944,-57.8766,187,crash,0,1,0,0.283949,0.717976,0.827936,0.315212
945,-97.223,188,crash,0,1,0,0.285401,0.820185,0.827771,0.377044
946,-69.8952,1000,timeout,0,0,1,0.154804,0.903747,0.827605,0.531867
947,-73.0739,221,crash,0,1,0,0.116269,0.316022,0.82744,0.47517
948,-57.335,242,crash,0,1,0,0.227673,0.958948,0.827274,0.551481
949,-76.4679,158,crash,0,1,0,0.227369,0.545283,0.827109,0.426597
950,-116.3579,212,crash,0,1,0,0.260373,0.803012,0.826943,0.437735
951,-80.9038,223,crash,0,1,0,0.252551,0.591151,0.826778,0.392881
952,-41.5924,313,crash,0,1,0,0.193252,0.551669,0.826613,0.395958
953,-51.6099,229,crash,0,1,0,0.285092,0.634417,0.826447,0.378676
954,-72.34,180,crash,0,1,0,0.160348,0.571749,0.826282,0.214877
955,-52.9127,208,crash,0,1,0,0.233574,0.627293,0.826117,0.502579
956,-52.8534,202,crash,0,1,0,0.164185,0.655143,0.825952,0.55757
957,-100.7045,257,crash,0,1,0,0.252213,0.71302,0.825786,0.575338
958,-87.8353,224,crash,0,1,0,0.190957,0.603388,0.825621,0.465299
959,-57.9687,259,crash,0,1,0,0.245856,1.16643,0.825456,0.464908
960,-71.338,223,crash,0,1,0,0.197725,0.571652,0.825291,0.463427
961,-46.7187,226,crash,0,1,0,0.321045,0.806328,0.825126,0.513868
962,-72.8633,253,crash,0,1,0,0.179253,0.482822,0.824961,0.371346
963,-37.0529,251,crash,0,1,0,0.222853,0.529753,0.824796,0.42622
964,-71.5932,182,crash,0,1,0,0.190205,0.724036,0.824631,0.489056
965,-65.3078,229,crash,0,1,0,0.192298,0.654338,0.824466,0.548332
966,-93.6533,235,crash,0,1,0,0.269306,0.85381,0.824301,0.487748
967,-68.9929,169,crash,0,1,0,0.144733,0.386569,0.824136,0.550798
968,-52.9721,244,crash,0,1,0,0.355445,0.871138,0.823971,0.302978
969,-51.277,214,crash,0,1,0,0.223226,0.687791,0.823807,0.473118
970,-56.4548,264,crash,0,1,0,0.200563,0.706529,0.823642,0.303747
971,-65.3616,179,crash,0,1,0,0.132086,0.434831,0.823477,0.660331
972,-81.4869,205,crash,0,1,0,0.203179,0.584929,0.823312,0.366068
973,-110.5711,208,crash,0,1,0,0.364333,1.059403,0.823148,0.354766
974,-89.1729,264,crash,0,1,0,0.201806,0.66178,0.822983,0.788082
975,-50.8667,226,crash,0,1,0,0.194207,0.513814,0.822819,0.379163
976,-57.9887,234,crash,0,1,0,0.261235,0.675746,0.822654,0.514636
977,-74.6242,236,crash,0,1,0,0.287155,0.765291,0.82249,0.386832
978,-49.4144,233,crash,0,1,0,0.165883,0.503041,0.822325,0.372565
979,-96.8605,157,crash,0,1,0,0.521399,1.023522,0.822161,0.27549
980,-91.8203,237,crash,0,1,0,0.215837,0.616988,0.821996,0.636216
981,-69.6217,236,crash,0,1,0,0.164162,0.530901,0.821832,0.482819
982,-63.5623,266,crash,0,1,0,0.116822,0.458398,0.821667,0.300086
983,-78.3289,235,crash,0,1,0,0.300957,0.658726,0.821503,0.523639
984,-82.9644,212,crash,0,1,0,0.452679,1.118585,0.821339,0.355267
985,-75.8089,237,crash,0,1,0,0.133056,0.433118,0.821174,0.505621
986,-90.4103,238,crash,0,1,0,0.227769,0.801835,0.82101,0.37283
987,-64.4802,241,crash,0,1,0,0.186621,0.448955,0.820846,0.297282
988,-82.3966,215,crash,0,1,0,0.199994,0.612854,0.820682,0.500817
989,-76.9443,207,crash,0,1,0,0.277079,0.641538,0.820518,0.594952
990,-68.8174,242,crash,0,1,0,0.155951,0.377881,0.820354,0.623729
991,-128.9609,230,crash,0,1,0,0.261875,0.732257,0.82019,0.699961
992,-80.5747,220,crash,0,1,0,0.192426,0.593449,0.820025,0.46024
993,-52.1543,186,crash,0,1,0,0.278785,0.827637,0.819861,0.263429
994,-77.67,211,crash,0,1,0,0.154287,0.415239,0.819698,0.468189
995,-39.4013,232,crash,0,1,0,0.266191,0.676944,0.819534,0.232068
996,-73.1173,191,crash,0,1,0,0.260713,0.597414,0.81937,0.237236
997,-59.7231,1000,timeout,0,0,1,0.137404,0.737198,0.819206,0.469568
998,-82.9472,215,crash,0,1,0,0.140408,0.376404,0.819042,0.470018
999,-80.173,219,crash,0,1,0,0.141618,0.54089,0.818878,0.275897
1000,-49.4015,249,crash,0,1,0,0.383429,0.977101,0.818714,0.458709
1001,-60.2413,219,crash,0,1,0,0.197765,0.690879,0.818551,0.518678
1002,-75.6512,243,crash,0,1,0,0.187998,0.541428,0.818387,0.568722
1003,-95.5851,302,crash,0,1,0,0.220745,0.735551,0.818223,0.598219
1004,-73.1968,206,crash,0,1,0,0.250838,0.587743,0.81806,0.441648
1005,-77.5057,199,crash,0,1,0,0.104465,0.314875,0.817896,0.66129
1006,-73.1036,280,crash,0,1,0,0.095038,0.324111,0.817732,0.402717
1007,-75.0358,240,crash,0,1,0,0.233352,0.532504,0.817569,0.43978
1008,-81.3201,224,crash,0,1,0,0.14964,0.573289,0.817405,0.461354
1009,-104.205,293,crash,0,1,0,0.162028,0.440152,0.817242,0.614071
1010,-75.0735,214,crash,0,1,0,0.13195,0.419603,0.817078,0.445295
1011,-79.719,222,crash,0,1,0,0.135542,0.513093,0.816915,0.530331
1012,-78.5909,264,crash,0,1,0,0.116545,0.344973,0.816752,0.53895
1013,-102.5666,228,crash,0,1,0,0.180234,0.483888,0.816588,0.372477
1014,-62.72,511,crash,0,1,0,0.259945,0.876924,0.816425,0.500227
1015,-58.2693,292,crash,0,1,0,0.221378,0.764708,0.816262,0.646871
1016,-71.1565,203,crash,0,1,0,0.144391,0.379135,0.816098,0.297184
1017,-69.291,290,crash,0,1,0,0.150997,0.448323,0.815935,0.282531
1018,-95.0309,252,crash,0,1,0,0.365033,0.857686,0.815772,0.412789
1019,-53.9332,211,crash,0,1,0,0.321909,0.755197,0.815609,0.47364
1020,-82.1087,233,crash,0,1,0,0.159551,0.556987,0.815446,0.441704
1021,-65.5166,227,crash,0,1,0,0.17984,0.498887,0.815283,0.565434
1022,-80.8713,222,crash,0,1,0,0.143776,0.358144,0.81512,0.507522
1023,-75.1423,183,crash,0,1,0,0.262601,0.657294,0.814957,0.537472
1024,-55.8003,1000,timeout,0,0,1,0.085941,0.490451,0.814794,0.462117
1025,-87.539,200,crash,0,1,0,0.291154,0.75325,0.814631,0.408073
1026,-54.1746,252,crash,0,1,0,0.20156,0.679191,0.814468,0.427099
1027,-83.7949,196,crash,0,1,0,0.101181,0.361993,0.814305,0.569854
1028,-116.8794,255,crash,0,1,0,0.387837,1.228701,0.814142,0.393269
1029,-103.1934,257,crash,0,1,0,0.305479,0.863006,0.813979,0.479554
1030,-82.3873,198,crash,0,1,0,0.149299,0.501104,0.813816,0.829887
1031,-96.7894,230,crash,0,1,0,0.375829,1.099598,0.813654,0.449491
1032,-72.4897,171,crash,0,1,0,0.226036,0.509522,0.813491,0.345747
1033,-54.0056,213,crash,0,1,0,0.316788,0.890384,0.813328,0.694273
1034,-101.4655,193,crash,0,1,0,0.371345,0.966511,0.813165,0.32538
1035,-50.5709,267,crash,0,1,0,0.174374,0.544986,0.813003,0.304339
1036,-100.7653,276,crash,0,1,0,0.193911,0.49329,0.81284,0.618722
1037,-64.6401,202,crash,0,1,0,0.216283,0.675252,0.812678,0.423718
1038,-77.9429,245,crash,0,1,0,0.201344,0.657002,0.812515,0.60823
1039,-72.6816,209,crash,0,1,0,0.287355,0.635724,0.812353,0.552114
1040,-45.2644,200,crash,0,1,0,0.334637,0.868064,0.81219,0.466064
1041,-42.3503,222,crash,0,1,0,0.35444,0.753486,0.812028,0.361975
1042,-90.1059,219,crash,0,1,0,0.195486,0.645209,0.811865,0.480543
1043,-61.9297,256,crash,0,1,0,0.253903,0.645976,0.811703,0.293739
1044,-84.5865,259,crash,0,1,0,0.183749,0.574025,0.811541,0.489291
1045,-117.4087,244,crash,0,1,0,0.245711,0.597065,0.811378,0.48875
1046,-46.355,209,crash,0,1,0,0.157167,0.520712,0.811216,0.521785
1047,-66.5652,283,crash,0,1,0,0.159269,0.630009,0.811054,0.387668
1048,-66.5582,233,crash,0,1,0,0.168596,0.623053,0.810892,0.328263
1049,-76.5171,252,crash,0,1,0,0.141435,0.510454,0.810729,0.42334
1050,-119.1526,237,crash,0,1,0,0.381047,1.008918,0.810567,0.390434
1051,-95.2506,249,crash,0,1,0,0.230353,0.565818,0.810405,0.417782
1052,-87.3166,210,crash,0,1,0,0.230935,0.567468,0.810243,0.448676
1053,-97.7249,217,crash,0,1,0,0.451983,1.056006,0.810081,0.472402
1054,-75.5598,206,crash,0,1,0,0.181652,0.703892,0.809919,0.566215
1055,-93.4119,207,crash,0,1,0,0.311231,0.845844,0.809757,0.390113
1056,-75.8908,219,crash,0,1,0,0.108999,0.412635,0.809595,0.233053
1057,-84.9581,217,crash,0,1,0,0.279104,0.861687,0.809433,0.407595
1058,-49.5347,251,crash,0,1,0,0.259092,0.667221,0.809271,0.458927
1059,-53.7471,1000,timeout,0,0,1,0.118924,0.594869,0.809109,0.347177
1060,-86.469,202,crash,0,1,0,0.372288,0.886688,0.808948,0.329663
1061,-63.4208,300,crash,0,1,0,0.273366,0.723074,0.808786,0.330203
1062,-70.0101,222,crash,0,1,0,0.22624,0.639999,0.808624,0.415341
1063,-132.6599,290,crash,0,1,0,0.186931,0.576327,0.808462,0.699823
1064,-99.1502,238,crash,0,1,0,0.176027,0.513136,0.808301,0.37866
1065,-78.8013,200,crash,0,1,0,0.278867,0.706937,0.808139,0.547629
1066,-36.0952,261,crash,0,1,0,0.216644,0.696924,0.807977,0.858763
1067,-86.1555,208,crash,0,1,0,0.204451,0.561487,0.807816,0.200109
1068,-81.2108,219,crash,0,1,0,0.140582,0.417345,0.807654,0.456278
1069,-81.3457,220,crash,0,1,0,0.176385,0.595955,0.807493,0.349653
1070,-94.4165,264,crash,0,1,0,0.159882,0.528042,0.807331,0.71162
1071,-50.9587,265,crash,0,1,0,0.222276,0.582573,0.80717,0.353395
1072,-55.2598,220,crash,0,1,0,0.252791,0.789243,0.807008,0.487902
1073,-82.0392,215,crash,0,1,0,0.208744,0.601316,0.806847,0.359202
1074,-77.8919,273,crash,0,1,0,0.244644,0.643949,0.806685,0.332517
1075,-102.2655,238,crash,0,1,0,0.447394,0.90636,0.806524,0.438107
1076,-92.2482,219,crash,0,1,0,0.321268,0.686903,0.806363,0.509463
1077,-55.1216,214,crash,0,1,0,0.239303,0.639516,0.806202,0.513351
1078,-61.2068,247,crash,0,1,0,0.192071,0.647891,0.80604,0.553996
1079,-83.7769,209,crash,0,1,0,0.134798,0.536013,0.805879,0.377413
1080,-88.6998,293,crash,0,1,0,0.249978,0.705955,0.805718,0.342058
1081,-97.6043,228,crash,0,1,0,0.190306,0.481379,0.805557,0.272934
1082,-79.4724,219,crash,0,1,0,0.133606,0.346284,0.805396,0.473206
1083,-89.1158,240,crash,0,1,0,0.231822,0.791085,0.805235,0.407862
1084,-59.9909,242,crash,0,1,0,0.232243,0.691605,0.805074,0.443562
1085,-111.5933,208,crash,0,1,0,0.353905,0.880484,0.804913,0.543387
1086,-60.5524,205,crash,0,1,0,0.239532,0.522258,0.804752,0.457488
1087,-105.155,255,crash,0,1,0,0.284643,0.945834,0.804591,0.432654
1088,-75.8037,197,crash,0,1,0,0.141004,0.429113,0.80443,0.413305
1089,-73.8848,194,crash,0,1,0,0.449935,1.036762,0.804269,0.464383
1090,-72.9331,248,crash,0,1,0,0.164176,0.617788,0.804108,0.496092
1091,-88.9722,173,crash,0,1,0,0.36566,0.882462,0.803947,0.345136
1092,-75.9681,242,crash,0,1,0,0.175478,0.555555,0.803786,0.445563
1093,-71.7044,183,crash,0,1,0,0.246333,0.674384,0.803626,0.247087
1094,-80.8751,236,crash,0,1,0,0.134118,0.483,0.803465,0.470508
1095,-56.7814,207,crash,0,1,0,0.217484,0.591622,0.803304,0.386656
1096,-55.4493,180,crash,0,1,0,0.280487,0.679738,0.803143,0.391519
1097,-54.0395,230,crash,0,1,0,0.177344,0.404826,0.802983,0.369456
1098,-143.2138,213,crash,0,1,0,0.306574,0.803652,0.802822,0.47705
1099,-105.0544,203,crash,0,1,0,0.405882,1.261665,0.802662,0.34542
1100,-88.0203,218,crash,0,1,0,0.2989,0.652732,0.802501,0.584209
1101,-2.3174,1000,timeout,0,0,1,0.098673,0.556386,0.802341,0.40998
1102,-86.388,243,crash,0,1,0,0.304081,0.75514,0.80218,0.261482
1103,-46.694,243,crash,0,1,0,0.164636,0.546727,0.80202,0.366626
1104,-58.4428,183,crash,0,1,0,0.293403,0.62545,0.801859,0.382924
1105,-121.478,256,crash,0,1,0,0.478184,1.239149,0.801699,0.444064
1106,-82.5914,227,crash,0,1,0,0.274461,0.707957,0.801539,0.634024
1107,-60.2842,185,crash,0,1,0,0.308209,0.914026,0.801378,0.296854
1108,-68.411,235,crash,0,1,0,0.152711,0.426651,0.801218,0.376756
1109,-115.545,196,crash,0,1,0,0.5394,1.121896,0.801058,0.378123
1110,-46.9754,242,crash,0,1,0,0.375807,0.893249,0.800898,0.345508
1111,-79.2653,189,crash,0,1,0,0.179682,0.535483,0.800737,0.467764
1112,-64.2227,191,crash,0,1,0,0.375037,0.831095,0.800577,0.567779
1113,-96.3788,232,crash,0,1,0,0.30361,0.855413,0.800417,0.302563
1114,-71.5915,219,crash,0,1,0,0.469515,0.941921,0.800257,0.272413
1115,-95.9765,217,crash,0,1,0,0.310326,0.62562,0.800097,0.520795
1116,-65.7933,186,crash,0,1,0,0.16355,0.545727,0.799937,0.286588
1117,-80.2479,222,crash,0,1,0,0.183929,0.587093,0.799777,0.286114
1118,-75.2305,228,crash,0,1,0,0.169322,0.538976,0.799617,0.347889
1119,-109.5115,195,crash,0,1,0,0.358018,0.878769,0.799457,0.313369
1120,-80.9312,221,crash,0,1,0,0.146549,0.447875,0.799297,0.504266
1121,-51.6425,203,crash,0,1,0,0.290983,0.653714,0.799137,0.407059
1122,-68.6605,1000,timeout,0,0,1,0.157308,0.850363,0.798978,0.511618
1123,-94.7036,220,crash,0,1,0,0.379807,1.115395,0.798818,0.541509
1124,-74.448,257,crash,0,1,0,0.202272,0.56938,0.798658,0.605702
1125,-68.9036,267,crash,0,1,0,0.164394,0.809318,0.798498,0.370774
1126,-83.4841,219,crash,0,1,0,0.453708,0.959845,0.798339,0.323309
1127,-80.1372,232,crash,0,1,0,0.167786,0.496713,0.798179,0.417312
1128,-77.7217,247,crash,0,1,0,0.173061,0.469853,0.798019,0.411832
1129,-92.312,223,crash,0,1,0,0.227173,0.681751,0.79786,0.409818
1130,-83.456,247,crash,0,1,0,0.309825,0.785784,0.7977,0.575406
1131,-64.9426,235,crash,0,1,0,0.360974,0.953206,0.797541,0.408525
1132,-107.3688,274,crash,0,1,0,0.322151,0.643953,0.797381,0.448453
1133,-88.1555,211,crash,0,1,0,0.356447,0.696645,0.797222,0.460367
1134,-66.0145,280,crash,0,1,0,0.124339,0.377144,0.797062,0.577267
1135,-52.6701,237,crash,0,1,0,0.236464,0.622484,0.796903,0.285751
1136,-59.4164,202,crash,0,1,0,0.251253,0.670765,0.796743,0.644162
1137,-98.333,196,crash,0,1,0,0.313484,0.761972,0.796584,0.518029
1138,-58.3073,239,crash,0,1,0,0.178445,0.58913,0.796425,0.569003
1139,-43.7132,228,crash,0,1,0,0.339424,0.874401,0.796265,0.30638
1140,-81.2233,166,crash,0,1,0,0.551042,1.092704,0.796106,0.433052
1141,-62.4634,255,crash,0,1,0,0.259329,1.087197,0.795947,0.352145
1142,-93.0304,269,crash,0,1,0,0.305038,0.810997,0.795788,0.385409
1143,-105.4325,193,crash,0,1,0,0.565422,1.280378,0.795629,0.522648
1144,-66.138,200,crash,0,1,0,0.149337,0.452722,0.795469,0.598387
1145,-55.4877,299,crash,0,1,0,0.250784,0.651093,0.79531,0.433432
1146,-99.8624,200,crash,0,1,0,0.367991,1.025139,0.795151,0.593239
1147,-35.7649,1000,timeout,0,0,1,0.11514,0.639826,0.794992,0.405724
1148,-40.2341,240,crash,0,1,0,0.37645,0.855296,0.794833,0.225407
1149,-84.2841,224,crash,0,1,0,0.161594,0.483015,0.794674,0.336009
1150,-45.4296,190,crash,0,1,0,0.260129,0.55581,0.794515,0.552292
1151,-90.464,180,crash,0,1,0,0.311421,0.6905,0.794356,0.511253
1152,-47.746,212,crash,0,1,0,0.408898,0.861514,0.794198,0.372363
1153,-58.5271,217,crash,0,1,0,0.356492,0.821544,0.794039,0.460234
1154,-48.3818,251,crash,0,1,0,0.244899,0.693448,0.79388,0.374539
1155,-77.2667,199,crash,0,1,0,0.474832,1.065537,0.793721,0.359919
1156,-142.0142,269,crash,0,1,0,0.301585,0.889673,0.793562,0.505383
1157,-62.4517,222,crash,0,1,0,0.160476,0.538488,0.793404,0.431201
1158,-105.8609,207,crash,0,1,0,0.483678,1.104964,0.793245,0.357594
1159,-68.562,223,crash,0,1,0,0.221503,0.591085,0.793086,0.367439
1160,-74.4718,217,crash,0,1,0,0.278643,0.632727,0.792928,0.476628
1161,-66.7416,195,crash,0,1,0,0.254958,0.691598,0.792769,0.335699
1162,-81.8797,273,crash,0,1,0,0.489126,1.336509,0.792611,0.432588
1163,-91.5047,206,crash,0,1,0,0.423583,1.158495,0.792452,0.431829
1164,-50.5897,196,crash,0,1,0,0.220699,0.616044,0.792294,0.541734
1165,-83.7208,242,crash,0,1,0,0.160308,0.65069,0.792135,0.35467
1166,-59.4582,218,crash,0,1,0,0.211694,0.55624,0.791977,0.44758
1167,-21.992,1000,timeout,0,0,1,0.12745,0.782782,0.791818,0.35497
1168,-47.2513,245,crash,0,1,0,0.41966,1.236921,0.79166,0.335507
1169,-80.7997,263,crash,0,1,0,0.178146,0.550494,0.791502,0.407822
1170,-88.9783,218,crash,0,1,0,0.188832,0.416319,0.791343,0.481757
1171,-81.2252,237,crash,0,1,0,0.510287,0.944804,0.791185,0.424316
1172,-67.6413,231,crash,0,1,0,0.357919,0.8659,0.791027,0.365388
1173,-76.9055,217,crash,0,1,0,0.58495,1.072589,0.790869,0.463529
1174,-54.1792,223,crash,0,1,0,0.195147,0.672184,0.79071,0.461266
1175,-70.0215,191,crash,0,1,0,0.612231,1.034309,0.790552,0.546437
1176,-78.4055,224,crash,0,1,0,0.569992,1.059789,0.790394,0.547641
1177,-51.7237,236,crash,0,1,0,0.269539,0.759673,0.790236,0.470098
1178,-71.6526,1000,timeout,0,0,1,0.152872,0.716597,0.790078,0.35505
1179,-82.9763,225,crash,0,1,0,0.296721,0.674046,0.78992,0.327262
1180,-52.7188,1000,timeout,0,0,1,0.124751,0.57003,0.789762,0.447143
1181,-65.5505,1000,timeout,0,0,1,0.15898,0.776746,0.789604,0.358922
1182,-94.6798,229,crash,0,1,0,0.308033,0.737193,0.789446,0.416079
1183,-112.4995,197,crash,0,1,0,0.472129,0.947403,0.789288,0.269256
1184,-75.5396,223,crash,0,1,0,0.419107,0.935564,0.78913,0.334006
1185,-83.0775,209,crash,0,1,0,0.224398,0.657423,0.788973,0.395097
1186,-80.2513,219,crash,0,1,0,0.218425,0.692648,0.788815,0.379628
1187,-67.2144,200,crash,0,1,0,0.168798,0.491068,0.788657,0.42316
1188,-63.7032,211,crash,0,1,0,0.618917,1.000887,0.788499,0.476279
1189,-56.7632,197,crash,0,1,0,0.321559,0.82048,0.788342,0.464394
1190,-81.0384,259,crash,0,1,0,0.196596,0.431046,0.788184,0.531346
1191,-94.2958,206,crash,0,1,0,0.700812,1.232154,0.788026,0.487188
1192,-66.6554,666,crash,0,1,0,0.181607,0.733342,0.787869,0.303545
1193,-90.0335,195,crash,0,1,0,0.230996,0.712855,0.787711,0.419062
1194,-62.8539,230,crash,0,1,0,0.120083,0.47115,0.787554,0.534308
1195,-45.086,243,crash,0,1,0,0.178604,0.522153,0.787396,0.393879
1196,-61.5714,210,crash,0,1,0,0.329618,0.704958,0.787239,0.348515
1197,-55.8143,201,crash,0,1,0,0.245269,0.565229,0.787081,0.333952
1198,-86.9591,179,crash,0,1,0,0.371413,0.830683,0.786924,0.501374
1199,-81.464,205,crash,0,1,0,0.218099,0.71453,0.786766,0.218881
1200,-125.7259,248,crash,0,1,0,0.323271,0.843393,0.786609,0.335641
1201,-75.7273,204,crash,0,1,0,0.416049,0.831348,0.786452,0.429685
1202,-67.9177,274,crash,0,1,0,0.251413,0.664805,0.786294,0.39727
1203,-51.2919,215,crash,0,1,0,0.337175,0.901461,0.786137,0.273741
1204,-75.9834,196,crash,0,1,0,0.340778,0.858005,0.78598,0.370926
1205,-59.3096,239,crash,0,1,0,0.195216,0.683104,0.785823,0.514579
1206,-19.0042,1000,timeout,0,0,1,0.110303,0.818158,0.785666,0.445993
1207,-76.5537,226,crash,0,1,0,0.221088,0.6796,0.785508,0.602265
1208,-61.2572,191,crash,0,1,0,0.376589,0.953165,0.785351,0.575584
1209,-50.2917,249,crash,0,1,0,0.224658,0.543513,0.785194,0.419907
1210,-71.9951,221,crash,0,1,0,0.181867,0.635946,0.785037,0.495544
1211,-58.4953,202,crash,0,1,0,0.506541,1.038595,0.78488,0.379917
1212,-100.3858,286,crash,0,1,0,0.287405,0.652712,0.784723,0.460251
1213,-63.776,208,crash,0,1,0,0.532215,1.159672,0.784566,0.581097
1214,-17.2846,1000,timeout,0,0,1,0.110283,0.637701,0.784409,0.453266
1215,-49.4825,210,crash,0,1,0,0.373678,0.811844,0.784252,0.471161
1216,-52.5808,235,crash,0,1,0,0.268131,0.797144,0.784096,0.456139
1217,-49.6887,215,crash,0,1,0,0.320598,0.702818,0.783939,0.512222
1218,-74.4329,277,crash,0,1,0,0.380519,1.11845,0.783782,0.429374
1219,-95.3856,239,crash,0,1,0,0.329158,0.75816,0.783625,0.362899
1220,-63.4391,184,crash,0,1,0,0.303211,0.669145,0.783469,0.487575
1221,-92.6335,177,crash,0,1,0,0.757838,1.526677,0.783312,0.381754
1222,-86.1246,236,crash,0,1,0,0.264226,0.700896,0.783155,0.337937
1223,-35.765,1000,timeout,0,0,1,0.156586,0.733069,0.782999,0.369635
1224,-67.9275,218,crash,0,1,0,0.140373,0.3851,0.782842,0.500142
1225,-22.0702,1000,timeout,0,0,1,0.102937,0.442778,0.782685,0.408314
1226,-30.575,1000,timeout,0,0,1,0.130529,0.678804,0.782529,0.346972
1227,-35.9754,204,crash,0,1,0,0.282123,0.797386,0.782372,0.365079
1228,-78.6903,245,crash,0,1,0,0.136727,0.524219,0.782216,0.390326
1229,-70.2161,205,crash,0,1,0,0.227093,0.533822,0.782059,0.333548
1230,-57.1954,201,crash,0,1,0,0.368268,1.035202,0.781903,0.220709
1231,-78.6885,189,crash,0,1,0,0.20078,0.493496,0.781747,0.491373
1232,-51.8336,1000,timeout,0,0,1,0.105158,0.941245,0.78159,0.356741
1233,-60.4219,197,crash,0,1,0,0.150926,0.476642,0.781434,0.651638
1234,-73.4958,197,crash,0,1,0,0.319958,0.796649,0.781278,0.376977
1235,-20.022,1000,timeout,0,0,1,0.091522,0.526761,0.781121,0.372842
1236,-45.7797,200,crash,0,1,0,0.260273,0.728071,0.780965,0.416435
1237,-41.6812,1000,timeout,0,0,1,0.088179,0.440389,0.780809,0.36473
1238,-69.0813,203,crash,0,1,0,0.172258,0.449643,0.780653,0.355579
1239,-49.8914,212,crash,0,1,0,0.38328,0.848777,0.780497,0.61124
1240,-53.0141,268,crash,0,1,0,0.157,0.433952,0.780341,0.181073
1241,-78.6753,217,crash,0,1,0,0.129614,0.435894,0.780185,0.42209
1242,-49.0385,233,crash,0,1,0,0.386921,1.041554,0.780028,0.306081
1243,-64.4358,315,crash,0,1,0,0.156564,0.53757,0.779872,0.478681
1244,-65.7447,235,crash,0,1,0,0.199501,0.741307,0.779717,0.403635
1245,-94.4257,286,crash,0,1,0,0.310549,0.783162,0.779561,0.355936
1246,-81.1306,206,crash,0,1,0,0.69719,1.371816,0.779405,0.353151
1247,-62.2845,215,crash,0,1,0,0.219624,0.453253,0.779249,0.354199
1248,-47.1526,1000,timeout,0,0,1,0.067984,0.534758,0.779093,0.431312
1249,-44.1219,216,crash,0,1,0,0.494559,1.194795,0.778937,0.417486
1250,-23.678,1000,timeout,0,0,1,0.098914,0.647001,0.778781,0.388414
1251,-118.8593,243,crash,0,1,0,0.432149,0.929189,0.778626,0.42692
1252,-80.0286,1000,timeout,0,0,1,0.190347,0.84362,0.77847,0.418782
1253,-58.2673,226,crash,0,1,0,0.167644,0.366985,0.778314,0.548256
1254,-82.2183,221,crash,0,1,0,0.178053,0.51836,0.778158,0.264647
1255,-52.4421,249,crash,0,1,0,0.24588,0.790701,0.778003,0.384196
1256,-82.0479,210,crash,0,1,0,0.61483,1.419692,0.777847,0.436525
1257,-79.1635,257,crash,0,1,0,0.195455,0.551612,0.777692,0.299344
1258,-66.4004,229,crash,0,1,0,0.175179,0.57287,0.777536,0.298723
1259,-46.5738,201,crash,0,1,0,0.286725,0.68221,0.777381,0.57668
1260,-64.7959,208,crash,0,1,0,0.178193,0.458269,0.777225,0.523971
1261,-96.5965,239,crash,0,1,0,0.232107,0.965556,0.77707,0.323684
1262,-80.4276,533,crash,0,1,0,0.203928,0.859247,0.776914,0.449799
1263,-73.012,197,crash,0,1,0,0.367282,0.902584,0.776759,0.340386
1264,-80.3205,219,crash,0,1,0,0.539366,1.04563,0.776604,0.637653
1265,-97.5702,236,crash,0,1,0,0.484338,0.989141,0.776448,0.347303
1266,-38.7545,1000,timeout,0,0,1,0.093625,0.516901,0.776293,0.421616
1267,-61.3266,207,crash,0,1,0,0.60894,1.087031,0.776138,0.34132
1268,-24.3339,1000,timeout,0,0,1,0.145851,0.821397,0.775982,0.387227
1269,-53.4169,201,crash,0,1,0,0.290733,0.70183,0.775827,0.298914
1270,-84.8075,230,crash,0,1,0,0.510707,1.109088,0.775672,0.417997
1271,-13.0579,1000,timeout,0,0,1,0.145969,0.890477,0.775517,0.345131
1272,-61.2746,212,crash,0,1,0,0.473152,0.965435,0.775362,0.340949
1273,-78.5267,243,crash,0,1,0,0.379327,0.887467,0.775207,0.422509
1274,-33.0051,224,crash,0,1,0,0.357551,0.846744,0.775052,0.401684
1275,-86.5869,207,crash,0,1,0,0.373516,1.043031,0.774897,0.527052
1276,-81.2251,168,crash,0,1,0,1.277613,1.850393,0.774742,0.421438
1277,-42.7956,223,crash,0,1,0,0.325198,0.812596,0.774587,0.315251
1278,-49.6144,1000,timeout,0,0,1,0.115357,0.74407,0.774432,0.44552
1279,-56.6907,205,crash,0,1,0,0.230107,0.592265,0.774277,0.40073
1280,-72.5975,208,crash,0,1,0,0.35713,0.798852,0.774122,0.212035
1281,-72.6585,216,crash,0,1,0,0.385875,0.757799,0.773967,0.401943
1282,-53.4862,186,crash,0,1,0,0.317608,0.917623,0.773813,0.239574
1283,-38.127,1000,timeout,0,0,1,0.112826,0.663286,0.773658,0.329835
1284,-80.1248,199,crash,0,1,0,0.473849,1.179025,0.773503,0.34346
1285,-26.0041,1000,timeout,0,0,1,0.119349,0.712479,0.773348,0.359131
1286,-74.4934,268,crash,0,1,0,0.228644,0.764604,0.773194,0.520052
1287,-68.161,235,crash,0,1,0,0.365494,0.750465,0.773039,0.420578
1288,-73.1802,249,crash,0,1,0,0.711762,1.635164,0.772884,0.383369
1289,-38.3307,1000,timeout,0,0,1,0.088965,0.584272,0.77273,0.388857
1290,-75.1901,226,crash,0,1,0,0.549323,1.033338,0.772575,0.294969
1291,-64.5377,192,crash,0,1,0,0.204701,0.506336,0.772421,0.397563
1292,-81.1369,296,crash,0,1,0,0.246175,0.583712,0.772266,0.475086
1293,-66.0551,196,crash,0,1,0,0.306969,0.739817,0.772112,0.465029
1294,-81.0204,348,crash,0,1,0,0.208852,0.631101,0.771957,0.456822
1295,-50.6914,208,crash,0,1,0,0.332961,0.728126,0.771803,0.223081
1296,-58.4157,224,crash,0,1,0,0.199855,0.558619,0.771649,0.454689
1297,-47.9409,1000,timeout,0,0,1,0.121315,0.515696,0.771494,0.41462
1298,-89.9656,230,crash,0,1,0,0.240887,0.739809,0.77134,0.438399
1299,-67.8468,236,crash,0,1,0,0.149702,0.450659,0.771186,0.334742
1300,-67.9843,193,crash,0,1,0,0.587316,1.13365,0.771032,0.336093
1301,-68.7012,209,crash,0,1,0,0.367313,0.913608,0.770877,0.388963
1302,-45.9569,200,crash,0,1,0,0.247121,0.587124,0.770723,0.52608
1303,-77.3657,211,crash,0,1,0,0.180965,0.589807,0.770569,0.287742
1304,-67.2467,226,crash,0,1,0,0.258403,0.662709,0.770415,0.525787
1305,-70.7211,220,crash,0,1,0,0.213635,0.609562,0.770261,0.447309
1306,-76.1819,205,crash,0,1,0,0.55128,0.984303,0.770107,0.39128
1307,-77.2919,236,crash,0,1,0,0.196338,0.526946,0.769953,0.41137
1308,-72.632,197,crash,0,1,0,0.150773,0.488533,0.769799,0.36994
1309,-70.4463,214,crash,0,1,0,0.085941,0.442096,0.769645,0.53364
1310,-54.7304,208,crash,0,1,0,0.383341,0.843705,0.769491,0.336874
1311,-72.665,261,crash,0,1,0,0.161591,0.462724,0.769337,0.236188
1312,-2.5013,1000,timeout,0,0,1,0.089425,0.602673,0.769183,0.412624
1313,-57.3494,181,crash,0,1,0,0.60707,1.106906,0.769029,0.507461
1314,-69.5129,200,crash,0,1,0,0.170101,0.442905,0.768875,0.23225
1315,-42.9139,1000,timeout,0,0,1,0.099675,0.596913,0.768722,0.395711
1316,-60.8295,208,crash,0,1,0,0.591335,1.069911,0.768568,0.557019
1317,-77.4917,246,crash,0,1,0,0.156154,0.627738,0.768414,0.402641
1318,-70.2226,226,crash,0,1,0,0.483318,0.922951,0.768261,0.290985
1319,-69.9595,205,crash,0,1,0,0.144624,0.374681,0.768107,0.298896
1320,-58.5176,204,crash,0,1,0,0.589802,1.277638,0.767953,0.387382
1321,-73.7185,226,crash,0,1,0,0.345564,0.854052,0.7678,0.341413
1322,-72.7163,208,crash,0,1,0,0.325097,0.780022,0.767646,0.384394
1323,-63.8492,213,crash,0,1,0,0.267715,0.758458,0.767493,0.251537
1324,-62.8554,194,crash,0,1,0,0.607442,1.106774,0.767339,0.335577
1325,-66.5418,209,crash,0,1,0,0.213034,0.654911,0.767186,0.271138
1326,-75.8909,202,crash,0,1,0,0.142937,0.387992,0.767032,0.460965
1327,-58.0798,1000,timeout,0,0,1,0.094979,0.723908,0.766879,0.339037
1328,-33.4189,1000,timeout,0,0,1,0.11478,0.600942,0.766725,0.415372
1329,-81.9214,235,crash,0,1,0,0.198506,0.542806,0.766572,0.414748
1330,-48.3032,214,crash,0,1,0,0.482193,1.041101,0.766419,0.362624
1331,-71.1343,205,crash,0,1,0,0.307811,0.661174,0.766265,0.446257
1332,-68.4427,212,crash,0,1,0,0.17205,0.584669,0.766112,0.322754
1333,-27.4271,1000,timeout,0,0,1,0.113116,0.707423,0.765959,0.393086
1334,-40.6243,1000,timeout,0,0,1,0.131269,0.750066,0.765806,0.329161
1335,-78.2784,235,crash,0,1,0,0.199844,0.604871,0.765653,0.39412
1336,-52.506,221,crash,0,1,0,0.277975,0.806845,0.765499,0.53225
1337,-47.8696,185,crash,0,1,0,0.212989,0.521475,0.765346,0.315344
1338,-61.4416,193,crash,0,1,0,0.272408,0.79598,0.765193,0.235007
1339,-67.118,208,crash,0,1,0,0.136023,0.523797,0.76504,0.497988
1340,-45.3997,243,crash,0,1,0,0.287468,0.836499,0.764887,0.569701
1341,-57.9755,215,crash,0,1,0,0.273054,0.804721,0.764734,0.531718
1342,-51.8574,1000,timeout,0,0,1,0.110625,0.535745,0.764581,0.410619
1343,-97.967,304,crash,0,1,0,0.317358,0.991606,0.764428,0.425062
1344,-47.8964,209,crash,0,1,0,0.588631,1.107739,0.764276,0.332917
1345,-54.486,1000,timeout,0,0,1,0.089419,0.446098,0.764123,0.370847
1346,-44.0373,218,crash,0,1,0,0.348873,0.935086,0.76397,0.445587
1347,-71.949,212,crash,0,1,0,0.144469,0.494732,0.763817,0.35062
1348,-46.1007,1000,timeout,0,0,1,0.107275,0.90358,0.763664,0.323391
1349,-83.4863,193,crash,0,1,0,0.245987,0.680919,0.763512,0.356009
1350,-96.435,210,crash,0,1,0,0.28351,0.828595,0.763359,0.26859
1351,-37.6405,565,crash,0,1,0,0.153906,0.618341,0.763206,0.33472
1352,-54.137,211,crash,0,1,0,0.264217,0.767961,0.763054,0.317224
1353,-39.7924,203,crash,0,1,0,0.477741,0.989867,0.762901,0.394097
1354,-100.0487,200,crash,0,1,0,0.411181,0.987532,0.762748,0.409522
1355,-59.4738,183,crash,0,1,0,0.150782,0.500715,0.762596,0.283644
1356,-43.3075,198,crash,0,1,0,0.566239,1.020972,0.762443,0.309838
1357,-66.9346,185,crash,0,1,0,0.258995,0.598555,0.762291,0.339324
1358,-66.833,213,crash,0,1,0,0.19236,0.616511,0.762138,0.297762
1359,-80.04,190,crash,0,1,0,0.490897,0.963866,0.761986,0.282108
1360,-48.8143,195,crash,0,1,0,0.394351,0.876073,0.761834,0.482259
1361,-58.3513,234,crash,0,1,0,0.138929,0.434,0.761681,0.43757
1362,-89.7989,258,crash,0,1,0,0.403442,0.950194,0.761529,0.40419
1363,-52.617,206,crash,0,1,0,0.414691,0.833454,0.761377,0.420234
1364,-60.6157,189,crash,0,1,0,0.605564,1.210586,0.761224,0.420795
1365,-52.7532,181,crash,0,1,0,0.679683,1.383311,0.761072,0.337269
1366,-70.6363,198,crash,0,1,0,0.529723,1.046915,0.76092,0.36355
1367,-62.4278,231,crash,0,1,0,0.496922,1.033414,0.760768,0.229245
1368,-87.0834,183,crash,0,1,0,0.485215,1.009651,0.760615,0.499801
1369,-39.9698,1000,timeout,0,0,1,0.122283,0.664917,0.760463,0.353469
1370,-63.1696,205,crash,0,1,0,0.613538,1.146077,0.760311,0.309033
1371,-87.9981,188,crash,0,1,0,0.372641,0.660192,0.760159,0.18437
1372,-106.1374,212,crash,0,1,0,0.357006,0.921593,0.760007,0.267704
1373,-75.2026,212,crash,0,1,0,0.092834,0.447308,0.759855,0.417176
1374,-32.8676,214,crash,0,1,0,0.414544,1.004592,0.759703,0.392064
1375,-88.5038,210,crash,0,1,0,0.568825,1.038905,0.759551,0.377553
1376,-85.335,219,crash,0,1,0,0.238976,0.546758,0.759399,0.410751
1377,-74.5856,185,crash,0,1,0,0.297971,0.845029,0.759247,0.306325
1378,-62.8981,202,crash,0,1,0,0.368142,0.864736,0.759096,0.361549
1379,-46.8188,211,crash,0,1,0,0.554258,1.266833,0.758944,0.276528
1380,-51.2665,381,crash,0,1,0,0.129009,0.49391,0.758792,0.391313
1381,-53.8399,200,crash,0,1,0,0.434554,0.800181,0.75864,0.423761
1382,-71.3463,188,crash,0,1,0,0.190728,0.645575,0.758488,0.514873
1383,-55.821,1000,timeout,0,0,1,0.112309,0.474645,0.758337,0.391003
1384,-69.3459,1000,timeout,0,0,1,0.094317,0.417195,0.758185,0.366625
1385,-52.7198,191,crash,0,1,0,0.292499,0.892631,0.758033,0.511582
1386,-60.6831,174,crash,0,1,0,0.271407,0.562475,0.757882,0.200095
1387,-49.2206,226,crash,0,1,0,0.562836,1.359256,0.75773,0.396883
1388,-40.1369,1000,timeout,0,0,1,0.099085,0.660054,0.757579,0.375771
1389,-82.1562,195,crash,0,1,0,0.175136,0.497973,0.757427,0.28902
1390,-19.6865,237,crash,0,1,0,0.495326,1.095801,0.757276,0.291562
1391,-94.6564,575,crash,0,1,0,0.216964,0.777204,0.757124,0.34871
1392,-59.9275,200,crash,0,1,0,0.492485,0.998936,0.756973,0.306097
1393,-65.346,215,crash,0,1,0,0.444456,1.032947,0.756821,0.349678
1394,-23.5845,210,crash,0,1,0,0.673159,1.177294,0.75667,0.390692
1395,-57.7276,183,crash,0,1,0,0.413505,0.91136,0.756519,0.334109
1396,-97.6016,199,crash,0,1,0,0.310482,0.707691,0.756367,0.392767
1397,-80.7519,205,crash,0,1,0,0.496271,1.067776,0.756216,0.218347
1398,-93.6995,191,crash,0,1,0,0.330488,0.836035,0.756065,0.481036
1399,-68.7526,191,crash,0,1,0,0.643674,1.276696,0.755914,0.519318
1400,-42.4163,194,crash,0,1,0,0.420862,0.992818,0.755763,0.435957
1401,-97.1505,264,crash,0,1,0,0.220927,0.759024,0.755611,0.238611
1402,-85.4845,254,crash,0,1,0,0.224515,0.793962,0.75546,0.405532
1403,-58.4536,208,crash,0,1,0,0.542661,1.068231,0.755309,0.284839
1404,-63.4244,212,crash,0,1,0,0.346231,1.011588,0.755158,0.461678
1405,-46.9686,304,crash,0,1,0,0.190826,0.404966,0.755007,0.495873
1406,-93.6763,216,crash,0,1,0,0.315407,0.584307,0.754856,0.370442
1407,-84.2678,227,crash,0,1,0,0.183539,0.560692,0.754705,0.438626
1408,-95.5528,246,crash,0,1,0,0.237589,0.781665,0.754554,0.404207
1409,-96.4913,246,crash,0,1,0,0.709448,1.395187,0.754403,0.373308
1410,-66.949,187,crash,0,1,0,0.128659,0.4613,0.754252,0.371237
1411,-73.9481,223,crash,0,1,0,0.165493,0.378327,0.754102,0.174274
1412,-85.8665,261,crash,0,1,0,0.197499,0.533546,0.753951,0.279991
1413,-61.6887,230,crash,0,1,0,0.218316,0.735565,0.7538,0.281822
1414,-83.2802,218,crash,0,1,0,0.18214,0.575168,0.753649,0.31443
1415,-20.28,1000,timeout,0,0,1,0.173101,0.974701,0.753498,0.418689
1416,-77.6422,162,crash,0,1,0,0.196314,0.479929,0.753348,0.272206
1417,-90.1084,1000,timeout,0,0,1,0.109167,0.721903,0.753197,0.395698
1418,-88.9222,246,crash,0,1,0,0.159297,0.587025,0.753046,0.433213
1419,-36.1176,1000,timeout,0,0,1,0.153786,1.048426,0.752896,0.441469
1420,-71.7776,199,crash,0,1,0,0.412307,0.878164,0.752745,0.173452
1421,-43.093,194,crash,0,1,0,0.583052,1.10538,0.752595,0.326154
1422,-71.7145,202,crash,0,1,0,0.70523,1.066593,0.752444,0.322511
1423,-49.8119,1000,timeout,0,0,1,0.072022,0.556117,0.752294,0.395859
1424,-47.0839,860,crash,0,1,0,0.135124,0.649425,0.752143,0.371168
1425,-97.2384,244,crash,0,1,0,0.435156,1.104603,0.751993,0.36265
1426,-90.2072,218,crash,0,1,0,0.24011,0.554412,0.751842,0.255807
1427,-48.167,1000,timeout,0,0,1,0.141125,0.935214,0.751692,0.333707
1428,-65.1817,204,crash,0,1,0,0.186107,0.695338,0.751542,0.427694
1429,-46.9503,215,crash,0,1,0,0.223285,0.507204,0.751391,0.308267
1430,-71.2467,184,crash,0,1,0,0.15838,0.732789,0.751241,0.471042
1431,-94.6284,208,crash,0,1,0,0.258714,0.638313,0.751091,0.437138
1432,-80.9143,190,crash,0,1,0,0.734102,1.402099,0.750941,0.256524
1433,-72.1946,178,crash,0,1,0,0.730588,1.581068,0.75079,0.21402
1434,-61.0291,1000,timeout,0,0,1,0.079976,0.393831,0.75064,0.385649
1435,-69.9399,197,crash,0,1,0,0.246454,0.652457,0.75049,0.581048
1436,-77.1367,215,crash,0,1,0,0.140651,0.432718,0.75034,0.283205
1437,-76.4863,241,crash,0,1,0,0.158949,0.551042,0.75019,0.433753
1438,-74.8948,255,crash,0,1,0,0.214546,0.773443,0.75004,0.479129
1439,-61.5766,1000,timeout,0,0,1,0.06451,0.427843,0.74989,0.374181
1440,-65.7373,263,crash,0,1,0,0.173113,0.492784,0.74974,0.387813
1441,-80.4181,241,crash,0,1,0,0.553582,1.360019,0.74959,0.280126
1442,-47.1681,1000,timeout,0,0,1,0.160318,0.942727,0.74944,0.362419
1443,-52.2738,341,crash,0,1,0,0.189032,0.501118,0.74929,0.337271
1444,-54.2769,195,crash,0,1,0,0.571192,1.159614,0.74914,0.39035
1445,-38.107,224,crash,0,1,0,0.265666,0.873724,0.748991,0.394878
1446,-60.7838,196,crash,0,1,0,0.269145,0.698973,0.748841,0.37418
1447,-49.9035,1000,timeout,0,0,1,0.120727,0.668385,0.748691,0.33119
1448,-106.3372,226,crash,0,1,0,0.483928,1.119517,0.748541,0.33231
1449,-24.6543,1000,timeout,0,0,1,0.105059,0.726906,0.748392,0.307722
1450,-88.3004,165,crash,0,1,0,0.217879,0.610275,0.748242,0.390902
1451,-91.314,206,crash,0,1,0,0.211706,0.52536,0.748092,0.364172
1452,-53.8205,198,crash,0,1,0,0.590327,1.03842,0.747943,0.370291
1453,-80.5089,186,crash,0,1,0,0.441373,0.897977,0.747793,0.27572
1454,-69.528,230,crash,0,1,0,0.137543,0.447355,0.747643,0.449195
1455,-60.4244,219,crash,0,1,0,0.198887,0.575235,0.747494,0.353194
1456,-74.0008,217,crash,0,1,0,0.124995,0.385082,0.747344,0.37636
1457,-61.9223,210,crash,0,1,0,0.255125,1.021574,0.747195,0.311744
1458,-90.1539,258,crash,0,1,0,0.215852,0.684403,0.747046,0.283762
1459,-69.5102,252,crash,0,1,0,0.480662,0.887945,0.746896,0.215087
1460,-53.1458,467,crash,0,1,0,0.179332,0.518775,0.746747,0.398079
1461,-57.427,571,crash,0,1,0,0.202518,0.831921,0.746597,0.39574
1462,-80.0858,192,crash,0,1,0,0.574085,1.237405,0.746448,0.174984
1463,-61.0014,1000,timeout,0,0,1,0.079221,0.47332,0.746299,0.349316
1464,-69.2618,188,crash,0,1,0,0.154727,0.489967,0.74615,0.273366
1465,-60.5301,1000,timeout,0,0,1,0.136118,0.905314,0.746,0.427521
1466,-42.4727,243,crash,0,1,0,0.284516,0.688202,0.745851,0.280036
1467,-65.4248,175,crash,0,1,0,0.486094,0.916948,0.745702,0.430078
1468,-33.8467,1000,timeout,0,0,1,0.17324,1.455591,0.745553,0.36976
1469,-73.1395,189,crash,0,1,0,0.704751,1.541208,0.745404,0.486825
1470,-59.656,1000,timeout,0,0,1,0.106558,0.701654,0.745255,0.434194
1471,-61.8999,197,crash,0,1,0,0.403292,0.772593,0.745106,0.441273
1472,-66.7523,230,crash,0,1,0,0.224172,0.574374,0.744957,0.234733
1473,-58.6145,1000,timeout,0,0,1,0.126148,0.941733,0.744808,0.315994
1474,-91.3797,220,crash,0,1,0,0.24101,0.566732,0.744659,0.351944
1475,-81.9757,200,crash,0,1,0,0.590848,1.363129,0.74451,0.41221
1476,-73.4078,189,crash,0,1,0,0.648696,1.40793,0.744361,0.375766
1477,-59.6603,200,crash,0,1,0,0.259785,0.650767,0.744212,0.338686
1478,-51.0982,1000,timeout,0,0,1,0.111976,0.788308,0.744063,0.431954
1479,-62.1046,193,crash,0,1,0,0.499943,1.179343,0.743914,0.196268
1480,-49.0377,212,crash,0,1,0,0.499816,0.958044,0.743765,0.253572
1481,-54.1057,234,crash,0,1,0,0.241522,0.569369,0.743617,0.362566
1482,-69.4672,197,crash,0,1,0,0.176682,0.475635,0.743468,0.26205
1483,-77.3642,253,crash,0,1,0,0.170994,0.481063,0.743319,0.375438
1484,-87.9689,205,crash,0,1,0,0.431294,0.866901,0.743171,0.418273
1485,-94.6785,250,crash,0,1,0,0.224186,0.541185,0.743022,0.421171
1486,-53.4445,1000,timeout,0,0,1,0.097934,0.613135,0.742873,0.343324
1487,-76.9562,181,crash,0,1,0,0.623392,1.385838,0.742725,0.40196
1488,-59.2762,251,crash,0,1,0,0.192721,0.538345,0.742576,0.483859
1489,-82.4127,212,crash,0,1,0,0.235592,0.691237,0.742428,0.330933
1490,-57.8318,236,crash,0,1,0,0.151312,0.520216,0.742279,0.180105
1491,-54.8922,1000,timeout,0,0,1,0.108955,0.710585,0.742131,0.418223
1492,-78.1607,180,crash,0,1,0,0.175214,0.440287,0.741982,0.304764
1493,-66.1248,200,crash,0,1,0,0.274257,0.734305,0.741834,0.440529
1494,-80.3832,193,crash,0,1,0,0.288155,0.682729,0.741686,0.35877
1495,-71.2016,185,crash,0,1,0,0.527768,1.101918,0.741537,0.302288
1496,-56.5543,1000,timeout,0,0,1,0.095857,0.724209,0.741389,0.297367
1497,-33.5698,1000,timeout,0,0,1,0.096981,0.493939,0.741241,0.296869
1498,-51.919,281,crash,0,1,0,0.089039,0.433443,0.741092,0.425595
1499,-83.7249,196,crash,0,1,0,0.494245,0.936156,0.740944,0.399426
1500,-57.0788,1000,timeout,0,0,1,0.109982,0.691164,0.740796,0.356787
1501,-83.0497,243,crash,0,1,0,0.295907,0.942997,0.740648,0.392681
1502,-25.7054,1000,timeout,0,0,1,0.119478,0.677812,0.7405,0.49899
1503,-42.1747,200,crash,0,1,0,0.257994,0.626976,0.740352,0.380889
1504,-104.4794,249,crash,0,1,0,0.407538,0.866532,0.740204,0.348562
1505,-49.4203,1000,timeout,0,0,1,0.133726,0.85394,0.740055,0.322702
1506,-45.5642,217,crash,0,1,0,0.410046,0.748086,0.739907,0.322726
1507,-64.5941,225,crash,0,1,0,0.157257,0.585952,0.73976,0.317634
1508,-99.7231,721,crash,0,1,0,0.12755,0.526451,0.739612,0.317187
1509,-78.7536,182,crash,0,1,0,0.726926,1.347827,0.739464,0.371642
1510,-67.9703,258,crash,0,1,0,0.185367,0.784896,0.739316,0.400404
1511,-75.981,192,crash,0,1,0,0.602658,1.332597,0.739168,0.344931
1512,-37.7469,1000,timeout,0,0,1,0.127951,0.84136,0.73902,0.285622
1513,-79.6868,228,crash,0,1,0,0.582523,1.314404,0.738872,0.397273
1514,-72.6073,194,crash,0,1,0,0.606329,1.025529,0.738724,0.463073
1515,-64.4742,233,crash,0,1,0,0.345188,0.917278,0.738577,0.264989
1516,-53.9876,191,crash,0,1,0,0.535322,0.995047,0.738429,0.250362
1517,-76.5516,220,crash,0,1,0,0.461112,1.017262,0.738281,0.377441
1518,-39.5409,1000,timeout,0,0,1,0.107345,0.732927,0.738134,0.408578
1519,-86.8777,252,crash,0,1,0,0.223978,0.665899,0.737986,0.43726
1520,-59.1177,1000,timeout,0,0,1,0.13636,0.821683,0.737838,0.403363
1521,-47.8658,218,crash,0,1,0,0.324403,0.710388,0.737691,0.403609
1522,-36.9401,1000,timeout,0,0,1,0.099039,0.788155,0.737543,0.33115
1523,-72.0887,188,crash,0,1,0,0.521924,1.090774,0.737396,0.530537
1524,-72.1328,187,crash,0,1,0,0.194186,0.5589,0.737248,0.337381
1525,-73.4764,213,crash,0,1,0,0.193546,0.587479,0.737101,0.304363
1526,-91.9695,243,crash,0,1,0,0.228934,0.599125,0.736953,0.26351
1527,-55.4587,1000,timeout,0,0,1,0.07469,0.536331,0.736806,0.347649
1528,-103.0004,228,crash,0,1,0,0.419461,0.834466,0.736659,0.339137
1529,-54.5914,237,crash,0,1,0,0.369918,0.867281,0.736511,0.442281
1530,-77.6323,210,crash,0,1,0,0.157416,0.480357,0.736364,0.357356
1531,-40.8666,199,crash,0,1,0,0.58306,1.104736,0.736217,0.231803
1532,-83.5635,208,crash,0,1,0,0.191587,0.514079,0.73607,0.40179
1533,-34.1763,1000,timeout,0,0,1,0.164658,1.132671,0.735922,0.424992
1534,-89.0508,188,crash,0,1,0,0.380187,0.720899,0.735775,0.33493
1535,-43.1059,223,crash,0,1,0,0.245024,0.659901,0.735628,0.391215
1536,-59.1915,190,crash,0,1,0,0.578937,1.199703,0.735481,0.295021
1537,-40.159,1000,timeout,0,0,1,0.089216,0.534184,0.735334,0.339751
1538,-57.5229,229,crash,0,1,0,0.285842,0.717609,0.735187,0.336592
1539,-48.2958,1000,timeout,0,0,1,0.181608,1.299902,0.73504,0.354232
1540,-46.5069,1000,timeout,0,0,1,0.061113,0.381696,0.734893,0.363775
1541,-72.248,230,crash,0,1,0,0.422491,0.878286,0.734746,0.391942
1542,-58.3458,1000,timeout,0,0,1,0.096878,0.582841,0.734599,0.360644
1543,-62.4756,200,crash,0,1,0,0.379475,0.736378,0.734452,0.379485
1544,-51.5759,225,crash,0,1,0,0.198576,0.541058,0.734305,0.283278
1545,-72.5702,195,crash,0,1,0,0.732653,1.300898,0.734158,0.395435
1546,-82.0935,168,crash,0,1,0,0.506708,0.886114,0.734011,0.194183
1547,-18.3744,1000,timeout,0,0,1,0.127221,0.869335,0.733864,0.302271
1548,-67.2803,263,crash,0,1,0,0.257397,0.770127,0.733718,0.39915
1549,-77.1857,214,crash,0,1,0,0.141223,0.443128,0.733571,0.414971
1550,-74.974,193,crash,0,1,0,0.313968,0.765604,0.733424,0.284868
1551,-72.2113,197,crash,0,1,0,0.14449,0.532935,0.733278,0.458432
1552,-72.8539,220,crash,0,1,0,0.564632,1.213306,0.733131,0.463759
1553,-21.5403,1000,timeout,0,0,1,0.130643,0.743632,0.732984,0.383759
1554,-53.3184,254,crash,0,1,0,0.183758,0.496495,0.732838,0.355348
1555,-95.441,253,crash,0,1,0,0.267319,0.684825,0.732691,0.242293
1556,-87.8572,234,crash,0,1,0,0.242036,0.555609,0.732545,0.496082
1557,-70.5725,215,crash,0,1,0,0.706523,1.299733,0.732398,0.25656
1558,-70.4467,194,crash,0,1,0,0.656779,1.223051,0.732252,0.295828
1559,-60.553,262,crash,0,1,0,0.123501,0.448675,0.732105,0.19905
1560,-94.5629,191,crash,0,1,0,0.270911,0.677664,0.731959,0.367509
1561,-39.3055,1000,timeout,0,0,1,0.116187,0.756898,0.731812,0.434882
1562,-49.8092,195,crash,0,1,0,0.696284,1.307458,0.731666,0.453617
1563,-76.3873,212,crash,0,1,0,0.152421,0.470133,0.73152,0.352276
1564,-54.8684,1000,timeout,0,0,1,0.097246,0.537352,0.731373,0.334459
1565,-91.2205,215,crash,0,1,0,0.576702,1.372301,0.731227,0.334291
1566,-60.193,1000,timeout,0,0,1,0.092273,0.452873,0.731081,0.328317
1567,-32.5832,1000,timeout,0,0,1,0.149351,0.924211,0.730935,0.285877
1568,-75.062,190,crash,0,1,0,0.156332,0.439478,0.730788,0.283065
1569,-54.0113,210,crash,0,1,0,0.270518,0.722513,0.730642,0.262713
1570,-77.5934,188,crash,0,1,0,0.503187,0.979885,0.730496,0.442279
1571,-82.3471,206,crash,0,1,0,0.507426,1.246921,0.73035,0.295628
1572,-56.5464,185,crash,0,1,0,0.694016,1.165316,0.730204,0.289586
1573,-93.6873,253,crash,0,1,0,0.275403,0.582019,0.730058,0.363549
1574,-92.9702,204,crash,0,1,0,0.374372,0.909723,0.729912,0.271942
1575,-98.0664,229,crash,0,1,0,0.304295,0.792485,0.729766,0.228898
1576,-52.0458,202,crash,0,1,0,0.356159,0.813561,0.72962,0.454972
1577,-71.2202,204,crash,0,1,0,0.587431,1.197373,0.729474,0.36347
1578,-68.3664,196,crash,0,1,0,0.084311,0.347001,0.729328,0.322062
1579,-38.391,1000,timeout,0,0,1,0.140186,0.874785,0.729182,0.312222
1580,-94.1814,178,crash,0,1,0,0.560726,1.150545,0.729036,0.412063
1581,-45.2335,273,crash,0,1,0,0.247939,0.584648,0.728891,0.38769
1582,-67.4341,205,crash,0,1,0,0.534189,1.08944,0.728745,0.257205
1583,-49.1047,1000,timeout,0,0,1,0.100143,0.567725,0.728599,0.371756
1584,-64.5345,195,crash,0,1,0,0.127257,0.352923,0.728453,0.26469
1585,-82.6948,248,crash,0,1,0,0.198355,0.681289,0.728308,0.32285
1586,-45.7916,1000,timeout,0,0,1,0.151686,0.831201,0.728162,0.355797
1587,-94.6257,217,crash,0,1,0,0.380067,0.963865,0.728016,0.499887
1588,-59.3946,1000,timeout,0,0,1,0.081187,0.434599,0.727871,0.327092
1589,-64.3673,234,crash,0,1,0,0.609191,1.280446,0.727725,0.560476
1590,-72.0854,190,crash,0,1,0,0.612823,1.234613,0.72758,0.379576
1591,-58.1406,203,crash,0,1,0,0.426159,0.887641,0.727434,0.33625
1592,-66.2552,1000,timeout,0,0,1,0.09786,0.682582,0.727289,0.291938
1593,-71.9855,176,crash,0,1,0,0.456482,1.093459,0.727143,0.405371
1594,-89.0359,301,crash,0,1,0,0.263233,0.788657,0.726998,0.336577
1595,-55.5356,179,crash,0,1,0,0.190967,0.555339,0.726852,0.360527
1596,-98.3362,245,crash,0,1,0,0.505961,1.034379,0.726707,0.409064
1597,-36.5778,1000,timeout,0,0,1,0.110285,0.657143,0.726562,0.372471
1598,-31.9873,1000,timeout,0,0,1,0.138332,0.901566,0.726416,0.337126
1599,-57.0615,223,crash,0,1,0,0.270552,0.698763,0.726271,0.363739
1600,-67.0199,220,crash,0,1,0,0.269303,0.571228,0.726126,0.258659
1601,-78.9302,213,crash,0,1,0,0.140943,0.347182,0.725981,0.306788
1602,-84.1296,194,crash,0,1,0,0.42291,1.100461,0.725835,0.405269
1603,-66.0839,213,crash,0,1,0,0.62765,1.062335,0.72569,0.31333
1604,-46.1507,1000,timeout,0,0,1,0.080061,0.561044,0.725545,0.387112
1605,-51.598,202,crash,0,1,0,0.334224,0.777634,0.7254,0.391756
1606,-45.4768,1000,timeout,0,0,1,0.074954,0.42752,0.725255,0.356968
1607,-79.2626,176,crash,0,1,0,0.70725,1.27561,0.72511,0.294235
1608,-88.5069,177,crash,0,1,0,0.507386,1.152817,0.724965,0.330861
1609,-54.0733,209,crash,0,1,0,0.554558,1.408961,0.72482,0.338409
1610,-28.9284,1000,timeout,0,0,1,0.108271,1.124493,0.724675,0.370297
1611,-51.9475,230,crash,0,1,0,0.177765,0.54641,0.72453,0.421312
1612,-73.2363,449,crash,0,1,0,0.281582,0.98777,0.724385,0.26924
1613,-48.1131,218,crash,0,1,0,0.240467,0.689287,0.72424,0.25025
1614,-79.3368,187,crash,0,1,0,0.476493,1.092766,0.724095,0.262718
1615,-74.8614,235,crash,0,1,0,0.217014,0.657726,0.72395,0.36918
1616,-79.409,215,crash,0,1,0,0.160662,0.361141,0.723806,0.25639
1617,-77.8905,247,crash,0,1,0,0.137815,0.563404,0.723661,0.253227
1618,-89.426,204,crash,0,1,0,0.439276,1.030781,0.723516,0.353552
1619,-54.7675,190,crash,0,1,0,0.409979,0.901159,0.723371,0.284496
1620,-68.941,172,crash,0,1,0,0.580723,1.344686,0.723227,0.342791
1621,-64.9827,161,crash,0,1,0,0.336348,0.804427,0.723082,0.25319
1622,-61.7405,219,crash,0,1,0,0.491894,1.140821,0.722938,0.369374
1623,-48.1233,189,crash,0,1,0,0.639266,1.110517,0.722793,0.285296
1624,-57.6743,1000,timeout,0,0,1,0.068373,0.384356,0.722648,0.364822
1625,-31.1605,1000,timeout,0,0,1,0.122638,0.907691,0.722504,0.422685
1626,-56.4219,189,crash,0,1,0,0.159565,0.749897,0.722359,0.418256
1627,-74.7573,208,crash,0,1,0,0.262357,0.735428,0.722215,0.27818
1628,-35.4021,1000,timeout,0,0,1,0.111236,0.725385,0.72207,0.35554
1629,-49.8445,1000,timeout,0,0,1,0.08798,0.594668,0.721926,0.367391
1630,-69.5321,237,crash,0,1,0,0.240081,0.864214,0.721782,0.262605
1631,-62.1453,203,crash,0,1,0,0.587993,1.072772,0.721637,0.262376
1632,-47.7052,204,crash,0,1,0,0.529865,1.105368,0.721493,0.428837
1633,-60.3694,1000,timeout,0,0,1,0.074603,0.601439,0.721349,0.361924
1634,-63.3485,183,crash,0,1,0,0.110168,0.451957,0.721204,0.260212
1635,-66.2625,266,crash,0,1,0,0.154748,0.548738,0.72106,0.389413
1636,-43.8998,1000,timeout,0,0,1,0.142943,0.849092,0.720916,0.33407
1637,-101.7182,222,crash,0,1,0,0.373027,0.782291,0.720772,0.297639
1638,-84.3379,262,crash,0,1,0,0.259345,0.689055,0.720628,0.287319
1639,-31.5281,1000,timeout,0,0,1,0.097121,0.921222,0.720483,0.339493
1640,-65.7524,213,crash,0,1,0,0.192281,0.499187,0.720339,0.367764
1641,-27.4703,1000,timeout,0,0,1,0.188812,1.11786,0.720195,0.35564
1642,-88.8972,213,crash,0,1,0,0.696866,1.440217,0.720051,0.285968
1643,-61.085,192,crash,0,1,0,0.566169,1.154432,0.719907,0.513854
1644,-84.2834,217,crash,0,1,0,0.4436,1.125423,0.719763,0.179557
1645,-27.7745,1000,timeout,0,0,1,0.105146,0.578075,0.719619,0.339805
1646,-78.4215,241,crash,0,1,0,0.22306,0.71787,0.719475,0.384707
1647,-41.2073,219,crash,0,1,0,0.702884,1.317282,0.719332,0.419727
1648,-41.4188,1000,timeout,0,0,1,0.066245,0.514605,0.719188,0.389013
1649,-68.4937,185,crash,0,1,0,0.216777,0.607747,0.719044,0.301125
1650,-83.0286,188,crash,0,1,0,0.468092,1.048193,0.7189,0.27613
1651,-69.8092,320,crash,0,1,0,0.478115,1.102575,0.718756,0.465915
1652,-77.8669,188,crash,0,1,0,0.522082,1.199542,0.718612,0.426822
1653,-43.8625,1000,timeout,0,0,1,0.083145,0.580177,0.718469,0.306036
1654,-43.9541,214,crash,0,1,0,0.57231,1.093772,0.718325,0.441371
1655,-40.2303,203,crash,0,1,0,0.663076,1.328382,0.718181,0.324235
1656,-46.1535,1000,timeout,0,0,1,0.112473,0.914285,0.718038,0.395628
1657,-52.5538,251,crash,0,1,0,0.157804,0.495372,0.717894,0.421615
1658,-62.6285,370,crash,0,1,0,0.35656,1.047729,0.717751,0.28136
1659,-88.315,184,crash,0,1,0,0.566468,1.419878,0.717607,0.378549
1660,-30.708,1000,timeout,0,0,1,0.133915,0.966903,0.717463,0.35958
1661,-90.1091,216,crash,0,1,0,0.234426,0.589139,0.71732,0.20428
1662,-93.1726,167,crash,0,1,0,0.649583,1.27107,0.717177,0.330461
1663,-53.5897,214,crash,0,1,0,0.499757,1.072002,0.717033,0.324967
1664,-62.4013,189,crash,0,1,0,0.246658,0.701993,0.71689,0.366648
1665,-94.5391,221,crash,0,1,0,0.587977,1.23856,0.716746,0.301107
1666,-79.7489,222,crash,0,1,0,0.198808,0.580862,0.716603,0.173774
1667,-69.1149,184,crash,0,1,0,0.59037,1.306933,0.71646,0.312208
1668,-68.1422,307,crash,0,1,0,0.250435,0.78278,0.716316,0.326817
1669,-40.8888,193,crash,0,1,0,0.545087,1.07247,0.716173,0.408098
1670,-31.8621,1000,timeout,0,0,1,0.104708,0.789708,0.71603,0.312061
1671,-74.8959,199,crash,0,1,0,0.170601,0.364812,0.715887,0.510082
1672,-18.0273,1000,timeout,0,0,1,0.174616,0.88027,0.715743,0.28482
1673,-35.2591,1000,timeout,0,0,1,0.10786,0.835209,0.7156,0.323114
1674,-57.8389,187,crash,0,1,0,0.489321,0.897008,0.715457,0.289127
1675,-100.3761,191,crash,0,1,0,0.361004,0.856097,0.715314,0.31241
1676,-75.9215,186,crash,0,1,0,0.246305,0.589599,0.715171,0.290411
1677,-90.6805,186,crash,0,1,0,0.240257,0.702789,0.715028,0.24376
1678,-24.4674,1000,timeout,0,0,1,0.074888,0.464509,0.714885,0.382631
1679,-65.5124,199,crash,0,1,0,0.556068,0.95662,0.714742,0.17607
1680,-90.5304,212,crash,0,1,0,0.264857,0.653545,0.714599,0.41226
1681,-92.8508,182,crash,0,1,0,0.489411,1.073332,0.714456,0.248986
1682,-46.1508,1000,timeout,0,0,1,0.060321,0.380686,0.714313,0.28641
1683,-86.2017,214,crash,0,1,0,0.604825,1.12703,0.71417,0.483988
1684,-49.2912,196,crash,0,1,0,0.342084,0.855976,0.714028,0.306161
1685,-57.6144,213,crash,0,1,0,0.381395,0.952143,0.713885,0.363369
1686,-78.0017,163,crash,0,1,0,0.515721,1.096882,0.713742,0.3028
1687,-61.833,1000,timeout,0,0,1,0.076526,0.409899,0.713599,0.361495
1688,-93.1239,196,crash,0,1,0,0.467919,1.261693,0.713457,0.268401
1689,-98.7781,191,crash,0,1,0,0.412862,0.811868,0.713314,0.3562
1690,-57.9711,1000,timeout,0,0,1,0.093222,0.595326,0.713171,0.316191
1691,-43.0778,202,crash,0,1,0,0.598995,1.16762,0.713029,0.254371
1692,-55.1297,220,crash,0,1,0,0.521122,1.149238,0.712886,0.323074
1693,-100.5922,232,crash,0,1,0,0.349533,0.811287,0.712743,0.48108
1694,-72.6731,197,crash,0,1,0,0.636998,1.222125,0.712601,0.235996
1695,-57.5726,203,crash,0,1,0,0.683032,1.396259,0.712458,0.278121
1696,-52.681,255,crash,0,1,0,0.318152,1.103904,0.712316,0.284438
1697,-66.6721,181,crash,0,1,0,0.127023,0.504023,0.712173,0.177597
1698,-86.5869,254,crash,0,1,0,0.156819,0.53617,0.712031,0.32454
1699,-33.6512,1000,timeout,0,0,1,0.104016,0.764584,0.711888,0.323312
1700,-64.8147,227,crash,0,1,0,0.227262,0.601774,0.711746,0.261838
1701,-27.2029,1000,timeout,0,0,1,0.068847,0.453243,0.711604,0.304326
1702,-43.7524,1000,timeout,0,0,1,0.071235,0.431563,0.711461,0.308792
1703,-84.7299,192,crash,0,1,0,0.611463,1.431189,0.711319,0.257395
1704,-37.6829,1000,timeout,0,0,1,0.094045,0.663812,0.711177,0.28726
1705,-54.6803,198,crash,0,1,0,0.760872,1.304592,0.711035,0.36574
1706,-60.907,220,crash,0,1,0,0.24092,0.718485,0.710892,0.280675
1707,-44.5347,1000,timeout,0,0,1,0.081596,0.58241,0.71075,0.332164
1708,-84.3202,201,crash,0,1,0,0.664173,1.298439,0.710608,0.187149
1709,-53.2269,205,crash,0,1,0,0.456683,1.189199,0.710466,0.135101
1710,-82.5975,184,crash,0,1,0,0.534269,1.521056,0.710324,0.26729
1711,-93.7804,209,crash,0,1,0,0.219035,0.670739,0.710182,0.238773
1712,-35.1489,1000,timeout,0,0,1,0.082641,0.561481,0.71004,0.322858
1713,-93.6027,189,crash,0,1,0,0.381655,0.708111,0.709898,0.217843
1714,-30.3504,1000,timeout,0,0,1,0.111786,0.681768,0.709756,0.336741
1715,-50.6274,223,crash,0,1,0,0.217789,0.54595,0.709614,0.234535
1716,-46.0522,1000,timeout,0,0,1,0.081205,0.508186,0.709472,0.333585
1717,-49.1108,192,crash,0,1,0,0.554636,1.253129,0.70933,0.378045
1718,-29.421,1000,timeout,0,0,1,0.108867,1.005234,0.709188,0.326219
1719,-76.4795,189,crash,0,1,0,0.719395,1.232465,0.709046,0.549894
1720,-66.3378,210,crash,0,1,0,0.159908,0.509723,0.708905,0.334976
1721,-22.46,1000,timeout,0,0,1,0.162439,0.997947,0.708763,0.382609
1722,-47.1295,1000,timeout,0,0,1,0.083479,0.758817,0.708621,0.36186
1723,-46.0847,1000,timeout,0,0,1,0.094557,0.536237,0.708479,0.392912
1724,-49.9327,1000,timeout,0,0,1,0.105132,0.72214,0.708338,0.32749
1725,-104.8492,259,crash,0,1,0,0.615667,1.487904,0.708196,0.176356
1726,-32.151,1000,timeout,0,0,1,0.086476,0.853148,0.708054,0.29854
1727,-63.3452,264,crash,0,1,0,0.174615,0.458195,0.707913,0.322653
1728,-14.1506,1000,timeout,0,0,1,0.159095,1.051578,0.707771,0.286432
1729,-35.3902,1000,timeout,0,0,1,0.139839,0.893271,0.70763,0.330835
1730,-67.657,244,crash,0,1,0,0.120608,0.485961,0.707488,0.33358
1731,-66.2329,195,crash,0,1,0,0.363663,0.809762,0.707347,0.150788
1732,-51.6153,1000,timeout,0,0,1,0.066209,0.339148,0.707205,0.224522
1733,-32.4214,222,crash,0,1,0,0.660874,1.256149,0.707064,0.288862
1734,-90.1552,223,crash,0,1,0,0.255414,0.737279,0.706922,0.457143
1735,-30.9701,1000,timeout,0,0,1,0.17933,1.113782,0.706781,0.365097
1736,-34.5968,202,crash,0,1,0,0.602297,1.008711,0.706639,0.404606
1737,-53.5754,199,crash,0,1,0,0.16989,0.548616,0.706498,0.206716
1738,-64.5066,175,crash,0,1,0,0.151389,0.46101,0.706357,0.290693
1739,-55.5619,1000,timeout,0,0,1,0.114583,0.645647,0.706216,0.313705
1740,-67.6625,182,crash,0,1,0,0.21822,0.543428,0.706074,0.204165
1741,-58.0435,211,crash,0,1,0,0.612267,1.233661,0.705933,0.2814
1742,-38.4669,211,crash,0,1,0,0.40065,0.831251,0.705792,0.461946
1743,-55.8611,211,crash,0,1,0,0.450374,0.961381,0.705651,0.293828
1744,-63.6265,197,crash,0,1,0,0.229191,0.778731,0.70551,0.27301
1745,-58.3286,235,crash,0,1,0,0.566546,1.131273,0.705369,0.221458
1746,-34.0467,214,crash,0,1,0,0.516436,1.022966,0.705227,0.280512
1747,-48.1926,211,crash,0,1,0,0.299797,0.731821,0.705086,0.154601
1748,-62.7055,191,crash,0,1,0,0.654148,1.2588,0.704945,0.318153
1749,-45.1974,1000,timeout,0,0,1,0.083417,0.588115,0.704804,0.263014
1750,-40.0887,1000,timeout,0,0,1,0.129053,0.962627,0.704663,0.295641
1751,-104.0583,245,crash,0,1,0,0.750795,1.286928,0.704522,0.21116
1752,-65.5426,196,crash,0,1,0,0.131959,0.608225,0.704382,0.281318
1753,-83.2971,195,crash,0,1,0,0.264317,0.642088,0.704241,0.35103
1754,-62.7621,229,crash,0,1,0,0.255258,0.575905,0.7041,0.250169
1755,-56.0824,215,crash,0,1,0,0.194942,0.861299,0.703959,0.178608
1756,-29.9212,1000,timeout,0,0,1,0.135783,0.758106,0.703818,0.342658
1757,-102.1691,239,crash,0,1,0,0.625473,1.254994,0.703677,0.413409
1758,-74.5566,206,crash,0,1,0,0.698244,1.449871,0.703537,0.502945
1759,-37.608,213,crash,0,1,0,0.493514,0.923187,0.703396,0.212104
1760,-81.0749,204,crash,0,1,0,0.211307,0.755502,0.703255,0.243759
1761,-50.0093,189,crash,0,1,0,0.433914,0.972057,0.703115,0.290112
1762,-83.5296,188,crash,0,1,0,0.562972,1.253006,0.702974,0.361752
1763,-24.9369,1000,timeout,0,0,1,0.057942,0.415405,0.702833,0.28832
1764,-37.268,1000,timeout,0,0,1,0.106261,0.6402,0.702693,0.367907
1765,-90.9577,167,crash,0,1,0,0.62915,1.554064,0.702552,0.248729
1766,-128.4134,247,crash,0,1,0,0.584035,1.045043,0.702412,0.260997
1767,-91.9381,210,crash,0,1,0,0.716175,1.364495,0.702271,0.251139
1768,-17.0969,1000,timeout,0,0,1,0.091331,0.933285,0.702131,0.316957
1769,-52.8394,1000,timeout,0,0,1,0.102597,0.798252,0.701991,0.319834
1770,-54.4907,282,crash,0,1,0,0.153033,0.478637,0.70185,0.318187
1771,-54.5281,1000,timeout,0,0,1,0.09693,0.769535,0.70171,0.301166
1772,-52.9959,1000,timeout,0,0,1,0.135169,0.876438,0.701569,0.268015
1773,-53.918,260,crash,0,1,0,0.609009,1.589909,0.701429,0.240755
1774,-33.251,1000,timeout,0,0,1,0.1001,0.921214,0.701289,0.237449
1775,-98.7869,282,crash,0,1,0,0.504642,1.20416,0.701149,0.315343
1776,-31.7926,188,crash,0,1,0,0.587231,1.02569,0.701008,0.374347
1777,-57.4949,203,crash,0,1,0,0.685292,1.370502,0.700868,0.277148
1778,-33.8099,234,crash,0,1,0,0.60972,1.29729,0.700728,0.360266
1779,-45.6259,216,crash,0,1,0,0.448959,1.147652,0.700588,0.414251
1780,-46.8772,1000,timeout,0,0,1,0.089312,0.732409,0.700448,0.340316
1781,-57.5595,202,crash,0,1,0,0.567589,1.111259,0.700308,0.279367
1782,-93.9571,215,crash,0,1,0,0.644004,1.216007,0.700168,0.321827
1783,-53.9099,190,crash,0,1,0,0.63481,1.148255,0.700027,0.369872
1784,-58.3887,1000,timeout,0,0,1,0.094056,0.73279,0.699887,0.250228
1785,-70.1832,204,crash,0,1,0,0.627935,1.189273,0.699748,0.286089
1786,-43.0383,233,crash,0,1,0,0.144014,0.437896,0.699608,0.153207
1787,-51.1547,1000,timeout,0,0,1,0.152052,0.969416,0.699468,0.3609
1788,-25.5601,211,crash,0,1,0,0.561026,1.096624,0.699328,0.545348
1789,-40.2526,1000,timeout,0,0,1,0.099632,0.777601,0.699188,0.314195
1790,-57.4307,210,crash,0,1,0,0.1438,0.41597,0.699048,0.504879
1791,-35.7418,1000,timeout,0,0,1,0.080471,0.588283,0.698908,0.315461
1792,-36.0208,193,crash,0,1,0,0.537735,1.352152,0.698768,0.458297
1793,-48.4474,217,crash,0,1,0,0.229185,0.682411,0.698629,0.280865
1794,-81.3607,196,crash,0,1,0,0.471696,1.140426,0.698489,0.153803
1795,-82.9099,182,crash,0,1,0,0.632681,1.15362,0.698349,0.303169
1796,-53.0709,209,crash,0,1,0,0.204876,0.553888,0.69821,0.276375
1797,-43.1934,1000,timeout,0,0,1,0.227924,1.167409,0.69807,0.269453
1798,-44.496,1000,timeout,0,0,1,0.070987,0.368367,0.69793,0.279846
1799,-50.6112,239,crash,0,1,0,0.10672,0.302341,0.697791,0.237891
1800,-32.0672,210,crash,0,1,0,0.599441,1.107681,0.697651,0.325252
1801,-40.2234,197,crash,0,1,0,0.369938,0.872259,0.697512,0.157524
1802,-96.1378,240,crash,0,1,0,0.654529,1.351014,0.697372,0.210348
1803,-80.2531,201,crash,0,1,0,0.157373,0.434166,0.697233,0.293458
1804,-55.7097,191,crash,0,1,0,0.638231,1.500719,0.697093,0.246859
1805,-22.0572,1000,timeout,0,0,1,0.149616,1.103213,0.696954,0.24994
1806,-62.0798,194,crash,0,1,0,0.116849,0.307841,0.696814,0.419241
1807,-27.9052,1000,timeout,0,0,1,0.058743,0.388357,0.696675,0.305479
1808,-68.7075,212,crash,0,1,0,0.551745,1.125068,0.696536,0.321586
1809,-74.8119,190,crash,0,1,0,0.69089,1.322787,0.696396,0.363877
1810,-51.651,1000,timeout,0,0,1,0.078655,0.57256,0.696257,0.201323
1811,-38.6459,1000,timeout,0,0,1,0.183531,1.206851,0.696118,0.331297
1812,-40.4086,214,crash,0,1,0,0.545861,1.20683,0.695979,0.365302
1813,-29.2952,1000,timeout,0,0,1,0.074712,0.461231,0.695839,0.327008
1814,-61.7296,182,crash,0,1,0,0.24049,0.590193,0.6957,0.415708
1815,-69.4414,206,crash,0,1,0,0.211646,0.608385,0.695561,0.224113
1816,-64.9657,188,crash,0,1,0,0.566288,1.412149,0.695422,0.222271
1817,-101.5292,232,crash,0,1,0,0.675236,1.134555,0.695283,0.489577
1818,-78.2419,215,crash,0,1,0,0.379583,0.95028,0.695144,0.267323
1819,-66.9628,464,crash,0,1,0,0.241055,0.951624,0.695005,0.330469
1820,-74.6139,208,crash,0,1,0,0.559639,1.050835,0.694866,0.323637
1821,-81.3453,217,crash,0,1,0,0.195258,0.522345,0.694727,0.268928
1822,-69.7906,169,crash,0,1,0,0.240805,0.550682,0.694588,0.304133
1823,213.357,434,landed,1,0,0,0.31916,1.091299,0.694449,0.306173
1824,-60.2176,230,crash,0,1,0,0.111644,0.66142,0.69431,0.328119
1825,-76.0903,227,crash,0,1,0,0.668502,1.306928,0.694171,0.245859
1826,-55.9056,177,crash,0,1,0,0.212875,0.499877,0.694032,0.5503
1827,-79.0949,208,crash,0,1,0,0.746952,1.687985,0.693894,0.319686
1828,-75.3592,168,crash,0,1,0,0.544279,1.076004,0.693755,0.335545
1829,-55.6432,176,crash,0,1,0,0.252496,0.85794,0.693616,0.182557
1830,-43.99,208,crash,0,1,0,0.560359,1.044232,0.693477,0.295848
1831,-49.5235,197,crash,0,1,0,0.203877,0.645605,0.693339,0.314891
1832,-56.2143,187,crash,0,1,0,0.329738,0.751625,0.6932,0.18742
1833,-33.5055,208,crash,0,1,0,0.713549,1.245222,0.693061,0.231383
1834,-63.779,173,crash,0,1,0,0.390465,0.939151,0.692923,0.340718
1835,-92.3515,266,crash,0,1,0,0.461466,0.966634,0.692784,0.235936
1836,-30.0374,1000,timeout,0,0,1,0.086625,0.718892,0.692646,0.312495
1837,-53.6803,189,crash,0,1,0,0.237784,0.769218,0.692507,0.262373
1838,-60.0813,1000,timeout,0,0,1,0.078156,0.517542,0.692369,0.275761
1839,-40.6948,1000,timeout,0,0,1,0.119774,1.087917,0.69223,0.335909
1840,-19.9219,1000,timeout,0,0,1,0.146358,1.022449,0.692092,0.412069
1841,-47.568,210,crash,0,1,0,0.684843,1.378568,0.691953,0.343031
1842,-61.5563,234,crash,0,1,0,0.280064,1.002006,0.691815,0.350981
1843,-49.5108,215,crash,0,1,0,0.522435,1.029604,0.691677,0.361787
1844,-83.4456,202,crash,0,1,0,0.472736,1.175505,0.691538,0.324011
1845,-57.2788,195,crash,0,1,0,0.512978,1.104939,0.6914,0.446204
1846,-90.5805,184,crash,0,1,0,0.621234,1.390496,0.691262,0.226021
1847,-29.6523,270,crash,0,1,0,0.353878,0.91515,0.691123,0.448609
1848,-70.5733,186,crash,0,1,0,0.598459,1.252016,0.690985,0.425503
1849,-29.7822,1000,timeout,0,0,1,0.096514,0.735481,0.690847,0.344088
1850,-73.8812,189,crash,0,1,0,0.308439,0.858061,0.690709,0.428151
1851,-77.3386,171,crash,0,1,0,0.702281,1.393282,0.690571,0.375474
1852,-48.4312,198,crash,0,1,0,0.235835,0.783176,0.690433,0.269821
1853,-44.8086,1000,timeout,0,0,1,0.094565,0.830904,0.690294,0.284141
1854,-57.5035,226,crash,0,1,0,0.194446,0.628188,0.690156,0.246928
1855,-85.0715,208,crash,0,1,0,0.711368,1.432643,0.690018,0.347055
1856,-13.6621,1000,timeout,0,0,1,0.132224,0.892328,0.68988,0.400951
1857,-60.6345,1000,timeout,0,0,1,0.135847,0.999956,0.689742,0.34741
1858,-77.8501,181,crash,0,1,0,0.716573,1.397141,0.689604,0.257201
1859,-54.1957,184,crash,0,1,0,0.871639,1.508768,0.689466,0.439995
1860,-59.1094,188,crash,0,1,0,0.362571,0.774473,0.689329,0.458045
1861,-63.8701,189,crash,0,1,0,0.241299,0.762007,0.689191,0.365514
1862,-58.6564,226,crash,0,1,0,0.187459,0.491614,0.689053,0.372498
1863,-40.9859,230,crash,0,1,0,0.197859,0.640706,0.688915,0.243601
1864,-36.6675,1000,timeout,0,0,1,0.151859,1.17473,0.688777,0.274534
1865,-15.5621,1000,timeout,0,0,1,0.168597,1.010104,0.68864,0.334757
1866,-79.1881,219,crash,0,1,0,0.434599,0.985313,0.688502,0.196852
1867,-49.6874,190,crash,0,1,0,0.403236,0.964844,0.688364,0.333281
1868,-61.7475,199,crash,0,1,0,0.236363,0.776057,0.688226,0.298018
1869,-36.9119,208,crash,0,1,0,0.776684,1.303458,0.688089,0.272742
1870,-76.4473,175,crash,0,1,0,0.641628,1.44435,0.687951,0.284422
1871,-69.4853,186,crash,0,1,0,0.44031,1.154016,0.687814,0.217671
1872,-44.9347,199,crash,0,1,0,0.352062,0.893503,0.687676,0.41272
1873,-50.2356,1000,timeout,0,0,1,0.070177,0.47595,0.687538,0.310241
1874,-53.6551,213,crash,0,1,0,0.683576,1.161973,0.687401,0.39679
1875,-44.5404,221,crash,0,1,0,0.344763,0.728567,0.687264,0.365627
1876,-32.9507,1000,timeout,0,0,1,0.103904,0.919861,0.687126,0.283983
1877,-28.0895,1000,timeout,0,0,1,0.183031,1.046196,0.686989,0.297707
1878,-38.1129,1000,timeout,0,0,1,0.226121,1.277722,0.686851,0.310701
1879,-18.0655,1000,timeout,0,0,1,0.164362,1.088933,0.686714,0.366272
1880,-34.7719,217,crash,0,1,0,0.521531,1.074328,0.686577,0.368583
1881,-55.8728,198,crash,0,1,0,0.273894,0.641956,0.686439,0.39754
1882,-58.4046,401,crash,0,1,0,0.391653,1.012518,0.686302,0.238778
1883,-39.0136,197,crash,0,1,0,0.563628,1.223196,0.686165,0.193417
1884,-50.1433,208,crash,0,1,0,0.253288,0.716319,0.686027,0.34312
1885,-48.1864,1000,timeout,0,0,1,0.153485,1.018967,0.68589,0.295386
1886,-5.4498,1000,timeout,0,0,1,0.166171,1.444285,0.685753,0.262329
1887,-57.5065,267,crash,0,1,0,0.550351,1.33557,0.685616,0.309615
1888,-92.6047,175,crash,0,1,0,0.710117,1.62234,0.685479,0.368309
1889,-75.9399,163,crash,0,1,0,0.547638,1.301795,0.685342,0.190393
1890,-58.2078,183,crash,0,1,0,0.237913,0.705989,0.685205,0.435583
1891,-45.2918,1000,timeout,0,0,1,0.093865,0.601938,0.685068,0.266505
1892,-54.6955,1000,timeout,0,0,1,0.079389,0.541158,0.684931,0.298742
1893,-49.0608,229,crash,0,1,0,0.434204,0.939238,0.684794,0.500253
1894,-41.3683,268,crash,0,1,0,0.480202,0.966487,0.684657,0.231691
1895,-48.375,1000,timeout,0,0,1,0.083568,0.477087,0.68452,0.319358
1896,-19.9284,1000,timeout,0,0,1,0.158347,1.110485,0.684383,0.293739
1897,-49.4862,204,crash,0,1,0,0.286347,0.58835,0.684246,0.295254
1898,-17.8165,1000,timeout,0,0,1,0.119488,0.67991,0.684109,0.323977
1899,-35.6448,1000,timeout,0,0,1,0.067253,0.735433,0.683972,0.272295
1900,-14.4712,1000,timeout,0,0,1,0.18391,1.003641,0.683835,0.357619
1901,-65.509,184,crash,0,1,0,0.546209,1.060744,0.683699,0.260583
1902,-71.3622,200,crash,0,1,0,0.479877,1.046149,0.683562,0.181685
1903,-44.9952,201,crash,0,1,0,0.39651,1.01943,0.683425,0.370507
1904,-67.3054,217,crash,0,1,0,0.193937,0.488175,0.683289,0.212734
1905,-50.6945,211,crash,0,1,0,0.571389,1.183173,0.683152,0.227195
1906,-48.7515,1000,timeout,0,0,1,0.125269,0.802458,0.683015,0.335844
1907,-42.8395,200,crash,0,1,0,0.506481,1.030606,0.682879,0.193983
1908,-55.1155,209,crash,0,1,0,0.248946,0.538036,0.682742,0.24254
1909,-42.6725,1000,timeout,0,0,1,0.114161,0.977307,0.682606,0.337212
1910,-44.2245,217,crash,0,1,0,0.530767,1.177953,0.682469,0.33624
1911,-17.0813,1000,timeout,0,0,1,0.093923,0.463092,0.682332,0.284296
1912,-45.9447,1000,timeout,0,0,1,0.08457,0.452558,0.682196,0.270158
1913,-73.0918,177,crash,0,1,0,0.595532,1.081182,0.68206,0.223268
1914,-33.0936,201,crash,0,1,0,0.615512,1.079237,0.681923,0.287852
1915,-3.9346,1000,timeout,0,0,1,0.168766,1.145484,0.681787,0.329796
1916,-80.6503,171,crash,0,1,0,0.601266,1.437115,0.68165,0.280665
1917,-25.8171,1000,timeout,0,0,1,0.186513,1.209801,0.681514,0.256709
1918,-66.3981,520,crash,0,1,0,0.21905,0.914993,0.681378,0.280972
1919,-58.4529,215,crash,0,1,0,0.553874,0.969877,0.681242,0.149338
1920,-59.3493,182,crash,0,1,0,0.703639,1.305187,0.681105,0.322889
1921,-31.548,209,crash,0,1,0,0.7553,1.264481,0.680969,0.309524
1922,-78.2534,183,crash,0,1,0,0.739255,1.360308,0.680833,0.293203
1923,-41.5438,224,crash,0,1,0,0.660655,1.321669,0.680697,0.341257
1924,-55.6679,202,crash,0,1,0,0.724996,1.283293,0.680561,0.202245
1925,-35.7871,216,crash,0,1,0,0.527076,1.035133,0.680424,0.374608
1926,-63.5292,193,crash,0,1,0,0.574626,1.282235,0.680288,0.318921
1927,-52.2331,1000,timeout,0,0,1,0.09086,0.638436,0.680152,0.36238
1928,-80.2141,187,crash,0,1,0,0.187753,0.601314,0.680016,0.171442
1929,-68.3213,219,crash,0,1,0,0.643772,1.245237,0.67988,0.230218
1930,-37.4982,221,crash,0,1,0,0.609304,1.124751,0.679744,0.272894
1931,-39.3435,1000,timeout,0,0,1,0.227819,1.19556,0.679608,0.300757
1932,-47.4815,186,crash,0,1,0,0.329496,0.831095,0.679472,0.190675
1933,-47.1297,1000,timeout,0,0,1,0.138389,1.263166,0.679337,0.323712
1934,-41.4919,1000,timeout,0,0,1,0.080262,0.666483,0.679201,0.219775
1935,-34.6205,217,crash,0,1,0,0.582714,1.354742,0.679065,0.351457
1936,-38.5784,189,crash,0,1,0,0.648787,1.140586,0.678929,0.327332
1937,-81.7003,245,crash,0,1,0,0.517166,0.981573,0.678793,0.26971
1938,-53.8495,1000,timeout,0,0,1,0.10122,0.48847,0.678657,0.30084
1939,-74.3764,189,crash,0,1,0,0.296855,0.961938,0.678522,0.445694
1940,-36.8008,1000,timeout,0,0,1,0.127536,0.924076,0.678386,0.270674
1941,-62.4552,390,crash,0,1,0,0.411809,1.204866,0.67825,0.331857
1942,-47.5457,199,crash,0,1,0,0.579676,1.158612,0.678115,0.301993
1943,-89.9468,239,crash,0,1,0,0.531301,1.171348,0.677979,0.188113
1944,-67.1618,212,crash,0,1,0,0.668788,1.206388,0.677843,0.370984
1945,-43.4505,227,crash,0,1,0,0.535882,1.052871,0.677708,0.084488
1946,-79.8948,189,crash,0,1,0,0.531132,1.286042,0.677572,0.349808
1947,-66.9135,224,crash,0,1,0,0.204122,0.608516,0.677437,0.286101
1948,-59.7423,191,crash,0,1,0,0.279164,0.900945,0.677301,0.194473
1949,-52.0777,203,crash,0,1,0,0.670627,1.296869,0.677166,0.313769
1950,-21.2531,1000,timeout,0,0,1,0.170729,1.208317,0.67703,0.268304
1951,-52.4717,233,crash,0,1,0,0.484285,1.13525,0.676895,0.204326
1952,-12.204,1000,timeout,0,0,1,0.105264,0.633541,0.67676,0.282636
1953,-53.5256,232,crash,0,1,0,0.508034,1.247374,0.676624,0.346282
1954,-51.6054,232,crash,0,1,0,0.214431,0.581207,0.676489,0.213881
1955,-73.0856,223,crash,0,1,0,0.164605,0.446965,0.676354,0.359287
1956,-37.3342,201,crash,0,1,0,0.736155,1.179837,0.676218,0.274767
1957,-26.2548,1000,timeout,0,0,1,0.136133,1.113062,0.676083,0.272902
1958,-36.3324,1000,timeout,0,0,1,0.078569,0.570056,0.675948,0.265001
1959,-46.899,1000,timeout,0,0,1,0.093099,0.902194,0.675813,0.303988
1960,-33.2726,1000,timeout,0,0,1,0.111649,0.681805,0.675678,0.322754
1961,-60.6732,1000,timeout,0,0,1,0.072526,0.545004,0.675542,0.328287
1962,-39.2811,1000,timeout,0,0,1,0.111231,0.796252,0.675407,0.328928
1963,-50.4346,1000,timeout,0,0,1,0.131781,0.939651,0.675272,0.265529
1964,-33.3787,1000,timeout,0,0,1,0.103492,0.69226,0.675137,0.292596
1965,-33.5586,1000,timeout,0,0,1,0.219359,1.069187,0.675002,0.261507
1966,-61.5271,1000,timeout,0,0,1,0.058919,0.326226,0.674867,0.296198
1967,-35.0907,1000,timeout,0,0,1,0.103587,0.556,0.674732,0.303258
1968,-50.2699,189,crash,0,1,0,0.200074,0.642884,0.674597,0.280524
1969,-50.927,196,crash,0,1,0,0.255417,0.782565,0.674462,0.206884
1970,-76.506,187,crash,0,1,0,0.657732,1.561987,0.674327,0.277693
1971,-55.7301,196,crash,0,1,0,0.312689,0.748574,0.674193,0.30976
1972,-40.5446,1000,timeout,0,0,1,0.158511,1.039474,0.674058,0.251305
1973,-57.5134,182,crash,0,1,0,0.165103,0.56263,0.673923,0.310402
1974,-40.7136,214,crash,0,1,0,0.639344,1.374965,0.673788,0.218933
1975,-67.1872,217,crash,0,1,0,0.282834,0.803443,0.673653,0.358016
1976,-28.1091,198,crash,0,1,0,0.717494,1.268852,0.673519,0.273342
1977,-34.4176,201,crash,0,1,0,0.572949,1.104688,0.673384,0.260825
1978,-32.2775,212,crash,0,1,0,0.610865,1.200509,0.673249,0.388623
1979,-43.6015,183,crash,0,1,0,0.674877,1.310248,0.673115,0.247443
1980,-41.3311,1000,timeout,0,0,1,0.137329,0.891815,0.67298,0.229897
1981,-27.9674,1000,timeout,0,0,1,0.084809,0.680392,0.672845,0.224752
1982,-44.2743,220,crash,0,1,0,0.647979,1.542731,0.672711,0.35525
1983,-52.2443,209,crash,0,1,0,0.355541,0.957782,0.672576,0.268823
1984,-41.2852,257,crash,0,1,0,0.394674,1.100413,0.672442,0.312845
1985,-45.9568,1000,timeout,0,0,1,0.197076,1.153619,0.672307,0.194878
1986,-45.3693,219,crash,0,1,0,0.439743,0.931793,0.672173,0.280432
1987,-46.6469,194,crash,0,1,0,0.388499,0.863129,0.672038,0.265718
1988,-4.917,1000,timeout,0,0,1,0.170833,1.013916,0.671904,0.262617
1989,-24.7896,1000,timeout,0,0,1,0.165788,1.159703,0.67177,0.264798
1990,-36.8704,179,crash,0,1,0,0.579553,1.02571,0.671635,0.257503
1991,-23.6969,223,crash,0,1,0,0.575935,1.008707,0.671501,0.250955
1992,-39.0487,189,crash,0,1,0,0.648447,1.226097,0.671367,0.223821
1993,-52.9904,198,crash,0,1,0,0.570939,1.025196,0.671232,0.302773
1994,-46.6283,215,crash,0,1,0,0.499578,1.036548,0.671098,0.166538
1995,-37.4847,212,crash,0,1,0,0.393768,1.058075,0.670964,0.175263
1996,-46.6157,199,crash,0,1,0,0.42868,1.068958,0.67083,0.357852
1997,-54.6036,183,crash,0,1,0,0.617153,1.085726,0.670696,0.486391
1998,-59.8705,1000,timeout,0,0,1,0.062781,0.523235,0.670561,0.272618
1999,-36.1597,1000,timeout,0,0,1,0.110733,0.65555,0.670427,0.258513
2000,-60.9803,229,crash,0,1,0,0.582564,1.111903,0.670293,0.322538
2001,-50.7068,1000,timeout,0,0,1,0.121565,0.919644,0.670159,0.231093
2002,-61.9549,205,crash,0,1,0,0.138386,0.38446,0.670025,0.263843
2003,-15.4996,1000,timeout,0,0,1,0.143354,0.859154,0.669891,0.252535
2004,-34.0424,1000,timeout,0,0,1,0.094753,1.048856,0.669757,0.280001
2005,-32.3217,1000,timeout,0,0,1,0.105336,0.929425,0.669623,0.284479
2006,-63.0406,212,crash,0,1,0,0.200452,0.448875,0.669489,0.361176
2007,-62.3326,185,crash,0,1,0,0.314334,0.749619,0.669355,0.454717
2008,-37.8617,226,crash,0,1,0,0.497656,1.182427,0.669222,0.313381
2009,-18.1369,1000,timeout,0,0,1,0.173156,1.091856,0.669088,0.246901
2010,-40.6193,212,crash,0,1,0,0.609663,1.102527,0.668954,0.298928
2011,-29.6018,211,crash,0,1,0,0.573572,0.953425,0.66882,0.391297
2012,-44.0392,207,crash,0,1,0,0.703238,1.209872,0.668686,0.196023
2013,-32.0843,228,crash,0,1,0,0.482093,1.120528,0.668553,0.209191
2014,-44.9309,215,crash,0,1,0,0.669988,1.20324,0.668419,0.2301
2015,-80.4968,205,crash,0,1,0,0.219262,0.780218,0.668285,0.112175
2016,-88.562,165,crash,0,1,0,0.734498,1.415149,0.668152,0.172987
2017,-35.8552,252,crash,0,1,0,0.523451,1.101675,0.668018,0.206662
2018,-22.7272,1000,timeout,0,0,1,0.095521,0.523088,0.667884,0.270279
2019,0.6522,1000,timeout,0,0,1,0.145821,1.126029,0.667751,0.286512
2020,-47.3595,1000,timeout,0,0,1,0.109675,0.799854,0.667617,0.267676
2021,-53.0061,205,crash,0,1,0,0.486048,1.253973,0.667484,0.34925
2022,-9.0872,1000,timeout,0,0,1,0.167622,1.085368,0.66735,0.294625
2023,-63.1884,211,crash,0,1,0,0.198945,0.592059,0.667217,0.215876
2024,-49.5094,197,crash,0,1,0,0.649203,1.18179,0.667083,0.226979
2025,-49.9029,1000,timeout,0,0,1,0.137065,0.86215,0.66695,0.26634
2026,-41.5303,213,crash,0,1,0,0.512199,1.200793,0.666816,0.162944
2027,-28.5159,1000,timeout,0,0,1,0.178397,0.922321,0.666683,0.299963
2028,-29.9012,236,crash,0,1,0,0.51412,1.125408,0.66655,0.212924
2029,-58.0697,265,crash,0,1,0,0.624296,1.300721,0.666416,0.190566
2030,-64.4713,182,crash,0,1,0,0.594222,1.330737,0.666283,0.239294
2031,-52.724,236,crash,0,1,0,0.428988,1.100146,0.66615,0.25567
2032,-59.1589,201,crash,0,1,0,0.27834,0.755122,0.666017,0.318815
2033,-15.5376,1000,timeout,0,0,1,0.160539,1.061587,0.665883,0.276789
2034,-99.9408,243,crash,0,1,0,0.687442,1.336265,0.66575,0.250089
2035,-58.4509,180,crash,0,1,0,0.197766,0.663903,0.665617,0.282334
2036,-83.5591,218,crash,0,1,0,0.616729,1.194201,0.665484,0.360407
2037,-78.5931,222,crash,0,1,0,0.379284,0.896,0.665351,0.225757
2038,-75.3673,232,crash,0,1,0,0.470992,1.001951,0.665218,0.227672
2039,-82.5354,200,crash,0,1,0,0.337256,0.844371,0.665085,0.503809
2040,-74.1355,189,crash,0,1,0,0.644478,1.313645,0.664952,0.269402
2041,-48.0621,200,crash,0,1,0,0.265056,0.741693,0.664819,0.237566
2042,-46.8599,1000,timeout,0,0,1,0.116842,0.911745,0.664686,0.24055
2043,-79.5196,210,crash,0,1,0,0.211102,0.520668,0.664553,0.289805
2044,-64.903,196,crash,0,1,0,0.206082,0.69928,0.66442,0.108067
2045,-27.2845,1000,timeout,0,0,1,0.118067,0.951714,0.664287,0.310199
2046,-53.4187,1000,timeout,0,0,1,0.127944,0.957163,0.664154,0.271639
2047,-40.5837,223,crash,0,1,0,0.626322,1.355363,0.664021,0.296485
2048,-38.4028,249,crash,0,1,0,0.491873,0.943637,0.663889,0.291327
2049,-65.083,200,crash,0,1,0,0.281345,0.819343,0.663756,0.185979
2050,-32.3553,1000,timeout,0,0,1,0.135483,0.879678,0.663623,0.177361
2051,-43.3003,194,crash,0,1,0,0.552378,1.126528,0.66349,0.508105
2052,-33.6414,1000,timeout,0,0,1,0.212046,1.188976,0.663358,0.332302
2053,-24.5853,1000,timeout,0,0,1,0.108526,0.794059,0.663225,0.235722
2054,-14.3106,1000,timeout,0,0,1,0.184325,1.176867,0.663092,0.272111
2055,-23.6285,1000,timeout,0,0,1,0.159678,1.276212,0.66296,0.191603
2056,-28.3514,195,crash,0,1,0,0.815984,1.328612,0.662827,0.307494
2057,-67.6851,195,crash,0,1,0,0.729836,1.43375,0.662695,0.307657
2058,-75.5826,225,crash,0,1,0,0.276557,0.995699,0.662562,0.268372
2059,-49.5423,194,crash,0,1,0,0.605543,1.259293,0.662429,0.370407
2060,-50.9169,1000,timeout,0,0,1,0.102262,0.715996,0.662297,0.226801
2061,-52.4496,237,crash,0,1,0,0.326601,0.765445,0.662165,0.23906
2062,-66.6184,1000,timeout,0,0,1,0.086257,0.678514,0.662032,0.271016
2063,-44.862,187,crash,0,1,0,0.637748,1.127092,0.6619,0.122649
2064,-102.8553,169,crash,0,1,0,0.42449,1.289421,0.661767,0.161096
2065,-61.8165,195,crash,0,1,0,0.204347,0.635942,0.661635,0.218118
2066,-67.2338,203,crash,0,1,0,0.148849,0.538781,0.661503,0.196125
2067,-55.7477,220,crash,0,1,0,0.541878,1.007872,0.66137,0.336221
2068,-39.175,1000,timeout,0,0,1,0.06157,0.377162,0.661238,0.274995
2069,-72.0315,212,crash,0,1,0,0.302788,0.954979,0.661106,0.242925
2070,-52.2179,1000,timeout,0,0,1,0.141741,1.11633,0.660974,0.272825
2071,-34.0339,233,crash,0,1,0,0.438231,0.978163,0.660841,0.316047
2072,-38.9597,191,crash,0,1,0,0.7983,1.479287,0.660709,0.267923
2073,-60.9866,1000,timeout,0,0,1,0.086212,0.545325,0.660577,0.304275
2074,-82.872,168,crash,0,1,0,0.272462,0.786729,0.660445,0.175841
2075,-42.1305,1000,timeout,0,0,1,0.10715,0.677092,0.660313,0.296734
2076,-58.1573,1000,timeout,0,0,1,0.11959,1.037113,0.660181,0.239852
2077,-66.1481,223,crash,0,1,0,0.620685,1.180249,0.660049,0.472736
2078,-55.6719,1000,timeout,0,0,1,0.132627,0.977096,0.659917,0.24457
2079,-85.0278,257,crash,0,1,0,0.327619,0.821809,0.659785,0.266741
2080,-64.1044,178,crash,0,1,0,0.280858,0.652167,0.659653,0.214874
2081,-59.1399,235,crash,0,1,0,0.402745,0.943843,0.659521,0.218494
2082,-52.8953,189,crash,0,1,0,0.489002,1.002865,0.659389,0.329131
2083,-36.6564,195,crash,0,1,0,0.786666,1.402164,0.659257,0.248143
2084,-47.8108,192,crash,0,1,0,0.574108,1.033136,0.659125,0.311799
2085,-49.0422,260,crash,0,1,0,0.521571,1.150241,0.658993,0.16847
2086,-32.2217,1000,timeout,0,0,1,0.124272,1.144586,0.658862,0.378133
2087,-57.3418,177,crash,0,1,0,0.727962,1.554763,0.65873,0.152312
2088,-73.8047,186,crash,0,1,0,0.489101,1.548134,0.658598,0.232345
2089,-62.587,205,crash,0,1,0,0.229948,0.539688,0.658466,0.250196
2090,-88.1182,197,crash,0,1,0,0.269502,0.924308,0.658335,0.232985
2091,-51.2152,1000,timeout,0,0,1,0.116829,0.825799,0.658203,0.24991
2092,-42.0904,1000,timeout,0,0,1,0.116039,0.752996,0.658071,0.191024
2093,-18.2714,226,crash,0,1,0,0.569377,1.214055,0.65794,0.28242
2094,-60.4027,221,crash,0,1,0,0.745098,1.320003,0.657808,0.196595
2095,-64.4813,232,crash,0,1,0,0.16419,0.471016,0.657677,0.169959
2096,-61.3343,211,crash,0,1,0,0.683524,1.254346,0.657545,0.246574
2097,-14.2595,1000,timeout,0,0,1,0.200108,1.143618,0.657414,0.307386
2098,-34.1973,1000,timeout,0,0,1,0.160348,1.022909,0.657282,0.306813
2099,-67.7571,216,crash,0,1,0,0.406781,0.86018,0.657151,0.177017
2100,-45.06,226,crash,0,1,0,0.212923,0.601241,0.657019,0.252171
2101,-28.6004,1000,timeout,0,0,1,0.1004,0.662298,0.656888,0.266664
2102,-25.5295,1000,timeout,0,0,1,0.148882,1.071817,0.656756,0.182188
2103,-45.1404,210,crash,0,1,0,0.613803,1.135119,0.656625,0.207546
2104,-24.147,1000,timeout,0,0,1,0.116964,0.888725,0.656494,0.24876
2105,-50.1377,213,crash,0,1,0,0.410181,0.897699,0.656362,0.465963
2106,-55.4723,1000,timeout,0,0,1,0.090197,0.638893,0.656231,0.206248
2107,-62.5638,190,crash,0,1,0,0.249994,0.687996,0.6561,0.144757
2108,-42.9988,221,crash,0,1,0,0.565452,1.088662,0.655969,0.332847
2109,-37.521,217,crash,0,1,0,0.495036,1.213015,0.655838,0.345143
2110,-31.7559,1000,timeout,0,0,1,0.134332,1.164186,0.655706,0.270843
2111,-45.2479,204,crash,0,1,0,0.570128,1.244412,0.655575,0.297274
2112,-50.2771,1000,timeout,0,0,1,0.11021,0.670897,0.655444,0.253064
2113,-32.9541,206,crash,0,1,0,0.499592,0.877707,0.655313,0.146682
2114,-61.0986,1000,timeout,0,0,1,0.085778,0.756634,0.655182,0.371231
2115,-74.5156,216,crash,0,1,0,0.434163,0.80202,0.655051,0.094808
2116,-44.9568,190,crash,0,1,0,0.718479,1.271952,0.65492,0.229833
2117,-52.1967,1000,timeout,0,0,1,0.100841,0.878641,0.654789,0.266364
2118,-66.5395,1000,timeout,0,0,1,0.098628,0.609319,0.654658,0.32124
2119,-28.7272,1000,timeout,0,0,1,0.104472,0.967067,0.654527,0.316133
2120,-38.1467,229,crash,0,1,0,0.358911,0.974191,0.654396,0.272376
2121,-24.3445,1000,timeout,0,0,1,0.155352,1.404338,0.654265,0.26156
2122,-19.9161,1000,timeout,0,0,1,0.087931,0.580996,0.654134,0.250869
2123,-38.7026,1000,timeout,0,0,1,0.124451,0.942015,0.654004,0.351032
2124,-42.3504,1000,timeout,0,0,1,0.121973,0.767152,0.653873,0.250145
2125,-50.4885,194,crash,0,1,0,0.404604,0.869968,0.653742,0.280322
2126,-49.405,1000,timeout,0,0,1,0.139423,1.044021,0.653611,0.257786
2127,-31.9075,275,crash,0,1,0,0.472337,1.258881,0.653481,0.199014
2128,-48.7345,198,crash,0,1,0,0.403468,0.924281,0.65335,0.48701
2129,-47.0105,219,crash,0,1,0,0.441893,1.087096,0.653219,0.192974
2130,-36.8706,234,crash,0,1,0,0.247631,0.650321,0.653089,0.206512
2131,-60.4519,206,crash,0,1,0,0.239098,0.557282,0.652958,0.294872
2132,-94.6421,256,crash,0,1,0,0.638051,1.342045,0.652827,0.495974
2133,-42.0379,200,crash,0,1,0,0.464342,0.979626,0.652697,0.276632
2134,-74.3299,179,crash,0,1,0,0.407062,1.117961,0.652566,0.430016
2135,-61.4476,1000,timeout,0,0,1,0.095332,0.583208,0.652436,0.263666
2136,-25.4923,1000,timeout,0,0,1,0.142028,1.057573,0.652305,0.212782
2137,-42.2433,200,crash,0,1,0,0.400098,0.845334,0.652175,0.199687
2138,-54.6868,191,crash,0,1,0,0.568193,1.282353,0.652044,0.198202
2139,-40.2462,222,crash,0,1,0,0.288063,0.727207,0.651914,0.18286
2140,-29.589,219,crash,0,1,0,0.615639,1.365969,0.651784,0.275717
2141,-42.7366,211,crash,0,1,0,0.447668,1.028121,0.651653,0.235954
2142,-90.8856,221,crash,0,1,0,0.310513,0.665685,0.651523,0.13752
2143,-58.936,1000,timeout,0,0,1,0.093169,0.793376,0.651393,0.225563
2144,-55.612,225,crash,0,1,0,0.462941,1.159737,0.651262,0.155401
2145,-26.4853,1000,timeout,0,0,1,0.109432,0.842236,0.651132,0.233711
2146,-42.3491,1000,timeout,0,0,1,0.116334,0.756744,0.651002,0.263222
2147,-28.6223,1000,timeout,0,0,1,0.092848,0.806843,0.650872,0.247374
2148,-88.429,195,crash,0,1,0,0.29966,0.735847,0.650741,0.210522
2149,-48.5193,226,crash,0,1,0,0.187368,0.518058,0.650611,0.188406
2150,-42.7806,202,crash,0,1,0,0.356204,0.816266,0.650481,0.149101
2151,-72.6819,192,crash,0,1,0,0.078254,0.245465,0.650351,0.166078
2152,-84.8236,232,crash,0,1,0,0.458631,0.983457,0.650221,0.221681
2153,-73.2664,190,crash,0,1,0,0.620056,1.538471,0.650091,0.172534
2154,-44.4336,1000,timeout,0,0,1,0.115953,0.729001,0.649961,0.326384
2155,-49.104,201,crash,0,1,0,0.402074,0.964009,0.649831,0.363084
2156,-100.5212,181,crash,0,1,0,0.340549,0.973199,0.649701,0.230226
2157,-43.7784,209,crash,0,1,0,0.59524,1.245364,0.649571,0.237528
2158,-50.5105,1000,timeout,0,0,1,0.096023,1.043665,0.649441,0.244281
2159,-75.3359,225,crash,0,1,0,0.169839,0.437687,0.649311,0.293393
2160,-88.4571,181,crash,0,1,0,0.270755,0.782783,0.649181,0.293913
2161,-77.3065,214,crash,0,1,0,0.248952,0.620769,0.649051,0.26615
2162,-44.4221,264,crash,0,1,0,0.631656,1.311387,0.648922,0.173668
2163,-63.452,196,crash,0,1,0,0.287895,0.813045,0.648792,0.215782
2164,-37.645,1000,timeout,0,0,1,0.105595,0.868284,0.648662,0.33341
2165,-56.6264,164,crash,0,1,0,0.9533,1.694437,0.648532,0.235423
2166,-11.3197,1000,timeout,0,0,1,0.073042,0.491784,0.648403,0.198571
2167,-27.5041,1000,timeout,0,0,1,0.200095,1.192484,0.648273,0.30739
2168,-55.1853,214,crash,0,1,0,0.437031,0.888741,0.648143,0.139195
2169,-52.5005,212,crash,0,1,0,0.262095,0.736002,0.648014,0.275744
2170,-33.7967,1000,timeout,0,0,1,0.124478,0.917816,0.647884,0.226607
2171,-64.5469,183,crash,0,1,0,0.494387,1.251322,0.647755,0.109538
2172,-77.5671,200,crash,0,1,0,0.234815,0.661591,0.647625,0.303488
2173,-95.508,242,crash,0,1,0,0.636069,1.433445,0.647495,0.302466
2174,-82.2089,222,crash,0,1,0,0.286279,1.081538,0.647366,0.307113
2175,-54.4909,233,crash,0,1,0,0.615239,1.043534,0.647237,0.280442
2176,-88.7799,198,crash,0,1,0,0.27756,0.718569,0.647107,0.29152
2177,-78.8044,214,crash,0,1,0,0.356384,0.725048,0.646978,0.40449
2178,-75.6463,215,crash,0,1,0,0.310936,0.596707,0.646848,0.385659
2179,-56.5884,1000,timeout,0,0,1,0.058115,0.420762,0.646719,0.236944
2180,-52.6583,231,crash,0,1,0,0.288357,0.637028,0.64659,0.310083
2181,-66.2589,201,crash,0,1,0,0.288394,0.864666,0.64646,0.44658
2182,-74.8823,201,crash,0,1,0,0.17677,0.509392,0.646331,0.172638
2183,-54.6019,201,crash,0,1,0,0.300819,0.745823,0.646202,0.267466
2184,-18.1977,1000,timeout,0,0,1,0.160195,1.157759,0.646072,0.246881
2185,-40.9998,1000,timeout,0,0,1,0.076147,0.61944,0.645943,0.288408
2186,-29.2781,1000,timeout,0,0,1,0.139146,1.187438,0.645814,0.233757
2187,-34.054,1000,timeout,0,0,1,0.167776,1.193594,0.645685,0.266751
2188,-40.4979,1000,timeout,0,0,1,0.105371,0.999534,0.645556,0.201087
2189,-65.8237,423,crash,0,1,0,0.43204,1.050052,0.645427,0.253165
2190,-56.5688,194,crash,0,1,0,0.605439,1.333234,0.645298,0.240102
2191,-73.8235,195,crash,0,1,0,0.450211,0.847464,0.645168,0.121976
2192,-59.6111,212,crash,0,1,0,0.643439,1.33352,0.645039,0.233954
2193,-75.1629,210,crash,0,1,0,0.541589,1.247843,0.64491,0.307589
2194,-73.5026,189,crash,0,1,0,0.355313,1.076123,0.644781,0.321472
2195,-58.8039,1000,timeout,0,0,1,0.099028,0.633054,0.644652,0.28654
2196,-44.1397,200,crash,0,1,0,0.638031,1.244395,0.644524,0.366102
2197,-81.4173,206,crash,0,1,0,0.328551,0.747725,0.644395,0.358709
2198,-74.6686,197,crash,0,1,0,0.135899,0.372591,0.644266,0.358161
2199,-24.8015,1000,timeout,0,0,1,0.206816,1.417377,0.644137,0.234641
2200,-45.6825,173,crash,0,1,0,0.706237,1.18305,0.644008,0.076923
2201,-52.3156,199,crash,0,1,0,0.480729,0.94552,0.643879,0.260726
2202,-48.7735,187,crash,0,1,0,0.697979,1.540184,0.643751,0.228691
2203,-39.8805,226,crash,0,1,0,0.678404,1.493612,0.643622,0.291001
2204,-69.7549,216,crash,0,1,0,0.29883,0.645563,0.643493,0.193074
2205,-39.8146,217,crash,0,1,0,0.376716,0.901678,0.643364,0.336327
2206,-47.4643,783,crash,0,1,0,0.284822,1.317992,0.643236,0.23047
2207,-97.2322,214,crash,0,1,0,0.418001,1.18452,0.643107,0.235104
2208,-29.0822,215,crash,0,1,0,0.525449,1.30982,0.642978,0.344039
2209,-83.1837,180,crash,0,1,0,0.316969,0.827142,0.64285,0.439912
2210,-73.1901,196,crash,0,1,0,0.322934,1.251725,0.642721,0.172875
2211,-93.9893,188,crash,0,1,0,0.408934,0.878201,0.642593,0.419289
2212,-67.9455,196,crash,0,1,0,0.382531,0.89711,0.642464,0.223417
2213,-67.704,187,crash,0,1,0,0.14414,0.382659,0.642336,0.503876
2214,-76.272,211,crash,0,1,0,0.14054,0.465072,0.642207,0.65087
2215,-97.3037,190,crash,0,1,0,0.44123,0.916071,0.642079,0.261924
2216,-59.9839,205,crash,0,1,0,0.482055,0.935203,0.64195,0.193211
2217,-90.609,221,crash,0,1,0,0.269341,0.868162,0.641822,0.3281
2218,-55.6714,1000,timeout,0,0,1,0.092786,0.717821,0.641694,0.252855
2219,-80.1536,185,crash,0,1,0,0.226325,0.57891,0.641565,0.183305
2220,-52.375,1000,timeout,0,0,1,0.119397,0.974668,0.641437,0.294217
2221,-26.4345,1000,timeout,0,0,1,0.092984,1.024839,0.641309,0.314588
2222,-49.0956,1000,timeout,0,0,1,0.159958,0.897726,0.64118,0.217309
2223,-34.511,208,crash,0,1,0,0.556734,1.193621,0.641052,0.201131
2224,-73.8047,166,crash,0,1,0,0.25491,0.749148,0.640924,0.359497
2225,-63.2785,196,crash,0,1,0,0.149894,0.468404,0.640796,0.333031
2226,-63.3159,1000,timeout,0,0,1,0.105512,0.840116,0.640668,0.328452
2227,-40.3998,185,crash,0,1,0,0.72921,1.39102,0.640539,0.158937
2228,-95.2706,201,crash,0,1,0,0.45257,1.053882,0.640411,0.485349
2229,-75.7533,253,crash,0,1,0,0.440343,0.958428,0.640283,0.444729
2230,-94.8537,187,crash,0,1,0,0.431487,0.910778,0.640155,0.347997
2231,-57.5255,204,crash,0,1,0,0.73093,1.453986,0.640027,0.431163
2232,-46.4136,1000,timeout,0,0,1,0.061124,0.534297,0.639899,0.246203
2233,-92.8816,261,crash,0,1,0,0.214663,0.659263,0.639771,0.341685
2234,-68.5706,205,crash,0,1,0,0.349429,1.192874,0.639643,0.294192
2235,-68.8396,201,crash,0,1,0,0.225202,0.668508,0.639515,0.390832
2236,-61.3522,181,crash,0,1,0,0.789265,1.611735,0.639387,0.390697
2237,-97.4668,201,crash,0,1,0,0.357243,0.917995,0.63926,0.123243
2238,-51.7538,1000,timeout,0,0,1,0.060264,0.526094,0.639132,0.300908
2239,-71.539,220,crash,0,1,0,0.384465,0.903078,0.639004,0.306249
2240,-77.4118,182,crash,0,1,0,0.266434,0.545727,0.638876,0.469871
2241,-67.2374,1000,timeout,0,0,1,0.093089,0.595119,0.638748,0.232005
2242,-49.9789,1000,timeout,0,0,1,0.104925,0.800663,0.638621,0.290683
2243,-60.1594,195,crash,0,1,0,0.376335,0.893424,0.638493,0.394106
2244,-39.2122,1000,timeout,0,0,1,0.092076,0.679209,0.638365,0.350932
2245,-69.0385,506,crash,0,1,0,0.405034,1.135004,0.638237,0.368514
2246,-40.3703,225,crash,0,1,0,0.661423,1.559241,0.63811,0.211936
2247,-45.1667,1000,timeout,0,0,1,0.097126,0.976958,0.637982,0.306165
2248,-71.6536,175,crash,0,1,0,0.64853,1.115344,0.637855,0.231431
2249,-38.4707,234,crash,0,1,0,0.305825,0.740507,0.637727,0.252605
2250,-60.2323,193,crash,0,1,0,0.382264,0.840473,0.637599,0.34594
2251,-34.0809,194,crash,0,1,0,0.723495,1.364086,0.637472,0.169904
2252,-83.2134,199,crash,0,1,0,0.196091,0.590966,0.637344,0.243326
2253,-69.5438,1000,timeout,0,0,1,0.081508,0.552594,0.637217,0.276357
2254,-42.2393,224,crash,0,1,0,0.315463,0.796351,0.63709,0.280025
2255,-64.0949,194,crash,0,1,0,0.604153,0.995151,0.636962,0.256903
2256,-103.8634,236,crash,0,1,0,0.767777,1.700446,0.636835,0.1189
2257,-91.4645,190,crash,0,1,0,0.378917,1.090106,0.636707,0.224328
2258,-77.7024,206,crash,0,1,0,0.204755,0.590336,0.63658,0.312937
2259,-23.0779,1000,timeout,0,0,1,0.189029,1.340805,0.636453,0.36493
2260,-25.3801,1000,timeout,0,0,1,0.136155,0.943537,0.636325,0.30994
2261,-55.6874,179,crash,0,1,0,0.824094,1.506618,0.636198,0.291785
2262,-48.7829,185,crash,0,1,0,0.572453,1.131471,0.636071,0.250248
2263,-65.535,178,crash,0,1,0,0.344122,0.684101,0.635944,0.242176
2264,-73.8443,181,crash,0,1,0,0.670151,1.564676,0.635816,0.273092
2265,-49.4369,181,crash,0,1,0,0.334948,0.783852,0.635689,0.299838
2266,-73.5605,188,crash,0,1,0,0.241175,0.552613,0.635562,0.257523
2267,-36.8174,206,crash,0,1,0,0.687378,1.479125,0.635435,0.296019
2268,-64.9237,1000,timeout,0,0,1,0.114605,0.638873,0.635308,0.279996
2269,-92.4211,189,crash,0,1,0,0.440832,1.032729,0.635181,0.343095
2270,-45.208,230,crash,0,1,0,0.492657,1.17062,0.635054,0.408809
2271,-70.6109,185,crash,0,1,0,0.613224,1.238332,0.634927,0.334829
2272,-54.058,217,crash,0,1,0,0.673229,1.603402,0.6348,0.323956
2273,-65.5614,234,crash,0,1,0,0.457998,0.884838,0.634673,0.361613
2274,-54.9172,204,crash,0,1,0,0.370312,1.042472,0.634546,0.288638
2275,-62.2104,198,crash,0,1,0,0.687198,1.472087,0.634419,0.392045
2276,9.097,1000,timeout,0,0,1,0.180339,1.120191,0.634292,0.345632
2277,-61.5452,201,crash,0,1,0,0.657769,1.237789,0.634165,0.170376
2278,-44.0442,1000,timeout,0,0,1,0.080047,0.627473,0.634039,0.377614
2279,-48.6584,189,crash,0,1,0,0.335861,0.813563,0.633912,0.4457
2280,-60.4005,180,crash,0,1,0,0.286484,0.782172,0.633785,0.406273
2281,-58.7865,212,crash,0,1,0,0.094771,0.343886,0.633658,0.30716
2282,-87.4356,216,crash,0,1,0,0.331464,0.849263,0.633531,0.073543
2283,-60.0306,1000,timeout,0,0,1,0.127081,0.795106,0.633405,0.356853
2284,-84.2863,206,crash,0,1,0,0.287795,0.679094,0.633278,0.222436
2285,-82.9219,207,crash,0,1,0,0.681842,1.489117,0.633151,0.305146
2286,-51.628,205,crash,0,1,0,0.732441,1.285457,0.633025,0.162724
2287,-99.9754,213,crash,0,1,0,0.785519,1.579964,0.632898,0.266857
2288,-46.761,196,crash,0,1,0,0.693642,1.489474,0.632772,0.379309
2289,-87.5818,187,crash,0,1,0,0.340771,0.77786,0.632645,0.212208
2290,-56.5098,195,crash,0,1,0,0.749037,1.365104,0.632519,0.375944
2291,-67.7777,208,crash,0,1,0,0.289067,0.704059,0.632392,0.421079
2292,-95.3158,212,crash,0,1,0,0.33051,0.990666,0.632266,0.268824
2293,-73.9554,220,crash,0,1,0,0.113891,0.316782,0.632139,0.297593
2294,-83.6414,179,crash,0,1,0,0.346413,0.901335,0.632013,0.25253
2295,-22.8219,1000,timeout,0,0,1,0.116191,0.780651,0.631886,0.273084
2296,-32.3966,227,crash,0,1,0,0.504323,1.151097,0.63176,0.217715
2297,-61.2703,1000,timeout,0,0,1,0.10926,0.698374,0.631634,0.3551
2298,-53.1571,193,crash,0,1,0,0.70593,1.367879,0.631507,0.376109
2299,-54.7323,190,crash,0,1,0,0.636834,1.250788,0.631381,0.40524
2300,-35.8446,1000,timeout,0,0,1,0.116308,0.742838,0.631255,0.356929
2301,-64.6335,1000,timeout,0,0,1,0.111664,0.780786,0.631128,0.256747
2302,-46.2334,209,crash,0,1,0,0.602624,1.202018,0.631002,0.300901
2303,-35.2815,1000,timeout,0,0,1,0.228115,1.386034,0.630876,0.362125
2304,-67.0145,183,crash,0,1,0,0.197053,0.589926,0.63075,0.514051
2305,-83.5792,197,crash,0,1,0,0.754914,1.414608,0.630624,0.222803
2306,-2.3583,1000,timeout,0,0,1,0.147402,1.135016,0.630497,0.311174
2307,-40.8955,197,crash,0,1,0,0.668629,1.300208,0.630371,0.320063
2308,-40.5184,1000,timeout,0,0,1,0.153542,1.126103,0.630245,0.321076
2309,-19.2681,1000,timeout,0,0,1,0.228552,1.601684,0.630119,0.207876
2310,-103.4318,187,crash,0,1,0,0.747174,1.484639,0.629993,0.284387
2311,-69.231,179,crash,0,1,0,0.258589,0.646199,0.629867,0.434379
2312,-27.8763,1000,timeout,0,0,1,0.15017,1.039528,0.629741,0.293005
2313,-49.0257,204,crash,0,1,0,0.357615,0.712656,0.629615,0.32068
2314,-122.8623,239,crash,0,1,0,0.354984,1.447861,0.629489,0.234512
2315,-56.2492,1000,timeout,0,0,1,0.089976,0.700113,0.629363,0.324373
2316,-30.8828,1000,timeout,0,0,1,0.086594,0.874922,0.629238,0.257493
2317,-63.1686,193,crash,0,1,0,0.17264,0.683455,0.629112,0.225801
2318,-51.4024,210,crash,0,1,0,0.228819,0.600583,0.628986,0.395225
2319,-82.8435,221,crash,0,1,0,0.302696,0.686554,0.62886,0.630671
2320,-35.9645,208,crash,0,1,0,0.326929,0.639539,0.628734,0.321548
2321,-79.0716,209,crash,0,1,0,0.231905,0.601644,0.628609,0.276665
2322,-50.9842,208,crash,0,1,0,0.712199,1.320451,0.628483,0.142729
2323,-65.4038,181,crash,0,1,0,0.909416,1.523774,0.628357,0.233513
2324,-44.1013,228,crash,0,1,0,0.358162,0.867106,0.628232,0.303783
2325,-48.8043,195,crash,0,1,0,0.73022,1.300725,0.628106,0.226264
2326,-84.0229,199,crash,0,1,0,0.273703,0.617835,0.62798,0.356029
2327,-53.37,222,crash,0,1,0,0.246842,0.669706,0.627855,0.168175
2328,-36.7261,1000,timeout,0,0,1,0.105088,1.017286,0.627729,0.343428
2329,-66.8146,186,crash,0,1,0,0.156731,0.633784,0.627604,0.270763
2330,-90.6387,191,crash,0,1,0,0.695049,1.434963,0.627478,0.376162
2331,-37.3289,203,crash,0,1,0,0.764269,1.501966,0.627353,0.146141
2332,-24.3181,1000,timeout,0,0,1,0.128459,0.718899,0.627227,0.225852
2333,-85.2607,207,crash,0,1,0,0.378763,0.746989,0.627102,0.163258
2334,-55.2417,171,crash,0,1,0,0.179123,0.511372,0.626976,0.416735
2335,-81.2415,234,crash,0,1,0,0.268658,0.618043,0.626851,0.308741
2336,-57.5932,169,crash,0,1,0,0.84391,1.530936,0.626725,0.289389
2337,-66.774,194,crash,0,1,0,0.307811,0.673154,0.6266,0.260878
2338,-74.6462,230,crash,0,1,0,0.390249,0.946025,0.626475,0.38279
2339,-55.0624,1000,timeout,0,0,1,0.126931,0.870891,0.626349,0.266035
2340,-56.8401,226,crash,0,1,0,0.234576,0.783025,0.626224,0.310171
2341,-90.1027,218,crash,0,1,0,0.306836,0.771671,0.626099,0.315966
2342,-87.3235,208,crash,0,1,0,0.719136,1.27005,0.625974,0.34258
2343,-75.6878,215,crash,0,1,0,0.363549,0.766182,0.625849,0.322119
2344,-85.7299,195,crash,0,1,0,0.376146,0.728052,0.625723,0.344159
2345,-67.8613,202,crash,0,1,0,0.307328,0.656637,0.625598,0.413993
2346,-98.7588,259,crash,0,1,0,0.612857,1.309436,0.625473,0.35622
2347,-76.0263,188,crash,0,1,0,0.834926,1.959557,0.625348,0.393823
2348,-61.7569,1000,timeout,0,0,1,0.053948,0.596855,0.625223,0.331854
2349,-62.2631,1000,timeout,0,0,1,0.149121,0.998543,0.625098,0.296079
2350,-60.733,181,crash,0,1,0,0.314612,0.777281,0.624973,0.309153
2351,-85.3009,182,crash,0,1,0,0.58322,1.126131,0.624848,0.209652
2352,-43.1159,1000,timeout,0,0,1,0.104253,0.767275,0.624723,0.421196
2353,-27.8056,1000,timeout,0,0,1,0.148331,0.942268,0.624598,0.295407
2354,-63.1955,962,crash,0,1,0,0.224711,1.325003,0.624473,0.32116
2355,-54.1122,242,crash,0,1,0,0.205871,0.642261,0.624348,0.444507
2356,-73.4847,209,crash,0,1,0,0.12477,0.472433,0.624223,0.414349
2357,-53.6496,400,crash,0,1,0,0.50898,1.125543,0.624098,0.247132
2358,-34.7612,212,crash,0,1,0,0.630599,1.11474,0.623974,0.331001
2359,-41.711,208,crash,0,1,0,0.596837,1.439127,0.623849,0.234384
2360,-48.7595,197,crash,0,1,0,0.316897,0.911332,0.623724,0.22773
2361,-51.7345,222,crash,0,1,0,0.53328,1.201087,0.623599,0.310592
2362,-48.5732,204,crash,0,1,0,0.724822,1.441103,0.623475,0.173348
2363,-58.4118,205,crash,0,1,0,0.225653,0.460418,0.62335,0.285739
2364,-65.951,214,crash,0,1,0,0.132167,0.347775,0.623225,0.312585
2365,-45.9469,1000,timeout,0,0,1,0.14322,1.00598,0.623101,0.326459
2366,-46.025,184,crash,0,1,0,0.829567,1.468601,0.622976,0.306535
2367,-86.3095,275,crash,0,1,0,0.173776,0.62418,0.622851,0.446809
2368,-53.1322,186,crash,0,1,0,0.640658,1.06741,0.622727,0.511882
2369,-56.3209,180,crash,0,1,0,0.737504,1.279716,0.622602,0.241968
2370,-60.0535,193,crash,0,1,0,0.525286,1.310402,0.622478,0.44293
2371,-85.0185,214,crash,0,1,0,0.342194,0.743688,0.622353,0.324826
2372,-60.8876,211,crash,0,1,0,0.487861,1.176058,0.622229,0.190148
2373,-53.306,201,crash,0,1,0,0.305567,0.891969,0.622104,0.298377
2374,-44.8377,202,crash,0,1,0,0.279181,0.837261,0.62198,0.149981
2375,-80.9727,224,crash,0,1,0,0.739166,1.573633,0.621856,0.36757
2376,-46.6929,175,crash,0,1,0,0.838143,1.638914,0.621731,0.415585
2377,-52.9381,226,crash,0,1,0,0.209878,0.852963,0.621607,0.278385
2378,-73.0625,216,crash,0,1,0,0.174087,0.546985,0.621482,0.514381
2379,-56.2129,208,crash,0,1,0,0.340827,0.881478,0.621358,0.381559
2380,-70.3027,203,crash,0,1,0,0.342882,0.892593,0.621234,0.318173
2381,-35.7073,194,crash,0,1,0,0.662498,1.267211,0.62111,0.618237
2382,-54.7266,190,crash,0,1,0,0.261306,0.76359,0.620985,0.374088
2383,-67.1068,190,crash,0,1,0,0.254392,0.89241,0.620861,0.433265
2384,-30.0469,1000,timeout,0,0,1,0.230395,1.291862,0.620737,0.226777
2385,-50.2637,187,crash,0,1,0,0.700279,1.276082,0.620613,0.302865
2386,-72.5379,204,crash,0,1,0,0.095083,0.260411,0.620489,0.287917
2387,-74.8274,187,crash,0,1,0,0.169581,0.619716,0.620365,0.345986
2388,-30.6804,191,crash,0,1,0,0.761809,1.341267,0.620241,0.218897
2389,-82.8537,194,crash,0,1,0,0.273997,0.774112,0.620117,0.259274
2390,-51.1556,209,crash,0,1,0,0.227562,0.766836,0.619993,0.414981
2391,-53.9127,189,crash,0,1,0,0.241707,0.58053,0.619869,0.29054
2392,-69.9328,212,crash,0,1,0,0.198516,0.524097,0.619745,0.357477
2393,-52.6268,191,crash,0,1,0,0.351277,0.797722,0.619621,0.411092
2394,-50.3048,182,crash,0,1,0,0.833312,1.368344,0.619497,0.275405
2395,-46.5145,262,crash,0,1,0,0.310287,1.175764,0.619373,0.2146
2396,-57.1517,242,crash,0,1,0,0.316336,0.895428,0.619249,0.354848
2397,-107.65,252,crash,0,1,0,0.662353,1.355252,0.619125,0.349274
2398,-51.483,1000,timeout,0,0,1,0.041377,0.378297,0.619001,0.257442
2399,-73.4527,200,crash,0,1,0,0.334538,0.602231,0.618877,0.371311
2400,-22.4693,1000,timeout,0,0,1,0.149895,0.989993,0.618754,0.284373
2401,-79.229,195,crash,0,1,0,0.754978,1.297426,0.61863,0.415311
2402,-46.0717,200,crash,0,1,0,0.653445,1.223406,0.618506,0.293248
2403,-30.3803,1000,timeout,0,0,1,0.077441,0.761003,0.618383,0.324611
2404,-81.9071,209,crash,0,1,0,0.24221,0.621272,0.618259,0.312931
2405,-13.6805,1000,timeout,0,0,1,0.098108,0.954239,0.618135,0.305651
2406,-56.6002,218,crash,0,1,0,0.150676,0.355582,0.618012,0.411205
2407,-58.4338,192,crash,0,1,0,0.299179,0.826372,0.617888,0.457102
2408,-51.0741,205,crash,0,1,0,0.654971,1.361674,0.617764,0.237886
2409,-33.1087,202,crash,0,1,0,0.611952,1.032952,0.617641,0.411606
2410,-50.9066,238,crash,0,1,0,0.345459,1.024832,0.617517,0.206655
2411,-76.3137,234,crash,0,1,0,0.206976,0.547481,0.617394,0.375668
2412,-42.3425,209,crash,0,1,0,0.578702,1.332386,0.61727,0.399617
2413,-54.8447,181,crash,0,1,0,0.313978,0.937544,0.617147,0.371726
2414,-57.0046,1000,timeout,0,0,1,0.041012,0.369151,0.617023,0.309751
2415,-47.31,1000,timeout,0,0,1,0.075415,0.740272,0.6169,0.383188
2416,-47.4254,209,crash,0,1,0,0.484902,1.364429,0.616777,0.466627
2417,-42.8333,207,crash,0,1,0,0.304113,0.747012,0.616653,0.17123
2418,-52.266,210,crash,0,1,0,0.591915,1.209679,0.61653,0.277438
2419,-42.85,185,crash,0,1,0,0.726147,1.340923,0.616407,0.454857
2420,-28.4069,198,crash,0,1,0,0.573182,1.172626,0.616283,0.185103
2421,-39.7457,182,crash,0,1,0,0.553839,1.090888,0.61616,0.191026
2422,-39.7628,231,crash,0,1,0,0.625026,1.456589,0.616037,0.298185
2423,-62.4397,182,crash,0,1,0,0.276427,0.722856,0.615914,0.195276
2424,-23.9517,1000,timeout,0,0,1,0.230006,1.321122,0.61579,0.291519
2425,-54.0189,204,crash,0,1,0,0.588522,1.191133,0.615667,0.469161
2426,-56.6181,214,crash,0,1,0,0.217584,0.707303,0.615544,0.394005
2427,-63.4234,198,crash,0,1,0,0.271993,0.822275,0.615421,0.440669
2428,-49.1821,1000,timeout,0,0,1,0.074112,0.735201,0.615298,0.333154
2429,-62.7491,210,crash,0,1,0,0.216384,0.567386,0.615175,0.274968
2430,-40.618,188,crash,0,1,0,0.739484,1.299906,0.615052,0.428855
2431,-53.1007,206,crash,0,1,0,0.588423,1.206997,0.614929,0.447319
2432,-47.9114,216,crash,0,1,0,0.658103,1.46337,0.614806,0.291605
2433,-69.9157,193,crash,0,1,0,0.188613,0.665271,0.614683,0.551057
2434,-51.6378,235,crash,0,1,0,0.393224,1.189416,0.61456,0.49029
2435,-35.2971,1000,timeout,0,0,1,0.092868,0.747685,0.614437,0.298925
2436,-17.3033,1000,timeout,0,0,1,0.09532,0.758737,0.614314,0.248761
2437,-85.8545,201,crash,0,1,0,0.882335,1.354286,0.614191,0.293056
2438,-54.2377,211,crash,0,1,0,0.487945,1.000249,0.614069,0.347073
2439,-51.7843,187,crash,0,1,0,0.636058,1.164711,0.613946,0.459871
2440,-44.4658,224,crash,0,1,0,0.435337,0.998371,0.613823,0.430951
2441,-72.4137,195,crash,0,1,0,0.197153,0.437013,0.6137,0.374981
2442,-55.3513,249,crash,0,1,0,0.713204,1.436779,0.613577,0.4069
2443,-53.3342,212,crash,0,1,0,0.371065,0.962737,0.613455,0.275551
2444,-54.5488,211,crash,0,1,0,0.575945,1.293877,0.613332,0.223038
2445,-56.7571,182,crash,0,1,0,0.570877,1.285558,0.613209,0.596907
2446,-28.7159,1000,timeout,0,0,1,0.183922,1.499071,0.613087,0.316469
2447,-49.2191,210,crash,0,1,0,0.405368,0.844335,0.612964,0.443309
2448,-64.9425,185,crash,0,1,0,0.195912,0.59943,0.612841,0.281014
2449,-69.7986,255,crash,0,1,0,0.234813,0.682812,0.612719,0.314834
2450,-52.8075,191,crash,0,1,0,0.225353,0.467907,0.612596,0.335302
2451,-46.0411,204,crash,0,1,0,0.715696,1.415591,0.612474,0.437246
2452,-54.7782,1000,timeout,0,0,1,0.065668,0.618241,0.612351,0.441508
2453,-43.9828,199,crash,0,1,0,0.627363,1.218155,0.612229,0.432134
2454,-66.1694,176,crash,0,1,0,0.133827,0.446207,0.612106,0.36629
2455,-51.5707,210,crash,0,1,0,0.754461,1.597676,0.611984,0.31633
2456,-48.8258,189,crash,0,1,0,0.224929,0.525436,0.611862,0.479394
2457,-59.3142,214,crash,0,1,0,0.302083,0.700386,0.611739,0.550007
2458,-41.0847,219,crash,0,1,0,0.684441,1.35015,0.611617,0.266838
2459,-66.5392,212,crash,0,1,0,0.295996,0.655823,0.611495,0.390038
2460,-53.1443,203,crash,0,1,0,0.262041,0.65757,0.611372,0.39114
2461,-43.1401,198,crash,0,1,0,0.545556,1.19222,0.61125,0.635809
2462,-27.1665,1000,timeout,0,0,1,0.214038,1.352617,0.611128,0.3318
2463,-57.269,184,crash,0,1,0,0.436618,0.98458,0.611006,0.500323
2464,-44.453,193,crash,0,1,0,0.269187,0.611094,0.610883,0.246532
2465,-38.8855,1000,timeout,0,0,1,0.172325,1.155744,0.610761,0.33888
2466,-66.2708,204,crash,0,1,0,0.184664,0.522547,0.610639,0.362228
2467,-64.2518,187,crash,0,1,0,0.175587,0.645039,0.610517,0.295562
2468,-41.562,1000,timeout,0,0,1,0.110172,1.145002,0.610395,0.374714
2469,-60.5149,220,crash,0,1,0,0.19358,0.718752,0.610273,0.442146
2470,-70.7123,207,crash,0,1,0,0.678638,1.223939,0.610151,0.299318
2471,-68.8445,244,crash,0,1,0,0.172975,0.552937,0.610029,0.527436
2472,-49.8185,196,crash,0,1,0,0.191907,0.6457,0.609907,0.268406
2473,-55.8266,1000,timeout,0,0,1,0.065461,0.631442,0.609785,0.346559
2474,-55.4779,212,crash,0,1,0,0.168429,0.504262,0.609663,0.291551
2475,-54.5472,1000,timeout,0,0,1,0.059892,0.709266,0.609541,0.350722
2476,-54.6647,234,crash,0,1,0,0.524953,1.475837,0.609419,0.236452
2477,-41.3554,1000,timeout,0,0,1,0.054651,0.533846,0.609297,0.379379
2478,-50.9038,184,crash,0,1,0,0.440809,0.817813,0.609175,0.349377
2479,-35.4367,195,crash,0,1,0,0.684928,1.394909,0.609053,0.456676
2480,-63.7484,204,crash,0,1,0,0.113849,0.476286,0.608931,0.441107
2481,-59.0689,228,crash,0,1,0,0.544562,1.111934,0.60881,0.26852
2482,-72.4283,175,crash,0,1,0,0.242322,0.726707,0.608688,0.298123
2483,-43.4492,194,crash,0,1,0,0.692868,1.274811,0.608566,0.234383
2484,-52.0915,190,crash,0,1,0,0.156405,0.523892,0.608444,0.30693
2485,-55.0855,201,crash,0,1,0,0.155987,0.338066,0.608323,0.266543
2486,-54.061,212,crash,0,1,0,0.691933,1.39253,0.608201,0.389447
2487,-30.0657,240,crash,0,1,0,0.639811,1.323728,0.608079,0.394687
2488,-50.6312,202,crash,0,1,0,0.456263,1.137066,0.607958,0.358983
2489,-13.1783,1000,timeout,0,0,1,0.16275,1.114438,0.607836,0.425006
2490,-68.104,177,crash,0,1,0,0.177032,0.655883,0.607715,0.44194
2491,-67.1881,200,crash,0,1,0,0.273205,0.831119,0.607593,0.334617
2492,-51.419,211,crash,0,1,0,0.500433,1.098375,0.607472,0.362081
2493,-58.3371,1000,timeout,0,0,1,0.042861,0.382825,0.60735,0.420095
2494,-19.9602,1000,timeout,0,0,1,0.147045,1.065554,0.607229,0.429164
2495,-52.1498,209,crash,0,1,0,0.595841,1.195704,0.607107,0.394607
2496,-52.6257,188,crash,0,1,0,0.718562,1.516813,0.606986,0.645483
2497,-42.586,231,crash,0,1,0,0.343288,0.943841,0.606864,0.529198
2498,-54.8616,196,crash,0,1,0,0.198115,0.495503,0.606743,0.339944
2499,-61.9288,203,crash,0,1,0,0.201348,0.587123,0.606622,0.296532
2500,-62.3406,186,crash,0,1,0,0.286216,0.740365,0.6065,0.221099
2501,-48.9397,1000,timeout,0,0,1,0.05934,0.390374,0.606379,0.304024
2502,-19.7322,1000,timeout,0,0,1,0.221227,1.312952,0.606258,0.389817
2503,-54.6347,196,crash,0,1,0,0.287188,0.909149,0.606137,0.445311
2504,-42.8399,207,crash,0,1,0,0.606198,1.211031,0.606015,0.43522
2505,-34.3957,192,crash,0,1,0,0.763037,1.291372,0.605894,0.12918
2506,-42.6709,230,crash,0,1,0,0.485561,1.152275,0.605773,0.378001
2507,-44.0329,1000,timeout,0,0,1,0.075249,0.650598,0.605652,0.346202
2508,-49.6621,209,crash,0,1,0,0.451057,1.069501,0.605531,0.444002
2509,-20.7914,1000,timeout,0,0,1,0.095308,0.93047,0.60541,0.449579
2510,-53.0678,198,crash,0,1,0,0.221781,0.735997,0.605288,0.535922
2511,-40.9824,1000,timeout,0,0,1,0.083139,0.672872,0.605167,0.394765
2512,-49.2777,1000,timeout,0,0,1,0.055831,0.490018,0.605046,0.352069
2513,-62.6497,185,crash,0,1,0,0.6552,1.299705,0.604925,0.147393
2514,-48.6896,1000,timeout,0,0,1,0.057837,0.504989,0.604804,0.317118
2515,-55.0409,218,crash,0,1,0,0.703243,1.383489,0.604683,0.235636
2516,-60.347,198,crash,0,1,0,0.300328,0.776096,0.604562,0.458141
2517,-55.3423,206,crash,0,1,0,0.15547,0.384265,0.604442,0.061949
2518,-68.5205,180,crash,0,1,0,0.740386,1.300065,0.604321,0.285868
2519,-63.3492,201,crash,0,1,0,0.127171,0.497054,0.6042,0.448639
2520,-59.7933,188,crash,0,1,0,0.210675,0.513115,0.604079,0.236171
2521,-76.7574,165,crash,0,1,0,0.251259,0.750401,0.603958,0.602642
2522,-45.772,223,crash,0,1,0,0.383393,1.090209,0.603837,0.375602
2523,-63.2189,172,crash,0,1,0,0.170107,0.749031,0.603717,0.368903
2524,-48.6848,269,crash,0,1,0,0.328669,0.869035,0.603596,0.413674
2525,-51.6684,187,crash,0,1,0,0.440511,0.944745,0.603475,0.312673
2526,-60.5448,191,crash,0,1,0,0.177372,0.703933,0.603354,0.232839
2527,-56.2195,201,crash,0,1,0,0.160022,0.433476,0.603234,0.369381
2528,-66.8948,205,crash,0,1,0,0.179768,0.482916,0.603113,0.440394
2529,-64.8427,1000,timeout,0,0,1,0.074082,0.655765,0.602992,0.339545
2530,-50.7733,181,crash,0,1,0,0.731534,1.40733,0.602872,0.340142
2531,-61.8991,196,crash,0,1,0,0.16177,0.516608,0.602751,0.326557
2532,-31.3925,1000,timeout,0,0,1,0.062173,0.797844,0.602631,0.284402
2533,-56.6483,197,crash,0,1,0,0.418052,1.047905,0.60251,0.339722
2534,-63.4036,192,crash,0,1,0,0.176599,0.74929,0.60239,0.294133
2535,-41.6731,197,crash,0,1,0,0.670401,1.224839,0.602269,0.268748
2536,-41.777,188,crash,0,1,0,0.385453,0.935645,0.602149,0.525128
2537,-61.196,183,crash,0,1,0,0.246207,0.75293,0.602028,0.206227
2538,-39.5048,187,crash,0,1,0,0.505449,1.114482,0.601908,0.273746
2539,-48.0901,190,crash,0,1,0,0.494354,1.049414,0.601788,0.365764
2540,-19.9135,211,crash,0,1,0,0.53644,1.16997,0.601667,0.440908
2541,-39.5357,205,crash,0,1,0,0.506681,1.003864,0.601547,0.238653
2542,-66.5546,190,crash,0,1,0,0.137238,0.603729,0.601427,0.350458
2543,-68.5032,178,crash,0,1,0,0.650153,1.206921,0.601306,0.159251
2544,-52.7946,176,crash,0,1,0,0.277189,0.671432,0.601186,0.54063
2545,-58.8732,177,crash,0,1,0,0.099201,0.304478,0.601066,0.546939
2546,-53.2029,193,crash,0,1,0,0.585496,1.168554,0.600946,0.403105
2547,-59.7597,188,crash,0,1,0,0.41957,0.985439,0.600825,0.468471
2548,-28.9294,191,crash,0,1,0,0.750927,1.312549,0.600705,0.206758
2549,-40.3456,188,crash,0,1,0,0.708046,1.356545,0.600585,0.39901
2550,-47.9871,201,crash,0,1,0,0.553358,1.084292,0.600465,0.266813
2551,-55.8284,215,crash,0,1,0,0.361652,0.869827,0.600345,0.44273
2552,-58.9316,173,crash,0,1,0,0.204383,0.670579,0.600225,0.247714
2553,-68.9636,208,crash,0,1,0,0.565787,1.068785,0.600105,0.278861
2554,-36.2812,191,crash,0,1,0,0.797066,1.524616,0.599985,0.601853
2555,-49.8177,188,crash,0,1,0,0.523009,1.007326,0.599865,0.322877
2556,-31.9008,1000,timeout,0,0,1,0.135921,1.156593,0.599745,0.405301
2557,-42.1206,192,crash,0,1,0,0.667013,1.130003,0.599625,0.152689
2558,-54.3473,186,crash,0,1,0,0.154196,0.660616,0.599505,0.306701
2559,-51.3159,205,crash,0,1,0,0.382634,0.846444,0.599385,0.363855
2560,-45.126,200,crash,0,1,0,0.696746,1.442841,0.599265,0.187553
2561,-23.2366,1000,timeout,0,0,1,0.057426,0.435469,0.599145,0.412676
2562,-61.7944,196,crash,0,1,0,0.326858,0.805712,0.599025,0.296915
2563,-34.1176,1000,timeout,0,0,1,0.082894,0.739372,0.598906,0.376293
2564,-39.5705,236,crash,0,1,0,0.533143,1.242094,0.598786,0.545672
2565,-43.5842,202,crash,0,1,0,0.408607,1.066633,0.598666,0.393215
2566,-57.0475,192,crash,0,1,0,0.312991,0.793901,0.598546,0.400266
2567,-8.6321,1000,timeout,0,0,1,0.11707,0.89206,0.598427,0.359271
2568,-82.2141,966,crash,0,1,0,0.146017,0.728388,0.598307,0.445536
2569,-14.7288,1000,timeout,0,0,1,0.150103,0.986347,0.598187,0.304766
2570,-43.0948,1000,timeout,0,0,1,0.088181,0.739837,0.598068,0.396734
2571,-42.0107,203,crash,0,1,0,0.618714,1.123376,0.597948,0.39961
2572,-55.2359,182,crash,0,1,0,0.198108,0.707861,0.597828,0.291352
2573,-44.6108,1000,timeout,0,0,1,0.078339,0.821677,0.597709,0.413744
2574,-52.7485,218,crash,0,1,0,0.403777,1.053339,0.597589,0.317205
2575,-29.4244,1000,timeout,0,0,1,0.178628,1.398021,0.59747,0.391095
2576,-58.4836,184,crash,0,1,0,0.243304,0.598588,0.59735,0.353408
2577,-38.0529,183,crash,0,1,0,0.832786,1.509327,0.597231,0.232714
2578,-90.1667,173,crash,0,1,0,0.818257,1.471251,0.597111,0.296789
2579,-46.0115,197,crash,0,1,0,0.433153,1.060469,0.596992,0.511545
2580,-52.6251,187,crash,0,1,0,0.21067,0.672576,0.596873,0.359386
2581,-45.4889,204,crash,0,1,0,0.747024,1.419271,0.596753,0.304324
2582,-51.3074,208,crash,0,1,0,0.471355,1.279717,0.596634,0.329747
2583,-57.3504,192,crash,0,1,0,0.225678,0.698602,0.596515,0.395567
2584,-6.4828,1000,timeout,0,0,1,0.176884,1.146142,0.596395,0.34469
2585,-61.615,196,crash,0,1,0,0.239541,0.80301,0.596276,0.628098
2586,-47.2497,197,crash,0,1,0,0.652833,1.199613,0.596157,0.350164
2587,-29.989,1000,timeout,0,0,1,0.103972,0.986321,0.596037,0.306932
2588,-62.1587,188,crash,0,1,0,0.25408,0.880223,0.595918,0.19285
2589,-35.2553,207,crash,0,1,0,0.641249,1.277187,0.595799,0.311657
2590,-29.6351,1000,timeout,0,0,1,0.061197,0.663273,0.59568,0.368047
2591,-66.8088,169,crash,0,1,0,0.174974,0.653511,0.595561,0.266413
2592,-52.1125,186,crash,0,1,0,0.593897,1.128849,0.595442,0.431714
2593,-53.7189,194,crash,0,1,0,0.16551,0.734859,0.595323,0.381464
2594,-53.5478,212,crash,0,1,0,0.230491,0.643765,0.595204,0.353096
2595,-58.2705,186,crash,0,1,0,0.442776,1.274712,0.595084,0.137959
2596,-37.2148,182,crash,0,1,0,0.810654,1.727636,0.594965,0.340611
2597,-58.1675,183,crash,0,1,0,0.234732,0.673204,0.594846,0.336229
2598,-70.8274,178,crash,0,1,0,0.250951,0.964215,0.594727,0.669107
2599,-49.973,198,crash,0,1,0,0.869624,1.566221,0.594609,0.434558
2600,-57.2577,213,crash,0,1,0,0.266486,0.783725,0.59449,0.326191
2601,-60.9449,188,crash,0,1,0,0.200295,0.599928,0.594371,0.426061
2602,-43.4431,194,crash,0,1,0,0.674533,1.057417,0.594252,0.347355
2603,-49.3786,177,crash,0,1,0,0.515229,0.951394,0.594133,0.32339
2604,-55.5295,199,crash,0,1,0,0.270396,0.667701,0.594014,0.367081
2605,-46.903,239,crash,0,1,0,0.602842,1.48537,0.593895,0.326999
2606,-62.7675,209,crash,0,1,0,0.249676,0.75479,0.593777,0.202505
2607,-49.8432,200,crash,0,1,0,0.485528,1.079102,0.593658,0.220085
2608,-41.7317,208,crash,0,1,0,0.655933,1.213564,0.593539,0.250035
2609,-59.1577,204,crash,0,1,0,0.252235,0.740075,0.59342,0.406625
2610,-49.6881,207,crash,0,1,0,0.700215,1.230569,0.593302,0.376011
2611,-57.2806,203,crash,0,1,0,0.419398,1.15227,0.593183,0.246979
2612,-46.1058,181,crash,0,1,0,0.413589,1.002109,0.593064,0.281081
2613,-55.0041,206,crash,0,1,0,0.722362,1.562194,0.592946,0.243996
2614,-42.0505,1000,timeout,0,0,1,0.076162,0.751775,0.592827,0.308761
2615,-49.9061,186,crash,0,1,0,0.487197,0.938844,0.592709,0.387958
2616,-51.2085,197,crash,0,1,0,0.366431,0.96681,0.59259,0.725721
2617,-54.7201,196,crash,0,1,0,0.206745,0.658626,0.592472,0.296446
2618,-86.687,226,crash,0,1,0,0.61577,1.112157,0.592353,0.298322
2619,-51.39,1000,timeout,0,0,1,0.065883,1.023017,0.592235,0.361319
2620,-52.2746,178,crash,0,1,0,0.338543,1.000633,0.592116,0.634118
2621,-58.4852,1000,timeout,0,0,1,0.06019,0.623373,0.591998,0.403455
2622,-53.4431,175,crash,0,1,0,0.477247,0.990575,0.591879,0.29057
2623,-52.4143,177,crash,0,1,0,0.184755,0.600659,0.591761,0.389743
2624,-61.1152,183,crash,0,1,0,0.170397,0.740399,0.591643,0.216778
2625,-58.874,216,crash,0,1,0,0.589095,1.112504,0.591524,0.461946
2626,-50.1996,195,crash,0,1,0,0.360961,0.924466,0.591406,0.237849
2627,-45.5569,185,crash,0,1,0,0.466369,1.194027,0.591288,0.188451
2628,-47.0246,192,crash,0,1,0,0.515642,1.076126,0.591169,0.264077
2629,-72.9054,182,crash,0,1,0,0.304208,1.005558,0.591051,0.311519
2630,-63.755,217,crash,0,1,0,0.727889,1.746725,0.590933,0.448117
2631,-55.0329,214,crash,0,1,0,0.236271,0.605063,0.590815,0.529187
2632,-37.9157,218,crash,0,1,0,0.503806,1.000405,0.590697,0.360434
2633,-52.0777,224,crash,0,1,0,0.356624,1.062306,0.590579,0.257583
2634,-60.0582,183,crash,0,1,0,0.521286,1.245364,0.59046,0.422462
2635,-40.27,203,crash,0,1,0,0.383032,0.799304,0.590342,0.291959
2636,-65.1,200,crash,0,1,0,0.174476,0.727413,0.590224,0.291999
2637,-62.05,184,crash,0,1,0,0.204573,0.692347,0.590106,0.404233
2638,-64.5567,195,crash,0,1,0,0.173669,0.49555,0.589988,0.426289
2639,-56.3041,195,crash,0,1,0,0.204485,0.609802,0.58987,0.207604
2640,-55.2612,233,crash,0,1,0,0.558466,1.515236,0.589752,0.503876
2641,-64.6065,202,crash,0,1,0,0.632632,1.386134,0.589634,0.61554
2642,-29.1028,207,crash,0,1,0,0.708396,1.347557,0.589516,0.254113
2643,-63.7139,190,crash,0,1,0,0.18781,0.5312,0.589398,0.603838
2644,-52.5854,188,crash,0,1,0,0.5263,1.04971,0.589281,0.520937
2645,-56.6316,191,crash,0,1,0,0.477715,1.006242,0.589163,0.552978
2646,-57.3748,217,crash,0,1,0,0.383564,1.095178,0.589045,0.341861
2647,-60.2801,176,crash,0,1,0,0.391002,0.872579,0.588927,0.199419
2648,-49.7796,189,crash,0,1,0,0.438019,1.175315,0.588809,0.346425
2649,-62.4363,173,crash,0,1,0,0.215418,0.507183,0.588692,0.402955
2650,-57.7517,186,crash,0,1,0,0.186393,0.529702,0.588574,0.580508
2651,-59.0269,184,crash,0,1,0,0.230061,0.707638,0.588456,0.438969
2652,-56.7975,176,crash,0,1,0,0.277878,0.798286,0.588338,0.536044
2653,-44.1086,206,crash,0,1,0,0.593339,1.203722,0.588221,0.370469
2654,-43.1296,204,crash,0,1,0,0.68626,1.224675,0.588103,0.481258
2655,-42.3122,1000,timeout,0,0,1,0.100288,0.996018,0.587985,0.411632
2656,-65.4194,170,crash,0,1,0,0.170356,0.648478,0.587868,0.584862
2657,-66.3891,190,crash,0,1,0,0.207394,0.729185,0.58775,0.509201
2658,-26.9423,1000,timeout,0,0,1,0.142748,1.019526,0.587633,0.376155
2659,-54.0606,179,crash,0,1,0,0.277198,0.745609,0.587515,0.306533
2660,-73.6781,177,crash,0,1,0,0.146741,0.450119,0.587398,0.459002
2661,-38.22,225,crash,0,1,0,0.590188,1.572012,0.58728,0.408927
2662,-41.9833,184,crash,0,1,0,0.537524,0.977011,0.587163,0.528533
2663,-61.9807,168,crash,0,1,0,0.219459,0.769351,0.587045,0.357447
2664,-34.5019,249,crash,0,1,0,0.523304,1.039104,0.586928,0.338691
2665,-79.0381,198,crash,0,1,0,0.206009,0.629232,0.586811,0.622732
2666,-65.5556,176,crash,0,1,0,0.224645,0.586233,0.586693,0.335926
2667,-45.3628,210,crash,0,1,0,0.697401,1.318278,0.586576,0.374628
2668,-51.3442,255,crash,0,1,0,0.611293,1.299141,0.586459,0.614034
2669,-49.2928,230,crash,0,1,0,0.319029,1.006393,0.586341,0.304226
2670,-55.7216,198,crash,0,1,0,0.242102,0.530441,0.586224,0.299768
2671,-56.5977,177,crash,0,1,0,0.260717,0.723126,0.586107,0.297213
2672,-63.4872,174,crash,0,1,0,0.168732,0.724299,0.585989,0.464309
2673,-51.2268,189,crash,0,1,0,0.582293,1.180358,0.585872,0.392188
2674,-60.0689,200,crash,0,1,0,0.261361,0.870175,0.585755,0.607108
2675,-60.5101,189,crash,0,1,0,0.282637,0.850021,0.585638,0.652609
2676,-43.8625,227,crash,0,1,0,0.404788,1.040574,0.585521,0.32733
2677,-47.944,189,crash,0,1,0,0.342761,0.757828,0.585404,0.343421
2678,-69.8646,190,crash,0,1,0,0.433284,0.979252,0.585287,0.249002
2679,-51.8025,195,crash,0,1,0,0.429936,1.062592,0.58517,0.385594
2680,-95.6176,236,crash,0,1,0,0.621078,1.193566,0.585053,0.545735
2681,-42.7026,227,crash,0,1,0,0.496106,1.085976,0.584936,0.322507
2682,-88.6812,199,crash,0,1,0,0.215634,0.777949,0.584819,0.486461
2683,-88.8482,205,crash,0,1,0,0.468756,0.848693,0.584702,0.504041
2684,-71.2791,194,crash,0,1,0,0.306503,0.870071,0.584585,0.321896
2685,-57.0639,178,crash,0,1,0,0.78135,1.551282,0.584468,0.469386
2686,-58.4615,169,crash,0,1,0,0.180129,0.606667,0.584351,0.433108
2687,-57.1702,174,crash,0,1,0,0.249827,0.787797,0.584234,0.379105
2688,-62.3255,193,crash,0,1,0,0.32631,1.037486,0.584117,0.56153
2689,-36.4115,1000,timeout,0,0,1,0.112654,1.233291,0.584,0.448411
2690,-43.4372,199,crash,0,1,0,0.667741,1.194067,0.583883,0.357066
2691,-51.8724,176,crash,0,1,0,0.695768,1.270563,0.583767,0.463772
2692,-58.4867,178,crash,0,1,0,0.558928,1.12421,0.58365,0.404867
2693,-49.9408,207,crash,0,1,0,0.557298,1.048439,0.583533,0.381097
2694,-44.7631,175,crash,0,1,0,0.5293,1.065574,0.583417,0.517001
2695,-48.6289,203,crash,0,1,0,0.59276,1.184858,0.5833,0.508742
2696,-64.8317,234,crash,0,1,0,0.664224,1.485973,0.583183,0.309337
2697,-52.7808,195,crash,0,1,0,0.410915,1.010703,0.583067,0.510431
2698,-18.2023,1000,timeout,0,0,1,0.167595,1.204464,0.58295,0.463162
2699,-53.2547,193,crash,0,1,0,0.385467,1.01404,0.582833,0.530202
2700,-40.5808,206,crash,0,1,0,0.625322,1.0881,0.582717,0.524446
2701,-45.9317,210,crash,0,1,0,0.414612,0.924421,0.5826,0.433923
2702,-78.7053,180,crash,0,1,0,0.504909,0.888777,0.582484,0.28006
2703,-62.3685,196,crash,0,1,0,0.274245,0.98339,0.582367,0.425858
2704,-36.9045,1000,timeout,0,0,1,0.118804,1.046504,0.582251,0.585883
2705,-52.2937,1000,timeout,0,0,1,0.160339,1.153643,0.582134,0.436235
2706,-49.8839,176,crash,0,1,0,0.410926,1.090484,0.582018,0.384998
2707,-41.1924,179,crash,0,1,0,0.635017,1.256698,0.581901,0.432353
2708,-52.6593,188,crash,0,1,0,0.449629,1.012924,0.581785,0.553288
2709,-56.3858,163,crash,0,1,0,0.310779,0.795018,0.581669,0.653127
2710,-57.7117,232,crash,0,1,0,0.582263,1.183676,0.581552,0.215526
2711,-76.253,177,crash,0,1,0,0.417931,0.880112,0.581436,0.464284
2712,-50.3906,1000,timeout,0,0,1,0.086334,0.773803,0.58132,0.408231
2713,-55.8304,203,crash,0,1,0,0.354049,0.843253,0.581204,0.355141
2714,-54.4603,192,crash,0,1,0,0.209757,0.590076,0.581087,0.576394
2715,-29.9559,217,crash,0,1,0,0.678934,1.261893,0.580971,0.492562
2716,-76.2547,234,crash,0,1,0,0.675127,1.185144,0.580855,0.394182
2717,-64.0915,172,crash,0,1,0,0.192845,0.694999,0.580739,0.670882
2718,-25.0473,1000,timeout,0,0,1,0.234663,1.312527,0.580623,0.557552
2719,-57.1599,212,crash,0,1,0,0.302237,1.047569,0.580506,0.422829
2720,-69.7343,210,crash,0,1,0,0.241864,0.659335,0.58039,0.289272
2721,-36.2931,1000,timeout,0,0,1,0.119448,1.157483,0.580274,0.502722
2722,-23.4757,1000,timeout,0,0,1,0.153595,1.099236,0.580158,0.417822
2723,-64.0306,217,crash,0,1,0,0.64441,1.163698,0.580042,0.498418
2724,-24.7471,1000,timeout,0,0,1,0.084781,0.724677,0.579926,0.437985
2725,-66.9119,184,crash,0,1,0,0.187472,0.554517,0.57981,0.460496
2726,-46.6829,194,crash,0,1,0,0.527296,1.370324,0.579694,0.507883
2727,-51.5072,198,crash,0,1,0,0.310841,0.863896,0.579578,0.255749
2728,-51.4599,209,crash,0,1,0,0.575361,1.349428,0.579462,0.435571
2729,-81.2996,201,crash,0,1,0,0.684447,1.109202,0.579346,0.487189
2730,-29.6325,1000,timeout,0,0,1,0.179152,1.382717,0.579231,0.367307
2731,-76.8253,214,crash,0,1,0,0.131206,0.319338,0.579115,0.445429
2732,-38.9679,188,crash,0,1,0,0.753188,1.556738,0.578999,0.354381
2733,-97.8438,215,crash,0,1,0,0.594205,1.215284,0.578883,0.424004
2734,-43.4366,192,crash,0,1,0,0.703775,1.170307,0.578767,0.32478
2735,-61.4766,167,crash,0,1,0,0.202269,0.48077,0.578652,0.44456
2736,-39.202,183,crash,0,1,0,0.626083,1.237783,0.578536,0.508
2737,-30.8517,188,crash,0,1,0,0.603896,1.117575,0.57842,0.270809
2738,-40.5018,215,crash,0,1,0,0.600608,1.063432,0.578304,0.432851
2739,-56.9555,202,crash,0,1,0,0.273357,0.929463,0.578189,0.489525
2740,8.1613,1000,timeout,0,0,1,0.1907,1.248221,0.578073,0.455886
2741,-34.8584,197,crash,0,1,0,0.787346,1.550841,0.577958,0.591879
2742,-48.8636,1000,timeout,0,0,1,0.169905,1.098134,0.577842,0.480969
2743,-57.3335,180,crash,0,1,0,0.288212,0.731581,0.577726,0.522058
2744,-59.3728,190,crash,0,1,0,0.326918,0.797964,0.577611,0.553623
2745,-64.0111,197,crash,0,1,0,0.239465,0.665617,0.577495,0.200967
2746,-95.0476,171,crash,0,1,0,0.571349,1.281238,0.57738,0.358239
2747,-23.7969,1000,timeout,0,0,1,0.077636,0.744401,0.577264,0.51308
2748,-53.6892,184,crash,0,1,0,0.362267,0.903123,0.577149,0.411022
2749,-43.6076,1000,timeout,0,0,1,0.088902,0.722681,0.577033,0.456004
2750,-40.0286,1000,timeout,0,0,1,0.15948,1.196038,0.576918,0.490536
2751,-71.5015,186,crash,0,1,0,0.72689,1.344684,0.576803,0.352607
2752,-64.4669,182,crash,0,1,0,0.256337,0.648196,0.576687,0.400133
2753,-58.4505,174,crash,0,1,0,0.265231,0.790691,0.576572,0.626874
2754,-38.1249,209,crash,0,1,0,0.704602,1.318631,0.576457,0.403169
2755,-63.6453,207,crash,0,1,0,0.145981,0.582824,0.576341,0.426235
2756,-58.697,1000,timeout,0,0,1,0.07401,0.772122,0.576226,0.455487
2757,-74.3321,182,crash,0,1,0,0.479865,1.131204,0.576111,0.540041
2758,-52.4953,971,crash,0,1,0,0.167665,0.776778,0.575996,0.45132
2759,-50.2333,203,crash,0,1,0,0.733731,1.563828,0.57588,0.248438
2760,-59.647,200,crash,0,1,0,0.773082,1.241007,0.575765,0.488129
2761,-52.2397,188,crash,0,1,0,0.543749,0.965194,0.57565,0.352815
2762,-65.0294,172,crash,0,1,0,0.300559,0.835842,0.575535,0.434547
2763,-19.2846,1000,timeout,0,0,1,0.123624,1.200012,0.57542,0.373771
2764,-87.0917,208,crash,0,1,0,0.60084,1.228854,0.575305,0.550178
2765,-55.498,198,crash,0,1,0,0.377173,0.807667,0.57519,0.600489
2766,-53.5823,184,crash,0,1,0,0.424989,1.089403,0.575075,0.398854
2767,-48.845,214,crash,0,1,0,0.436196,1.049779,0.57496,0.425373
2768,-24.2656,232,crash,0,1,0,0.633779,1.270013,0.574845,0.582038
2769,-50.62,194,crash,0,1,0,0.360114,0.90101,0.57473,0.348272
2770,-62.6381,197,crash,0,1,0,0.272571,0.812605,0.574615,0.387868
2771,-44.6536,166,crash,0,1,0,0.65173,1.082702,0.5745,0.704686
2772,-38.7277,233,crash,0,1,0,0.626633,1.243282,0.574385,0.330976
2773,-63.0216,186,crash,0,1,0,0.312414,0.905591,0.57427,0.436963
2774,-41.8915,187,crash,0,1,0,0.725533,1.308346,0.574155,0.53709
2775,-54.7496,207,crash,0,1,0,0.322696,0.735871,0.57404,0.591332
2776,-60.0747,192,crash,0,1,0,0.166593,0.587725,0.573926,0.389072
2777,-41.7233,1000,timeout,0,0,1,0.098908,1.20168,0.573811,0.380362
2778,-27.3191,1000,timeout,0,0,1,0.150249,1.086955,0.573696,0.47264
2779,-45.7749,191,crash,0,1,0,0.489133,1.148639,0.573581,0.395241
2780,-55.7752,193,crash,0,1,0,0.264849,0.793714,0.573467,0.372169
2781,-30.4333,204,crash,0,1,0,0.713221,1.235365,0.573352,0.607538
2782,-47.8993,1000,timeout,0,0,1,0.069827,0.670641,0.573237,0.425679
2783,-42.8516,257,crash,0,1,0,0.205596,0.683272,0.573123,0.655055
2784,-66.5872,171,crash,0,1,0,0.166203,0.385876,0.573008,0.46801
2785,-54.2887,192,crash,0,1,0,0.287573,0.605046,0.572893,0.513218
2786,-59.3865,182,crash,0,1,0,0.165837,0.396919,0.572779,0.439613
2787,-60.6381,178,crash,0,1,0,0.114868,0.386005,0.572664,0.579473
2788,-64.3471,181,crash,0,1,0,0.237835,0.58455,0.57255,0.489045
2789,-53.5342,177,crash,0,1,0,0.283095,0.899641,0.572435,0.411406
2790,-52.9229,210,crash,0,1,0,0.353664,0.708391,0.572321,0.277126
2791,-55.3775,205,crash,0,1,0,0.348755,0.795277,0.572206,0.515133
2792,-45.2764,235,crash,0,1,0,0.525979,1.149615,0.572092,0.253682
2793,-53.8858,201,crash,0,1,0,0.234368,0.740388,0.571977,0.347359
2794,-72.7999,185,crash,0,1,0,0.249461,0.791224,0.571863,0.489309
2795,-51.21,218,crash,0,1,0,0.28899,0.726961,0.571749,0.52028
2796,-48.5621,226,crash,0,1,0,0.349124,0.914371,0.571634,0.307169
2797,-60.0115,202,crash,0,1,0,0.543269,1.13363,0.57152,0.543277
2798,-68.8929,182,crash,0,1,0,0.284485,0.800742,0.571406,0.384765
2799,-99.0194,245,crash,0,1,0,0.583523,1.199419,0.571291,0.488643
2800,-45.8411,183,crash,0,1,0,0.534737,1.170525,0.571177,0.342308
2801,-41.6437,188,crash,0,1,0,0.579916,1.019498,0.571063,0.450813
2802,-48.2661,206,crash,0,1,0,0.686451,1.240178,0.570949,0.512823
2803,-47.628,201,crash,0,1,0,0.694075,1.376464,0.570834,0.404141
2804,-52.5233,191,crash,0,1,0,0.317327,0.60121,0.57072,0.547367
2805,-48.3739,231,crash,0,1,0,0.361473,1.07757,0.570606,0.432911
2806,-63.7847,179,crash,0,1,0,0.218256,0.476271,0.570492,0.523173
2807,-34.5679,1000,timeout,0,0,1,0.176858,1.162821,0.570378,0.422129
2808,-55.7665,205,crash,0,1,0,0.34207,0.892344,0.570264,0.708572
2809,-62.7654,206,crash,0,1,0,0.172697,0.514759,0.57015,0.326583
2810,-54.6918,206,crash,0,1,0,0.216908,0.475371,0.570036,0.304359
2811,-42.7582,197,crash,0,1,0,0.611833,1.23299,0.569922,0.287733
2812,-52.0581,182,crash,0,1,0,0.306891,0.830863,0.569808,0.42999
2813,-54.2438,195,crash,0,1,0,0.715314,1.333414,0.569694,0.350331
2814,-55.9053,173,crash,0,1,0,0.17705,0.60368,0.56958,0.405485
2815,-49.1198,219,crash,0,1,0,0.332706,1.026509,0.569466,0.372915
2816,-52.9922,181,crash,0,1,0,0.828911,1.442226,0.569352,0.356815
2817,-50.3935,222,crash,0,1,0,0.560012,0.991281,0.569238,0.477976
2818,-46.1187,208,crash,0,1,0,0.460244,1.140158,0.569124,0.157493
2819,-58.7871,176,crash,0,1,0,0.234711,0.643819,0.569011,0.350615
2820,-55.2193,173,crash,0,1,0,0.253859,0.579935,0.568897,0.523196
2821,-61.0749,170,crash,0,1,0,0.879363,1.58372,0.568783,0.44068
2822,-50.8522,191,crash,0,1,0,0.339741,0.862473,0.568669,0.430085
2823,-35.1774,194,crash,0,1,0,0.673252,1.208974,0.568555,0.422506
2824,-68.2347,192,crash,0,1,0,0.21243,0.589705,0.568442,0.268545
2825,-66.0837,189,crash,0,1,0,0.345174,0.874903,0.568328,0.43044
2826,-55.4735,182,crash,0,1,0,0.699674,1.31755,0.568214,0.48501
2827,-38.097,176,crash,0,1,0,0.769808,1.247146,0.568101,0.510285
2828,-54.1421,226,crash,0,1,0,0.226102,0.707825,0.567987,0.421655
2829,-67.5619,180,crash,0,1,0,0.128374,0.525439,0.567874,0.192924
2830,-64.7467,186,crash,0,1,0,0.311457,0.587834,0.56776,0.283349
2831,-49.542,253,crash,0,1,0,0.26734,0.912567,0.567646,0.463762
2832,-37.3314,201,crash,0,1,0,0.58302,1.185606,0.567533,0.358472
2833,-66.5874,227,crash,0,1,0,0.564996,1.113528,0.567419,0.356198
2834,-55.997,174,crash,0,1,0,0.382065,0.989526,0.567306,0.531325
2835,-48.064,189,crash,0,1,0,0.376244,0.760919,0.567192,0.319293
2836,-62.8808,189,crash,0,1,0,0.205041,0.606254,0.567079,0.374575
2837,-48.455,201,crash,0,1,0,0.354704,0.854648,0.566966,0.436237
2838,-22.2969,200,crash,0,1,0,0.77143,1.388173,0.566852,0.488474
2839,-66.4427,192,crash,0,1,0,0.150913,0.523029,0.566739,0.093258
2840,-59.2017,217,crash,0,1,0,0.273287,0.731576,0.566625,0.341761
2841,-66.5451,184,crash,0,1,0,0.27521,0.699854,0.566512,0.651994
2842,-62.0955,176,crash,0,1,0,0.180561,0.539396,0.566399,0.419872
2843,-55.9548,194,crash,0,1,0,0.298739,0.791336,0.566286,0.400631
2844,-45.3229,184,crash,0,1,0,0.715197,1.194827,0.566172,0.273376
2845,-53.4726,1000,timeout,0,0,1,0.051532,0.435496,0.566059,0.453768
2846,-49.8812,1000,timeout,0,0,1,0.106235,1.043057,0.565946,0.41889
2847,-50.7125,205,crash,0,1,0,0.29279,0.831029,0.565833,0.485416
2848,-41.9213,192,crash,0,1,0,0.795973,1.476357,0.565719,0.401498
2849,-36.318,187,crash,0,1,0,0.667797,1.422135,0.565606,0.448913
2850,-55.8592,183,crash,0,1,0,0.430082,1.230251,0.565493,0.574747
2851,-73.991,207,crash,0,1,0,0.135603,0.459696,0.56538,0.159084
2852,-74.5497,205,crash,0,1,0,0.612917,1.120645,0.565267,0.429524
2853,-50.0769,170,crash,0,1,0,0.308163,1.073705,0.565154,0.446643
2854,-41.3288,193,crash,0,1,0,0.773618,1.352583,0.565041,0.561826
2855,-45.7326,192,crash,0,1,0,0.458809,0.992389,0.564928,0.476057
2856,-63.3755,176,crash,0,1,0,0.72942,1.444385,0.564815,0.330481
2857,-45.3165,218,crash,0,1,0,0.63915,1.262364,0.564702,0.551298
2858,-43.974,195,crash,0,1,0,0.788983,1.449353,0.564589,0.18367
2859,-56.3788,255,crash,0,1,0,0.303419,1.05841,0.564476,0.215935
2860,-66.1153,178,crash,0,1,0,0.127774,0.463477,0.564363,0.458101
2861,-54.0992,172,crash,0,1,0,0.291648,0.685983,0.56425,0.502115
2862,-65.7697,174,crash,0,1,0,0.099462,0.317166,0.564138,0.433798
2863,-56.0032,189,crash,0,1,0,0.162715,0.49281,0.564025,0.177804
2864,-54.9218,193,crash,0,1,0,0.655993,1.146861,0.563912,0.339736
2865,-74.3594,207,crash,0,1,0,0.188966,0.586174,0.563799,0.3819
2866,-61.9242,184,crash,0,1,0,0.140631,0.496431,0.563686,0.461653
2867,-60.6429,190,crash,0,1,0,0.157668,0.553659,0.563574,0.439944
2868,-41.7524,198,crash,0,1,0,0.677285,1.229976,0.563461,0.411255
2869,-39.0851,205,crash,0,1,0,0.684919,1.057385,0.563348,0.442704
2870,-56.9032,183,crash,0,1,0,0.319732,0.918044,0.563236,0.448562
2871,-79.5643,197,crash,0,1,0,0.108063,0.371994,0.563123,0.358927
2872,-60.14,177,crash,0,1,0,0.178699,0.525561,0.56301,0.374438
2873,-42.9462,211,crash,0,1,0,0.630897,1.410159,0.562898,0.627342
2874,-58.918,188,crash,0,1,0,0.282731,0.928066,0.562785,0.352418
2875,-50.4379,166,crash,0,1,0,0.64849,1.37949,0.562673,0.117905
2876,-55.8519,188,crash,0,1,0,0.140457,0.384339,0.56256,0.521286
2877,-37.8238,185,crash,0,1,0,0.636802,1.207684,0.562447,0.562923
2878,-65.7575,200,crash,0,1,0,0.352475,0.897637,0.562335,0.432981
2879,-58.4631,191,crash,0,1,0,0.344835,0.953718,0.562223,0.46087
2880,-48.3766,189,crash,0,1,0,0.465157,1.250848,0.56211,0.485565
2881,-39.7023,181,crash,0,1,0,0.708169,1.11345,0.561998,0.359215
2882,-65.7747,190,crash,0,1,0,0.158889,0.573755,0.561885,0.51147
2883,-44.1898,188,crash,0,1,0,0.475462,1.004766,0.561773,0.517973
2884,-57.1893,230,crash,0,1,0,0.272587,0.795671,0.561661,0.491536
2885,-62.2529,177,crash,0,1,0,0.097322,0.46302,0.561548,0.416628
2886,-45.3105,162,crash,0,1,0,0.595838,1.233353,0.561436,0.362812
2887,-49.9386,177,crash,0,1,0,0.470682,1.223975,0.561324,0.553126
2888,-51.7654,177,crash,0,1,0,0.336697,0.713112,0.561211,0.773166
2889,-50.4912,174,crash,0,1,0,0.330001,0.981693,0.561099,0.417809
2890,-85.8543,267,crash,0,1,0,0.627594,1.418562,0.560987,0.71337
2891,-60.9224,188,crash,0,1,0,0.2638,0.746129,0.560875,0.484409
2892,-57.1481,177,crash,0,1,0,0.114114,0.431363,0.560762,0.443644
2893,-54.5227,213,crash,0,1,0,0.246989,0.697018,0.56065,0.614537
2894,-86.6252,193,crash,0,1,0,0.345135,0.898555,0.560538,0.603108
2895,-51.8661,199,crash,0,1,0,0.33325,0.731017,0.560426,0.483499
2896,-53.2255,189,crash,0,1,0,0.156824,0.672347,0.560314,0.468078
2897,-57.6358,224,crash,0,1,0,0.323031,0.782095,0.560202,0.569246
2898,-50.2063,184,crash,0,1,0,0.260062,1.00078,0.56009,0.454132
2899,-38.1129,197,crash,0,1,0,0.829593,1.50323,0.559978,0.606893
2900,-56.4994,180,crash,0,1,0,0.302265,0.803822,0.559866,0.347043
2901,-37.3407,216,crash,0,1,0,0.698962,1.200908,0.559754,0.322724
2902,-76.7153,156,crash,0,1,0,0.883235,1.575591,0.559642,0.722263
2903,-50.4416,200,crash,0,1,0,0.713133,1.371935,0.55953,0.882529
2904,-51.081,187,crash,0,1,0,0.460621,1.087506,0.559418,0.129173
2905,-37.177,190,crash,0,1,0,0.753926,1.294522,0.559306,0.588089
2906,-67.8141,185,crash,0,1,0,0.155412,0.404934,0.559194,0.494911
2907,-52.6098,165,crash,0,1,0,0.375976,1.111188,0.559083,0.812657
2908,-54.8532,179,crash,0,1,0,0.426113,1.241147,0.558971,0.3288
2909,-36.8344,190,crash,0,1,0,0.760202,1.40115,0.558859,0.457397
2910,-49.0228,167,crash,0,1,0,0.740749,1.490118,0.558747,0.32948
2911,-44.0758,185,crash,0,1,0,0.751686,1.504781,0.558635,0.643565
2912,-33.258,187,crash,0,1,0,0.722616,1.312776,0.558524,0.356748
2913,-56.7502,212,crash,0,1,0,0.647081,1.271505,0.558412,0.423076
2914,-30.2451,181,crash,0,1,0,0.736174,1.51851,0.5583,0.32658
2915,-44.5743,1000,timeout,0,0,1,0.185522,1.415651,0.558189,0.516916
2916,-52.7105,177,crash,0,1,0,0.416561,0.937076,0.558077,0.351945
2917,-56.4185,178,crash,0,1,0,0.309906,0.923429,0.557965,0.294788
2918,-51.8284,1000,timeout,0,0,1,0.044302,0.599944,0.557854,0.544308
2919,-57.2247,219,crash,0,1,0,0.587051,1.199181,0.557742,0.462384
2920,-22.3499,1000,timeout,0,0,1,0.160055,1.196904,0.557631,0.406181
2921,-60.3691,189,crash,0,1,0,0.452378,1.121234,0.557519,0.285391
2922,-59.2582,169,crash,0,1,0,0.153468,0.527488,0.557408,0.276545
2923,-20.9047,1000,timeout,0,0,1,0.093812,0.881224,0.557296,0.366381
2924,-53.4879,186,crash,0,1,0,0.42081,1.243361,0.557185,0.732233
2925,-2.2884,1000,timeout,0,0,1,0.144059,1.234538,0.557073,0.488527
2926,-55.5077,198,crash,0,1,0,0.361303,0.900955,0.556962,0.414944
2927,-55.2087,214,crash,0,1,0,0.6518,1.265403,0.55685,0.363612
2928,-54.6363,180,crash,0,1,0,0.464597,1.07212,0.556739,0.221407
2929,-68.2352,183,crash,0,1,0,0.402746,0.921329,0.556628,0.298509
2930,-20.0641,1000,timeout,0,0,1,0.108412,0.859781,0.556516,0.465094
2931,-53.7733,174,crash,0,1,0,0.357985,0.854639,0.556405,0.418629
2932,-42.8679,1000,timeout,0,0,1,0.145525,1.138917,0.556294,0.495466
2933,-55.5768,212,crash,0,1,0,0.2617,0.80461,0.556183,0.511938
2934,-56.2056,233,crash,0,1,0,0.291883,1.107802,0.556071,0.389079
2935,-81.111,235,crash,0,1,0,0.712466,1.573841,0.55596,0.473114
2936,-43.2187,221,crash,0,1,0,0.565515,1.214438,0.555849,0.458019
2937,-56.3969,184,crash,0,1,0,0.135291,0.471283,0.555738,0.503514
2938,-55.3367,172,crash,0,1,0,0.315863,1.067239,0.555627,0.510583
2939,-46.9578,204,crash,0,1,0,0.438965,1.129639,0.555515,0.334863
2940,-62.0854,174,crash,0,1,0,0.113664,0.294509,0.555404,0.410416
2941,-54.6289,200,crash,0,1,0,0.688249,1.3321,0.555293,0.423803
2942,-44.9249,194,crash,0,1,0,0.599228,1.454458,0.555182,0.273221
2943,-53.2268,196,crash,0,1,0,0.32976,0.899458,0.555071,0.747422
2944,-51.0517,175,crash,0,1,0,0.469069,1.144015,0.55496,0.442764
2945,-20.5212,1000,timeout,0,0,1,0.225952,1.238217,0.554849,0.464428
2946,-42.4597,216,crash,0,1,0,0.742966,1.33528,0.554738,0.632392
2947,-64.8476,182,crash,0,1,0,0.135914,0.407688,0.554627,0.615767
2948,-46.7408,1000,timeout,0,0,1,0.046159,0.519933,0.554516,0.472436
2949,-64.9871,176,crash,0,1,0,0.075293,0.24789,0.554405,0.329361
2950,-48.3132,195,crash,0,1,0,0.622514,1.184169,0.554295,0.461904
2951,-59.8154,210,crash,0,1,0,0.697085,1.194519,0.554184,0.491742
2952,-59.1316,227,crash,0,1,0,0.773013,1.270435,0.554073,0.320391
2953,-35.7597,193,crash,0,1,0,0.781378,1.219977,0.553962,0.480914
2954,-10.2339,1000,timeout,0,0,1,0.208121,1.279403,0.553851,0.593519
2955,-44.1167,209,crash,0,1,0,0.817089,1.29069,0.553741,0.606427
2956,-61.1173,169,crash,0,1,0,0.236711,0.879361,0.55363,0.288566
2957,-50.5416,184,crash,0,1,0,0.845223,1.700798,0.553519,0.314933
2958,-29.2519,1000,timeout,0,0,1,0.13979,1.24822,0.553408,0.554945
2959,-48.4455,203,crash,0,1,0,0.361059,1.068318,0.553298,0.46513
2960,-27.7487,218,crash,0,1,0,0.680113,1.335644,0.553187,0.663939
2961,-63.1557,183,crash,0,1,0,0.142321,0.576443,0.553076,0.371115
2962,-46.0934,202,crash,0,1,0,0.617848,1.051075,0.552966,0.339696
2963,-39.237,195,crash,0,1,0,0.759607,1.345451,0.552855,0.781604
2964,-57.0181,171,crash,0,1,0,0.135675,0.337817,0.552745,0.485573
2965,-73.2464,184,crash,0,1,0,0.335032,1.045361,0.552634,0.449127
2966,-62.531,177,crash,0,1,0,0.170681,0.652729,0.552523,0.427364
2967,-45.1039,187,crash,0,1,0,0.466269,1.123862,0.552413,0.463215
2968,-39.7013,217,crash,0,1,0,0.303539,0.942144,0.552303,0.630309
2969,-47.3471,197,crash,0,1,0,0.760328,1.323951,0.552192,0.739309
2970,-57.5774,178,crash,0,1,0,0.293143,0.817329,0.552082,0.279694
2971,-63.8443,214,crash,0,1,0,0.779984,1.276759,0.551971,0.610295
2972,-50.546,177,crash,0,1,0,0.605343,1.036124,0.551861,0.137384
2973,-37.6678,181,crash,0,1,0,0.678316,1.229593,0.55175,0.677579
2974,-53.3258,174,crash,0,1,0,0.196975,0.95257,0.55164,0.520212
2975,-32.489,198,crash,0,1,0,0.689303,1.247534,0.55153,0.268639
2976,-45.0844,206,crash,0,1,0,0.627305,1.361205,0.551419,0.597004
2977,-35.0075,1000,timeout,0,0,1,0.038951,0.371155,0.551309,0.593321
2978,-58.943,173,crash,0,1,0,0.150164,0.608096,0.551199,0.407288
2979,-52.9205,185,crash,0,1,0,0.633047,1.143844,0.551089,0.379005
2980,11.3655,1000,timeout,0,0,1,0.201602,1.340775,0.550978,0.595456
2981,-17.5098,1000,timeout,0,0,1,0.090419,1.052532,0.550868,0.498302
2982,-54.4163,246,crash,0,1,0,0.347634,1.12529,0.550758,0.312374
2983,-53.7999,174,crash,0,1,0,0.21197,0.52697,0.550648,0.487281
2984,-39.8644,201,crash,0,1,0,0.699502,1.266138,0.550538,0.285165
2985,-63.1052,194,crash,0,1,0,0.726415,1.311819,0.550428,0.389307
2986,-53.1318,172,crash,0,1,0,0.573281,1.165052,0.550318,0.638593
2987,-59.8276,185,crash,0,1,0,0.898086,1.568925,0.550208,0.227242
2988,-30.3029,213,crash,0,1,0,0.643544,1.312316,0.550097,0.451937
2989,-49.8866,188,crash,0,1,0,0.710564,1.416186,0.549987,0.611209
2990,-34.2232,1000,timeout,0,0,1,0.130504,1.283314,0.549877,0.442321
2991,-44.3104,200,crash,0,1,0,0.729484,1.388166,0.549767,0.439275
2992,-61.9226,201,crash,0,1,0,0.093764,0.379194,0.549658,0.518333
2993,-50.2147,1000,timeout,0,0,1,0.043253,0.369948,0.549548,0.477818
2994,-56.3572,186,crash,0,1,0,0.329375,0.933615,0.549438,0.33487
2995,-60.8738,195,crash,0,1,0,0.158733,0.502024,0.549328,0.556283
2996,-37.043,1000,timeout,0,0,1,0.033453,0.385876,0.549218,0.463617
2997,-76.7683,217,crash,0,1,0,0.64756,1.287776,0.549108,0.418612
2998,-59.4326,215,crash,0,1,0,0.221769,0.511863,0.548998,0.51688
2999,-60.0532,235,crash,0,1,0,0.257295,0.630149,0.548888,0.436528
3000,-64.8779,242,crash,0,1,0,0.25397,0.61741,0.548779,0.586412
3001,-23.7513,1000,timeout,0,0,1,0.157039,1.359483,0.548669,0.444414
3002,-64.3382,166,crash,0,1,0,0.816684,1.628516,0.548559,0.375468
3003,-54.8181,179,crash,0,1,0,0.451926,0.842568,0.54845,0.295215
3004,-52.938,224,crash,0,1,0,0.13649,0.520212,0.54834,0.352828
3005,-44.4841,220,crash,0,1,0,0.633186,1.837699,0.54823,0.461119
3006,-50.3057,192,crash,0,1,0,0.375937,0.97495,0.54812,0.622439
3007,-77.5104,204,crash,0,1,0,0.143612,0.457556,0.548011,0.299285
3008,-38.6248,208,crash,0,1,0,0.732366,1.25864,0.547901,0.583467
3009,-48.1755,188,crash,0,1,0,0.389371,1.00905,0.547792,0.270824
3010,-54.0837,184,crash,0,1,0,0.456211,1.18841,0.547682,0.413392
3011,-47.2656,1000,timeout,0,0,1,0.052999,0.403479,0.547573,0.452105
3012,-45.8501,190,crash,0,1,0,0.379496,1.186858,0.547463,0.530037
3013,-33.5609,1000,timeout,0,0,1,0.061362,0.915062,0.547354,0.395323
3014,-60.283,182,crash,0,1,0,0.162979,0.612775,0.547244,0.34078
3015,-60.0686,183,crash,0,1,0,0.134987,0.447476,0.547135,0.24803
3016,-55.1361,225,crash,0,1,0,0.639195,1.160842,0.547025,0.58106
3017,-42.2225,204,crash,0,1,0,0.605681,1.352299,0.546916,0.359189
3018,-11.7045,1000,timeout,0,0,1,0.125596,1.245283,0.546806,0.481294
3019,4.6602,1000,timeout,0,0,1,0.220723,1.304444,0.546697,0.322185
3020,-45.0637,196,crash,0,1,0,0.513235,1.266384,0.546588,0.49843
3021,-60.538,177,crash,0,1,0,0.10005,0.30304,0.546478,0.42317
3022,-65.0259,191,crash,0,1,0,0.152851,0.680601,0.546369,0.35733
3023,-46.772,1000,timeout,0,0,1,0.050219,0.401021,0.54626,0.375932
3024,-38.7142,201,crash,0,1,0,0.797836,1.282451,0.546151,0.310651
3025,-47.6994,181,crash,0,1,0,0.843767,1.34344,0.546041,0.307593
3026,-70.2166,191,crash,0,1,0,0.463582,1.17829,0.545932,0.432843
3027,-37.7638,195,crash,0,1,0,0.892333,1.543836,0.545823,0.442388
3028,-46.2599,202,crash,0,1,0,0.311625,0.893816,0.545714,0.345592
3029,-42.9509,176,crash,0,1,0,0.550133,1.012855,0.545605,0.544542
3030,-56.1619,179,crash,0,1,0,0.222299,0.816424,0.545496,0.361618
3031,-58.3651,192,crash,0,1,0,0.175435,0.663583,0.545386,0.469051
3032,-66.0433,192,crash,0,1,0,0.217191,0.699143,0.545277,0.451955
3033,-51.1334,180,crash,0,1,0,0.489994,1.030676,0.545168,0.505798
3034,-59.5101,181,crash,0,1,0,0.31756,0.940855,0.545059,0.449911
3035,-35.8833,208,crash,0,1,0,0.655813,1.386711,0.54495,0.414093
3036,-50.0665,187,crash,0,1,0,0.718352,1.187252,0.544841,0.424982
3037,-62.9042,173,crash,0,1,0,0.114342,0.385853,0.544732,0.410783
3038,-49.3854,180,crash,0,1,0,0.393352,1.208962,0.544623,0.376894
3039,-53.4741,189,crash,0,1,0,0.300439,0.770154,0.544514,0.382566
3040,-67.9897,202,crash,0,1,0,0.337916,0.854089,0.544406,0.310842
3041,-85.1099,193,crash,0,1,0,0.193155,0.578672,0.544297,0.267
3042,-27.1405,1000,timeout,0,0,1,0.092357,1.205334,0.544188,0.349016
3043,-30.3764,1000,timeout,0,0,1,0.194751,1.210174,0.544079,0.314393
3044,-85.1777,204,crash,0,1,0,0.218009,0.519982,0.54397,0.137258
3045,-38.0429,1000,timeout,0,0,1,0.129516,1.30541,0.543861,0.310796
3046,-64.4492,200,crash,0,1,0,0.287827,0.659529,0.543753,0.28078
3047,-16.5998,1000,timeout,0,0,1,0.198042,1.338949,0.543644,0.312826
3048,-81.1726,182,crash,0,1,0,0.20127,0.475559,0.543535,0.498549
3049,-58.8262,178,crash,0,1,0,0.176542,0.737478,0.543426,0.115412
3050,-28.153,1000,timeout,0,0,1,0.188305,1.4468,0.543318,0.413408
3051,-50.3699,185,crash,0,1,0,0.414594,0.970747,0.543209,0.562712
3052,-56.8132,180,crash,0,1,0,0.189117,0.619728,0.5431,0.381766
3053,-52.7914,184,crash,0,1,0,0.360356,0.955609,0.542992,0.25902
3054,-64.6405,163,crash,0,1,0,0.560554,1.210889,0.542883,0.446093
3055,-32.446,211,crash,0,1,0,0.625556,1.279662,0.542775,0.325314
3056,-34.8004,187,crash,0,1,0,0.657511,1.214401,0.542666,0.414683
3057,-60.2367,243,crash,0,1,0,0.117609,0.456638,0.542558,0.419143
3058,-75.2493,200,crash,0,1,0,0.212686,0.701736,0.542449,0.52747
3059,-62.7157,206,crash,0,1,0,0.655987,1.45899,0.542341,0.402869
3060,-25.3295,1000,timeout,0,0,1,0.110769,1.12656,0.542232,0.338331
3061,-52.7698,182,crash,0,1,0,0.30084,0.974537,0.542124,0.485259
3062,-46.3573,182,crash,0,1,0,0.582482,1.261603,0.542015,0.135574
3063,-52.4032,179,crash,0,1,0,0.397746,1.034158,0.541907,0.396032
3064,-59.1978,184,crash,0,1,0,0.148281,0.585012,0.541798,0.473207
3065,-60.7668,216,crash,0,1,0,0.660538,1.377544,0.54169,0.115867
3066,-52.796,171,crash,0,1,0,0.411797,0.990724,0.541582,0.330343
3067,-15.5931,1000,timeout,0,0,1,0.118578,1.247033,0.541473,0.368665
3068,-47.4436,178,crash,0,1,0,0.558169,1.110347,0.541365,0.268875
3069,-43.8798,181,crash,0,1,0,0.624049,1.40824,0.541257,0.373494
3070,-47.9382,210,crash,0,1,0,0.829116,1.687562,0.541149,0.530172
3071,-87.127,212,crash,0,1,0,0.231363,0.647192,0.54104,0.470389
3072,-63.4397,159,crash,0,1,0,0.231895,0.7715,0.540932,0.514669
3073,-40.3784,1000,timeout,0,0,1,0.089802,0.944079,0.540824,0.242403
3074,-53.7331,171,crash,0,1,0,0.629299,1.319121,0.540716,0.491393
3075,-39.4281,193,crash,0,1,0,0.798363,1.561254,0.540608,0.355526
3076,-37.0445,1000,timeout,0,0,1,0.102462,0.908568,0.5405,0.294398
3077,-47.8612,185,crash,0,1,0,0.741941,1.561469,0.540391,0.474628
3078,-63.5162,171,crash,0,1,0,0.825256,1.711887,0.540283,0.5337
3079,-76.2766,218,crash,0,1,0,0.154051,0.538042,0.540175,0.551811
3080,-46.8798,188,crash,0,1,0,0.797432,1.297126,0.540067,0.252731
3081,-45.4019,192,crash,0,1,0,0.385178,1.10707,0.539959,0.308024
3082,-35.4743,192,crash,0,1,0,0.658925,1.055872,0.539851,0.371288
3083,-28.3242,264,crash,0,1,0,0.566807,1.489749,0.539743,0.388237
3084,-53.7183,186,crash,0,1,0,0.474698,0.998846,0.539635,0.169246
3085,-51.4703,1000,timeout,0,0,1,0.081698,0.929619,0.539527,0.335969
3086,-59.7955,184,crash,0,1,0,0.133583,0.445462,0.539419,0.303604
3087,-53.7745,190,crash,0,1,0,0.239833,0.828616,0.539312,0.460833
3088,-34.5355,178,crash,0,1,0,0.731326,1.373263,0.539204,0.275207
3089,-51.7738,172,crash,0,1,0,0.80789,1.462043,0.539096,0.383098
3090,-50.7947,186,crash,0,1,0,0.716213,1.584818,0.538988,0.537569
3091,-53.7279,184,crash,0,1,0,0.109333,0.425501,0.53888,0.217567
3092,-17.2855,1000,timeout,0,0,1,0.111491,0.985376,0.538773,0.344158
3093,-55.871,191,crash,0,1,0,0.333878,1.11118,0.538665,0.148394
3094,-49.7238,188,crash,0,1,0,0.646311,1.170486,0.538557,0.325968
3095,-58.4733,175,crash,0,1,0,0.278435,1.009931,0.538449,0.20276
3096,-62.5476,1000,timeout,0,0,1,0.122233,0.797719,0.538342,0.391409
3097,-37.1417,1000,timeout,0,0,1,0.092293,0.921341,0.538234,0.397168
3098,-61.3646,189,crash,0,1,0,0.394995,1.039508,0.538126,0.426568
3099,-38.2262,1000,timeout,0,0,1,0.210556,1.584956,0.538019,0.279647
3100,-39.275,183,crash,0,1,0,0.850618,1.51106,0.537911,0.273054
3101,-17.185,1000,timeout,0,0,1,0.106392,1.032709,0.537803,0.385392
3102,-32.5839,202,crash,0,1,0,0.587808,1.243411,0.537696,0.450746
3103,-52.2516,1000,timeout,0,0,1,0.069107,1.019758,0.537588,0.384649
3104,-61.5669,176,crash,0,1,0,0.275857,0.719303,0.537481,0.494701
3105,-52.0839,1000,timeout,0,0,1,0.0497,0.64195,0.537373,0.320689
3106,-55.8249,216,crash,0,1,0,0.586219,1.257919,0.537266,0.332712
3107,-45.528,1000,timeout,0,0,1,0.082838,1.026755,0.537158,0.358941
3108,-63.2926,188,crash,0,1,0,0.784088,1.38953,0.537051,0.306721
3109,-57.6803,182,crash,0,1,0,0.148916,0.447605,0.536944,0.427229
3110,-30.1227,1000,timeout,0,0,1,0.083852,1.009812,0.536836,0.371451
3111,-7.9197,1000,timeout,0,0,1,0.157162,1.145863,0.536729,0.327222
3112,-42.7913,1000,timeout,0,0,1,0.120047,1.1893,0.536622,0.320862
3113,-62.6185,209,crash,0,1,0,0.131955,0.454377,0.536514,0.232893
3114,-51.2829,175,crash,0,1,0,0.712047,1.347252,0.536407,0.145146
3115,-63.43,173,crash,0,1,0,0.156249,0.653593,0.5363,0.456929
3116,-41.0598,301,crash,0,1,0,0.593493,1.493147,0.536192,0.523222
3117,-43.0285,1000,timeout,0,0,1,0.070251,1.010585,0.536085,0.279074
3118,-51.978,199,crash,0,1,0,0.454453,1.300553,0.535978,0.498575
3119,-47.8807,189,crash,0,1,0,0.728123,1.453468,0.535871,0.126076
3120,-46.8603,172,crash,0,1,0,0.824196,1.661247,0.535764,0.359026
3121,-45.0873,191,crash,0,1,0,0.78571,1.386783,0.535656,0.244956
3122,-61.789,238,crash,0,1,0,0.215355,0.481704,0.535549,0.418105
3123,-66.6907,174,crash,0,1,0,0.796361,1.607945,0.535442,0.306844
3124,-42.8402,194,crash,0,1,0,0.276891,0.908724,0.535335,0.521754
3125,-47.6067,180,crash,0,1,0,0.476151,1.068715,0.535228,0.305248
3126,-46.9316,1000,timeout,0,0,1,0.060707,0.710931,0.535121,0.25946
3127,-65.0596,206,crash,0,1,0,0.376768,1.175398,0.535014,0.28759
3128,-41.7129,192,crash,0,1,0,0.772894,1.57056,0.534907,0.604109
3129,-66.3914,187,crash,0,1,0,0.187243,0.570078,0.5348,0.397658
3130,-60.5176,176,crash,0,1,0,0.286534,0.926563,0.534693,0.249105
3131,-48.1245,168,crash,0,1,0,0.720491,1.355389,0.534586,0.428208
3132,-59.7417,295,crash,0,1,0,0.133177,0.45368,0.534479,0.41637
3133,-39.3489,182,crash,0,1,0,0.783649,1.509932,0.534372,0.390319
3134,-70.3923,189,crash,0,1,0,0.186442,0.59525,0.534265,0.592281
3135,-56.1677,184,crash,0,1,0,0.348621,0.919487,0.534158,0.382796
3136,-38.0346,190,crash,0,1,0,0.828389,1.384551,0.534052,0.376701
3137,-41.8988,197,crash,0,1,0,0.704852,1.31376,0.533945,0.30771
3138,-46.6803,177,crash,0,1,0,0.535752,1.462726,0.533838,0.489697
3139,-65.803,873,crash,0,1,0,0.079189,0.551484,0.533731,0.285302
3140,-48.1772,1000,timeout,0,0,1,0.044059,0.611862,0.533625,0.285149
3141,-62.2862,286,crash,0,1,0,0.259009,0.724809,0.533518,0.415616
3142,-58.8802,354,crash,0,1,0,0.115815,0.600719,0.533411,0.35587
3143,-44.7744,1000,timeout,0,0,1,0.081183,1.07662,0.533304,0.3831
3144,-51.0189,195,crash,0,1,0,0.170269,0.597704,0.533198,0.28855
3145,-54.9981,168,crash,0,1,0,0.190392,0.52672,0.533091,0.419424
3146,-60.5132,255,crash,0,1,0,0.203983,0.543362,0.532985,0.275019
3147,-44.1953,1000,timeout,0,0,1,0.150688,1.346702,0.532878,0.335566
3148,-64.8788,238,crash,0,1,0,0.170916,0.539185,0.532771,0.258274
3149,-48.2129,178,crash,0,1,0,0.707701,1.383687,0.532665,0.442831
3150,-47.0524,201,crash,0,1,0,0.610754,1.230015,0.532558,0.420209
3151,-45.0633,1000,timeout,0,0,1,0.048027,0.679783,0.532452,0.252139
3152,-79.2561,185,crash,0,1,0,0.319831,1.072241,0.532345,0.164133
3153,-56.6343,173,crash,0,1,0,0.191477,0.59907,0.532239,0.326469
3154,-41.6194,1000,timeout,0,0,1,0.077639,0.628011,0.532132,0.346165
3155,-57.6462,183,crash,0,1,0,0.23419,0.738339,0.532026,0.255754
3156,-6.8703,1000,timeout,0,0,1,0.155016,1.196432,0.531919,0.339505
3157,-20.4588,1000,timeout,0,0,1,0.081885,0.936007,0.531813,0.298275
3158,-24.1391,1000,timeout,0,0,1,0.053693,0.539794,0.531707,0.18814
3159,-59.5435,268,crash,0,1,0,0.211406,0.602038,0.5316,0.351294
3160,-61.4796,1000,timeout,0,0,1,0.042031,0.360123,0.531494,0.322226
3161,-79.0029,209,crash,0,1,0,0.420038,1.158562,0.531388,0.273933
3162,-61.4166,260,crash,0,1,0,0.256001,0.669787,0.531282,0.318352
3163,-61.8522,1000,timeout,0,0,1,0.05894,0.648929,0.531175,0.293972
3164,-44.5859,197,crash,0,1,0,0.797047,1.458738,0.531069,0.373584
3165,-80.8075,234,crash,0,1,0,0.241656,0.562211,0.530963,0.260892
3166,-49.5402,181,crash,0,1,0,0.420581,1.220736,0.530857,0.530744
3167,-80.8642,232,crash,0,1,0,0.238766,0.551446,0.53075,0.336857
3168,-18.1478,1000,timeout,0,0,1,0.114075,1.179608,0.530644,0.28639
3169,-54.976,191,crash,0,1,0,0.323424,0.995902,0.530538,0.21628
3170,-69.2559,203,crash,0,1,0,0.173602,0.516941,0.530432,0.313604
3171,-64.4017,1000,timeout,0,0,1,0.055626,0.450633,0.530326,0.290217
3172,194.5663,799,landed,1,0,0,0.140429,0.926956,0.53022,0.302615
3173,-52.4113,183,crash,0,1,0,0.381082,0.932942,0.530114,0.221279
3174,-63.5189,293,crash,0,1,0,0.213478,0.742337,0.530008,0.275
3175,-39.1487,1000,timeout,0,0,1,0.156389,1.577556,0.529902,0.287821
3176,-58.2412,170,crash,0,1,0,0.222964,0.857503,0.529796,0.446212
3177,-79.4152,205,crash,0,1,0,0.157415,0.348447,0.52969,0.456902
3178,-53.9095,209,crash,0,1,0,0.683453,1.367632,0.529584,0.286151
3179,-50.4662,187,crash,0,1,0,0.16082,0.681389,0.529478,0.224012
3180,-50.6683,184,crash,0,1,0,0.27759,0.872102,0.529372,0.27056
3181,-48.2311,185,crash,0,1,0,0.258359,0.919794,0.529266,0.261056
3182,-62.2233,343,crash,0,1,0,0.116701,0.534299,0.52916,0.325794
3183,-59.2314,1000,timeout,0,0,1,0.071628,0.808407,0.529055,0.358828
3184,-46.7226,1000,timeout,0,0,1,0.055208,0.399118,0.528949,0.351347
3185,-44.6605,195,crash,0,1,0,0.824477,1.489611,0.528843,0.175836
3186,-47.6151,174,crash,0,1,0,0.732474,1.426117,0.528737,0.199726
3187,-62.3644,289,crash,0,1,0,0.249141,0.53286,0.528631,0.545733
3188,-67.642,872,crash,0,1,0,0.073954,0.595305,0.528526,0.284476
3189,-36.6774,193,crash,0,1,0,0.84065,1.428334,0.52842,0.295797
3190,-44.7704,190,crash,0,1,0,0.439149,1.083781,0.528314,0.413453
3191,-58.6129,282,crash,0,1,0,0.206046,0.706688,0.528209,0.314985
3192,-33.1925,188,crash,0,1,0,0.91935,1.550663,0.528103,0.382423
3193,-79.0498,180,crash,0,1,0,0.517478,1.390551,0.527997,0.343163
3194,-63.9023,1000,timeout,0,0,1,0.055979,0.459704,0.527892,0.351774
3195,-36.5116,189,crash,0,1,0,0.678941,1.400553,0.527786,0.143649
3196,-67.4558,1000,timeout,0,0,1,0.058226,0.531217,0.527681,0.305816
3197,-48.9516,185,crash,0,1,0,0.192858,0.674747,0.527575,0.272155
3198,-62.9679,189,crash,0,1,0,0.715984,1.413079,0.52747,0.374039
3199,-38.9358,184,crash,0,1,0,0.832727,1.543746,0.527364,0.469492
3200,-67.3276,261,crash,0,1,0,0.303562,0.813382,0.527259,0.296759
3201,-45.9131,222,crash,0,1,0,0.669038,1.275713,0.527153,0.428477
3202,-41.3185,202,crash,0,1,0,0.277525,0.99003,0.527048,0.47295
3203,-51.4664,182,crash,0,1,0,0.197627,0.676807,0.526942,0.397303
3204,-45.0431,193,crash,0,1,0,0.724775,1.21728,0.526837,0.202888
3205,-67.4345,186,crash,0,1,0,0.130031,0.451333,0.526732,0.396418
3206,-71.3008,1000,timeout,0,0,1,0.09023,0.733234,0.526626,0.202758
3207,-66.5715,1000,timeout,0,0,1,0.056056,0.664372,0.526521,0.212115
3208,-76.8189,194,crash,0,1,0,0.220545,0.730033,0.526416,0.395329
3209,-64.5604,303,crash,0,1,0,0.111716,0.448372,0.52631,0.361403
3210,-39.7204,189,crash,0,1,0,0.74052,1.381263,0.526205,0.191108
3211,-46.4811,165,crash,0,1,0,0.856021,1.637149,0.5261,0.308718
3212,-61.0029,1000,timeout,0,0,1,0.056991,0.447343,0.525995,0.352428
3213,-74.5977,180,crash,0,1,0,0.203337,0.611862,0.525889,0.166664
3214,-46.4285,1000,timeout,0,0,1,0.18384,1.388377,0.525784,0.371012
3215,-61.9308,374,crash,0,1,0,0.139675,0.684958,0.525679,0.391652
3216,-81.9784,212,crash,0,1,0,0.197781,0.605066,0.525574,0.327496
3217,-58.3952,1000,timeout,0,0,1,0.059567,0.579512,0.525469,0.232951
3218,-40.1235,1000,timeout,0,0,1,0.068286,0.661317,0.525364,0.308619
3219,-58.0992,1000,timeout,0,0,1,0.066353,0.705639,0.525259,0.36611
3220,-18.0719,1000,timeout,0,0,1,0.167993,1.327763,0.525154,0.279433
3221,-56.1862,184,crash,0,1,0,0.232758,0.665018,0.525049,0.224011
3222,-64.7824,213,crash,0,1,0,0.207565,0.511428,0.524944,0.408175
3223,-93.8364,230,crash,0,1,0,0.635526,1.323089,0.524839,0.391403
3224,-62.3495,1000,timeout,0,0,1,0.0475,0.560459,0.524734,0.261891
3225,-31.9563,1000,timeout,0,0,1,0.103876,0.783795,0.524629,0.304318
3226,-57.6416,294,crash,0,1,0,0.206636,0.676732,0.524524,0.404167
3227,-38.0589,1000,timeout,0,0,1,0.065539,0.611058,0.524419,0.338311
3228,-22.3386,1000,timeout,0,0,1,0.062601,0.553026,0.524314,0.330348
3229,-69.2167,196,crash,0,1,0,0.467772,1.033945,0.524209,0.221441
3230,-43.913,1000,timeout,0,0,1,0.05139,0.453737,0.524104,0.315241
3231,-87.0054,178,crash,0,1,0,0.277539,0.749088,0.523999,0.188632
3232,-54.8725,194,crash,0,1,0,0.267619,0.86672,0.523895,0.20034
3233,-87.2081,202,crash,0,1,0,0.232272,0.71991,0.52379,0.377551
3234,-40.9487,1000,timeout,0,0,1,0.0666,0.655651,0.523685,0.285023
3235,-51.3994,183,crash,0,1,0,0.524982,1.163052,0.52358,0.236657
3236,-42.9169,1000,timeout,0,0,1,0.067725,0.517838,0.523476,0.280452
3237,-19.0909,1000,timeout,0,0,1,0.09219,1.200104,0.523371,0.256302
3238,-65.5437,180,crash,0,1,0,0.163638,0.618064,0.523266,0.434114
3239,-72.0634,173,crash,0,1,0,0.190364,0.524533,0.523162,0.101982
3240,-91.7498,205,crash,0,1,0,0.723647,1.680353,0.523057,0.231747
3241,-65.6034,1000,timeout,0,0,1,0.131145,0.861233,0.522952,0.263384
3242,-44.2312,479,crash,0,1,0,0.275722,1.041962,0.522848,0.297175
3243,-36.8846,192,crash,0,1,0,0.803156,1.449837,0.522743,0.213248
3244,-51.9494,182,crash,0,1,0,0.805735,1.59261,0.522639,0.142179
3245,-15.0694,1000,timeout,0,0,1,0.180491,1.385443,0.522534,0.267721
3246,-39.4459,220,crash,0,1,0,0.635133,1.308273,0.52243,0.117388
3247,-67.5707,168,crash,0,1,0,0.206868,0.610241,0.522325,0.32847
3248,-51.3032,186,crash,0,1,0,0.721459,1.398147,0.522221,0.303469
3249,-71.6917,189,crash,0,1,0,0.210174,0.93012,0.522116,0.264921
3250,-72.6766,201,crash,0,1,0,0.310184,1.23922,0.522012,0.366166
3251,-15.029,1000,timeout,0,0,1,0.094272,1.223009,0.521907,0.218874
3252,-44.8009,194,crash,0,1,0,0.251385,0.596238,0.521803,0.409505
3253,3.8721,1000,timeout,0,0,1,0.252094,1.680323,0.521699,0.319044
3254,-34.784,181,crash,0,1,0,0.871674,1.595257,0.521594,0.263163
3255,-83.6599,186,crash,0,1,0,0.254268,0.695946,0.52149,0.225861
3256,-77.2245,180,crash,0,1,0,0.230771,0.570954,0.521386,0.181363
3257,-19.166,1000,timeout,0,0,1,0.182569,1.414281,0.521281,0.244489
3258,-70.7119,1000,timeout,0,0,1,0.148728,1.179649,0.521177,0.263853
3259,-32.7853,1000,timeout,0,0,1,0.106492,0.857691,0.521073,0.20468
3260,-47.0344,1000,timeout,0,0,1,0.059303,0.690934,0.520969,0.259729
3261,-28.8762,1000,timeout,0,0,1,0.198189,1.312301,0.520865,0.309973
3262,-52.4519,192,crash,0,1,0,0.71809,1.263958,0.52076,0.413301
3263,-48.8489,185,crash,0,1,0,0.856092,1.453758,0.520656,0.235295
3264,-64.6294,1000,timeout,0,0,1,0.066239,0.736124,0.520552,0.279345
3265,-59.0306,315,crash,0,1,0,0.171333,0.625443,0.520448,0.231986
3266,-51.0999,1000,timeout,0,0,1,0.129667,1.319408,0.520344,0.263257
3267,-40.2464,196,crash,0,1,0,0.773858,1.492125,0.52024,0.169972
3268,-59.4096,327,crash,0,1,0,0.263964,0.953071,0.520136,0.402943
3269,-50.9314,175,crash,0,1,0,0.223675,0.505821,0.520032,0.412165
3270,-40.4647,192,crash,0,1,0,0.8463,1.513776,0.519928,0.317991
3271,-27.137,197,crash,0,1,0,0.84454,1.485096,0.519824,0.200847
3272,-78.2367,213,crash,0,1,0,0.692761,1.307225,0.51972,0.425171
3273,-61.5087,190,crash,0,1,0,0.195326,0.514845,0.519616,0.212682
3274,-38.4988,1000,timeout,0,0,1,0.055122,0.507878,0.519512,0.326706
3275,-49.7129,188,crash,0,1,0,0.183418,0.583037,0.519408,0.223084
3276,-56.7957,450,crash,0,1,0,0.129495,0.868969,0.519304,0.415075
3277,-39.9463,186,crash,0,1,0,0.899379,1.513498,0.5192,0.280227
3278,-85.3721,159,crash,0,1,0,0.399345,1.070099,0.519096,0.255185
3279,-63.7578,1000,timeout,0,0,1,0.051607,0.524662,0.518993,0.257661
3280,-57.0876,254,crash,0,1,0,0.534178,0.95731,0.518889,0.429256
3281,-57.2653,184,crash,0,1,0,0.189586,0.45355,0.518785,0.138531
3282,-69.0675,175,crash,0,1,0,0.17746,0.534307,0.518681,0.262143
3283,-47.6189,198,crash,0,1,0,0.515547,1.017945,0.518578,0.095502
3284,-48.5402,1000,timeout,0,0,1,0.051388,0.464055,0.518474,0.212726
3285,-27.5906,1000,timeout,0,0,1,0.181807,1.477893,0.51837,0.31416
3286,-76.7778,167,crash,0,1,0,0.276611,0.674434,0.518266,0.447805
3287,-45.0834,188,crash,0,1,0,0.783977,1.459161,0.518163,0.302055
3288,-53.5447,196,crash,0,1,0,0.717787,1.323835,0.518059,0.174552
3289,-90.3081,215,crash,0,1,0,0.686609,1.642069,0.517956,0.156139
3290,-50.8637,202,crash,0,1,0,0.743523,1.292108,0.517852,0.215086
3291,-42.6873,1000,timeout,0,0,1,0.049702,0.543759,0.517748,0.34385
3292,-63.8369,779,crash,0,1,0,0.078117,0.515144,0.517645,0.262265
3293,178.1748,504,landed,1,0,0,0.198715,1.109799,0.517541,0.254739
3294,-70.8515,177,crash,0,1,0,0.283422,1.086833,0.517438,0.338286
3295,-45.0446,1000,timeout,0,0,1,0.051374,0.429284,0.517334,0.342345
3296,-16.985,1000,timeout,0,0,1,0.140645,1.316326,0.517231,0.202583
3297,-63.6224,1000,timeout,0,0,1,0.04755,0.528901,0.517127,0.270568
3298,-61.2032,1000,timeout,0,0,1,0.061496,0.484107,0.517024,0.305911
3299,-14.7547,1000,timeout,0,0,1,0.099639,1.097786,0.516921,0.232406
3300,-78.4875,174,crash,0,1,0,0.869438,1.647949,0.516817,0.148698
3301,-70.3802,238,crash,0,1,0,0.661082,1.537721,0.516714,0.221821
3302,-38.9233,1000,timeout,0,0,1,0.07737,1.092297,0.516611,0.267123
3303,-66.3954,339,crash,0,1,0,0.350032,0.730991,0.516507,0.254534
3304,-76.0607,231,crash,0,1,0,0.66613,1.391195,0.516404,0.225864
3305,-116.4912,808,crash,0,1,0,0.253128,1.209954,0.516301,0.24001
3306,-45.0484,211,crash,0,1,0,0.696288,1.389941,0.516197,0.226927
3307,-66.9942,285,crash,0,1,0,0.355456,0.889665,0.516094,0.274377
3308,-16.8878,1000,timeout,0,0,1,0.214242,1.399442,0.515991,0.200169
3309,-24.6376,1000,timeout,0,0,1,0.059465,0.876101,0.515888,0.237995
3310,-50.4717,228,crash,0,1,0,0.705697,1.660859,0.515785,0.181139
3311,-54.0364,1000,timeout,0,0,1,0.091726,1.169434,0.515681,0.209647
3312,-46.4544,1000,timeout,0,0,1,0.073029,0.974997,0.515578,0.273083
3313,-55.6874,261,crash,0,1,0,0.208761,0.686209,0.515475,0.227638
3314,-47.2761,177,crash,0,1,0,0.563019,1.193943,0.515372,0.096725
3315,-32.1992,209,crash,0,1,0,0.767288,1.360302,0.515269,0.319276
3316,-84.3544,224,crash,0,1,0,0.367361,0.741118,0.515166,0.243872
3317,-82.1882,202,crash,0,1,0,0.263656,0.685613,0.515063,0.172038
3318,-74.3594,161,crash,0,1,0,0.266755,0.603719,0.51496,0.192906
3319,-50.1626,197,crash,0,1,0,0.606187,1.051973,0.514857,0.147132
3320,-80.8829,196,crash,0,1,0,0.196309,0.675338,0.514754,0.212981
3321,-68.4279,198,crash,0,1,0,0.130679,0.424379,0.514651,0.24731
3322,-63.1351,1000,timeout,0,0,1,0.065443,0.684853,0.514548,0.223899
3323,-77.1812,190,crash,0,1,0,0.203265,0.750513,0.514445,0.411706
3324,-44.3968,1000,timeout,0,0,1,0.080345,1.085504,0.514342,0.272631
3325,-28.8933,1000,timeout,0,0,1,0.141275,1.250282,0.514239,0.248417
3326,-52.4331,1000,timeout,0,0,1,0.055075,0.447868,0.514136,0.283974
3327,-71.7122,201,crash,0,1,0,0.126226,0.416029,0.514034,0.285702
3328,-59.8497,1000,timeout,0,0,1,0.058571,0.557403,0.513931,0.188445
3329,-34.6766,1000,timeout,0,0,1,0.068797,0.530008,0.513828,0.337413
3330,-40.0123,180,crash,0,1,0,0.484441,1.131173,0.513725,0.349505
3331,-52.0407,1000,timeout,0,0,1,0.056785,0.617129,0.513623,0.280991
3332,-47.1669,188,crash,0,1,0,0.525207,1.125339,0.51352,0.247671
3333,-44.6185,186,crash,0,1,0,0.548201,1.326927,0.513417,0.312612
3334,-12.9727,1000,timeout,0,0,1,0.093145,0.951591,0.513314,0.204132
3335,-58.4408,168,crash,0,1,0,0.26938,0.883847,0.513212,0.28088
3336,-7.2973,1000,timeout,0,0,1,0.160661,1.309055,0.513109,0.237891
3337,-76.5501,169,crash,0,1,0,0.171947,0.608864,0.513007,0.112986
3338,-40.7433,197,crash,0,1,0,0.762166,1.46069,0.512904,0.245354
3339,-67.7471,1000,timeout,0,0,1,0.046634,0.445407,0.512801,0.245017
3340,-67.3134,242,crash,0,1,0,0.339138,0.784746,0.512699,0.170728
3341,-32.6812,1000,timeout,0,0,1,0.115323,1.104687,0.512596,0.194041
3342,-14.0847,1000,timeout,0,0,1,0.1896,1.273993,0.512494,0.220013
3343,-48.2775,183,crash,0,1,0,0.508672,1.100733,0.512391,0.338472
3344,-41.5637,1000,timeout,0,0,1,0.05426,0.580476,0.512289,0.279741
3345,-48.2712,1000,timeout,0,0,1,0.056026,0.510701,0.512186,0.207878
3346,-68.3567,1000,timeout,0,0,1,0.086725,0.888119,0.512084,0.208433
3347,-51.1239,418,crash,0,1,0,0.147842,0.516152,0.511981,0.23044
3348,-45.4098,202,crash,0,1,0,0.28941,0.847835,0.511879,0.165277
3349,-88.108,178,crash,0,1,0,0.274809,0.595422,0.511777,0.183624
3350,-49.0383,333,crash,0,1,0,0.343069,0.790219,0.511674,0.257895
3351,-40.6809,1000,timeout,0,0,1,0.057176,0.611862,0.511572,0.183931
3352,-44.7724,189,crash,0,1,0,0.812878,1.419092,0.51147,0.135799
3353,-53.7069,201,crash,0,1,0,0.293895,0.971892,0.511367,0.339989
3354,-63.6296,347,crash,0,1,0,0.163328,0.475236,0.511265,0.212346
3355,-49.7099,196,crash,0,1,0,0.473806,1.16899,0.511163,0.24511
3356,-56.4341,180,crash,0,1,0,0.681306,1.176096,0.511061,0.641514
3357,-14.4408,1000,timeout,0,0,1,0.106803,1.21358,0.510958,0.23806
3358,-41.1587,176,crash,0,1,0,0.699802,1.433347,0.510856,0.277301
3359,-30.577,187,crash,0,1,0,0.727998,1.493295,0.510754,0.170989
3360,-45.9997,1000,timeout,0,0,1,0.113771,1.116531,0.510652,0.195439
3361,-90.6252,190,crash,0,1,0,0.547866,1.376737,0.51055,0.248248
3362,-72.8813,155,crash,0,1,0,0.273915,0.684263,0.510448,0.251141
3363,-53.4825,1000,timeout,0,0,1,0.074797,0.800988,0.510346,0.284531
3364,-57.8304,174,crash,0,1,0,0.230281,0.657189,0.510243,0.267538
3365,-61.4162,1000,timeout,0,0,1,0.044974,0.483028,0.510141,0.228527
3366,-19.3831,1000,timeout,0,0,1,0.191364,1.575175,0.510039,0.216062
3367,-64.3359,252,crash,0,1,0,0.345198,0.820415,0.509937,0.134347
3368,-37.3558,202,crash,0,1,0,0.816285,1.49049,0.509835,0.134752
3369,-30.0944,1000,timeout,0,0,1,0.105044,1.219326,0.509733,0.247736
3370,-35.604,202,crash,0,1,0,0.750662,1.497948,0.509631,0.354481
3371,-68.2699,197,crash,0,1,0,0.167658,0.611124,0.50953,0.34656
3372,-49.83,181,crash,0,1,0,0.289939,0.725967,0.509428,0.145473
3373,-40.3688,194,crash,0,1,0,0.794695,1.529127,0.509326,0.243336
3374,-33.0607,1000,timeout,0,0,1,0.18535,1.483396,0.509224,0.257271
3375,-49.3616,188,crash,0,1,0,0.471355,1.077133,0.509122,0.184577
3376,-69.4303,227,crash,0,1,0,0.332896,0.787148,0.50902,0.358003
3377,-39.689,1000,timeout,0,0,1,0.078551,1.063387,0.508918,0.218211
3378,-36.2238,1000,timeout,0,0,1,0.040692,0.495209,0.508817,0.175198
3379,-12.6374,1000,timeout,0,0,1,0.125355,1.286893,0.508715,0.24471
3380,-40.6953,1000,timeout,0,0,1,0.048522,0.618128,0.508613,0.172979
3381,-15.8509,1000,timeout,0,0,1,0.130889,1.279553,0.508511,0.153999
3382,-31.8939,1000,timeout,0,0,1,0.058748,0.588758,0.50841,0.205194
3383,-34.8512,1000,timeout,0,0,1,0.053497,0.722368,0.508308,0.190472
3384,-47.3659,189,crash,0,1,0,0.694261,1.368308,0.508206,0.320086
3385,-35.9119,1000,timeout,0,0,1,0.109103,1.410564,0.508105,0.211853
3386,-32.4927,1000,timeout,0,0,1,0.10073,1.03074,0.508003,0.238126
3387,15.8612,1000,timeout,0,0,1,0.251881,1.561262,0.507901,0.270548
3388,-0.924,1000,timeout,0,0,1,0.150441,1.393169,0.5078,0.237452
3389,-78.048,227,crash,0,1,0,0.324092,0.82733,0.507698,0.335475
3390,-56.8905,1000,timeout,0,0,1,0.060012,0.593953,0.507597,0.254733
3391,-6.1939,1000,timeout,0,0,1,0.14389,1.271648,0.507495,0.251635
3392,-48.5975,329,crash,0,1,0,0.221046,0.627798,0.507394,0.225102
3393,-65.2426,262,crash,0,1,0,0.428266,0.711159,0.507292,0.097852
3394,-38.7882,1000,timeout,0,0,1,0.057378,0.538042,0.507191,0.239008
3395,-57.0822,1000,timeout,0,0,1,0.06037,0.713723,0.507089,0.220751
3396,-43.1973,1000,timeout,0,0,1,0.068371,0.736381,0.506988,0.209305
3397,-46.445,1000,timeout,0,0,1,0.056464,0.861124,0.506887,0.161068
3398,-65.1258,679,crash,0,1,0,0.12848,0.540172,0.506785,0.267735
3399,-48.3684,1000,timeout,0,0,1,0.042167,0.369558,0.506684,0.238429
3400,-50.9753,177,crash,0,1,0,0.555085,1.215553,0.506583,0.179947
3401,-46.3621,191,crash,0,1,0,0.784087,1.545232,0.506481,0.286082
3402,-29.1821,1000,timeout,0,0,1,0.150226,1.362681,0.50638,0.161917
3403,-49.0569,198,crash,0,1,0,0.275779,0.669422,0.506279,0.245075
3404,-43.7162,203,crash,0,1,0,0.697842,1.373506,0.506177,0.090585
3405,-47.6183,195,crash,0,1,0,0.824174,1.371678,0.506076,0.13734
3406,-52.4996,180,crash,0,1,0,0.78978,1.467463,0.505975,0.213213
3407,-67.7015,245,crash,0,1,0,0.242267,0.747945,0.505874,0.134219
3408,-46.8601,202,crash,0,1,0,0.761286,1.315719,0.505773,0.1329
3409,-63.513,1000,timeout,0,0,1,0.032861,0.324137,0.505671,0.204485
3410,-48.8741,1000,timeout,0,0,1,0.080645,0.916925,0.50557,0.222836
3411,-25.8605,1000,timeout,0,0,1,0.059984,1.074671,0.505469,0.251223
3412,-48.417,197,crash,0,1,0,0.733571,1.278765,0.505368,0.199031
3413,-43.2351,1000,timeout,0,0,1,0.041516,0.564176,0.505267,0.225171
3414,-54.4081,217,crash,0,1,0,0.685325,1.646714,0.505166,0.207399
3415,-49.1675,401,crash,0,1,0,0.178601,0.852566,0.505065,0.213935
3416,-71.266,202,crash,0,1,0,0.216785,0.785022,0.504964,0.219942
3417,-51.428,175,crash,0,1,0,0.579227,1.335605,0.504863,0.104187
3418,-31.1852,1000,timeout,0,0,1,0.103006,1.178973,0.504762,0.210506
3419,-41.5162,198,crash,0,1,0,0.822503,1.584223,0.504661,0.210368
3420,-55.7359,255,crash,0,1,0,0.213063,0.751432,0.50456,0.173298
3421,-37.0053,1000,timeout,0,0,1,0.086599,1.072531,0.504459,0.183628
3422,-36.3159,1000,timeout,0,0,1,0.05184,0.471641,0.504358,0.262123
3423,-56.4731,1000,timeout,0,0,1,0.069873,1.028038,0.504257,0.193809
3424,-37.188,1000,timeout,0,0,1,0.09556,1.042462,0.504157,0.212831
3425,-37.5193,202,crash,0,1,0,0.410893,1.281611,0.504056,0.149877
3426,-20.0817,1000,timeout,0,0,1,0.158188,1.523633,0.503955,0.256421
3427,-45.534,196,crash,0,1,0,0.619443,1.149303,0.503854,0.094141
3428,-55.9158,419,crash,0,1,0,0.145033,0.666207,0.503753,0.126041
3429,-53.9632,182,crash,0,1,0,0.8525,1.420214,0.503653,0.223814
3430,-37.3119,1000,timeout,0,0,1,0.049805,0.609496,0.503552,0.171164
3431,-7.4007,1000,timeout,0,0,1,0.201234,1.442181,0.503451,0.198977
3432,-73.3522,214,crash,0,1,0,0.185882,0.736499,0.50335,0.195513
3433,-40.6377,1000,timeout,0,0,1,0.12545,1.273829,0.50325,0.283575
3434,-16.0034,1000,timeout,0,0,1,0.148245,1.229254,0.503149,0.197384
3435,-53.8594,310,crash,0,1,0,0.194062,0.534173,0.503048,0.245253
3436,-45.8609,203,crash,0,1,0,0.72839,1.469956,0.502948,0.19405
3437,-42.3258,1000,timeout,0,0,1,0.055635,0.656582,0.502847,0.215325
3438,-18.3282,1000,timeout,0,0,1,0.057093,0.77892,0.502747,0.227441
3439,-45.1486,213,crash,0,1,0,0.649547,1.318747,0.502646,0.114821
3440,-51.7025,369,crash,0,1,0,0.171761,0.694383,0.502546,0.247921
3441,-37.3819,1000,timeout,0,0,1,0.060751,0.403463,0.502445,0.134197
3442,-46.6063,198,crash,0,1,0,0.503606,1.121434,0.502345,0.096288
3443,-73.5982,192,crash,0,1,0,0.284488,1.068114,0.502244,0.091477
3444,-41.7563,1000,timeout,0,0,1,0.082381,1.294236,0.502144,0.239192
3445,-40.3855,219,crash,0,1,0,0.61238,1.186994,0.502043,0.426502
3446,-34.0336,1000,timeout,0,0,1,0.046563,0.704051,0.501943,0.190287
3447,-49.5046,248,crash,0,1,0,0.574861,1.38637,0.501843,0.256405
3448,-39.2176,308,crash,0,1,0,0.375662,0.953867,0.501742,0.228168
3449,-39.6235,233,crash,0,1,0,0.536647,1.148172,0.501642,0.117401
3450,-42.2113,209,crash,0,1,0,0.386979,0.912289,0.501541,0.118304
3451,-48.9685,1000,timeout,0,0,1,0.078137,0.84211,0.501441,0.270321
3452,189.9506,681,landed,1,0,0,0.108668,1.074403,0.501341,0.15994
3453,-37.5095,226,crash,0,1,0,0.53465,1.061833,0.501241,0.22188
3454,-69.4102,177,crash,0,1,0,0.19396,0.594319,0.50114,0.14409
3455,-41.9409,1000,timeout,0,0,1,0.045152,0.52964,0.50104,0.216356
3456,-38.0189,1000,timeout,0,0,1,0.047921,0.513507,0.50094,0.243136
3457,-61.7864,184,crash,0,1,0,0.117579,0.472333,0.50084,0.286067
3458,-53.715,329,crash,0,1,0,0.205158,0.616712,0.50074,0.081995
3459,-52.5368,170,crash,0,1,0,0.402071,0.956283,0.500639,0.179575
3460,-22.984,1000,timeout,0,0,1,0.114679,0.885958,0.500539,0.19895
3461,-46.8298,194,crash,0,1,0,0.70291,1.341646,0.500439,0.433837
3462,-48.3666,199,crash,0,1,0,0.64192,1.105106,0.500339,0.16975
3463,-81.0384,208,crash,0,1,0,0.440369,1.0144,0.500239,0.125786
3464,-40.6403,1000,timeout,0,0,1,0.052232,0.570328,0.500139,0.207616
3465,-28.0926,1000,timeout,0,0,1,0.135475,1.21714,0.500039,0.244005
3466,-52.994,1000,timeout,0,0,1,0.052581,0.44603,0.499939,0.188416
3467,-60.1264,1000,timeout,0,0,1,0.054644,0.531308,0.499839,0.150552
3468,-50.2428,1000,timeout,0,0,1,0.060861,0.836174,0.499739,0.213749
3469,-52.45,174,crash,0,1,0,0.492399,0.986222,0.499639,0.189219
3470,-39.7214,1000,timeout,0,0,1,0.053951,0.484158,0.499539,0.226259
3471,-45.8115,1000,timeout,0,0,1,0.0883,0.94319,0.499439,0.152572
3472,-47.639,193,crash,0,1,0,0.387816,1.163891,0.499339,0.177194
3473,-15.8548,1000,timeout,0,0,1,0.07729,0.937904,0.499239,0.162057
3474,-52.4193,246,crash,0,1,0,0.205932,0.629155,0.49914,0.218388
3475,-25.606,1000,timeout,0,0,1,0.09706,0.842718,0.49904,0.182638
3476,-32.038,233,crash,0,1,0,0.571895,1.178123,0.49894,0.241257
3477,-68.2904,1000,timeout,0,0,1,0.16478,0.732556,0.49884,0.267986
3478,-74.8233,198,crash,0,1,0,0.176467,0.663089,0.49874,0.201602
3479,-57.9291,183,crash,0,1,0,0.24784,0.719662,0.498641,0.152226
3480,8.7647,1000,timeout,0,0,1,0.147525,1.150855,0.498541,0.189834
3481,-62.9517,202,crash,0,1,0,0.257668,0.828076,0.498441,0.284769
3482,-37.5103,228,crash,0,1,0,0.595783,1.114438,0.498342,0.148111
3483,-58.2933,1000,timeout,0,0,1,0.16471,1.346253,0.498242,0.164205
3484,-54.1681,253,crash,0,1,0,0.234044,0.817703,0.498142,0.309932
3485,-62.593,1000,timeout,0,0,1,0.075848,0.764134,0.498043,0.217513
3486,-58.037,1000,timeout,0,0,1,0.044095,0.456493,0.497943,0.145639
3487,-48.277,192,crash,0,1,0,0.354597,0.82969,0.497843,0.183799
3488,-23.886,1000,timeout,0,0,1,0.074587,0.734828,0.497744,0.234778
3489,-53.9124,263,crash,0,1,0,0.214889,0.647646,0.497644,0.201987
3490,-19.3215,1000,timeout,0,0,1,0.066923,1.084215,0.497545,0.223441
3491,-49.6889,203,crash,0,1,0,0.683058,1.212029,0.497445,0.135322
3492,-24.8877,1000,timeout,0,0,1,0.212951,1.335445,0.497346,0.141196
3493,-29.3887,1000,timeout,0,0,1,0.082387,0.758009,0.497246,0.235041
3494,-25.0256,1000,timeout,0,0,1,0.057973,0.941783,0.497147,0.203262
3495,-46.1453,208,crash,0,1,0,0.557322,0.973875,0.497047,0.263427
3496,-17.8531,1000,timeout,0,0,1,0.151489,1.12716,0.496948,0.20204
3497,-26.8511,1000,timeout,0,0,1,0.181679,1.498158,0.496849,0.221832
3498,-57.2836,1000,timeout,0,0,1,0.0659,0.592438,0.496749,0.198572
3499,-49.8973,1000,timeout,0,0,1,0.098467,0.956217,0.49665,0.228624
3500,-40.527,201,crash,0,1,0,0.452647,0.990716,0.496551,0.277577
3501,-60.3555,1000,timeout,0,0,1,0.051221,0.451682,0.496451,0.281107
3502,-23.7181,1000,timeout,0,0,1,0.113527,1.024556,0.496352,0.208852
3503,-51.4752,255,crash,0,1,0,0.212159,0.588023,0.496253,0.275406
3504,-42.851,1000,timeout,0,0,1,0.074302,0.669868,0.496153,0.221154
3505,-46.1529,201,crash,0,1,0,0.700858,1.170368,0.496054,0.252432
3506,-48.4605,271,crash,0,1,0,0.274497,0.659631,0.495955,0.06735
3507,-43.9714,286,crash,0,1,0,0.200131,0.559316,0.495856,0.212679
3508,-29.9545,210,crash,0,1,0,0.755532,1.524827,0.495757,0.237094
3509,-34.8702,237,crash,0,1,0,0.595941,1.046142,0.495657,0.087425
3510,-54.6641,173,crash,0,1,0,0.317384,0.74166,0.495558,0.271105
3511,-35.8444,191,crash,0,1,0,0.48298,1.252462,0.495459,0.212231
3512,-37.4364,1000,timeout,0,0,1,0.047104,0.53799,0.49536,0.18317
3513,-56.3939,1000,timeout,0,0,1,0.075661,0.679655,0.495261,0.211411
3514,-53.4858,234,crash,0,1,0,0.34527,1.048348,0.495162,0.019919
3515,-62.8797,187,crash,0,1,0,0.157315,0.396036,0.495063,0.093708
3516,-50.1437,179,crash,0,1,0,0.322455,0.771956,0.494964,0.100076
3517,-48.7524,1000,timeout,0,0,1,0.073769,0.635122,0.494865,0.212084
3518,-37.7753,1000,timeout,0,0,1,0.057734,0.461939,0.494766,0.192756
3519,-29.7937,1000,timeout,0,0,1,0.099018,1.00695,0.494667,0.244177
3520,-22.1948,1000,timeout,0,0,1,0.086349,0.976383,0.494568,0.180065
3521,-32.2399,218,crash,0,1,0,0.772421,1.46513,0.494469,0.320057
3522,-52.573,297,crash,0,1,0,0.190549,0.70452,0.49437,0.176568
3523,-35.0922,210,crash,0,1,0,0.688429,1.422554,0.494271,0.159445
3524,-64.6955,172,crash,0,1,0,0.202438,0.582201,0.494173,0.238002
3525,-42.4311,184,crash,0,1,0,0.357523,0.973483,0.494074,0.144488
3526,-53.864,264,crash,0,1,0,0.367623,1.213256,0.493975,0.25654
3527,-49.7632,206,crash,0,1,0,0.601753,1.432921,0.493876,0.321159
3528,-21.2435,1000,timeout,0,0,1,0.089386,0.980228,0.493777,0.223322
3529,-46.5979,201,crash,0,1,0,0.654966,1.187809,0.493679,0.300444
3530,-44.8785,202,crash,0,1,0,0.614542,1.333135,0.49358,0.202655
3531,-31.7416,1000,timeout,0,0,1,0.232514,1.620253,0.493481,0.15725
3532,-10.9193,1000,timeout,0,0,1,0.143483,1.356637,0.493382,0.232026
3533,-4.458,1000,timeout,0,0,1,0.134294,1.210711,0.493284,0.151131
3534,-28.3137,1000,timeout,0,0,1,0.073212,0.960741,0.493185,0.188979
3535,-45.6093,203,crash,0,1,0,0.466459,1.116251,0.493086,0.327221
3536,-55.0219,191,crash,0,1,0,0.738978,1.285633,0.492988,0.094911
3537,-59.683,1000,timeout,0,0,1,0.052173,0.590445,0.492889,0.190983
3538,-48.728,207,crash,0,1,0,0.600017,1.15889,0.492791,0.333211
3539,-56.6016,189,crash,0,1,0,0.295908,0.92693,0.492692,0.266759
3540,-66.0739,191,crash,0,1,0,0.237868,0.649182,0.492594,0.175416
3541,-58.9206,1000,timeout,0,0,1,0.055821,0.598351,0.492495,0.207971
3542,-64.6352,1000,timeout,0,0,1,0.055992,0.611351,0.492397,0.252377
3543,-42.2003,1000,timeout,0,0,1,0.058342,0.545663,0.492298,0.188394
3544,-48.1918,205,crash,0,1,0,0.56163,1.223921,0.4922,0.194465
3545,-33.7718,1000,timeout,0,0,1,0.077544,1.077093,0.492101,0.26153
3546,-17.424,1000,timeout,0,0,1,0.188841,1.403039,0.492003,0.256578
3547,-43.8605,1000,timeout,0,0,1,0.105028,1.084902,0.491904,0.149422
3548,-53.8329,1000,timeout,0,0,1,0.056843,0.57848,0.491806,0.223715
3549,-33.7078,1000,timeout,0,0,1,0.076556,0.902592,0.491708,0.300934
3550,-36.4076,1000,timeout,0,0,1,0.046373,0.615722,0.491609,0.161162
3551,-41.4249,1000,timeout,0,0,1,0.101074,1.02657,0.491511,0.22043
3552,-79.0266,217,crash,0,1,0,0.374827,1.218417,0.491413,0.147279
3553,-35.58,1000,timeout,0,0,1,0.105124,1.046899,0.491314,0.235116
3554,-23.8964,1000,timeout,0,0,1,0.112746,1.053093,0.491216,0.255417
3555,-37.804,1000,timeout,0,0,1,0.063894,0.669574,0.491118,0.134718
3556,-90.7511,191,crash,0,1,0,0.397631,1.234485,0.49102,0.135704
3557,-53.5942,196,crash,0,1,0,0.786628,1.57573,0.490921,0.241471
3558,-53.6883,202,crash,0,1,0,0.727033,1.442961,0.490823,0.295577
3559,-45.2934,194,crash,0,1,0,0.755251,1.52944,0.490725,0.123199
3560,-16.318,1000,timeout,0,0,1,0.174817,1.235092,0.490627,0.169203
3561,168.3428,438,landed,1,0,0,0.102634,0.55041,0.490529,0.260314
3562,-55.8594,1000,timeout,0,0,1,0.047613,0.444875,0.490431,0.162732
3563,1.8433,1000,timeout,0,0,1,0.198345,1.016967,0.490333,0.186619
3564,-48.8756,197,crash,0,1,0,0.685298,1.13744,0.490235,0.201321
3565,-38.8259,1000,timeout,0,0,1,0.068269,0.924163,0.490137,0.184087
3566,-34.9621,1000,timeout,0,0,1,0.05325,0.782564,0.490038,0.254527
3567,-35.3457,1000,timeout,0,0,1,0.092324,0.753386,0.48994,0.198275
3568,-55.5489,196,crash,0,1,0,0.686631,1.264223,0.489842,0.308647
3569,-56.2516,1000,timeout,0,0,1,0.038399,0.462468,0.489745,0.234683
3570,-17.389,1000,timeout,0,0,1,0.191648,1.441161,0.489647,0.189358
3571,-42.3487,1000,timeout,0,0,1,0.07256,0.661009,0.489549,0.196932
3572,-49.2521,218,crash,0,1,0,0.467269,1.01942,0.489451,0.247398
3573,-34.1299,187,crash,0,1,0,0.80526,1.3849,0.489353,0.272215
3574,-12.1485,1000,timeout,0,0,1,0.198356,1.468651,0.489255,0.165638
3575,7.6964,1000,timeout,0,0,1,0.181252,1.236876,0.489157,0.233864
3576,-4.2666,1000,timeout,0,0,1,0.188711,1.2595,0.489059,0.16471
3577,-50.1703,1000,timeout,0,0,1,0.075088,0.916252,0.488961,0.178462
3578,-23.8149,1000,timeout,0,0,1,0.089971,0.892023,0.488864,0.266491
3579,-56.4073,1000,timeout,0,0,1,0.053768,0.464179,0.488766,0.223694
3580,-45.3594,1000,timeout,0,0,1,0.090306,0.997547,0.488668,0.236505
3581,-40.435,1000,timeout,0,0,1,0.09961,0.841378,0.48857,0.192326
3582,-40.9545,1000,timeout,0,0,1,0.042341,0.470476,0.488473,0.175614
3583,8.1677,1000,timeout,0,0,1,0.158591,1.446747,0.488375,0.237262
3584,-61.8133,1000,timeout,0,0,1,0.050505,0.547126,0.488277,0.169428
3585,-44.9887,1000,timeout,0,0,1,0.058193,0.751371,0.48818,0.155281
3586,-28.7082,1000,timeout,0,0,1,0.088725,0.623668,0.488082,0.163608
3587,-39.3222,1000,timeout,0,0,1,0.045008,0.543089,0.487984,0.204949
3588,-56.7407,194,crash,0,1,0,0.680863,1.457939,0.487887,0.154673
3589,-55.9475,1000,timeout,0,0,1,0.047574,0.565524,0.487789,0.211075
3590,-58.603,1000,timeout,0,0,1,0.045656,0.40421,0.487692,0.14089
3591,-41.8589,1000,timeout,0,0,1,0.043147,0.397509,0.487594,0.19269
3592,-42.546,186,crash,0,1,0,0.823583,1.467856,0.487497,0.226953
3593,-39.6492,1000,timeout,0,0,1,0.107393,1.119395,0.487399,0.170194
3594,-52.2674,212,crash,0,1,0,0.613251,1.219862,0.487302,0.173655
3595,-39.6998,1000,timeout,0,0,1,0.048019,0.520767,0.487204,0.194201
3596,4.5903,1000,timeout,0,0,1,0.182706,1.161394,0.487107,0.201432
3597,-20.311,1000,timeout,0,0,1,0.145322,1.445756,0.487009,0.182783
3598,-53.8704,205,crash,0,1,0,0.386624,1.073555,0.486912,0.085228
3599,-26.7352,1000,timeout,0,0,1,0.122555,1.01741,0.486815,0.222523
3600,-61.3026,1000,timeout,0,0,1,0.057765,0.666709,0.486717,0.148755
3601,-52.0138,180,crash,0,1,0,0.648413,1.326574,0.48662,0.283257
3602,-37.2941,177,crash,0,1,0,0.825098,1.688882,0.486523,0.173154
3603,-37.3913,206,crash,0,1,0,0.8041,1.336905,0.486425,0.162971
3604,-55.9991,200,crash,0,1,0,0.666518,1.394897,0.486328,0.249838
3605,-5.5474,1000,timeout,0,0,1,0.194815,1.458432,0.486231,0.166609
3606,-37.2677,213,crash,0,1,0,0.365606,0.789848,0.486133,0.188721
3607,-39.6461,218,crash,0,1,0,0.582593,1.017569,0.486036,0.249052
3608,-33.6403,1000,timeout,0,0,1,0.043468,0.383594,0.485939,0.155531
3609,-36.9364,238,crash,0,1,0,0.636328,1.296544,0.485842,0.184834
3610,-52.2764,209,crash,0,1,0,0.536805,1.238285,0.485745,0.123113
3611,-36.618,234,crash,0,1,0,0.570409,1.451361,0.485647,0.232612
3612,-48.6884,177,crash,0,1,0,0.291793,0.600049,0.48555,0.183489
3613,-10.276,1000,timeout,0,0,1,0.11913,0.972431,0.485453,0.144832
3614,-20.861,1000,timeout,0,0,1,0.074212,0.749366,0.485356,0.137203
3615,-10.0808,1000,timeout,0,0,1,0.172381,1.136205,0.485259,0.230053
3616,-14.5403,1000,timeout,0,0,1,0.200668,1.417873,0.485162,0.197247
3617,-47.4592,249,crash,0,1,0,0.261762,0.642641,0.485065,0.132628
3618,-45.6928,170,crash,0,1,0,0.867254,1.439835,0.484968,0.211787
3619,-40.2229,1000,timeout,0,0,1,0.051346,0.533002,0.484871,0.165769
3620,-46.4495,179,crash,0,1,0,0.324502,0.867918,0.484774,0.243455
3621,-41.5409,204,crash,0,1,0,0.333679,0.887237,0.484677,0.129462
3622,-26.3564,1000,timeout,0,0,1,0.086433,0.979119,0.48458,0.207752
3623,-24.4179,1000,timeout,0,0,1,0.069709,0.6331,0.484483,0.192053
3624,-28.8137,1000,timeout,0,0,1,0.144016,1.270658,0.484386,0.198405
3625,-28.348,1000,timeout,0,0,1,0.187835,1.499732,0.484289,0.195141
3626,-49.1723,197,crash,0,1,0,0.449224,1.026726,0.484193,0.292071
3627,-45.2635,201,crash,0,1,0,0.443925,1.158781,0.484096,0.123974
3628,-3.5354,1000,timeout,0,0,1,0.151944,1.533296,0.483999,0.143057
3629,-28.2293,1000,timeout,0,0,1,0.113703,1.384602,0.483902,0.116017
3630,-51.0725,1000,timeout,0,0,1,0.048322,0.545604,0.483805,0.174697
3631,-13.4091,1000,timeout,0,0,1,0.242288,1.60529,0.483709,0.170262
3632,-28.3252,1000,timeout,0,0,1,0.202888,1.375901,0.483612,0.155472
3633,-5.7234,1000,timeout,0,0,1,0.142517,1.276636,0.483515,0.132952
3634,-8.5613,1000,timeout,0,0,1,0.262929,1.567033,0.483418,0.152751
3635,-55.2773,171,crash,0,1,0,0.554998,1.11244,0.483322,0.136868
3636,-41.9859,1000,timeout,0,0,1,0.083126,0.865176,0.483225,0.171187
3637,-50.8495,199,crash,0,1,0,0.811877,1.459788,0.483128,0.125693
3638,-44.8696,181,crash,0,1,0,0.687319,1.113123,0.483032,0.053467
3639,-47.5421,1000,timeout,0,0,1,0.053831,0.742354,0.482935,0.156564
3640,-47.1569,1000,timeout,0,0,1,0.075911,0.94164,0.482839,0.150801
3641,-40.9135,191,crash,0,1,0,0.757177,1.430755,0.482742,0.251243
3642,-10.1262,1000,timeout,0,0,1,0.224181,1.470929,0.482645,0.208298
3643,-24.9632,1000,timeout,0,0,1,0.142059,1.173869,0.482549,0.155818
3644,14.1402,1000,timeout,0,0,1,0.237374,1.174626,0.482452,0.226573
3645,-50.3842,204,crash,0,1,0,0.418439,0.838137,0.482356,0.228146
3646,-33.2705,1000,timeout,0,0,1,0.079225,0.920632,0.482259,0.20523
3647,-49.9994,184,crash,0,1,0,0.450234,1.048125,0.482163,0.057611
3648,-50.6759,179,crash,0,1,0,0.713056,1.65509,0.482067,0.164059
3649,-23.4679,1000,timeout,0,0,1,0.080056,0.976165,0.48197,0.121867
3650,-46.9609,243,crash,0,1,0,0.54861,1.155775,0.481874,0.132396
3651,-48.752,1000,timeout,0,0,1,0.182011,1.404578,0.481777,0.210958
3652,-38.1167,1000,timeout,0,0,1,0.090977,1.059752,0.481681,0.177187
3653,-47.5727,202,crash,0,1,0,0.654352,1.207939,0.481585,0.131019
3654,-41.7963,175,crash,0,1,0,0.619041,1.224368,0.481488,0.254927
3655,-42.5098,1000,timeout,0,0,1,0.039158,0.674478,0.481392,0.188461
3656,-44.4461,200,crash,0,1,0,0.79834,1.403435,0.481296,0.128675
3657,-49.4443,228,crash,0,1,0,0.730749,1.544539,0.4812,0.176471
3658,-48.3049,193,crash,0,1,0,0.758208,1.38793,0.481103,0.135307
3659,-1.1938,1000,timeout,0,0,1,0.173669,1.128749,0.481007,0.181142
3660,-43.882,220,crash,0,1,0,0.440772,0.914952,0.480911,0.168618
3661,-12.1931,1000,timeout,0,0,1,0.123244,1.20582,0.480815,0.190224
3662,0.5295,1000,timeout,0,0,1,0.203848,1.475201,0.480719,0.24365
3663,-4.9137,1000,timeout,0,0,1,0.136186,0.945145,0.480622,0.188972
3664,-35.5505,1000,timeout,0,0,1,0.056379,0.57578,0.480526,0.155304
3665,-37.813,218,crash,0,1,0,0.625045,1.205403,0.48043,0.04707
3666,-45.5716,1000,timeout,0,0,1,0.065989,0.681229,0.480334,0.160414
3667,-40.3277,1000,timeout,0,0,1,0.062475,0.689419,0.480238,0.161376
3668,-54.0317,1000,timeout,0,0,1,0.073262,0.958785,0.480142,0.181285
3669,-36.2162,1000,timeout,0,0,1,0.077133,0.871493,0.480046,0.091177
3670,1.5984,1000,timeout,0,0,1,0.307998,1.501393,0.47995,0.151694
3671,-62.3344,1000,timeout,0,0,1,0.061673,0.687736,0.479854,0.241959
3672,-28.9247,196,crash,0,1,0,0.785499,1.409736,0.479758,0.149883
3673,-41.4764,193,crash,0,1,0,0.743831,1.411144,0.479662,0.184365
3674,-36.5371,1000,timeout,0,0,1,0.047759,0.613381,0.479566,0.178557
3675,-30.7408,1000,timeout,0,0,1,0.049506,0.955778,0.47947,0.256094
3676,8.8999,1000,timeout,0,0,1,0.226722,1.18971,0.479374,0.195722
3677,-41.3296,179,crash,0,1,0,0.839002,1.463024,0.479278,0.253613
3678,-36.3786,1000,timeout,0,0,1,0.048413,0.508514,0.479183,0.191736
3679,-59.7605,170,crash,0,1,0,0.30097,0.880529,0.479087,0.102795
3680,-51.8089,191,crash,0,1,0,0.205017,0.664411,0.478991,0.362657
3681,3.4166,1000,timeout,0,0,1,0.256796,1.478966,0.478895,0.2152
3682,-36.7556,1000,timeout,0,0,1,0.138388,1.427451,0.478799,0.178969
3683,5.6447,1000,timeout,0,0,1,0.190017,1.288586,0.478704,0.128297
3684,-38.8989,1000,timeout,0,0,1,0.039878,0.602151,0.478608,0.172167
3685,-35.1322,1000,timeout,0,0,1,0.05923,0.673957,0.478512,0.229039
3686,-0.1367,1000,timeout,0,0,1,0.176442,1.383802,0.478416,0.19733
3687,-59.8393,1000,timeout,0,0,1,0.057516,0.443269,0.478321,0.142038
3688,-52.8114,1000,timeout,0,0,1,0.215092,1.453903,0.478225,0.130754
3689,-62.2537,184,crash,0,1,0,0.232434,0.677955,0.478129,0.180441
3690,-50.4191,1000,timeout,0,0,1,0.067152,0.822984,0.478034,0.233248
3691,-28.4145,1000,timeout,0,0,1,0.113194,1.22711,0.477938,0.216575
3692,-44.3318,194,crash,0,1,0,0.548327,1.345509,0.477843,0.171518
3693,-58.5472,194,crash,0,1,0,0.166928,0.426346,0.477747,0.08261
3694,-44.8464,204,crash,0,1,0,0.674256,1.167265,0.477652,0.196286
3695,-27.2701,1000,timeout,0,0,1,0.060711,0.524893,0.477556,0.144679
3696,2.2163,1000,timeout,0,0,1,0.181289,1.156099,0.47746,0.289728
3697,173.5906,954,landed,1,0,0,0.073465,0.890322,0.477365,0.16534
3698,-28.648,209,crash,0,1,0,0.805696,1.506529,0.477269,0.204948
3699,-42.8969,220,crash,0,1,0,0.335559,0.815611,0.477174,0.091338
3700,-49.3092,186,crash,0,1,0,0.783297,1.497736,0.477079,0.214265
3701,-51.6606,174,crash,0,1,0,0.362787,0.946946,0.476983,0.203165
3702,-54.204,180,crash,0,1,0,0.360384,1.227978,0.476888,0.205319
3703,-50.7361,191,crash,0,1,0,0.181259,0.459023,0.476792,0.274146
3704,-85.6619,257,crash,0,1,0,0.829575,1.557687,0.476697,0.103042
3705,-16.2266,1000,timeout,0,0,1,0.189322,1.293894,0.476602,0.200321
3706,-36.4165,245,crash,0,1,0,0.414227,0.948011,0.476506,0.14953
3707,-15.5516,1000,timeout,0,0,1,0.078343,0.875768,0.476411,0.213495
3708,-48.1647,209,crash,0,1,0,0.473966,0.880216,0.476316,0.226166
3709,-61.3645,193,crash,0,1,0,0.622856,1.265982,0.476221,0.184464
3710,-45.861,173,crash,0,1,0,0.859994,1.602619,0.476125,0.243513
3711,-48.3034,213,crash,0,1,0,0.530924,1.022895,0.47603,0.145511
3712,-35.153,187,crash,0,1,0,0.868155,1.499072,0.475935,0.196114
3713,-58.4239,192,crash,0,1,0,0.180721,0.395814,0.47584,0.088596
3714,-47.2963,200,crash,0,1,0,0.282531,0.732722,0.475745,0.176542
3715,-61.0443,178,crash,0,1,0,0.144356,0.48016,0.475649,0.343127
3716,-37.2883,1000,timeout,0,0,1,0.055681,0.87766,0.475554,0.27125
3717,-52.6806,1000,timeout,0,0,1,0.058419,0.613593,0.475459,0.205689
3718,-42.0407,192,crash,0,1,0,0.854985,1.436823,0.475364,0.273293
3719,-31.8301,1000,timeout,0,0,1,0.160612,1.142379,0.475269,0.193372
3720,-9.6122,1000,timeout,0,0,1,0.118448,1.430448,0.475174,0.207092
3721,-31.7079,1000,timeout,0,0,1,0.124433,1.322806,0.475079,0.232071
3722,-16.7553,1000,timeout,0,0,1,0.140733,1.23579,0.474984,0.206074
3723,-40.6263,198,crash,0,1,0,0.696265,1.378375,0.474889,0.259532
3724,-50.3698,1000,timeout,0,0,1,0.046131,0.639608,0.474794,0.197906
3725,-54.9845,175,crash,0,1,0,0.186926,0.528598,0.474699,0.179024
3726,-45.7137,204,crash,0,1,0,0.7491,1.313954,0.474604,0.092693
3727,-46.7916,1000,timeout,0,0,1,0.041832,0.393052,0.474509,0.198868
3728,-49.8858,185,crash,0,1,0,0.588976,1.075566,0.474414,0.298067
3729,-43.9815,1000,timeout,0,0,1,0.062128,0.598052,0.474319,0.206714
3730,-9.1664,1000,timeout,0,0,1,0.229771,1.515807,0.474224,0.226698
3731,-53.2398,174,crash,0,1,0,0.21839,0.447924,0.47413,0.228022
3732,-40.5803,192,crash,0,1,0,0.683469,1.32766,0.474035,0.235707
3733,-17.4176,1000,timeout,0,0,1,0.100063,1.050176,0.47394,0.261208
3734,-46.9831,1000,timeout,0,0,1,0.044881,0.450213,0.473845,0.210137
3735,-31.2094,1000,timeout,0,0,1,0.204603,1.279329,0.47375,0.189265
3736,-18.7914,1000,timeout,0,0,1,0.10515,1.089859,0.473656,0.226726
3737,-42.3092,179,crash,0,1,0,0.944082,1.695262,0.473561,0.265012
3738,-37.5696,1000,timeout,0,0,1,0.035912,0.515062,0.473466,0.243944
3739,-15.4985,1000,timeout,0,0,1,0.221012,1.436253,0.473371,0.236665
3740,-4.8747,1000,timeout,0,0,1,0.149538,1.213874,0.473277,0.219189
3741,-32.0017,1000,timeout,0,0,1,0.105574,1.32016,0.473182,0.173802
3742,-34.5878,1000,timeout,0,0,1,0.124386,1.381214,0.473088,0.192007
3743,-40.2396,179,crash,0,1,0,0.809954,1.372582,0.472993,0.199973
3744,-28.5229,1000,timeout,0,0,1,0.227694,1.370746,0.472898,0.153074
3745,-40.7153,219,crash,0,1,0,0.440431,0.940217,0.472804,0.243803
3746,-44.4879,188,crash,0,1,0,0.762752,1.500908,0.472709,0.046463
3747,-54.5497,1000,timeout,0,0,1,0.043711,0.752842,0.472615,0.232972
3748,-20.5704,1000,timeout,0,0,1,0.19843,1.531969,0.47252,0.230367
3749,-31.7639,1000,timeout,0,0,1,0.232407,1.609581,0.472426,0.191209
3750,-43.4694,192,crash,0,1,0,0.703547,1.441005,0.472331,0.312706
3751,-14.8132,1000,timeout,0,0,1,0.175148,1.454438,0.472237,0.214089
3752,-15.1474,1000,timeout,0,0,1,0.103207,1.295728,0.472142,0.176028
3753,-13.2354,1000,timeout,0,0,1,0.091654,1.09692,0.472048,0.212618
3754,-40.7087,173,crash,0,1,0,0.8861,1.627214,0.471953,0.302166
3755,-42.2123,1000,timeout,0,0,1,0.073165,1.118729,0.471859,0.212189
3756,-42.516,181,crash,0,1,0,0.771301,1.546777,0.471765,0.086638
3757,-28.3349,1000,timeout,0,0,1,0.103263,0.752009,0.47167,0.177139
3758,-23.9049,1000,timeout,0,0,1,0.167628,1.461049,0.471576,0.195795
3759,-28.7233,1000,timeout,0,0,1,0.252955,1.534174,0.471482,0.188712
3760,-42.8278,216,crash,0,1,0,0.5443,1.026259,0.471387,0.175424
3761,-4.2425,1000,timeout,0,0,1,0.145591,1.153126,0.471293,0.157351
3762,-49.4757,1000,timeout,0,0,1,0.051238,0.882779,0.471199,0.168184
3763,-59.3522,1000,timeout,0,0,1,0.036475,0.480606,0.471105,0.16628
3764,-56.9945,180,crash,0,1,0,0.825322,1.313051,0.47101,0.098875
3765,-50.0588,179,crash,0,1,0,0.182913,0.399416,0.470916,0.286629
3766,-52.5042,200,crash,0,1,0,0.777472,1.440586,0.470822,0.120847
3767,-39.5267,178,crash,0,1,0,0.907324,1.56569,0.470728,0.092767
3768,-0.7321,1000,timeout,0,0,1,0.186071,1.317922,0.470634,0.265069
3769,-57.1906,187,crash,0,1,0,0.239885,0.853813,0.470539,0.102915
3770,-35.7262,1000,timeout,0,0,1,0.09951,1.181035,0.470445,0.191254
3771,-55.969,1000,timeout,0,0,1,0.041216,0.575507,0.470351,0.217916
3772,-22.488,1000,timeout,0,0,1,0.251352,1.4752,0.470257,0.167621
3773,-61.2741,205,crash,0,1,0,0.579675,1.339352,0.470163,0.18868
3774,-43.1732,1000,timeout,0,0,1,0.049504,0.67529,0.470069,0.312776
3775,-49.4781,185,crash,0,1,0,0.905874,1.449292,0.469975,0.213211
3776,-21.7606,1000,timeout,0,0,1,0.208083,1.349314,0.469881,0.243217
3777,-46.7296,1000,timeout,0,0,1,0.056302,0.511447,0.469787,0.213911
3778,-21.3,1000,timeout,0,0,1,0.049812,0.746978,0.469693,0.190596
3779,-4.514,1000,timeout,0,0,1,0.170961,1.371401,0.469599,0.173149
3780,-26.6058,1000,timeout,0,0,1,0.061693,0.695194,0.469505,0.171596
3781,-49.3801,183,crash,0,1,0,0.193606,0.588352,0.469411,0.242901
3782,-45.7459,1000,timeout,0,0,1,0.062107,0.584102,0.469318,0.198194
3783,-48.096,187,crash,0,1,0,0.547969,1.260612,0.469224,0.291844
3784,-8.63,1000,timeout,0,0,1,0.195623,1.153044,0.46913,0.227609
3785,-17.1166,1000,timeout,0,0,1,0.058938,0.527922,0.469036,0.222443
3786,-24.2134,1000,timeout,0,0,1,0.068956,0.789135,0.468942,0.133049
3787,-48.8596,184,crash,0,1,0,0.390313,1.221396,0.468848,0.061341
3788,-48.3153,1000,timeout,0,0,1,0.073497,0.679469,0.468755,0.139719
3789,-32.3521,1000,timeout,0,0,1,0.06041,0.649249,0.468661,0.142776
3790,-50.7465,194,crash,0,1,0,0.625033,1.251859,0.468567,0.05623
3791,-55.3008,174,crash,0,1,0,0.183479,0.493676,0.468473,0.158282
3792,-54.5029,174,crash,0,1,0,0.116715,0.45082,0.46838,0.210347
3793,-53.1703,188,crash,0,1,0,0.17556,0.584665,0.468286,0.206495
3794,-56.823,192,crash,0,1,0,0.235711,0.740743,0.468192,0.245215
3795,-4.1021,1000,timeout,0,0,1,0.125645,0.970257,0.468099,0.196969
3796,-53.1462,188,crash,0,1,0,0.191157,0.491601,0.468005,0.140131
3797,-39.91,213,crash,0,1,0,0.594978,1.168925,0.467912,0.252322
3798,-52.6669,183,crash,0,1,0,0.524659,1.045035,0.467818,0.228742
3799,-34.2761,1000,timeout,0,0,1,0.041864,0.531376,0.467724,0.225184
3800,-54.2312,194,crash,0,1,0,0.229207,0.749019,0.467631,0.089448
3801,-59.1346,168,crash,0,1,0,0.163413,0.534238,0.467537,0.111873
3802,-18.3816,1000,timeout,0,0,1,0.080622,1.009878,0.467444,0.187742
3803,-35.9526,1000,timeout,0,0,1,0.043981,0.511058,0.46735,0.224901
3804,-20.9077,1000,timeout,0,0,1,0.124605,0.94739,0.467257,0.095672
3805,-42.0495,222,crash,0,1,0,0.723461,1.449042,0.467163,0.158578
3806,-43.3332,203,crash,0,1,0,0.617394,1.177357,0.46707,0.254109
3807,-53.2053,191,crash,0,1,0,0.156952,0.500684,0.466977,0.136529
3808,-50.4183,187,crash,0,1,0,0.594139,1.152651,0.466883,0.210807
3809,-47.9427,189,crash,0,1,0,0.437638,0.892287,0.46679,0.333124
3810,-50.2074,169,crash,0,1,0,0.511605,1.429189,0.466696,0.197218
3811,-50.6783,173,crash,0,1,0,0.196942,0.608164,0.466603,0.24218
3812,-46.6004,181,crash,0,1,0,0.30601,0.709955,0.46651,0.276438
3813,-83.8065,144,crash,0,1,0,0.940579,1.774711,0.466416,0.330611
3814,-10.4461,1000,timeout,0,0,1,0.132368,1.254782,0.466323,0.148483
3815,-49.8594,208,crash,0,1,0,0.536303,1.157466,0.46623,0.230432
3816,-33.132,1000,timeout,0,0,1,0.153506,1.277155,0.466137,0.222238
3817,-45.9479,1000,timeout,0,0,1,0.035953,0.465333,0.466043,0.207281
3818,-40.0368,218,crash,0,1,0,0.487347,1.012283,0.46595,0.212683
3819,-16.7536,1000,timeout,0,0,1,0.099727,1.232646,0.465857,0.213759
3820,-36.9846,1000,timeout,0,0,1,0.120096,1.357864,0.465764,0.159323
3821,-11.7363,1000,timeout,0,0,1,0.173125,1.389008,0.465671,0.171234
3822,-48.8229,194,crash,0,1,0,0.875469,1.481073,0.465578,0.267451
3823,-47.1828,195,crash,0,1,0,0.615074,1.147353,0.465485,0.325273
3824,-56.9951,174,crash,0,1,0,0.194883,0.579771,0.465391,0.145338
3825,-20.915,1000,timeout,0,0,1,0.140792,1.327917,0.465298,0.227602
3826,-14.3751,1000,timeout,0,0,1,0.278542,1.877756,0.465205,0.227298
3827,-25.1197,1000,timeout,0,0,1,0.061355,1.01126,0.465112,0.212763
3828,-47.0661,199,crash,0,1,0,0.585316,1.411515,0.465019,0.264219
3829,-56.8118,177,crash,0,1,0,0.764811,1.586721,0.464926,0.067191
3830,-48.2817,195,crash,0,1,0,0.708052,1.53846,0.464833,0.214068
3831,-31.4866,1000,timeout,0,0,1,0.092447,0.83535,0.46474,0.205054
3832,8.3077,1000,timeout,0,0,1,0.237202,1.471217,0.464647,0.172704
3833,-44.4315,244,crash,0,1,0,0.543012,1.391422,0.464554,0.153489
3834,-55.844,188,crash,0,1,0,0.49085,1.06172,0.464461,0.299804
3835,-51.6463,168,crash,0,1,0,0.239009,0.554362,0.464369,0.167563
3836,-15.3346,1000,timeout,0,0,1,0.231969,1.648005,0.464276,0.214797
3837,-8.6589,1000,timeout,0,0,1,0.224793,1.573773,0.464183,0.152529
3838,-52.0136,191,crash,0,1,0,0.403659,1.151809,0.46409,0.208218
3839,-57.2914,1000,timeout,0,0,1,0.142806,1.179287,0.463997,0.218462
3840,-19.9408,1000,timeout,0,0,1,0.124113,1.470027,0.463904,0.247137
3841,-52.2481,191,crash,0,1,0,0.3344,1.101896,0.463812,0.256121
3842,-27.8884,1000,timeout,0,0,1,0.040021,0.387794,0.463719,0.219033
3843,-10.4308,1000,timeout,0,0,1,0.156051,1.3913,0.463626,0.218123
3844,-17.3708,1000,timeout,0,0,1,0.170266,1.215849,0.463533,0.224925
3845,-45.7668,200,crash,0,1,0,0.516216,1.207156,0.463441,0.199665
3846,-48.4309,219,crash,0,1,0,0.667805,1.637275,0.463348,0.151741
3847,-14.7694,1000,timeout,0,0,1,0.128034,1.397562,0.463255,0.184182
3848,-52.3241,182,crash,0,1,0,0.232499,0.943866,0.463163,0.346118
3849,-45.1162,238,crash,0,1,0,0.794755,1.533536,0.46307,0.254636
3850,-51.7197,173,crash,0,1,0,0.250485,0.618341,0.462977,0.095683
3851,-61.0366,170,crash,0,1,0,0.110394,0.305961,0.462885,0.320887
3852,-48.0743,194,crash,0,1,0,0.838837,1.563599,0.462792,0.186583
3853,-45.0306,201,crash,0,1,0,0.358006,1.11223,0.4627,0.223307
3854,-53.3523,1000,timeout,0,0,1,0.045149,0.810512,0.462607,0.243286
3855,-89.8125,213,crash,0,1,0,0.885879,1.846224,0.462515,0.155631
3856,-45.1281,186,crash,0,1,0,0.47846,1.154379,0.462422,0.42991
3857,-31.7074,1000,timeout,0,0,1,0.160772,1.540121,0.46233,0.151923
3858,-52.0962,185,crash,0,1,0,0.134841,0.491265,0.462237,0.182441
3859,-41.914,169,crash,0,1,0,0.8472,1.734268,0.462145,0.321507
3860,-9.3421,1000,timeout,0,0,1,0.123195,1.205168,0.462052,0.182303
3861,-46.0458,196,crash,0,1,0,0.684911,1.282345,0.46196,0.194367
3862,7.4381,1000,timeout,0,0,1,0.209109,1.536023,0.461867,0.261037
3863,-58.1127,209,crash,0,1,0,0.597487,1.380695,0.461775,0.274609
3864,-53.4294,187,crash,0,1,0,0.81191,1.477321,0.461683,0.175589
3865,-47.0103,180,crash,0,1,0,0.544835,1.40114,0.46159,0.225284
3866,11.929,1000,timeout,0,0,1,0.221199,1.555965,0.461498,0.235568
3867,-49.0289,179,crash,0,1,0,0.275718,0.603047,0.461406,0.392722
3868,-58.2826,266,crash,0,1,0,0.686211,1.731046,0.461314,0.225633
3869,-51.6621,200,crash,0,1,0,0.677761,1.280094,0.461221,0.129168
3870,-43.3029,190,crash,0,1,0,0.762429,1.613545,0.461129,0.182264
3871,-63.0144,191,crash,0,1,0,0.463134,1.046818,0.461037,0.103047
3872,-55.9077,163,crash,0,1,0,0.134437,0.460464,0.460945,0.061875
3873,-45.6485,172,crash,0,1,0,1.046067,1.829369,0.460852,0.186219
3874,-40.6811,1000,timeout,0,0,1,0.071001,1.136255,0.46076,0.251879
3875,-44.1632,1000,timeout,0,0,1,0.089533,1.01348,0.460668,0.300793
3876,-32.3902,1000,timeout,0,0,1,0.112727,1.24438,0.460576,0.314011
3877,-43.3974,179,crash,0,1,0,0.676145,1.462961,0.460484,0.221909
3878,-49.5606,180,crash,0,1,0,0.855275,1.571155,0.460392,0.182806
3879,-56.7989,191,crash,0,1,0,0.283263,0.645619,0.4603,0.263921
3880,-29.1673,1000,timeout,0,0,1,0.170045,1.314034,0.460208,0.227654
3881,-28.7632,1000,timeout,0,0,1,0.03497,0.737399,0.460116,0.28643
3882,-50.727,1000,timeout,0,0,1,0.082807,1.032994,0.460024,0.263734
3883,-86.4656,227,crash,0,1,0,0.628342,1.178051,0.459932,0.219784
3884,-5.7458,1000,timeout,0,0,1,0.124773,1.297281,0.45984,0.264208
3885,-54.5927,192,crash,0,1,0,0.889971,1.781804,0.459748,0.525747
3886,-38.5204,1000,timeout,0,0,1,0.078598,1.028879,0.459656,0.251828
3887,-50.0644,1000,timeout,0,0,1,0.058303,1.009401,0.459564,0.193505
3888,-78.1073,178,crash,0,1,0,0.550956,1.276429,0.459472,0.184992
3889,-55.5113,173,crash,0,1,0,0.369381,1.011171,0.45938,0.257465
3890,-9.3864,1000,timeout,0,0,1,0.111993,1.20079,0.459288,0.205112
3891,5.2134,1000,timeout,0,0,1,0.194035,1.351711,0.459196,0.237759
3892,-17.2529,1000,timeout,0,0,1,0.22893,1.702439,0.459104,0.186001
3893,-55.5327,1000,timeout,0,0,1,0.032324,0.371264,0.459012,0.30423
3894,-43.8258,1000,timeout,0,0,1,0.079607,1.078839,0.458921,0.208258
3895,-56.2507,173,crash,0,1,0,0.302126,1.074064,0.458829,0.050618
3896,-15.7137,1000,timeout,0,0,1,0.11845,1.242434,0.458737,0.263554
3897,-48.3387,174,crash,0,1,0,0.877932,1.637819,0.458645,0.112377
3898,-57.1163,172,crash,0,1,0,0.136866,0.50933,0.458554,0.340329
3899,-23.4954,1000,timeout,0,0,1,0.132206,1.237395,0.458462,0.317722
3900,-50.8383,1000,timeout,0,0,1,0.062391,0.794705,0.45837,0.206902
3901,-116.406,216,crash,0,1,0,0.923031,1.811878,0.458279,0.161313
3902,-129.4068,160,crash,0,1,0,0.743396,1.785301,0.458187,0.236299
3903,-34.1111,1000,timeout,0,0,1,0.041504,0.459018,0.458095,0.163959
3904,-55.0782,184,crash,0,1,0,0.110296,0.266398,0.458004,0.180326
3905,-90.2244,185,crash,0,1,0,0.593902,1.274524,0.457912,0.49387
3906,-34.5851,1000,timeout,0,0,1,0.100493,1.200417,0.45782,0.173376
3907,-31.0843,1000,timeout,0,0,1,0.037859,0.461963,0.457729,0.18816
3908,-42.9482,1000,timeout,0,0,1,0.066965,1.009968,0.457637,0.20775
3909,-46.9494,189,crash,0,1,0,0.799236,1.715217,0.457546,0.143847
3910,-24.1454,1000,timeout,0,0,1,0.078386,1.072297,0.457454,0.272148
3911,-59.6047,187,crash,0,1,0,0.114587,0.433466,0.457363,0.295548
3912,-127.9199,158,crash,0,1,0,0.642115,1.466732,0.457271,0.287371
3913,-54.3893,185,crash,0,1,0,0.236634,0.753977,0.45718,0.260792
3914,8.8901,1000,timeout,0,0,1,0.175737,1.374556,0.457088,0.257172
3915,-51.8575,188,crash,0,1,0,0.387145,0.975979,0.456997,0.218826
3916,-30.4842,1000,timeout,0,0,1,0.047006,0.933916,0.456906,0.187901
3917,-47.3013,175,crash,0,1,0,0.923412,1.459948,0.456814,0.283922
3918,-25.7316,1000,timeout,0,0,1,0.134561,1.231466,0.456723,0.181028
3919,-53.3994,189,crash,0,1,0,0.802039,1.557483,0.456632,0.168313
3920,-107.4869,177,crash,0,1,0,0.981892,1.738522,0.45654,0.088784
3921,-82.1972,202,crash,0,1,0,0.437814,1.232316,0.456449,0.281613
3922,-8.443,1000,timeout,0,0,1,0.203181,1.597489,0.456358,0.195028
3923,-77.1448,199,crash,0,1,0,0.537772,1.196944,0.456266,0.148202
3924,-25.5462,1000,timeout,0,0,1,0.05906,0.79379,0.456175,0.289645
3925,-9.8157,1000,timeout,0,0,1,0.196581,1.559945,0.456084,0.210779
3926,-107.5846,183,crash,0,1,0,0.740728,1.908343,0.455993,0.295415
3927,-50.8345,1000,timeout,0,0,1,0.068238,1.013174,0.455901,0.213351
3928,-55.1429,185,crash,0,1,0,0.239004,0.60388,0.45581,0.094964
3929,-55.6632,180,crash,0,1,0,0.176977,0.71766,0.455719,0.334321
3930,-78.4685,186,crash,0,1,0,0.311708,0.702133,0.455628,0.250579
3931,-73.1913,182,crash,0,1,0,0.233853,0.586967,0.455537,0.211071
3932,-121.8343,160,crash,0,1,0,0.400029,1.41831,0.455446,0.35427
3933,-106.0504,201,crash,0,1,0,0.791972,1.613004,0.455355,0.305462
3934,-65.7912,177,crash,0,1,0,0.199305,0.461797,0.455264,0.176299
3935,-73.1922,216,crash,0,1,0,0.52113,1.248596,0.455173,0.189512
3936,-52.3932,217,crash,0,1,0,0.136227,0.550801,0.455082,0.295286
3937,-44.3594,184,crash,0,1,0,0.727311,1.523447,0.45499,0.244461
3938,-48.6092,178,crash,0,1,0,0.601092,1.165991,0.454899,0.285678
3939,-30.6086,1000,timeout,0,0,1,0.091993,1.274123,0.454809,0.22553
3940,-75.7229,231,crash,0,1,0,0.861142,1.457957,0.454718,0.151629
3941,2.3554,1000,timeout,0,0,1,0.130184,1.173281,0.454627,0.260531
3942,-19.7959,1000,timeout,0,0,1,0.085832,1.116662,0.454536,0.293804
3943,-58.5413,175,crash,0,1,0,0.201204,0.666119,0.454445,0.197961
3944,-27.8986,1000,timeout,0,0,1,0.059238,0.80301,0.454354,0.246554
3945,-53.3677,168,crash,0,1,0,0.125541,0.464961,0.454263,0.101213
3946,-48.6804,180,crash,0,1,0,0.744473,1.358325,0.454172,0.091752
3947,-42.8893,190,crash,0,1,0,0.839768,1.478022,0.454081,0.341497
3948,-72.4761,179,crash,0,1,0,0.182095,0.570751,0.453991,0.37281
3949,-39.5144,185,crash,0,1,0,0.73015,1.390244,0.4539,0.214192
3950,-40.2801,1000,timeout,0,0,1,0.087393,1.011172,0.453809,0.25992
3951,-19.385,1000,timeout,0,0,1,0.156128,1.266112,0.453718,0.23586
3952,-93.5161,214,crash,0,1,0,0.455477,1.030594,0.453627,0.262574
3953,-57.3356,171,crash,0,1,0,0.298509,0.765408,0.453537,0.285362
3954,-59.7368,170,crash,0,1,0,0.125306,0.45513,0.453446,0.184531
3955,198.9749,650,landed,1,0,0,0.217725,1.227099,0.453355,0.255899
3956,-49.6795,194,crash,0,1,0,0.981256,1.616501,0.453265,0.140856
3957,-56.2755,174,crash,0,1,0,0.167709,0.461195,0.453174,0.316501
3958,-41.7713,202,crash,0,1,0,0.56542,1.321726,0.453083,0.155831
3959,-106.1795,195,crash,0,1,0,0.64273,1.440958,0.452993,0.260647
3960,-43.5691,182,crash,0,1,0,0.767462,1.400434,0.452902,0.391107
3961,-101.9083,196,crash,0,1,0,0.665806,1.23849,0.452812,0.179181
3962,-41.6529,183,crash,0,1,0,0.901264,1.752597,0.452721,0.34455
3963,-18.0485,1000,timeout,0,0,1,0.079866,1.112751,0.45263,0.372263
3964,7.2093,1000,timeout,0,0,1,0.138822,1.224279,0.45254,0.287189
3965,-102.9554,168,crash,0,1,0,0.808381,1.42959,0.452449,0.413299
3966,-43.8137,184,crash,0,1,0,0.426879,1.246392,0.452359,0.105963
3967,-30.7433,1000,timeout,0,0,1,0.046948,0.66056,0.452268,0.309269
3968,-52.9409,1000,timeout,0,0,1,0.032054,0.31425,0.452178,0.264405
3969,-9.5025,1000,timeout,0,0,1,0.17053,1.362924,0.452088,0.250205
3970,-59.565,167,crash,0,1,0,0.187568,0.44365,0.451997,0.269503
3971,-6.0371,1000,timeout,0,0,1,0.236855,1.690519,0.451907,0.258509
3972,-105.1155,189,crash,0,1,0,0.711032,1.336474,0.451816,0.132084
3973,-57.4083,176,crash,0,1,0,0.114309,0.325344,0.451726,0.162339
3974,-31.2953,1000,timeout,0,0,1,0.033006,0.411224,0.451636,0.249394
3975,4.0302,1000,timeout,0,0,1,0.139111,1.188746,0.451545,0.193701
3976,-85.7101,177,crash,0,1,0,0.617875,1.315604,0.451455,0.316643
3977,-69.9207,187,crash,0,1,0,0.24685,0.624609,0.451365,0.35386
3978,-55.2625,171,crash,0,1,0,0.126808,0.396278,0.451274,0.323124
3979,-49.7093,188,crash,0,1,0,0.432011,1.299707,0.451184,0.128381
3980,-101.218,189,crash,0,1,0,0.785723,1.509765,0.451094,0.186611
3981,-52.3971,179,crash,0,1,0,0.347492,1.150272,0.451004,0.238169
3982,-54.4922,1000,timeout,0,0,1,0.034552,0.404684,0.450914,0.244628
3983,-29.6224,1000,timeout,0,0,1,0.116621,1.414141,0.450823,0.257365
3984,-20.0098,1000,timeout,0,0,1,0.185023,1.39257,0.450733,0.235507
3985,-72.1102,205,crash,0,1,0,0.368268,1.017086,0.450643,0.348411
3986,-52.5632,184,crash,0,1,0,0.855517,1.488413,0.450553,0.142563
3987,-108.3918,186,crash,0,1,0,0.744088,1.317794,0.450463,0.139523
3988,-44.0888,185,crash,0,1,0,0.539841,1.239612,0.450373,0.311607
3989,-54.8624,176,crash,0,1,0,0.150602,0.452464,0.450283,0.26955
3990,-68.5571,235,crash,0,1,0,0.673334,1.35037,0.450193,0.289054
3991,-96.1043,173,crash,0,1,0,0.525198,1.032794,0.450103,0.183304
3992,-42.8597,180,crash,0,1,0,0.672502,1.510246,0.450013,0.257422
3993,-79.0702,206,crash,0,1,0,0.519326,1.129917,0.449923,0.173923
3994,0.9679,1000,timeout,0,0,1,0.178562,1.365959,0.449833,0.251614
3995,-97.3714,222,crash,0,1,0,0.660936,1.519157,0.449743,0.263432
3996,-71.2217,178,crash,0,1,0,0.208865,0.529809,0.449653,0.289523
3997,10.0341,1000,timeout,0,0,1,0.188249,1.584465,0.449563,0.218496
3998,-29.0839,1000,timeout,0,0,1,0.061785,0.875734,0.449473,0.210031
3999,-64.7707,209,crash,0,1,0,0.193033,0.504377,0.449383,0.29915
4000,-53.9774,171,crash,0,1,0,0.866819,1.664429,0.449293,0.202166
4001,-50.43,183,crash,0,1,0,0.431624,0.986433,0.449203,0.291706
4002,-45.0076,182,crash,0,1,0,0.563354,1.536952,0.449113,0.276554
4003,-18.6859,1000,timeout,0,0,1,0.176226,1.585423,0.449023,0.186763
4004,-38.7779,181,crash,0,1,0,0.717916,1.52567,0.448934,0.293445
4005,-62.9945,190,crash,0,1,0,0.12837,0.365146,0.448844,0.280308
4006,-91.7619,178,crash,0,1,0,0.484706,1.072021,0.448754,0.27738
4007,-59.0959,171,crash,0,1,0,0.185902,0.475114,0.448664,0.198836
4008,-52.2622,1000,timeout,0,0,1,0.030384,0.506132,0.448575,0.249663
4009,-80.3724,233,crash,0,1,0,0.558068,1.243617,0.448485,0.393915
4010,-13.4167,1000,timeout,0,0,1,0.167455,1.473951,0.448395,0.384224
4011,-60.1761,182,crash,0,1,0,0.150803,0.456846,0.448306,0.26112
4012,-103.9586,160,crash,0,1,0,0.464482,1.086399,0.448216,0.24269
4013,-8.1624,1000,timeout,0,0,1,0.140317,1.481668,0.448126,0.3153
4014,-78.8446,187,crash,0,1,0,0.181604,0.445,0.448037,0.262827
4015,-52.5225,175,crash,0,1,0,0.752972,1.388623,0.447947,0.288331
4016,-34.76,1000,timeout,0,0,1,0.033118,0.273004,0.447857,0.393525
4017,-47.481,185,crash,0,1,0,0.459477,1.18755,0.447768,0.266865
4018,-48.7345,169,crash,0,1,0,0.755847,1.708381,0.447678,0.131816
4019,-12.6323,1000,timeout,0,0,1,0.09051,1.211614,0.447589,0.210007
4020,-54.6179,1000,timeout,0,0,1,0.025455,0.253075,0.447499,0.302893
4021,-112.3293,170,crash,0,1,0,0.455832,1.438165,0.44741,0.183521
4022,-53.5016,205,crash,0,1,0,0.231165,0.851189,0.44732,0.474743
4023,-62.8234,176,crash,0,1,0,0.185481,0.44511,0.447231,0.244448
4024,-116.4601,167,crash,0,1,0,0.426674,1.343274,0.447141,0.380657
4025,-73.89,180,crash,0,1,0,0.3452,0.820916,0.447052,0.34423
4026,-12.2843,1000,timeout,0,0,1,0.16564,1.648029,0.446963,0.328469
4027,-74.2477,199,crash,0,1,0,0.314196,0.719977,0.446873,0.414062
4028,-77.5653,190,crash,0,1,0,0.388476,0.921835,0.446784,0.304998
4029,-54.4774,182,crash,0,1,0,0.173884,0.427898,0.446694,0.213879
4030,-25.9303,1000,timeout,0,0,1,0.120965,1.280895,0.446605,0.249228
4031,-34.1707,1000,timeout,0,0,1,0.108419,1.400496,0.446516,0.247799
4032,-47.1786,183,crash,0,1,0,0.419827,1.173937,0.446426,0.347237
4033,-58.273,168,crash,0,1,0,0.1433,0.451715,0.446337,0.369998
4034,-59.503,160,crash,0,1,0,0.090141,0.325224,0.446248,0.39247
4035,-102.7376,207,crash,0,1,0,0.647085,1.262958,0.446159,0.276307
4036,-76.5585,177,crash,0,1,0,0.334752,0.90929,0.446069,0.26204
4037,2.0884,1000,timeout,0,0,1,0.142602,1.295635,0.44598,0.345148
4038,-43.4309,183,crash,0,1,0,0.5754,1.293332,0.445891,0.187741
4039,-65.7698,180,crash,0,1,0,0.15433,0.426665,0.445802,0.191042
4040,-71.2991,216,crash,0,1,0,0.61202,1.261673,0.445713,0.228604
4041,-48.0974,182,crash,0,1,0,0.741801,1.458162,0.445624,0.439046
4042,-50.3986,1000,timeout,0,0,1,0.039902,0.621716,0.445534,0.338035
4043,-25.2335,1000,timeout,0,0,1,0.12568,1.184938,0.445445,0.28247
4044,-59.7523,182,crash,0,1,0,0.148683,0.607319,0.445356,0.184426
4045,-78.3715,160,crash,0,1,0,0.285612,0.709649,0.445267,0.51284
4046,-90.35,176,crash,0,1,0,0.555555,1.240026,0.445178,0.199542
4047,-71.505,171,crash,0,1,0,0.345991,0.625463,0.445089,0.43362
4048,-57.9882,172,crash,0,1,0,0.212532,0.744016,0.445,0.049881
4049,-77.2282,203,crash,0,1,0,0.436006,0.984939,0.444911,0.397994
4050,-25.7694,1000,timeout,0,0,1,0.152968,1.53984,0.444822,0.311821
4051,-71.7911,219,crash,0,1,0,0.542057,1.258283,0.444733,0.297278
4052,-72.4376,189,crash,0,1,0,0.399366,0.874703,0.444644,0.320569
4053,-57.4073,184,crash,0,1,0,0.111008,0.332872,0.444555,0.297987
4054,-58.796,160,crash,0,1,0,0.15661,0.533454,0.444466,0.34656
4055,-119.7052,167,crash,0,1,0,0.582355,1.404313,0.444377,0.259166
4056,-59.9022,185,crash,0,1,0,0.081933,0.259614,0.444289,0.51153
4057,-21.6066,1000,timeout,0,0,1,0.122251,1.384616,0.4442,0.29213
4058,-61.4683,178,crash,0,1,0,0.113783,0.330804,0.444111,0.584049
4059,-38.9409,211,crash,0,1,0,0.734115,1.351935,0.444022,0.302872
4060,-72.9436,180,crash,0,1,0,0.286986,0.761888,0.443933,0.323952
4061,-33.1225,1000,timeout,0,0,1,0.111412,1.535889,0.443844,0.351226
4062,-77.8708,161,crash,0,1,0,0.500424,1.119578,0.443756,0.288021
4063,-3.6983,1000,timeout,0,0,1,0.1688,1.415154,0.443667,0.328721
4064,-74.8172,174,crash,0,1,0,0.289826,0.840825,0.443578,0.403124
4065,-50.3344,174,crash,0,1,0,0.398998,1.084773,0.443489,0.147696
4066,-78.4136,183,crash,0,1,0,0.314031,0.684943,0.443401,0.425208
4067,-57.1338,178,crash,0,1,0,0.11357,0.494586,0.443312,0.227323
4068,-45.3191,185,crash,0,1,0,0.769562,1.670613,0.443223,0.253197
4069,1.4778,1000,timeout,0,0,1,0.177521,1.682319,0.443135,0.368437
4070,-70.2885,175,crash,0,1,0,0.433512,1.092001,0.443046,0.630395
4071,-42.9994,188,crash,0,1,0,0.76501,1.523547,0.442958,0.446001
4072,-39.7756,1000,timeout,0,0,1,0.137649,1.661787,0.442869,0.307181
4073,-48.005,182,crash,0,1,0,0.941876,1.749127,0.44278,0.299803
4074,-2.5603,1000,timeout,0,0,1,0.165996,1.516397,0.442692,0.303718
4075,-61.9826,174,crash,0,1,0,0.123021,0.379164,0.442603,0.223268
4076,-43.454,179,crash,0,1,0,0.889571,1.829207,0.442515,0.174835
4077,-42.1352,205,crash,0,1,0,0.642721,1.434286,0.442426,0.320589
4078,-37.0064,213,crash,0,1,0,0.48879,1.308641,0.442338,0.149186
4079,-63.3939,174,crash,0,1,0,0.118384,0.335111,0.442249,0.383886
4080,-15.0863,1000,timeout,0,0,1,0.089649,1.09772,0.442161,0.283817
4081,-97.0738,165,crash,0,1,0,0.74666,1.573674,0.442072,0.193506
4082,-94.9513,169,crash,0,1,0,0.659091,1.597595,0.441984,0.32604
4083,-35.8771,1000,timeout,0,0,1,0.112681,1.127039,0.441896,0.288039
4084,-34.8092,1000,timeout,0,0,1,0.021581,0.241427,0.441807,0.209905
4085,-46.2036,192,crash,0,1,0,0.715296,1.459037,0.441719,0.217852
4086,-93.4971,178,crash,0,1,0,0.565434,1.083773,0.44163,0.1752
4087,-50.0683,178,crash,0,1,0,0.900305,1.665898,0.441542,0.232121
4088,-45.3414,186,crash,0,1,0,0.468452,1.193909,0.441454,0.455246
4089,-41.1389,197,crash,0,1,0,0.437585,1.086668,0.441366,0.236886
4090,-94.7745,185,crash,0,1,0,0.762526,1.485567,0.441277,0.095311
4091,-55.9561,170,crash,0,1,0,0.163446,0.413168,0.441189,0.196996
4092,-59.1985,188,crash,0,1,0,0.10457,0.340646,0.441101,0.375024
4093,-80.0105,181,crash,0,1,0,0.348632,0.945993,0.441013,0.444604
4094,-85.1564,259,crash,0,1,0,0.679156,1.728697,0.440924,0.36032
4095,-69.6311,194,crash,0,1,0,0.456205,1.051249,0.440836,0.35665
4096,-77.8102,221,crash,0,1,0,0.491914,1.261346,0.440748,0.157673
4097,-74.5536,176,crash,0,1,0,0.480063,1.051778,0.44066,0.354677
4098,-103.4276,167,crash,0,1,0,0.882756,1.639793,0.440572,0.321737
4099,-117.7633,153,crash,0,1,0,0.713645,1.353408,0.440484,0.415136
4100,-61.0425,163,crash,0,1,0,0.202074,0.609655,0.440396,0.249147
4101,-86.2485,175,crash,0,1,0,0.602105,1.134265,0.440307,0.547992
4102,-58.0595,176,crash,0,1,0,0.230478,0.697201,0.440219,0.513964
4103,-95.4373,205,crash,0,1,0,0.581927,1.195052,0.440131,0.409598
4104,-117.9086,165,crash,0,1,0,0.87474,1.623178,0.440043,0.276702
4105,-84.3311,181,crash,0,1,0,0.54033,1.093606,0.439955,0.446678
4106,-38.4225,1000,timeout,0,0,1,0.027364,0.26611,0.439867,0.327686
4107,-51.971,183,crash,0,1,0,0.316466,0.934501,0.439779,0.257606
4108,-68.3102,204,crash,0,1,0,0.358539,0.99725,0.439691,0.162767
4109,-61.8765,184,crash,0,1,0,0.115191,0.332256,0.439603,0.096148
4110,-67.863,176,crash,0,1,0,0.148808,0.322319,0.439516,0.451265
4111,-69.7243,190,crash,0,1,0,0.383307,1.139915,0.439428,0.461095
4112,-81.8296,172,crash,0,1,0,0.490397,0.950943,0.43934,0.247032
4113,-59.6114,165,crash,0,1,0,0.060961,0.228012,0.439252,0.248597
4114,-54.9311,173,crash,0,1,0,0.270136,0.790362,0.439164,0.161084
4115,-61.3155,159,crash,0,1,0,0.252303,0.771016,0.439076,0.202571
4116,-89.2922,176,crash,0,1,0,0.640314,1.166048,0.438988,0.466695
4117,-61.8069,168,crash,0,1,0,0.129068,0.370161,0.438901,0.155272
4118,-46.4925,185,crash,0,1,0,0.682969,1.357547,0.438813,0.248912
4119,-61.5081,160,crash,0,1,0,0.133691,0.382855,0.438725,0.339788
4120,-59.9013,171,crash,0,1,0,0.209041,0.55904,0.438637,0.690714
4121,-85.8174,162,crash,0,1,0,0.488711,0.862903,0.43855,0.229884
4122,-88.8155,216,crash,0,1,0,0.541989,1.367161,0.438462,0.2258
4123,-24.954,1000,timeout,0,0,1,0.054287,0.751097,0.438374,0.348218
4124,-29.857,1000,timeout,0,0,1,0.107921,1.215045,0.438286,0.331093
4125,-53.3223,176,crash,0,1,0,0.275549,0.795589,0.438199,0.279045
4126,-66.3681,173,crash,0,1,0,0.128256,0.345948,0.438111,0.226369
4127,-8.8695,1000,timeout,0,0,1,0.138727,1.23284,0.438024,0.286177
4128,-11.3242,1000,timeout,0,0,1,0.119054,1.35292,0.437936,0.380029
4129,-40.4147,1000,timeout,0,0,1,0.028623,0.306008,0.437848,0.389858
4130,-61.0446,173,crash,0,1,0,0.149009,0.429587,0.437761,0.231778
4131,-54.086,180,crash,0,1,0,0.227009,0.644852,0.437673,0.356845
4132,-62.3402,159,crash,0,1,0,0.086994,0.290842,0.437586,0.246444
4133,-111.936,173,crash,0,1,0,0.777151,1.73486,0.437498,0.283047
4134,-92.1161,187,crash,0,1,0,0.673007,1.476114,0.437411,0.322479
4135,-88.4361,161,crash,0,1,0,0.631845,1.221838,0.437323,0.253288
4136,-92.7899,171,crash,0,1,0,0.613783,1.353207,0.437236,0.369795
4137,-61.0171,169,crash,0,1,0,0.073857,0.248793,0.437148,0.285741
4138,-57.9517,169,crash,0,1,0,0.102729,0.333764,0.437061,0.474141
4139,-59.0847,176,crash,0,1,0,0.112492,0.310535,0.436973,0.395869
4140,-2.4697,1000,timeout,0,0,1,0.133066,1.552573,0.436886,0.237895
4141,-98.6903,210,crash,0,1,0,0.708459,1.510813,0.436799,0.534954
4142,-33.2633,1000,timeout,0,0,1,0.039538,0.449192,0.436711,0.35739
4143,-100.9688,191,crash,0,1,0,0.615142,1.271043,0.436624,0.323017
4144,-50.4944,169,crash,0,1,0,0.326305,0.974804,0.436537,0.253672
4145,-28.8071,1000,timeout,0,0,1,0.106316,1.098697,0.436449,0.262434
4146,-91.7038,181,crash,0,1,0,0.522616,1.228797,0.436362,0.489434
4147,-91.8997,166,crash,0,1,0,0.746301,1.463981,0.436275,0.556275
4148,-75.8099,255,crash,0,1,0,0.420601,1.219712,0.436188,0.299219
4149,-52.7185,1000,timeout,0,0,1,0.022134,0.234456,0.4361,0.353769
4150,-60.3806,190,crash,0,1,0,0.072151,0.231366,0.436013,0.291525
4151,-73.7928,186,crash,0,1,0,0.150922,0.312314,0.435926,0.279505
4152,-74.5652,170,crash,0,1,0,0.440688,0.99335,0.435839,0.200561
4153,-61.7935,165,crash,0,1,0,0.11919,0.368139,0.435752,0.245887
4154,13.851,1000,timeout,0,0,1,0.198259,1.565061,0.435664,0.318958
4155,192.0012,662,landed,1,0,0,0.136445,1.23578,0.435577,0.297067
4156,-58.6867,165,crash,0,1,0,0.179661,0.532017,0.43549,0.435017
4157,-70.3766,212,crash,0,1,0,0.292162,0.694078,0.435403,0.187335
4158,-93.0489,195,crash,0,1,0,0.617006,1.382569,0.435316,0.244136
4159,-57.2081,175,crash,0,1,0,0.139318,0.509487,0.435229,0.214367
4160,-47.4202,189,crash,0,1,0,0.683862,1.680157,0.435142,0.204447
4161,-64.0717,179,crash,0,1,0,0.111985,0.295899,0.435055,0.364464
4162,-57.5362,163,crash,0,1,0,0.150332,0.434231,0.434968,0.177704
4163,-125.54,159,crash,0,1,0,0.826333,1.744125,0.434881,0.251425
4164,-28.6249,1000,timeout,0,0,1,0.122144,1.356648,0.434794,0.386292
4165,-87.7419,181,crash,0,1,0,0.509391,1.178006,0.434707,0.265753
4166,-47.1637,184,crash,0,1,0,0.404296,1.134818,0.43462,0.464619
4167,-60.7617,161,crash,0,1,0,0.123303,0.370966,0.434533,0.5383
4168,-55.2309,169,crash,0,1,0,0.176415,0.449392,0.434446,0.418823
4169,-100.2724,201,crash,0,1,0,0.685874,1.308541,0.434359,0.495671
4170,-10.1432,1000,timeout,0,0,1,0.083515,0.908691,0.434272,0.336055
4171,-5.6735,1000,timeout,0,0,1,0.209137,1.635082,0.434185,0.323532
4172,-55.4381,235,crash,0,1,0,0.515728,1.183431,0.434099,0.141603
4173,-51.1353,179,crash,0,1,0,0.381409,1.290173,0.434012,0.387185
4174,-62.0748,166,crash,0,1,0,0.081837,0.307445,0.433925,0.184349
4175,-42.9411,195,crash,0,1,0,0.807892,1.697587,0.433838,0.293267
4176,-56.5216,1000,timeout,0,0,1,0.03722,0.532023,0.433751,0.405991
4177,-77.8525,271,crash,0,1,0,0.557891,1.692713,0.433665,0.206177
4178,-84.1804,1000,timeout,0,0,1,0.160922,1.120667,0.433578,0.393698
4179,-5.779,1000,timeout,0,0,1,0.167661,1.546476,0.433491,0.360627
4180,-112.6677,162,crash,0,1,0,0.867817,1.673088,0.433405,0.421692
4181,-38.4902,1000,timeout,0,0,1,0.030034,0.350828,0.433318,0.371346
4182,-82.7785,180,crash,0,1,0,0.457885,0.980279,0.433231,0.334449
4183,-60.5446,186,crash,0,1,0,0.116508,0.352622,0.433145,0.379785
4184,-32.9017,1000,timeout,0,0,1,0.04007,0.747006,0.433058,0.419789
4185,-34.0495,1000,timeout,0,0,1,0.115309,1.381952,0.432971,0.404273
4186,-101.4227,161,crash,0,1,0,0.884969,1.745796,0.432885,0.304513
4187,-56.4056,169,crash,0,1,0,0.092856,0.455153,0.432798,0.58824
4188,-54.9571,180,crash,0,1,0,0.137961,0.535014,0.432712,0.306013
4189,-90.4185,210,crash,0,1,0,0.53407,1.309889,0.432625,0.278364
4190,-64.3329,192,crash,0,1,0,0.299643,0.756307,0.432539,0.622597
4191,-34.1423,1000,timeout,0,0,1,0.103084,1.254698,0.432452,0.376408
4192,-59.5008,171,crash,0,1,0,0.112835,0.307647,0.432366,0.274839
4193,-37.9208,1000,timeout,0,0,1,0.032524,0.243258,0.432279,0.400185
4194,-89.0027,192,crash,0,1,0,0.587636,1.401748,0.432193,0.08648
4195,-29.636,189,crash,0,1,0,0.928252,1.704665,0.432106,0.260685
4196,-0.0412,1000,timeout,0,0,1,0.149823,1.446565,0.43202,0.322117
4197,-90.3382,187,crash,0,1,0,0.724438,1.501613,0.431933,0.269378
4198,-5.1203,1000,timeout,0,0,1,0.137992,1.348072,0.431847,0.336705
4199,-57.0777,165,crash,0,1,0,0.07663,0.338275,0.431761,0.231154
4200,-6.003,1000,timeout,0,0,1,0.120439,1.381532,0.431674,0.333925
4201,-90.4607,185,crash,0,1,0,0.665485,1.521947,0.431588,0.25681
4202,-77.0416,223,crash,0,1,0,0.496351,1.578135,0.431502,0.175733
4203,-54.4649,1000,timeout,0,0,1,0.031151,0.385899,0.431415,0.290709
4204,-62.6541,188,crash,0,1,0,0.088017,0.386784,0.431329,0.327839
4205,-65.5305,162,crash,0,1,0,0.112113,0.272354,0.431243,0.151403
4206,-68.691,165,crash,0,1,0,0.120716,0.295932,0.431157,0.423893
4207,-41.6587,211,crash,0,1,0,0.821787,1.727662,0.43107,0.16537
4208,-58.0503,176,crash,0,1,0,0.127433,0.357223,0.430984,0.375019
4209,-87.1649,165,crash,0,1,0,0.859853,1.80206,0.430898,0.275919
4210,-92.3716,199,crash,0,1,0,0.586078,1.438435,0.430812,0.168266
4211,-65.9148,163,crash,0,1,0,0.14453,0.425684,0.430726,0.48066
4212,-13.5527,1000,timeout,0,0,1,0.089529,0.991385,0.430639,0.393808
4213,-114.4299,228,crash,0,1,0,0.782519,1.836033,0.430553,0.421373
4214,-103.4169,232,crash,0,1,0,0.651425,1.534463,0.430467,0.371705
4215,-23.9099,1000,timeout,0,0,1,0.120784,1.35782,0.430381,0.392253
4216,-23.4261,1000,timeout,0,0,1,0.129474,1.14009,0.430295,0.277785
4217,210.5635,491,landed,1,0,0,0.354524,1.498452,0.430209,0.48907
4218,-46.0531,182,crash,0,1,0,0.494315,1.070528,0.430123,0.098252
4219,-74.3203,193,crash,0,1,0,0.183728,0.655392,0.430037,0.383741
4220,-61.2757,187,crash,0,1,0,0.071633,0.387786,0.429951,0.401608
4221,-46.052,200,crash,0,1,0,0.511555,1.281107,0.429865,0.305849
4222,-44.9969,189,crash,0,1,0,0.502165,1.29434,0.429779,0.254055
4223,-43.4314,197,crash,0,1,0,0.563265,1.38001,0.429693,0.371011
4224,-51.0693,1000,timeout,0,0,1,0.030815,0.404757,0.429607,0.253925
4225,-66.557,247,crash,0,1,0,0.272975,0.800523,0.429521,0.305123
4226,-45.7114,185,crash,0,1,0,0.579946,1.287212,0.429435,0.356872
4227,-43.4066,192,crash,0,1,0,0.428741,1.254451,0.429349,0.520519
4228,-66.8182,164,crash,0,1,0,0.111168,0.340425,0.429263,0.293665
4229,9.9017,1000,timeout,0,0,1,0.177631,1.729893,0.429178,0.320464
4230,-90.5502,160,crash,0,1,0,0.919023,1.854961,0.429092,0.316049
4231,197.8023,849,landed,1,0,0,0.187936,1.471646,0.429006,0.337673
4232,-55.493,170,crash,0,1,0,0.155172,0.432308,0.42892,0.3446
4233,-45.1913,182,crash,0,1,0,0.797704,1.419965,0.428834,0.218549
4234,-44.1252,189,crash,0,1,0,0.367724,1.000275,0.428749,0.244204
4235,-16.432,1000,timeout,0,0,1,0.0752,1.02345,0.428663,0.23817
4236,201.7677,803,landed,1,0,0,0.195459,1.355154,0.428577,0.291931
4237,-58.9668,168,crash,0,1,0,0.869514,1.511058,0.428491,0.417291
4238,-59.9323,174,crash,0,1,0,0.223412,0.605903,0.428406,0.523744
4239,-71.0479,170,crash,0,1,0,0.116268,0.439669,0.42832,0.25466
4240,-99.7833,156,crash,0,1,0,0.987018,1.832516,0.428234,0.218345
4241,-61.3752,365,crash,0,1,0,0.372778,1.025711,0.428149,0.16415
4242,-63.1808,161,crash,0,1,0,0.088629,0.282387,0.428063,0.115102
4243,-72.6796,159,crash,0,1,0,0.124864,0.405513,0.427977,0.212506
4244,-60.9323,210,crash,0,1,0,0.087928,0.394932,0.427892,0.309639
4245,-35.6129,210,crash,0,1,0,0.450273,1.089035,0.427806,0.345566
4246,-38.5583,1000,timeout,0,0,1,0.026819,0.247851,0.427721,0.210016
4247,-96.582,170,crash,0,1,0,0.902347,1.960844,0.427635,0.281187
4248,-52.2113,273,crash,0,1,0,0.211241,0.658348,0.42755,0.210022
4249,6.4668,1000,timeout,0,0,1,0.158838,1.52617,0.427464,0.2603
4250,-60.259,1000,timeout,0,0,1,0.031144,0.381119,0.427379,0.333578
4251,-59.1619,184,crash,0,1,0,0.154648,0.670216,0.427293,0.293932
4252,-42.3253,207,crash,0,1,0,0.597112,1.520289,0.427208,0.244898
4253,-0.549,1000,timeout,0,0,1,0.137203,1.331673,0.427122,0.328098
4254,-68.0037,162,crash,0,1,0,0.113879,0.280679,0.427037,0.237768
4255,-67.0002,150,crash,0,1,0,0.146827,0.392999,0.426951,0.259268
4256,-41.7418,190,crash,0,1,0,0.398119,1.099011,0.426866,0.3051
4257,-71.9098,165,crash,0,1,0,0.136376,0.355127,0.426781,0.271514
4258,-71.1628,238,crash,0,1,0,0.419534,1.296064,0.426695,0.281942
4259,-46.0215,187,crash,0,1,0,0.679141,1.245372,0.42661,0.428908
4260,-19.978,1000,timeout,0,0,1,0.065611,0.920129,0.426525,0.317882
4261,-3.5495,1000,timeout,0,0,1,0.129478,1.389518,0.426439,0.290831
4262,-47.5466,180,crash,0,1,0,0.431516,1.012503,0.426354,0.208197
4263,-0.4461,1000,timeout,0,0,1,0.154852,1.589719,0.426269,0.339824
4264,-59.459,169,crash,0,1,0,0.090519,0.376053,0.426183,0.399144
4265,-44.8998,182,crash,0,1,0,0.680641,1.517759,0.426098,0.171468
4266,-64.8045,224,crash,0,1,0,0.196137,0.675468,0.426013,0.112208
4267,-28.3231,1000,timeout,0,0,1,0.114694,1.208541,0.425928,0.312843
4268,-28.9331,1000,timeout,0,0,1,0.099795,1.166004,0.425843,0.306527
4269,-36.6104,197,crash,0,1,0,0.570507,1.294196,0.425757,0.340264
4270,-35.3189,1000,timeout,0,0,1,0.020688,0.30577,0.425672,0.313914
4271,-59.4359,160,crash,0,1,0,0.149399,0.388657,0.425587,0.387278
4272,-36.6879,1000,timeout,0,0,1,0.031919,0.351681,0.425502,0.289668
4273,-88.9143,163,crash,0,1,0,0.876155,1.657394,0.425417,0.338733
4274,-99.0968,163,crash,0,1,0,0.92517,1.608999,0.425332,0.25845
4275,-79.7622,156,crash,0,1,0,0.626274,1.403309,0.425247,0.143411
4276,-96.7707,172,crash,0,1,0,0.786518,1.385234,0.425162,0.221497
4277,-54.5287,1000,timeout,0,0,1,0.030596,0.310758,0.425077,0.260799
4278,-81.286,1000,timeout,0,0,1,0.093926,0.359056,0.424992,0.300195
4279,-43.7555,200,crash,0,1,0,0.392809,0.940194,0.424907,0.46427
4280,-45.007,1000,timeout,0,0,1,0.028248,0.25425,0.424822,0.285233
4281,-41.352,201,crash,0,1,0,0.452089,1.058287,0.424737,0.167667
4282,-69.3874,170,crash,0,1,0,0.132233,0.362258,0.424652,0.225629
4283,-109.054,207,crash,0,1,0,0.77598,1.622446,0.424567,0.243985
4284,-104.9986,203,crash,0,1,0,0.819113,1.798711,0.424482,0.296599
4285,-42.9718,188,crash,0,1,0,0.388169,0.912185,0.424397,0.189383
4286,-38.7127,198,crash,0,1,0,0.50467,1.161351,0.424312,0.50373
4287,-102.3229,195,crash,0,1,0,0.787022,1.601227,0.424227,0.310755
4288,-58.283,175,crash,0,1,0,0.06656,0.229117,0.424143,0.142589
4289,-58.3339,232,crash,0,1,0,0.269018,0.660721,0.424058,0.324496
4290,-72.1681,186,crash,0,1,0,0.107429,0.397767,0.423973,0.34252
4291,-40.9034,197,crash,0,1,0,0.50298,1.167514,0.423888,0.462939
4292,-62.2155,167,crash,0,1,0,0.075253,0.228353,0.423803,0.371808
4293,-61.5534,180,crash,0,1,0,0.077501,0.285939,0.423719,0.213411
4294,-52.3018,1000,timeout,0,0,1,0.029274,0.397938,0.423634,0.352048
4295,-64.9191,210,crash,0,1,0,0.135699,0.331422,0.423549,0.013871
4296,-45.0031,197,crash,0,1,0,0.315158,0.842477,0.423464,0.23549
4297,-34.2586,1000,timeout,0,0,1,0.023179,0.307445,0.42338,0.239856
4298,-78.1461,690,crash,0,1,0,0.089337,0.358735,0.423295,0.356776
4299,-61.707,231,crash,0,1,0,0.321816,0.736544,0.42321,0.240122
4300,-46.5085,192,crash,0,1,0,0.728262,1.483542,0.423126,0.309975
4301,-61.0991,168,crash,0,1,0,0.135285,0.434372,0.423041,0.196933
4302,-63.908,180,crash,0,1,0,0.124428,0.4006,0.422956,0.309958
4303,-53.913,1000,timeout,0,0,1,0.020012,0.287953,0.422872,0.388077
4304,-23.8,1000,timeout,0,0,1,0.120769,1.32585,0.422787,0.283387
4305,-62.1993,158,crash,0,1,0,0.117537,0.455976,0.422703,0.391204
4306,-46.9486,187,crash,0,1,0,0.626516,1.257418,0.422618,0.341163
4307,-42.2152,202,crash,0,1,0,0.559557,1.124061,0.422534,0.157478
4308,-60.2665,1000,timeout,0,0,1,0.030283,0.235804,0.422449,0.329037
4309,-61.2181,168,crash,0,1,0,0.147405,0.386246,0.422365,0.253226
4310,-68.7367,267,crash,0,1,0,0.547135,1.312968,0.42228,0.370819
4311,-28.1565,1000,timeout,0,0,1,0.09969,1.246269,0.422196,0.283324
4312,-78.758,219,crash,0,1,0,0.65321,1.565616,0.422111,0.525657
4313,-54.2967,268,crash,0,1,0,0.171105,0.586061,0.422027,0.374206
4314,-43.625,201,crash,0,1,0,0.596888,1.490058,0.421942,0.326284
4315,-52.9604,186,crash,0,1,0,0.237842,0.784449,0.421858,0.287909
4316,-67.1027,175,crash,0,1,0,0.08781,0.234956,0.421774,0.306169
4317,-71.4967,1000,timeout,0,0,1,0.119873,0.463477,0.421689,0.270756
4318,-42.8575,195,crash,0,1,0,0.42967,1.014838,0.421605,0.35008
4319,-52.5589,260,crash,0,1,0,0.168104,0.603644,0.421521,0.201261
4320,-69.3147,180,crash,0,1,0,0.15521,0.4636,0.421436,0.148953
4321,-34.9326,1000,timeout,0,0,1,0.0198,0.32799,0.421352,0.257075
4322,-61.4593,1000,timeout,0,0,1,0.033397,0.289729,0.421268,0.288596
4323,-52.813,1000,timeout,0,0,1,0.027098,0.427216,0.421184,0.234433
4324,-36.6047,194,crash,0,1,0,0.431438,0.95445,0.421099,0.399774
4325,-89.0515,230,crash,0,1,0,0.698411,1.823196,0.421015,0.267185
4326,3.4587,1000,timeout,0,0,1,0.15712,1.414398,0.420931,0.263078
4327,-62.7703,196,crash,0,1,0,0.116905,0.332078,0.420847,0.288788
4328,-57.7863,166,crash,0,1,0,0.151675,0.571978,0.420763,0.332443
4329,-37.9869,1000,timeout,0,0,1,0.030709,0.464852,0.420678,0.282087
4330,-43.4501,1000,timeout,0,0,1,0.037442,0.393715,0.420594,0.263426
4331,-41.7055,202,crash,0,1,0,0.37436,0.909904,0.42051,0.404755
4332,-68.4872,239,crash,0,1,0,0.73549,1.539671,0.420426,0.276577
4333,-58.8427,1000,timeout,0,0,1,0.114695,0.508962,0.420342,0.242954
4334,-47.7074,1000,timeout,0,0,1,0.060911,0.585207,0.420258,0.237279
4335,-55.503,180,crash,0,1,0,0.212454,0.540324,0.420174,0.435307
4336,-33.9788,1000,timeout,0,0,1,0.01943,0.310246,0.42009,0.245337
4337,-61.5837,177,crash,0,1,0,0.119362,0.391397,0.420006,0.515192
4338,-56.0992,1000,timeout,0,0,1,0.026162,0.291863,0.419922,0.220142
4339,-34.8731,1000,timeout,0,0,1,0.046987,0.428637,0.419838,0.308832
4340,-50.8273,1000,timeout,0,0,1,0.035015,0.335554,0.419754,0.286955
4341,-41.8079,1000,timeout,0,0,1,0.149128,0.845236,0.41967,0.311762
4342,-43.8197,195,crash,0,1,0,0.532665,1.192143,0.419586,0.432763
4343,-59.5975,1000,timeout,0,0,1,0.032269,0.422799,0.419502,0.34994
4344,-61.408,180,crash,0,1,0,0.11717,0.407268,0.419418,0.26263
4345,-52.5994,234,crash,0,1,0,0.259114,0.605318,0.419334,0.211912
4346,-63.6519,168,crash,0,1,0,0.096925,0.287419,0.41925,0.06215
4347,193.1325,411,landed,1,0,0,0.206174,1.055766,0.419167,0.304804
4348,-24.1105,1000,timeout,0,0,1,0.128865,1.512147,0.419083,0.303866
4349,-62.3844,737,crash,0,1,0,0.116143,0.538743,0.418999,0.251868
4350,-40.1557,213,crash,0,1,0,0.729921,1.742322,0.418915,0.179779
4351,-42.2673,196,crash,0,1,0,0.525828,1.128348,0.418831,0.233952
4352,-7.312,1000,timeout,0,0,1,0.108775,0.965253,0.418748,0.267354
4353,-59.7871,182,crash,0,1,0,0.107392,0.455122,0.418664,0.385184
4354,-53.595,188,crash,0,1,0,0.193163,0.630796,0.41858,0.18779
4355,-39.5692,198,crash,0,1,0,0.486778,1.112005,0.418496,0.215565
4356,-55.5526,1000,timeout,0,0,1,0.036313,0.611131,0.418413,0.332552
4357,-51.1561,1000,timeout,0,0,1,0.046898,0.529951,0.418329,0.202091
4358,-29.7244,1000,timeout,0,0,1,0.101131,1.080372,0.418245,0.246761
4359,190.0912,801,landed,1,0,0,0.088861,0.750043,0.418162,0.212385
4360,-38.3594,195,crash,0,1,0,0.468504,1.066415,0.418078,0.241476
4361,-25.4291,1000,timeout,0,0,1,0.130294,1.479519,0.417994,0.230123
4362,-92.7431,166,crash,0,1,0,0.942969,1.589861,0.417911,0.31314
4363,-56.2851,232,crash,0,1,0,0.1272,0.337693,0.417827,0.174588
4364,-63.965,171,crash,0,1,0,0.077762,0.340173,0.417744,0.23939
4365,-73.4655,180,crash,0,1,0,0.088738,0.361866,0.41766,0.139203
4366,-38.0349,1000,timeout,0,0,1,0.089769,1.02448,0.417577,0.278013
4367,-52.9057,180,crash,0,1,0,0.234201,0.688319,0.417493,0.180565
4368,-69.6173,176,crash,0,1,0,0.168324,0.42018,0.41741,0.230011
4369,-36.2672,1000,timeout,0,0,1,0.047002,0.586671,0.417326,0.287283
4370,-33.791,1000,timeout,0,0,1,0.021356,0.18801,0.417243,0.248193
4371,-54.5464,182,crash,0,1,0,0.121394,0.430377,0.417159,0.143473
4372,190.7268,619,landed,1,0,0,0.132279,0.839968,0.417076,0.29601
4373,-32.9391,1000,timeout,0,0,1,0.031722,0.259919,0.416992,0.306438
4374,-54.5323,182,crash,0,1,0,0.076944,0.235818,0.416909,0.221544
4375,-40.6735,200,crash,0,1,0,0.28882,0.613382,0.416826,0.094743
4376,-37.5414,1000,timeout,0,0,1,0.045064,0.473374,0.416742,0.246255
4377,-28.3299,1000,timeout,0,0,1,0.111501,1.237882,0.416659,0.218518
4378,-13.8201,1000,timeout,0,0,1,0.111382,1.089831,0.416575,0.365298
4379,-32.6407,1000,timeout,0,0,1,0.028866,0.380666,0.416492,0.305355
4380,-64.3485,389,crash,0,1,0,0.053919,0.295994,0.416409,0.295358
4381,-36.2415,197,crash,0,1,0,0.566646,1.395012,0.416326,0.120856
4382,-58.7644,171,crash,0,1,0,0.143729,0.462812,0.416242,0.245325
4383,-49.9312,200,crash,0,1,0,0.291773,0.954179,0.416159,0.355312
4384,-54.3098,1000,timeout,0,0,1,0.032897,0.323772,0.416076,0.260193
4385,-28.0722,1000,timeout,0,0,1,0.106247,0.997245,0.415993,0.240144
4386,-37.8764,201,crash,0,1,0,0.797064,1.595964,0.415909,0.22902
4387,-28.0286,1000,timeout,0,0,1,0.107152,1.133387,0.415826,0.285074
4388,-44.701,190,crash,0,1,0,0.333117,0.815272,0.415743,0.168993
4389,-51.1176,1000,timeout,0,0,1,0.031662,0.490731,0.41566,0.20343
4390,-41.7231,1000,timeout,0,0,1,0.035534,0.380941,0.415577,0.190331
4391,-24.307,1000,timeout,0,0,1,0.132598,1.269538,0.415494,0.226391
4392,-58.9795,238,crash,0,1,0,0.097796,0.458167,0.415411,0.131621
4393,-91.1854,243,crash,0,1,0,0.559919,1.102449,0.415328,0.195599
4394,-50.7546,192,crash,0,1,0,0.284334,0.882704,0.415244,0.294266
4395,-57.7112,167,crash,0,1,0,0.135133,0.321191,0.415161,0.39583
4396,-70.3569,1000,timeout,0,0,1,0.115879,1.063555,0.415078,0.185813
4397,0.5517,1000,timeout,0,0,1,0.091731,1.233672,0.414995,0.189632
4398,-33.3554,1000,timeout,0,0,1,0.021638,0.298882,0.414912,0.273399
4399,-33.402,1000,timeout,0,0,1,0.031202,0.323482,0.414829,0.304865
4400,-92.4911,246,crash,0,1,0,0.763196,1.712905,0.414746,0.162255
4401,-48.4213,1000,timeout,0,0,1,0.11936,0.588791,0.414663,0.193715
4402,-56.3989,190,crash,0,1,0,0.102376,0.303713,0.414581,0.256668
4403,-57.5136,1000,timeout,0,0,1,0.041363,0.318237,0.414498,0.20382
4404,-36.9,210,crash,0,1,0,0.406523,0.990831,0.414415,0.215074
4405,-10.4921,1000,timeout,0,0,1,0.078496,0.873368,0.414332,0.190263
4406,-1.8469,1000,timeout,0,0,1,0.142634,1.44067,0.414249,0.216113
4407,-62.4833,1000,timeout,0,0,1,0.032767,0.367158,0.414166,0.194425
4408,-45.7488,203,crash,0,1,0,0.433662,1.274789,0.414083,0.268455
4409,-5.6662,1000,timeout,0,0,1,0.142788,1.234101,0.414,0.14558
4410,-47.1279,224,crash,0,1,0,0.430494,0.928223,0.413918,0.403296
4411,-48.5881,1000,timeout,0,0,1,0.04733,0.453086,0.413835,0.187101
4412,-48.077,189,crash,0,1,0,0.252011,0.699054,0.413752,0.134145
4413,-63.5656,169,crash,0,1,0,0.734148,1.565002,0.413669,0.26902
4414,-45.9312,191,crash,0,1,0,0.571514,1.241008,0.413587,0.314814
4415,-69.8779,186,crash,0,1,0,0.152194,0.474196,0.413504,0.089108
4416,-53.8961,1000,timeout,0,0,1,0.02167,0.287981,0.413421,0.149432
4417,-68.8248,175,crash,0,1,0,0.140057,0.496727,0.413339,0.307853
4418,-65.4951,173,crash,0,1,0,0.115024,0.346464,0.413256,0.12258
4419,-56.4766,1000,timeout,0,0,1,0.039889,0.366084,0.413173,0.225459
4420,-44.3302,195,crash,0,1,0,0.527687,1.146745,0.413091,0.160193
4421,-63.0928,157,crash,0,1,0,0.079847,0.305072,0.413008,0.259701
4422,-51.2527,193,crash,0,1,0,0.316614,0.892887,0.412925,0.165748
4423,-30.4097,1000,timeout,0,0,1,0.104294,0.710564,0.412843,0.211158
4424,199.5754,936,landed,1,0,0,0.094452,0.933967,0.41276,0.199877
4425,-32.6367,196,crash,0,1,0,0.367079,0.861059,0.412678,0.119623
4426,-61.2632,177,crash,0,1,0,0.179256,0.470678,0.412595,0.100774
4427,-74.248,1000,timeout,0,0,1,0.048661,0.441972,0.412513,0.223427
4428,-42.5028,191,crash,0,1,0,0.407898,0.900065,0.41243,0.329361
4429,-26.1673,1000,timeout,0,0,1,0.066742,0.530358,0.412348,0.29431
4430,-65.9984,157,crash,0,1,0,0.092713,0.457919,0.412265,0.099689
4431,-52.513,188,crash,0,1,0,0.219433,0.781036,0.412183,0.249879
4432,-37.9329,187,crash,0,1,0,0.691377,1.531358,0.4121,0.212777
4433,156.6923,747,landed,1,0,0,0.028524,0.237562,0.412018,0.288549
4434,-13.8984,1000,timeout,0,0,1,0.159264,1.319729,0.411935,0.276943
4435,-62.4522,186,crash,0,1,0,0.26791,0.527384,0.411853,0.167167
4436,-17.7503,1000,timeout,0,0,1,0.112335,0.90757,0.411771,0.19718
4437,-40.6225,1000,timeout,0,0,1,0.07896,0.982943,0.411688,0.236839
4438,-25.9805,1000,timeout,0,0,1,0.168047,1.249324,0.411606,0.250547
4439,-39.6128,193,crash,0,1,0,0.58356,1.386169,0.411524,0.284521
4440,-64.3967,170,crash,0,1,0,0.14275,0.425804,0.411441,0.218299
4441,-2.4537,1000,timeout,0,0,1,0.110602,1.140916,0.411359,0.257508
4442,-66.0045,181,crash,0,1,0,0.198269,0.652383,0.411277,0.307493
4443,-39.1904,200,crash,0,1,0,0.616191,1.25588,0.411195,0.131346
4444,-63.5932,177,crash,0,1,0,0.115462,0.347803,0.411112,0.092023
4445,-48.926,189,crash,0,1,0,0.552265,1.354974,0.41103,0.158976
4446,-35.1455,1000,timeout,0,0,1,0.094841,1.092788,0.410948,0.179639
4447,-32.2925,1000,timeout,0,0,1,0.122576,0.997726,0.410866,0.183599
4448,-35.9279,178,crash,0,1,0,0.500126,1.033609,0.410783,0.188253
4449,-38.887,195,crash,0,1,0,0.716628,1.614271,0.410701,0.408979
4450,-72.9615,170,crash,0,1,0,0.122062,0.383597,0.410619,0.056312
4451,-61.7239,181,crash,0,1,0,0.116181,0.375491,0.410537,0.264552
4452,-36.5781,194,crash,0,1,0,0.675495,1.549003,0.410455,0.255858
4453,-29.7502,1000,timeout,0,0,1,0.079605,0.75584,0.410373,0.222974
4454,9.6287,1000,timeout,0,0,1,0.14416,1.2373,0.410291,0.235805
4455,-11.9301,1000,timeout,0,0,1,0.076446,0.773261,0.410209,0.188227
4456,-29.4383,1000,timeout,0,0,1,0.050224,0.82243,0.410127,0.233087
4457,-24.7179,1000,timeout,0,0,1,0.059204,0.732862,0.410045,0.137802
4458,-0.7307,1000,timeout,0,0,1,0.106139,1.028043,0.409963,0.209737
4459,-46.0768,181,crash,0,1,0,0.462595,1.151588,0.409881,0.137491
4460,204.6218,640,landed,1,0,0,0.153463,0.859535,0.409799,0.156635
4461,-63.8212,177,crash,0,1,0,0.100479,0.288072,0.409717,0.223597
4462,-42.805,1000,timeout,0,0,1,0.045576,0.652985,0.409635,0.187336
4463,-36.4403,1000,timeout,0,0,1,0.066132,0.662188,0.409553,0.19914
4464,-35.8121,205,crash,0,1,0,0.597439,1.438678,0.409471,0.244332
4465,-5.2927,1000,timeout,0,0,1,0.102668,1.176454,0.409389,0.163073
4466,-56.4238,167,crash,0,1,0,0.223523,0.604531,0.409307,0.312298
4467,-60.0872,168,crash,0,1,0,0.200305,0.588909,0.409225,0.195345
4468,-72.002,165,crash,0,1,0,0.112033,0.323384,0.409143,0.144479
4469,-10.2738,1000,timeout,0,0,1,0.12102,1.017349,0.409062,0.241895
4470,-31.5774,1000,timeout,0,0,1,0.036165,0.654693,0.40898,0.21099
4471,-40.4227,1000,timeout,0,0,1,0.076576,1.155906,0.408898,0.232781
4472,-35.6895,1000,timeout,0,0,1,0.055218,0.649779,0.408816,0.229102
4473,-49.2887,205,crash,0,1,0,0.411782,0.906527,0.408735,0.302961
4474,-25.3856,1000,timeout,0,0,1,0.099852,1.067753,0.408653,0.210909
4475,-37.3663,180,crash,0,1,0,0.742196,1.575261,0.408571,0.231734
4476,-32.0716,1000,timeout,0,0,1,0.117507,1.32064,0.408489,0.228643
4477,-36.4972,185,crash,0,1,0,0.780329,1.386634,0.408408,0.175531
4478,-12.6244,1000,timeout,0,0,1,0.085068,0.872081,0.408326,0.189565
4479,-28.9062,1000,timeout,0,0,1,0.09616,0.983264,0.408244,0.166698
4480,-20.6506,1000,timeout,0,0,1,0.155148,1.346631,0.408163,0.233223
4481,-49.5085,172,crash,0,1,0,0.332589,1.039635,0.408081,0.321081
4482,-26.9138,1000,timeout,0,0,1,0.056319,0.771045,0.407999,0.250811
4483,-38.1089,175,crash,0,1,0,0.788837,1.549817,0.407918,0.057572
4484,-36.3887,187,crash,0,1,0,0.674528,1.369929,0.407836,0.190459
4485,-46.035,1000,timeout,0,0,1,0.055925,0.947712,0.407755,0.281525
4486,-36.4266,185,crash,0,1,0,0.934904,1.913283,0.407673,0.308741
4487,-55.2908,175,crash,0,1,0,0.276592,1.018973,0.407592,0.212207
4488,-18.8586,1000,timeout,0,0,1,0.159761,1.668934,0.40751,0.192382
4489,-35.4366,195,crash,0,1,0,0.404144,1.090222,0.407429,0.20023
4490,-43.9642,175,crash,0,1,0,0.627489,1.335258,0.407347,0.136223
4491,-33.392,181,crash,0,1,0,0.748935,1.305059,0.407266,0.21845
4492,-28.7519,1000,timeout,0,0,1,0.189498,1.51564,0.407184,0.242434
4493,-52.6326,171,crash,0,1,0,0.31907,0.924574,0.407103,0.369851
4494,1.9959,1000,timeout,0,0,1,0.109536,1.080994,0.407021,0.256046
4495,-60.5292,177,crash,0,1,0,0.081036,0.292345,0.40694,0.263796
4496,-28.1899,1000,timeout,0,0,1,0.079862,0.966802,0.406858,0.213612
4497,-20.444,1000,timeout,0,0,1,0.14924,1.366841,0.406777,0.238674
4498,-9.7441,1000,timeout,0,0,1,0.081015,1.087507,0.406696,0.180658
4499,-54.6198,1000,timeout,0,0,1,0.065655,0.967948,0.406614,0.210117
4500,-11.7217,1000,timeout,0,0,1,0.089391,1.038972,0.406533,0.227516
4501,-27.1001,1000,timeout,0,0,1,0.099754,1.15338,0.406452,0.259054
4502,-37.2179,1000,timeout,0,0,1,0.159899,1.45776,0.40637,0.151524
4503,1.7865,1000,timeout,0,0,1,0.129464,1.160294,0.406289,0.249811
4504,-35.0408,1000,timeout,0,0,1,0.16063,1.455,0.406208,0.184953
4505,-12.694,1000,timeout,0,0,1,0.115353,0.977316,0.406127,0.236861
4506,-40.5722,180,crash,0,1,0,0.331693,0.886434,0.406045,0.182198
4507,-36.2712,212,crash,0,1,0,0.435404,1.03851,0.405964,0.146427
4508,-51.1369,175,crash,0,1,0,0.299253,0.783005,0.405883,0.220326
4509,-32.9855,1000,timeout,0,0,1,0.029906,0.305439,0.405802,0.182176
4510,-46.5097,182,crash,0,1,0,0.792512,1.507448,0.405721,0.335154
4511,-13.0421,1000,timeout,0,0,1,0.121196,1.05387,0.40564,0.157475
4512,-15.2628,1000,timeout,0,0,1,0.108047,1.098748,0.405558,0.186968
4513,-22.1553,1000,timeout,0,0,1,0.100476,1.049931,0.405477,0.164488
4514,-51.405,1000,timeout,0,0,1,0.077982,1.092371,0.405396,0.165645
4515,-46.4127,1000,timeout,0,0,1,0.063569,1.141145,0.405315,0.225561
4516,-63.4393,1000,timeout,0,0,1,0.04956,0.701363,0.405234,0.161458
4517,-47.7771,1000,timeout,0,0,1,0.074684,1.08252,0.405153,0.133735
4518,-37.3525,178,crash,0,1,0,0.840573,1.687997,0.405072,0.215657
4519,-50.0061,180,crash,0,1,0,0.365205,0.986357,0.404991,0.0906
4520,-47.5613,1000,timeout,0,0,1,0.059566,1.085828,0.40491,0.196466
4521,-16.7094,1000,timeout,0,0,1,0.120966,1.141072,0.404829,0.243794
4522,-20.7924,1000,timeout,0,0,1,0.083928,1.118874,0.404748,0.1634
4523,-2.8894,1000,timeout,0,0,1,0.149609,1.628262,0.404667,0.14213
4524,-57.7591,1000,timeout,0,0,1,0.059317,1.022958,0.404586,0.175861
4525,-2.9647,1000,timeout,0,0,1,0.09947,1.159693,0.404505,0.170719
4526,-56.1648,172,crash,0,1,0,0.292743,0.954055,0.404424,0.208608
4527,8.418,1000,timeout,0,0,1,0.122944,1.062258,0.404343,0.176533
4528,-41.4637,202,crash,0,1,0,0.611399,1.191298,0.404263,0.160657
4529,-61.1821,178,crash,0,1,0,0.242236,0.8775,0.404182,0.20956
4530,-35.6926,189,crash,0,1,0,0.652216,1.188084,0.404101,0.053174
4531,-15.9014,1000,timeout,0,0,1,0.077573,1.143241,0.40402,0.19878
4532,-9.2568,1000,timeout,0,0,1,0.114388,1.149111,0.403939,0.119524
4533,-50.4613,1000,timeout,0,0,1,0.068765,1.054963,0.403859,0.173619
4534,-41.7765,1000,timeout,0,0,1,0.064121,0.94967,0.403778,0.218413
4535,-51.9186,172,crash,0,1,0,0.361019,1.07657,0.403697,0.249235
4536,-39.5913,201,crash,0,1,0,0.461606,1.056304,0.403616,0.119829
4537,-33.6807,199,crash,0,1,0,0.546196,1.404137,0.403536,0.275037
4538,-47.8489,164,crash,0,1,0,0.376475,0.998814,0.403455,0.337818
4539,-35.778,194,crash,0,1,0,0.704318,1.368817,0.403374,0.241945
4540,-10.1215,1000,timeout,0,0,1,0.09817,1.148396,0.403293,0.251914
4541,173.4273,620,landed,1,0,0,0.10453,0.94596,0.403213,0.246521
4542,-50.8657,172,crash,0,1,0,0.276927,1.013473,0.403132,0.147746
4543,188.0211,862,landed,1,0,0,0.157138,1.407608,0.403052,0.160791
4544,-42.4225,188,crash,0,1,0,0.408815,1.061722,0.402971,0.168594
4545,-70.0114,1000,timeout,0,0,1,0.10447,1.298718,0.40289,0.185225
4546,-48.7408,192,crash,0,1,0,0.823911,1.807358,0.40281,0.189175
4547,-14.7664,1000,timeout,0,0,1,0.101115,1.192392,0.402729,0.173796
4548,-23.8459,1000,timeout,0,0,1,0.071222,1.148914,0.402649,0.197136
4549,-13.594,1000,timeout,0,0,1,0.118893,1.279885,0.402568,0.171805
4550,-35.3479,193,crash,0,1,0,0.445018,1.174259,0.402488,0.397517
4551,-35.2522,1000,timeout,0,0,1,0.054895,1.008078,0.402407,0.136193
4552,-47.5856,1000,timeout,0,0,1,0.091122,1.160014,0.402327,0.167335
4553,-6.7401,1000,timeout,0,0,1,0.098547,1.129469,0.402246,0.189172
4554,-54.584,164,crash,0,1,0,0.364552,1.08419,0.402166,0.223927
4555,176.516,553,landed,1,0,0,0.100249,0.921748,0.402085,0.130753
4556,-47.7131,173,crash,0,1,0,0.543736,1.078181,0.402005,0.104612
4557,-48.5082,1000,timeout,0,0,1,0.064844,1.007519,0.401924,0.241766
4558,-22.299,1000,timeout,0,0,1,0.077422,0.974349,0.401844,0.171429
4559,-34.3142,195,crash,0,1,0,0.441732,1.163919,0.401764,0.241524
4560,-29.888,198,crash,0,1,0,0.404583,1.175604,0.401683,0.233415
4561,-35.3405,201,crash,0,1,0,0.482332,0.972335,0.401603,0.151264
4562,-18.5657,1000,timeout,0,0,1,0.1051,1.058093,0.401523,0.214187
4563,-20.0143,1000,timeout,0,0,1,0.079719,1.143168,0.401442,0.173224
4564,166.9391,317,landed,1,0,0,0.143884,1.034518,0.401362,0.079266
4565,-56.8588,153,crash,0,1,0,0.322401,0.978208,0.401282,0.202209
4566,-55.9896,186,crash,0,1,0,0.268523,0.986321,0.401202,0.055448
4567,-45.3318,184,crash,0,1,0,0.629941,1.173395,0.401121,0.294754
4568,-46.7977,167,crash,0,1,0,0.350742,1.075928,0.401041,0.060586
4569,-46.4683,197,crash,0,1,0,0.613021,1.191736,0.400961,0.193263
4570,-50.7085,184,crash,0,1,0,0.49432,1.318055,0.400881,0.170736
4571,-55.9355,189,crash,0,1,0,0.270147,0.963454,0.400801,0.127448
4572,-27.9432,198,crash,0,1,0,0.73655,1.584,0.40072,0.159513
4573,-46.8447,186,crash,0,1,0,0.520682,1.067222,0.40064,0.089286
4574,-45.5218,186,crash,0,1,0,0.305792,1.259139,0.40056,0.166264
4575,-72.1179,171,crash,0,1,0,0.387528,0.927554,0.40048,0.139796
4576,-38.9771,186,crash,0,1,0,0.777946,1.554182,0.4004,0.360119
4577,-46.8279,183,crash,0,1,0,0.5191,1.185899,0.40032,0.214086
4578,1.2389,1000,timeout,0,0,1,0.108393,1.264076,0.40024,0.244448
4579,-33.5806,203,crash,0,1,0,0.693323,1.532758,0.40016,0.079106
4580,-38.2135,197,crash,0,1,0,0.628864,1.478256,0.40008,0.092886
4581,0.0438,1000,timeout,0,0,1,0.154556,1.481598,0.4,0.291075
4582,-34.5014,206,crash,0,1,0,0.400401,1.077165,0.39992,0.083667
4583,-49.1165,171,crash,0,1,0,0.361064,1.140923,0.39984,0.502362
4584,-15.3364,1000,timeout,0,0,1,0.082088,1.044948,0.39976,0.256303
4585,-54.6674,179,crash,0,1,0,0.286681,0.872427,0.39968,0.057817
4586,-61.0297,172,crash,0,1,0,0.277738,0.786937,0.3996,0.06098
4587,-35.3966,213,crash,0,1,0,0.783915,1.937307,0.39952,0.1251
4588,-45.3747,187,crash,0,1,0,0.703302,1.405138,0.39944,0.161146
4589,-17.5391,1000,timeout,0,0,1,0.090178,1.014695,0.39936,0.183386
4590,-11.9901,1000,timeout,0,0,1,0.085331,1.230749,0.39928,0.222488
4591,-38.0964,1000,timeout,0,0,1,0.170652,1.445474,0.3992,0.19074
4592,-46.3015,190,crash,0,1,0,0.757181,1.622342,0.399121,0.176131
4593,-32.393,1000,timeout,0,0,1,0.104262,0.992028,0.399041,0.1323
4594,8.0201,1000,timeout,0,0,1,0.0998,1.129631,0.398961,0.230501
4595,-45.505,190,crash,0,1,0,0.69427,1.416798,0.398881,0.326205
4596,-34.7491,1000,timeout,0,0,1,0.053136,0.867995,0.398801,0.172718
4597,14.5202,1000,timeout,0,0,1,0.107095,0.923039,0.398722,0.215274
4598,-38.3231,182,crash,0,1,0,0.549624,1.079353,0.398642,0.085844
4599,-6.5096,1000,timeout,0,0,1,0.121869,0.983656,0.398562,0.345137
4600,-19.6137,1000,timeout,0,0,1,0.118245,1.112528,0.398482,0.193591
4601,-61.8533,1000,timeout,0,0,1,0.075069,0.801234,0.398403,0.255484
4602,-32.2175,221,crash,0,1,0,0.678173,1.507666,0.398323,0.077402
4603,-39.0378,1000,timeout,0,0,1,0.067758,0.981084,0.398243,0.269856
4604,-8.6033,1000,timeout,0,0,1,0.09329,1.104814,0.398164,0.244662
4605,-34.2902,206,crash,0,1,0,0.395018,0.98363,0.398084,0.1591
4606,-36.0559,182,crash,0,1,0,0.720086,1.327467,0.398004,0.134544
4607,-19.785,1000,timeout,0,0,1,0.121908,0.991106,0.397925,0.218633
4608,-34.2382,204,crash,0,1,0,0.428461,1.016064,0.397845,0.118152
4609,198.6187,550,landed,1,0,0,0.165001,0.988331,0.397766,0.198628
4610,-54.1863,172,crash,0,1,0,0.322193,1.003235,0.397686,0.219219
4611,-36.8034,198,crash,0,1,0,0.768912,1.987352,0.397607,0.233715
4612,12.0893,1000,timeout,0,0,1,0.118222,0.92162,0.397527,0.25255
4613,-33.7924,196,crash,0,1,0,0.772145,1.558296,0.397448,0.208301
4614,-33.9634,1000,timeout,0,0,1,0.111619,1.02132,0.397368,0.234767
4615,-3.5646,1000,timeout,0,0,1,0.11566,1.009494,0.397289,0.179652
4616,-35.3769,1000,timeout,0,0,1,0.11163,1.163706,0.397209,0.252363
4617,-36.7651,184,crash,0,1,0,0.711049,1.534649,0.39713,0.407721
4618,-33.8326,192,crash,0,1,0,0.875085,1.857705,0.39705,0.241109
4619,202.8936,483,landed,1,0,0,0.289693,1.126159,0.396971,0.132597
4620,-39.9369,200,crash,0,1,0,0.482446,1.227784,0.396891,0.12239
4621,-57.5008,166,crash,0,1,0,0.269605,0.826751,0.396812,0.043599
4622,-51.3978,207,crash,0,1,0,0.688996,1.52009,0.396733,0.259998
4623,-5.1191,1000,timeout,0,0,1,0.109877,1.053904,0.396653,0.235892
4624,-38.3689,205,crash,0,1,0,0.544808,1.07364,0.396574,0.229401
4625,-63.8325,186,crash,0,1,0,0.09336,0.455161,0.396495,0.057202
4626,-65.2771,163,crash,0,1,0,0.197765,0.537311,0.396415,0.240288
4627,-47.9198,173,crash,0,1,0,0.325111,0.952495,0.396336,0.143612
4628,-25.1745,1000,timeout,0,0,1,0.073651,1.092528,0.396257,0.343071
4629,-37.4386,203,crash,0,1,0,0.500391,0.857571,0.396178,0.245742
4630,-56.3904,177,crash,0,1,0,0.279286,0.936106,0.396098,0.287302
4631,-38.6179,1000,timeout,0,0,1,0.141676,1.498056,0.396019,0.199677
4632,6.7504,1000,timeout,0,0,1,0.102152,0.925294,0.39594,0.228355
4633,-46.8022,183,crash,0,1,0,0.785459,1.462648,0.395861,0.491376
4634,-2.3535,1000,timeout,0,0,1,0.096049,0.991041,0.395782,0.246947
4635,-51.5372,179,crash,0,1,0,0.237133,0.810861,0.395702,0.174215
4636,-40.1046,194,crash,0,1,0,0.383657,1.139796,0.395623,0.143999
4637,-52.3786,183,crash,0,1,0,0.699811,1.359116,0.395544,0.180601
4638,-30.6742,1000,timeout,0,0,1,0.051771,0.873542,0.395465,0.240541
4639,-52.4124,1000,timeout,0,0,1,0.029937,0.614258,0.395386,0.225675
4640,-26.0991,1000,timeout,0,0,1,0.07746,1.057922,0.395307,0.194395
4641,-49.0337,201,crash,0,1,0,0.367442,0.91884,0.395228,0.127848
4642,-32.2092,1000,timeout,0,0,1,0.115851,1.034657,0.395149,0.233228
4643,-66.0544,166,crash,0,1,0,0.173572,0.574351,0.39507,0.353374
4644,-54.2906,1000,timeout,0,0,1,0.033305,0.585224,0.394991,0.276804
4645,-53.1839,179,crash,0,1,0,0.684988,1.372616,0.394912,0.267118
4646,-39.5819,199,crash,0,1,0,0.369797,1.058214,0.394833,0.305905
4647,-41.0197,215,crash,0,1,0,0.675834,1.835311,0.394754,0.261715
4648,-37.1689,205,crash,0,1,0,0.668448,1.460352,0.394675,0.136747
4649,-66.6639,180,crash,0,1,0,0.189448,0.454393,0.394596,0.169743
4650,-34.656,1000,timeout,0,0,1,0.090991,0.960692,0.394517,0.162163
4651,-13.8784,1000,timeout,0,0,1,0.107393,1.058858,0.394438,0.258122
4652,-47.8987,175,crash,0,1,0,0.379686,0.861401,0.394359,0.234873
4653,-61.7336,164,crash,0,1,0,0.119707,0.525303,0.39428,0.340081
4654,-26.8927,197,crash,0,1,0,0.717044,1.667618,0.394201,0.303328
4655,-37.7651,209,crash,0,1,0,0.393543,0.931857,0.394123,0.367122
4656,-55.7853,170,crash,0,1,0,0.255893,0.797137,0.394044,0.30673
4657,-18.99,1000,timeout,0,0,1,0.075313,0.938082,0.393965,0.206237
4658,-48.7714,182,crash,0,1,0,0.371255,0.939757,0.393886,0.173818
4659,174.0884,543,landed,1,0,0,0.068446,0.638356,0.393807,0.208107
4660,-43.7579,170,crash,0,1,0,0.748076,1.674873,0.393729,0.365943
4661,-38.7326,178,crash,0,1,0,0.737249,1.653138,0.39365,0.26179
4662,-47.8811,176,crash,0,1,0,0.553114,1.238846,0.393571,0.230455
4663,193.8662,588,landed,1,0,0,0.152733,0.932543,0.393492,0.308033
4664,-35.1782,1000,timeout,0,0,1,0.079967,0.861877,0.393414,0.250793
4665,-9.0287,1000,timeout,0,0,1,0.150216,1.692518,0.393335,0.296012
4666,-38.6515,1000,timeout,0,0,1,0.121784,1.064184,0.393256,0.318695
4667,-58.0381,165,crash,0,1,0,0.281234,0.994178,0.393178,0.242776
4668,-29.4833,1000,timeout,0,0,1,0.061762,0.822208,0.393099,0.277487
4669,-43.1257,197,crash,0,1,0,0.323607,1.059963,0.393021,0.272305
4670,-36.4919,179,crash,0,1,0,0.91174,1.920248,0.392942,0.260692
4671,-42.8829,184,crash,0,1,0,0.348761,0.945441,0.392863,0.198506
4672,-37.0833,201,crash,0,1,0,0.385125,0.914231,0.392785,0.279608
4673,-48.9102,177,crash,0,1,0,0.265523,0.889809,0.392706,0.188918
4674,-47.0763,177,crash,0,1,0,0.372612,1.098831,0.392628,0.229828
4675,-54.321,166,crash,0,1,0,0.177759,0.68134,0.392549,0.448495
4676,192.4355,956,landed,1,0,0,0.092175,0.930795,0.392471,0.188854
4677,-42.9008,1000,timeout,0,0,1,0.158481,1.573874,0.392392,0.24629
4678,-42.5187,176,crash,0,1,0,0.72463,1.461466,0.392314,0.316302
4679,-32.4482,1000,timeout,0,0,1,0.094317,1.134169,0.392235,0.154261
4680,-38.7827,176,crash,0,1,0,0.711113,1.583737,0.392157,0.193497
4681,-27.0857,1000,timeout,0,0,1,0.146418,1.105032,0.392078,0.244835
4682,-2.6742,1000,timeout,0,0,1,0.143488,1.334582,0.392,0.231647
4683,-35.0985,183,crash,0,1,0,0.926519,2.01666,0.391922,0.451026
4684,-6.6887,1000,timeout,0,0,1,0.112571,1.068655,0.391843,0.246415
4685,-63.3168,173,crash,0,1,0,0.252176,0.953947,0.391765,0.29538
4686,-44.2326,178,crash,0,1,0,0.356783,0.864935,0.391686,0.10721
4687,-57.6562,167,crash,0,1,0,0.193218,0.605165,0.391608,0.33008
4688,-53.6753,186,crash,0,1,0,0.725483,1.393161,0.39153,0.53
4689,-25.6923,1000,timeout,0,0,1,0.053476,0.764989,0.391451,0.242056
4690,-44.9305,172,crash,0,1,0,0.60401,1.351266,0.391373,0.230593
4691,-37.4776,185,crash,0,1,0,0.699948,1.508311,0.391295,0.020392
4692,-18.6303,1000,timeout,0,0,1,0.116846,1.460846,0.391217,0.209685
4693,-59.8944,165,crash,0,1,0,0.115495,0.28733,0.391138,0.253819
4694,-41.8883,1000,timeout,0,0,1,0.16308,1.408703,0.39106,0.237666
4695,-44.7352,176,crash,0,1,0,0.544495,1.341351,0.390982,0.136165
4696,-5.6143,1000,timeout,0,0,1,0.118938,1.202395,0.390904,0.286549
4697,-32.8518,206,crash,0,1,0,0.415341,1.135668,0.390826,0.240625
4698,-41.0949,212,crash,0,1,0,0.565395,1.665447,0.390747,0.244898
4699,182.9362,969,landed,1,0,0,0.125516,1.258947,0.390669,0.292423
4700,-11.7195,1000,timeout,0,0,1,0.133297,1.041527,0.390591,0.326793
4701,-22.5802,1000,timeout,0,0,1,0.117505,1.005325,0.390513,0.22638
4702,-23.253,1000,timeout,0,0,1,0.082064,1.167508,0.390435,0.241223
4703,-41.6371,190,crash,0,1,0,0.737473,1.706241,0.390357,0.271687
4704,-46.1286,169,crash,0,1,0,0.789513,1.587212,0.390279,0.278616
4705,-42.2088,174,crash,0,1,0,0.816106,1.77367,0.390201,0.27297
4706,-60.5682,156,crash,0,1,0,0.09282,0.311311,0.390123,0.426863
4707,-38.0352,1000,timeout,0,0,1,0.029982,0.516749,0.390045,0.215054
4708,-39.4112,202,crash,0,1,0,0.676232,1.549494,0.389967,0.287494
4709,-37.2735,178,crash,0,1,0,0.826848,1.895111,0.389889,0.340436
4710,-47.2495,202,crash,0,1,0,0.772032,2.02666,0.389811,0.245602
4711,-29.3882,1000,timeout,0,0,1,0.104591,0.92892,0.389733,0.234744
4712,-41.0116,180,crash,0,1,0,0.669781,1.71712,0.389655,0.132383
4713,-22.1338,1000,timeout,0,0,1,0.118771,1.111821,0.389577,0.218864
4714,-27.4023,1000,timeout,0,0,1,0.102166,1.19372,0.389499,0.278126
4715,-40.1049,199,crash,0,1,0,0.640652,1.460519,0.389421,0.374113
4716,-54.8322,175,crash,0,1,0,0.289544,0.986522,0.389343,0.237661
4717,-33.6396,1000,timeout,0,0,1,0.096939,1.078764,0.389265,0.284234
4718,-61.2701,161,crash,0,1,0,0.267757,0.867287,0.389187,0.188212
4719,-35.8907,199,crash,0,1,0,0.697852,1.602454,0.38911,0.284311
4720,-45.1584,188,crash,0,1,0,0.713262,1.30327,0.389032,0.334169
4721,-57.8867,184,crash,0,1,0,0.18195,0.666952,0.388954,0.358638
4722,-37.5016,1000,timeout,0,0,1,0.031178,0.452216,0.388876,0.271594
4723,-16.3489,1000,timeout,0,0,1,0.093723,1.040456,0.388798,0.250527
4724,182.5167,995,landed,1,0,0,0.080852,1.012767,0.388721,0.197389
4725,-51.0563,179,crash,0,1,0,0.394126,0.962685,0.388643,0.301989
4726,170.6431,806,landed,1,0,0,0.046212,0.664141,0.388565,0.21493
4727,-45.6328,168,crash,0,1,0,0.60815,1.392499,0.388487,0.518388
4728,-58.4824,184,crash,0,1,0,0.696846,1.560057,0.38841,0.22214
4729,-45.265,195,crash,0,1,0,0.441485,1.066618,0.388332,0.428351
4730,-46.3358,169,crash,0,1,0,0.832415,1.621791,0.388254,0.253862
4731,-22.3018,1000,timeout,0,0,1,0.192259,1.552842,0.388177,0.279692
4732,12.5633,1000,timeout,0,0,1,0.182716,1.951948,0.388099,0.218232
4733,-42.9303,186,crash,0,1,0,0.355182,1.100502,0.388021,0.138525
4734,-15.1266,1000,timeout,0,0,1,0.143099,1.641797,0.387944,0.249495
4735,-52.7573,184,crash,0,1,0,0.195005,0.494707,0.387866,0.342872
4736,-45.4765,198,crash,0,1,0,0.48313,0.98006,0.387789,0.168978
4737,-53.5846,1000,timeout,0,0,1,0.033245,0.525967,0.387711,0.289936
4738,-47.5662,170,crash,0,1,0,0.645422,1.455454,0.387634,0.336485
4739,-60.417,169,crash,0,1,0,0.161935,0.525496,0.387556,0.204133
4740,-40.9424,1000,timeout,0,0,1,0.062587,1.16153,0.387479,0.220165
4741,1.2291,1000,timeout,0,0,1,0.156994,1.131688,0.387401,0.229588
4742,200.8674,372,landed,1,0,0,0.288209,1.297482,0.387324,0.217037
4743,-56.9489,190,crash,0,1,0,0.767358,1.761546,0.387246,0.192878
4744,-62.9254,165,crash,0,1,0,0.132422,0.389628,0.387169,0.149716
4745,-28.4028,1000,timeout,0,0,1,0.106076,1.081374,0.387091,0.274301
4746,-41.8816,199,crash,0,1,0,0.421391,0.974,0.387014,0.197072
4747,-30.9687,193,crash,0,1,0,0.690649,1.566504,0.386936,0.332398
4748,-27.3868,1000,timeout,0,0,1,0.119853,1.310196,0.386859,0.277785
4749,-57.3215,167,crash,0,1,0,0.200296,0.588023,0.386782,0.226429
4750,-9.0208,1000,timeout,0,0,1,0.141324,1.290252,0.386704,0.269151
4751,-32.7622,1000,timeout,0,0,1,0.032124,0.577222,0.386627,0.274746
4752,-29.3919,1000,timeout,0,0,1,0.091357,1.069901,0.38655,0.262565
4753,-39.7529,186,crash,0,1,0,0.635501,1.276189,0.386472,0.294953
4754,171.1032,630,landed,1,0,0,0.06867,0.895468,0.386395,0.24528
4755,-44.615,194,crash,0,1,0,0.734205,1.392512,0.386318,0.252004
4756,6.5434,1000,timeout,0,0,1,0.176487,1.362272,0.38624,0.263617
4757,-43.9625,188,crash,0,1,0,0.752336,1.245941,0.386163,0.39175
4758,-25.3982,205,crash,0,1,0,0.630773,1.825447,0.386086,0.191569
4759,-18.899,1000,timeout,0,0,1,0.120239,1.238369,0.386009,0.298391
4760,-48.8558,179,crash,0,1,0,0.744781,1.663092,0.385932,0.361174
4761,-50.5661,183,crash,0,1,0,0.308447,0.935154,0.385854,0.367269
4762,174.089,743,landed,1,0,0,0.044977,0.633932,0.385777,0.223903
4763,4.6327,1000,timeout,0,0,1,0.158592,1.441606,0.3857,0.188453
4764,-24.3693,1000,timeout,0,0,1,0.117253,1.45081,0.385623,0.209202
4765,-29.256,1000,timeout,0,0,1,0.119704,1.393882,0.385546,0.237366
4766,-40.9281,1000,timeout,0,0,1,0.02713,0.324245,0.385469,0.285892
4767,-13.8444,1000,timeout,0,0,1,0.086245,0.873833,0.385392,0.188392
4768,-41.9706,195,crash,0,1,0,0.69864,1.458998,0.385315,0.247937
4769,-53.4866,174,crash,0,1,0,0.124362,0.611131,0.385237,0.189702
4770,-42.0248,174,crash,0,1,0,0.882928,1.610306,0.38516,0.062379
4771,-42.0022,189,crash,0,1,0,0.682235,1.425355,0.385083,0.279481
4772,-65.5894,1000,timeout,0,0,1,0.150154,1.425367,0.385006,0.251818
4773,180.483,899,landed,1,0,0,0.200443,1.55309,0.384929,0.306217
4774,-51.1396,1000,timeout,0,0,1,0.129657,1.491635,0.384852,0.201339
4775,-39.7822,1000,timeout,0,0,1,0.171766,1.35245,0.384775,0.141853
4776,-27.8548,1000,timeout,0,0,1,0.157943,1.579137,0.384698,0.279729
4777,-57.0338,1000,timeout,0,0,1,0.023311,0.30826,0.384621,0.258717
4778,-31.8593,214,crash,0,1,0,0.727567,1.581948,0.384545,0.232128
4779,-22.2763,1000,timeout,0,0,1,0.125263,1.620602,0.384468,0.201821
4780,-23.0523,1000,timeout,0,0,1,0.159491,1.637503,0.384391,0.265097
4781,-50.8137,181,crash,0,1,0,0.30908,0.772508,0.384314,0.185433
4782,-29.2132,1000,timeout,0,0,1,0.061957,0.950678,0.384237,0.223885
4783,-1.4169,1000,timeout,0,0,1,0.12711,1.480491,0.38416,0.240326
4784,-37.3228,1000,timeout,0,0,1,0.022764,0.26165,0.384083,0.246217
4785,-1.3584,1000,timeout,0,0,1,0.215858,1.431496,0.384007,0.214257
4786,-20.2828,1000,timeout,0,0,1,0.076562,1.074432,0.38393,0.16357
4787,-55.4294,166,crash,0,1,0,0.140271,0.538042,0.383853,0.200364
4788,-38.3842,1000,timeout,0,0,1,0.031315,0.376753,0.383776,0.219092
4789,-15.5458,1000,timeout,0,0,1,0.170297,1.545341,0.383699,0.202793
4790,-46.8139,174,crash,0,1,0,0.479654,1.351531,0.383623,0.140853
4791,-46.9451,1000,timeout,0,0,1,0.06622,1.147995,0.383546,0.226453
4792,-53.2317,178,crash,0,1,0,0.266306,0.924162,0.383469,0.293872
4793,-24.7576,188,crash,0,1,0,0.696871,1.435246,0.383393,0.097132
4794,-93.4981,541,crash,0,1,0,0.293879,1.447009,0.383316,0.208874
4795,-39.3796,174,crash,0,1,0,0.722918,1.703143,0.383239,0.237212
4796,-56.7633,175,crash,0,1,0,0.167878,0.528437,0.383163,0.233001
4797,-54.5921,178,crash,0,1,0,0.167297,0.542605,0.383086,0.182076
4798,-50.6268,204,crash,0,1,0,0.710417,1.688534,0.383009,0.15568
4799,-44.8958,179,crash,0,1,0,0.734692,1.614907,0.382933,0.230073
4800,-48.6728,1000,timeout,0,0,1,0.125279,1.525248,0.382856,0.207528
4801,-51.9055,202,crash,0,1,0,0.68362,1.302358,0.38278,0.274231
4802,174.6189,315,landed,1,0,0,0.060753,0.529696,0.382703,0.166092
4803,-27.885,1000,timeout,0,0,1,0.059876,1.088357,0.382626,0.178751
4804,-27.3387,1000,timeout,0,0,1,0.122453,1.240006,0.38255,0.317417
4805,-63.0549,1000,timeout,0,0,1,0.038858,0.591709,0.382473,0.221828
4806,-38.5298,1000,timeout,0,0,1,0.126989,1.497,0.382397,0.176127
4807,-59.3944,167,crash,0,1,0,0.129744,0.388159,0.38232,0.14411
4808,-38.1599,187,crash,0,1,0,0.693467,1.485673,0.382244,0.01996
4809,-37.0935,196,crash,0,1,0,0.57446,1.238816,0.382168,0.236726
4810,-52.9062,1000,timeout,0,0,1,0.095662,1.078035,0.382091,0.190641
4811,-45.6134,186,crash,0,1,0,0.80754,1.989947,0.382015,0.3725
4812,-44.1001,177,crash,0,1,0,0.70982,1.553179,0.381938,0.162676
4813,184.3226,412,landed,1,0,0,0.240616,1.276496,0.381862,0.253085
4814,-45.6828,1000,timeout,0,0,1,0.067626,0.918688,0.381786,0.234017
4815,-52.315,170,crash,0,1,0,0.712259,1.703527,0.381709,0.148844
4816,-0.7784,1000,timeout,0,0,1,0.150327,1.324156,0.381633,0.223645
4817,-22.0891,1000,timeout,0,0,1,0.178723,1.658181,0.381556,0.281506
4818,-53.8105,182,crash,0,1,0,0.309713,0.97422,0.38148,0.322646
4819,-16.6745,1000,timeout,0,0,1,0.157698,1.546983,0.381404,0.211567
4820,-51.2368,173,crash,0,1,0,0.311486,0.97884,0.381328,0.097822
4821,-20.4242,1000,timeout,0,0,1,0.116561,1.552218,0.381251,0.202159
4822,-4.105,1000,timeout,0,0,1,0.111009,1.259705,0.381175,0.186518
4823,-17.352,1000,timeout,0,0,1,0.203098,1.445171,0.381099,0.152026
4824,-53.4334,176,crash,0,1,0,0.227415,0.596004,0.381023,0.147038
4825,-40.2013,187,crash,0,1,0,0.771544,1.820474,0.380946,0.183257
4826,-17.1561,1000,timeout,0,0,1,0.141048,1.425356,0.38087,0.152162
4827,13.3061,1000,timeout,0,0,1,0.187293,1.488383,0.380794,0.171542
4828,-63.4004,265,crash,0,1,0,0.579781,1.413867,0.380718,0.211544
4829,-60.1516,1000,timeout,0,0,1,0.029393,0.522445,0.380642,0.131953
4830,-28.8932,1000,timeout,0,0,1,0.075391,1.161156,0.380566,0.216898
4831,-10.0094,1000,timeout,0,0,1,0.117735,1.271161,0.38049,0.204022
4832,-61.3778,170,crash,0,1,0,0.122419,0.387398,0.380413,0.140347
4833,-35.8711,186,crash,0,1,0,0.530624,1.355692,0.380337,0.223267
4834,-36.2047,182,crash,0,1,0,0.771761,1.51611,0.380261,0.174025
4835,-43.3469,175,crash,0,1,0,0.798057,1.553838,0.380185,0.192965
4836,-27.6017,1000,timeout,0,0,1,0.052785,0.572798,0.380109,0.235337
4837,-44.4528,180,crash,0,1,0,0.696032,1.611933,0.380033,0.173404
4838,-25.7571,179,crash,0,1,0,0.741584,1.610855,0.379957,0.317424
4839,-15.3117,1000,timeout,0,0,1,0.135459,1.163806,0.379881,0.20165
4840,-53.0458,197,crash,0,1,0,0.523738,1.419164,0.379805,0.268358
4841,-21.2589,1000,timeout,0,0,1,0.061423,0.831042,0.379729,0.230277
4842,-46.6899,194,crash,0,1,0,0.612562,1.229824,0.379653,0.211178
4843,-28.313,1000,timeout,0,0,1,0.131173,1.344563,0.379577,0.19719
4844,-39.9431,177,crash,0,1,0,0.59519,1.258418,0.379501,0.260737
4845,-55.1164,170,crash,0,1,0,0.205716,0.594744,0.379426,0.145746
4846,-38.7823,178,crash,0,1,0,0.654399,1.298894,0.37935,0.23079
4847,-46.4337,175,crash,0,1,0,0.418256,1.199102,0.379274,0.332611
4848,-48.7634,207,crash,0,1,0,0.686345,1.467031,0.379198,0.295585
4849,-52.9665,191,crash,0,1,0,0.786132,1.679274,0.379122,0.166947
4850,-15.5027,1000,timeout,0,0,1,0.096975,1.453333,0.379046,0.191321
4851,-46.0603,175,crash,0,1,0,0.410664,1.199566,0.37897,0.196581
4852,-32.5863,1000,timeout,0,0,1,0.156155,1.776945,0.378895,0.31972
4853,-51.9301,174,crash,0,1,0,0.800812,1.719461,0.378819,0.121576
4854,-42.1928,170,crash,0,1,0,0.603678,1.482483,0.378743,0.326212
4855,-66.1016,180,crash,0,1,0,0.20972,0.568483,0.378667,0.254844
4856,-51.682,166,crash,0,1,0,0.373199,1.124813,0.378592,0.353086
4857,-54.5978,173,crash,0,1,0,0.242858,0.619552,0.378516,0.151598
4858,-55.2101,157,crash,0,1,0,0.092651,0.385815,0.37844,0.242826
4859,-44.365,1000,timeout,0,0,1,0.127706,1.238386,0.378365,0.24785
4860,-5.8308,1000,timeout,0,0,1,0.139915,1.57553,0.378289,0.271475
4861,-55.5508,171,crash,0,1,0,0.117042,0.517851,0.378213,0.247932
4862,-40.9313,186,crash,0,1,0,0.633146,1.344641,0.378138,0.139173
4863,-41.0627,192,crash,0,1,0,0.596701,1.469111,0.378062,0.221124
4864,-34.4767,1000,timeout,0,0,1,0.028255,0.538042,0.377986,0.226139
4865,-56.5004,174,crash,0,1,0,0.098572,0.538042,0.377911,0.167481
4866,-50.4206,200,crash,0,1,0,0.770014,1.553811,0.377835,0.26073
4867,-47.1266,167,crash,0,1,0,0.446044,0.924542,0.37776,0.263131
4868,-59.6512,1000,timeout,0,0,1,0.080794,0.939083,0.377684,0.217507
4869,-25.2812,1000,timeout,0,0,1,0.114477,1.214114,0.377608,0.186695
4870,-64.676,218,crash,0,1,0,0.871577,1.87014,0.377533,0.159897
4871,-43.5782,183,crash,0,1,0,0.522926,1.264489,0.377457,0.095937
4872,-25.6478,1000,timeout,0,0,1,0.118302,1.247135,0.377382,0.255523
4873,-48.3092,177,crash,0,1,0,0.407494,1.206395,0.377306,0.154818
4874,-45.0914,184,crash,0,1,0,0.492241,1.209863,0.377231,0.272773
4875,-41.2741,171,crash,0,1,0,0.731761,1.556179,0.377156,0.331467
4876,-48.2909,1000,timeout,0,0,1,0.10379,1.507254,0.37708,0.341999
4877,-47.5141,173,crash,0,1,0,0.436777,1.279558,0.377005,0.218978
4878,-36.1625,198,crash,0,1,0,0.708182,1.65863,0.376929,0.23273
4879,-40.3339,207,crash,0,1,0,0.711049,1.446678,0.376854,0.165127
4880,-35.1733,214,crash,0,1,0,0.630414,1.770355,0.376779,0.387349
4881,-64.7039,1000,timeout,0,0,1,0.057643,0.749253,0.376703,0.227528
4882,-43.5931,188,crash,0,1,0,0.638176,1.462291,0.376628,0.201241
4883,-36.8739,193,crash,0,1,0,0.651144,1.635607,0.376553,0.277063
4884,-73.3087,209,crash,0,1,0,0.478798,1.160936,0.376477,0.345188
4885,-51.3198,171,crash,0,1,0,0.313914,0.942308,0.376402,0.388488
4886,-69.7787,196,crash,0,1,0,0.693857,1.612759,0.376327,0.338406
4887,-66.455,173,crash,0,1,0,0.378912,1.232977,0.376251,0.189594
4888,-36.2379,240,crash,0,1,0,0.804104,1.907882,0.376176,0.332046
4889,-48.5775,1000,timeout,0,0,1,0.149752,1.363899,0.376101,0.2983
4890,-34.4147,1000,timeout,0,0,1,0.147295,1.671414,0.376026,0.202933
4891,-65.2436,167,crash,0,1,0,0.254551,0.764418,0.37595,0.313057
4892,-70.7987,185,crash,0,1,0,0.507715,1.264278,0.375875,0.310816
4893,-29.6931,1000,timeout,0,0,1,0.048052,0.826618,0.3758,0.248271
4894,-33.7463,200,crash,0,1,0,0.573513,1.353579,0.375725,0.205042
4895,-69.8374,191,crash,0,1,0,0.087953,0.276736,0.37565,0.233089
4896,-10.4066,1000,timeout,0,0,1,0.23584,1.459177,0.375575,0.325515
4897,-28.6053,1000,timeout,0,0,1,0.058178,1.161123,0.3755,0.177661
4898,-31.7086,1000,timeout,0,0,1,0.038742,0.755811,0.375424,0.266838
4899,-35.9547,192,crash,0,1,0,0.759418,1.820074,0.375349,0.219337
4900,-45.3784,188,crash,0,1,0,0.764184,1.919187,0.375274,0.10435
4901,-32.9208,182,crash,0,1,0,0.656543,1.401454,0.375199,0.244739
4902,-55.3034,171,crash,0,1,0,0.206028,0.678297,0.375124,0.296507
4903,-42.3383,176,crash,0,1,0,0.629816,1.651505,0.375049,0.154703
4904,-59.2863,272,crash,0,1,0,0.537675,1.367163,0.374974,0.209369
4905,-45.6281,196,crash,0,1,0,0.728251,1.858422,0.374899,0.12221
4906,-31.2953,1000,timeout,0,0,1,0.122093,1.367834,0.374824,0.286389
4907,-42.1773,187,crash,0,1,0,0.437473,1.233596,0.374749,0.33757
4908,-56.079,246,crash,0,1,0,0.760434,1.542538,0.374674,0.157934
4909,-74.4329,192,crash,0,1,0,0.530044,1.395598,0.374599,0.269399
4910,-59.3317,238,crash,0,1,0,0.574944,1.587919,0.374524,0.383491
4911,-37.7029,193,crash,0,1,0,0.687998,1.619336,0.37445,0.290193
4912,-57.9226,218,crash,0,1,0,0.615731,1.588939,0.374375,0.430082
4913,6.283,1000,timeout,0,0,1,0.143064,1.331812,0.3743,0.308159
4914,-49.983,184,crash,0,1,0,0.410681,1.27389,0.374225,0.133336
4915,-32.6759,1000,timeout,0,0,1,0.048152,0.879673,0.37415,0.30386
4916,-54.4735,321,crash,0,1,0,0.33913,1.329532,0.374075,0.222633
4917,11.5891,1000,timeout,0,0,1,0.211189,1.606428,0.374,0.37834
4918,-56.703,165,crash,0,1,0,0.175089,0.664864,0.373926,0.42595
4919,-23.7918,1000,timeout,0,0,1,0.104575,1.442866,0.373851,0.258806
4920,-63.4604,163,crash,0,1,0,0.169696,0.455845,0.373776,0.160339
4921,-66.9814,223,crash,0,1,0,0.406887,1.502368,0.373701,0.323886
4922,-77.4344,202,crash,0,1,0,0.601274,1.552224,0.373627,0.431167
4923,-60.7925,170,crash,0,1,0,0.19075,0.484518,0.373552,0.286943
4924,-72.4206,188,crash,0,1,0,0.472023,1.475897,0.373477,0.167033
4925,-35.8552,1000,timeout,0,0,1,0.031549,0.404563,0.373402,0.342233
4926,-61.6572,202,crash,0,1,0,0.766411,1.807701,0.373328,0.28681
4927,-32.1281,202,crash,0,1,0,0.645565,1.764119,0.373253,0.383994
4928,-69.5844,201,crash,0,1,0,0.472013,1.18741,0.373178,0.243158
4929,-79.6428,843,crash,0,1,0,0.08684,1.062249,0.373104,0.2913
4930,-2.0135,1000,timeout,0,0,1,0.12482,1.392503,0.373029,0.264764
4931,-29.3997,1000,timeout,0,0,1,0.113672,1.339095,0.372955,0.225541
4932,-34.8202,1000,timeout,0,0,1,0.13993,1.415548,0.37288,0.203759
4933,-3.248,1000,timeout,0,0,1,0.122049,1.362601,0.372805,0.273233
4934,-40.4572,194,crash,0,1,0,0.691424,1.325447,0.372731,0.055269
4935,-7.1871,1000,timeout,0,0,1,0.186293,1.649545,0.372656,0.3615
4936,-28.4791,1000,timeout,0,0,1,0.065595,1.026725,0.372582,0.307398
4937,3.0181,1000,timeout,0,0,1,0.136664,1.336473,0.372507,0.297567
4938,-53.2999,1000,timeout,0,0,1,0.033969,0.538042,0.372433,0.34137
4939,-51.0721,1000,timeout,0,0,1,0.057417,1.022093,0.372358,0.214177
4940,-60.1205,271,crash,0,1,0,0.47093,1.396172,0.372284,0.185215
4941,-46.1388,176,crash,0,1,0,0.63023,1.242061,0.372209,0.363786
4942,-33.0992,1000,timeout,0,0,1,0.02924,0.382787,0.372135,0.275891
4943,-32.0806,1000,timeout,0,0,1,0.114011,1.274536,0.37206,0.351253
4944,-47.9997,172,crash,0,1,0,0.456638,1.250781,0.371986,0.147911
4945,-37.5973,204,crash,0,1,0,0.630716,1.652496,0.371912,0.238871
4946,-59.7588,1000,timeout,0,0,1,0.022775,0.236812,0.371837,0.233221
4947,-55.613,168,crash,0,1,0,0.370882,0.948657,0.371763,0.28622
4948,-50.444,179,crash,0,1,0,0.522067,1.276659,0.371689,0.188873
4949,-54.8588,231,crash,0,1,0,0.717488,1.378328,0.371614,0.428394
4950,-33.133,1000,timeout,0,0,1,0.024041,0.344523,0.37154,0.280108
4951,-66.6697,1000,timeout,0,0,1,0.074426,1.13838,0.371466,0.232741
4952,-70.9322,217,crash,0,1,0,0.647632,1.455223,0.371391,0.35124
4953,-33.5719,1000,timeout,0,0,1,0.021812,0.461926,0.371317,0.185325
4954,-59.4243,154,crash,0,1,0,0.282017,1.025971,0.371243,0.19184
4955,-52.9155,174,crash,0,1,0,0.303551,1.011649,0.371169,0.260112
4956,-48.7364,182,crash,0,1,0,0.409015,1.140684,0.371094,0.233043
4957,-40.5197,216,crash,0,1,0,0.606326,1.604569,0.37102,0.270214
4958,-43.7997,194,crash,0,1,0,0.45106,1.300142,0.370946,0.296546
4959,-63.6412,1000,timeout,0,0,1,0.04547,1.017596,0.370872,0.221819
4960,-55.4779,164,crash,0,1,0,0.1473,0.455092,0.370797,0.202156
4961,-66.6293,1000,timeout,0,0,1,0.073578,0.855084,0.370723,0.269669
4962,168.1114,953,landed,1,0,0,0.027913,0.387406,0.370649,0.267374
4963,-34.459,210,crash,0,1,0,0.513754,1.321154,0.370575,0.444909
4964,-66.6606,233,crash,0,1,0,0.33754,1.259378,0.370501,0.425749
4965,173.695,280,landed,1,0,0,0.080206,0.296935,0.370427,0.267456
4966,-60.6075,217,crash,0,1,0,0.696762,1.259957,0.370353,0.360511
4967,-63.1408,1000,timeout,0,0,1,0.043184,0.466795,0.370279,0.257628
4968,-34.6054,207,crash,0,1,0,0.511824,1.144336,0.370205,0.233677
4969,-50.485,173,crash,0,1,0,0.433587,1.206731,0.370131,0.329695
4970,-17.9116,1000,timeout,0,0,1,0.228514,1.568043,0.370057,0.269183
4971,-63.7188,258,crash,0,1,0,0.337026,1.136855,0.369983,0.242992
4972,-32.1103,1000,timeout,0,0,1,0.057651,0.826512,0.369909,0.333241
4973,4.6189,1000,timeout,0,0,1,0.126719,1.02316,0.369835,0.398435
4974,-45.879,189,crash,0,1,0,0.37848,1.139563,0.369761,0.177669
4975,1.881,1000,timeout,0,0,1,0.129238,1.482357,0.369687,0.323842
4976,-43.2609,185,crash,0,1,0,0.513285,1.079164,0.369613,0.384727
4977,-53.8624,394,crash,0,1,0,0.259475,1.196705,0.369539,0.206075
4978,-30.3394,1000,timeout,0,0,1,0.062409,0.863208,0.369465,0.253106
4979,-53.7714,1000,timeout,0,0,1,0.143496,1.350314,0.369391,0.326499
4980,174.0241,284,landed,1,0,0,0.073865,0.367587,0.369317,0.144985
4981,-56.9801,247,crash,0,1,0,0.754004,1.616976,0.369243,0.321301
4982,-57.9724,1000,timeout,0,0,1,0.026513,0.26551,0.369169,0.287058
4983,-56.9507,253,crash,0,1,0,0.637724,1.418714,0.369096,0.351532
4984,-60.2675,243,crash,0,1,0,0.453463,1.089772,0.369022,0.354105
4985,-47.5704,180,crash,0,1,0,0.408494,1.097779,0.368948,0.304877
4986,-75.7697,177,crash,0,1,0,0.183064,0.656787,0.368874,0.303663
4987,170.6871,992,landed,1,0,0,0.033499,0.360892,0.3688,0.256745
4988,-51.6922,182,crash,0,1,0,0.433706,1.084082,0.368727,0.296084
4989,-5.8637,1000,timeout,0,0,1,0.106481,1.583515,0.368653,0.233066
4990,-51.0967,187,crash,0,1,0,0.406936,0.909022,0.368579,0.29049
4991,-34.6699,1000,timeout,0,0,1,0.034313,0.529858,0.368505,0.223373
4992,-42.4476,182,crash,0,1,0,0.532494,1.131694,0.368432,0.097392
4993,-59.2535,171,crash,0,1,0,0.164968,0.375254,0.368358,0.055046
4994,-49.9568,181,crash,0,1,0,0.356383,1.005993,0.368284,0.388104
4995,-49.2875,1000,timeout,0,0,1,0.118781,1.215397,0.368211,0.308948
4996,-67.4056,210,crash,0,1,0,0.605007,1.243285,0.368137,0.205559
4997,-65.6084,242,crash,0,1,0,0.247188,0.958616,0.368063,0.181423
4998,-78.0817,222,crash,0,1,0,0.588552,1.460635,0.36799,0.325401
4999,-59.2208,182,crash,0,1,0,0.157243,0.460953,0.367916,0.268062
5000,-55.3066,1000,timeout,0,0,1,0.036955,0.608864,0.367843,0.238446
5001,-34.4801,1000,timeout,0,0,1,0.050516,0.592383,0.367769,0.285216
5002,-28.8755,1000,timeout,0,0,1,0.057561,0.922372,0.367696,0.248666
5003,12.7987,1000,timeout,0,0,1,0.171804,1.441701,0.367622,0.27624
5004,-64.7122,234,crash,0,1,0,0.244396,1.022259,0.367548,0.106127
5005,-38.8496,225,crash,0,1,0,0.46671,1.100075,0.367475,0.085854
5006,-43.5446,197,crash,0,1,0,0.392916,1.075327,0.367401,0.270906
5007,-51.5493,1000,timeout,0,0,1,0.045232,0.344804,0.367328,0.216809
5008,2.156,1000,timeout,0,0,1,0.128185,1.294115,0.367255,0.200789
5009,-57.8543,254,crash,0,1,0,0.313167,1.054161,0.367181,0.132494
5010,-46.5599,1000,timeout,0,0,1,0.059775,0.81706,0.367108,0.211997
5011,-47.7331,199,crash,0,1,0,0.411971,1.008452,0.367034,0.287433
5012,-67.9311,212,crash,0,1,0,0.248613,0.860979,0.366961,0.231604
5013,-28.4569,1000,timeout,0,0,1,0.035474,0.472661,0.366887,0.310481
5014,15.8626,1000,timeout,0,0,1,0.143042,1.321444,0.366814,0.290383
5015,-52.3888,1000,timeout,0,0,1,0.100812,1.29188,0.366741,0.169037
5016,-67.4133,229,crash,0,1,0,0.485046,1.341886,0.366667,0.145406
5017,-52.7116,179,crash,0,1,0,0.363816,0.941269,0.366594,0.220889
5018,-59.9656,160,crash,0,1,0,0.123336,0.529958,0.366521,0.26161
5019,-34.383,1000,timeout,0,0,1,0.050487,1.01009,0.366447,0.196678
5020,-54.8338,190,crash,0,1,0,0.230915,0.738151,0.366374,0.162385
5021,-52.3609,226,crash,0,1,0,0.771512,1.587812,0.366301,0.376502
5022,-58.0517,166,crash,0,1,0,0.149449,0.538042,0.366228,0.153166
5023,-46.2195,184,crash,0,1,0,0.511,1.185441,0.366154,0.259807
5024,-60.7243,281,crash,0,1,0,0.19392,0.742074,0.366081,0.126485
5025,-61.7603,236,crash,0,1,0,0.222761,0.753569,0.366008,0.218413
5026,-47.0991,176,crash,0,1,0,0.412547,1.24944,0.365935,0.090119
5027,-65.4635,170,crash,0,1,0,0.183297,0.673755,0.365861,0.29867
5028,-45.8695,206,crash,0,1,0,0.390508,1.168573,0.365788,0.2386
5029,-36.8415,222,crash,0,1,0,0.492538,1.391572,0.365715,0.359203
5030,-47.6954,176,crash,0,1,0,0.56177,1.549673,0.365642,0.322118
5031,-34.708,1000,timeout,0,0,1,0.041894,0.515208,0.365569,0.284811
5032,-57.9112,248,crash,0,1,0,0.40937,1.23085,0.365496,0.190506
5033,-56.9173,186,crash,0,1,0,0.654328,1.608323,0.365423,0.157663
5034,-37.1456,1000,timeout,0,0,1,0.03983,0.819328,0.36535,0.241465
5035,-54.2292,232,crash,0,1,0,0.350957,1.220056,0.365276,0.336975
5036,-36.7458,216,crash,0,1,0,0.56012,1.371842,0.365203,0.340821
5037,-51.4809,1000,timeout,0,0,1,0.037142,0.450051,0.36513,0.304675
5038,-41.4944,1000,timeout,0,0,1,0.072925,0.952293,0.365057,0.346217
5039,-47.5668,186,crash,0,1,0,0.418421,1.119956,0.364984,0.264278
5040,-32.9023,1000,timeout,0,0,1,0.033274,0.299028,0.364911,0.269245
5041,-50.0674,1000,timeout,0,0,1,0.047563,1.015008,0.364838,0.276227
5042,-53.1114,1000,timeout,0,0,1,0.026038,0.325148,0.364765,0.258228
5043,-5.7412,1000,timeout,0,0,1,0.105535,1.174805,0.364692,0.268106
5044,-53.9698,1000,timeout,0,0,1,0.039903,0.593027,0.36462,0.23702
5045,-47.4244,1000,timeout,0,0,1,0.03876,0.64107,0.364547,0.162734
5046,-53.6795,234,crash,0,1,0,0.343063,0.911934,0.364474,0.29705
5047,-44.7159,185,crash,0,1,0,0.439054,1.123504,0.364401,0.354808
5048,-50.5467,258,crash,0,1,0,0.411952,1.231682,0.364328,0.232682
5049,-30.9266,1000,timeout,0,0,1,0.022289,0.26392,0.364255,0.235266
5050,-17.6959,1000,timeout,0,0,1,0.151444,1.856461,0.364182,0.282131
5051,-36.1845,207,crash,0,1,0,0.722489,1.741385,0.364109,0.189381
5052,-62.7574,242,crash,0,1,0,0.285657,0.876888,0.364037,0.130947
5053,-31.9395,1000,timeout,0,0,1,0.02987,0.489082,0.363964,0.178473
5054,-45.7837,1000,timeout,0,0,1,0.05687,1.006568,0.363891,0.172224
5055,-47.539,1000,timeout,0,0,1,0.05202,0.945572,0.363818,0.223461
5056,-62.9975,300,crash,0,1,0,0.203673,0.936364,0.363745,0.103687
5057,-45.0604,1000,timeout,0,0,1,0.047369,0.634817,0.363673,0.195617
5058,-34.8506,1000,timeout,0,0,1,0.039205,0.360113,0.3636,0.262162
5059,-6.2526,1000,timeout,0,0,1,0.13211,1.371376,0.363527,0.238508
5060,-30.7654,1000,timeout,0,0,1,0.023979,0.284097,0.363454,0.248733
5061,-45.0427,1000,timeout,0,0,1,0.037661,0.36979,0.363382,0.190583
5062,-48.3712,325,crash,0,1,0,0.366535,1.150675,0.363309,0.204324
5063,-2.0183,1000,timeout,0,0,1,0.173261,1.842652,0.363236,0.183495
5064,-31.3121,1000,timeout,0,0,1,0.052105,0.965019,0.363164,0.249656
5065,-55.3103,174,crash,0,1,0,0.585651,1.406733,0.363091,0.149604
5066,-32.0498,1000,timeout,0,0,1,0.026299,0.310535,0.363019,0.349409
5067,-47.9991,255,crash,0,1,0,0.299501,1.196712,0.362946,0.327762
5068,-32.2223,1000,timeout,0,0,1,0.048114,0.797065,0.362873,0.139784
5069,-27.3591,1000,timeout,0,0,1,0.038463,0.385853,0.362801,0.223222
5070,-5.004,1000,timeout,0,0,1,0.11813,1.305387,0.362728,0.241215
5071,-41.5888,191,crash,0,1,0,0.50026,1.223732,0.362656,0.208765
5072,-15.2366,1000,timeout,0,0,1,0.073083,1.004152,0.362583,0.232769
5073,-25.6622,1000,timeout,0,0,1,0.052868,0.738714,0.362511,0.18268
5074,-52.4329,1000,timeout,0,0,1,0.03509,0.280977,0.362438,0.201639
5075,-42.726,206,crash,0,1,0,0.808625,1.604087,0.362366,0.113741
5076,167.6395,977,landed,1,0,0,0.067093,1.07409,0.362293,0.210093
5077,-60.8673,158,crash,0,1,0,0.174094,0.596319,0.362221,0.113598
5078,-29.2997,1000,timeout,0,0,1,0.031551,0.463477,0.362148,0.168573
5079,6.917,1000,timeout,0,0,1,0.150014,1.372407,0.362076,0.19272
5080,-61.3548,246,crash,0,1,0,0.362633,1.156204,0.362003,0.148226
5081,172.4407,531,landed,1,0,0,0.049057,0.370787,0.361931,0.212777
5082,-49.9763,1000,timeout,0,0,1,0.037804,0.537731,0.361859,0.237463
5083,-34.4258,1000,timeout,0,0,1,0.058826,1.15527,0.361786,0.156647
5084,-29.5349,1000,timeout,0,0,1,0.04065,0.385642,0.361714,0.22442
5085,-19.1364,1000,timeout,0,0,1,0.140806,1.303554,0.361642,0.18087
5086,-32.0682,1000,timeout,0,0,1,0.032964,0.514912,0.361569,0.126464
5087,-7.8417,1000,timeout,0,0,1,0.135597,1.600081,0.361497,0.178874
5088,-47.3695,191,crash,0,1,0,0.644649,1.778393,0.361425,0.191237
5089,-27.7948,201,crash,0,1,0,0.775357,1.615392,0.361352,0.220411
5090,-15.6178,1000,timeout,0,0,1,0.194248,1.809605,0.36128,0.164454
5091,-45.276,1000,timeout,0,0,1,0.039253,0.482579,0.361208,0.179694
5092,-61.8772,197,crash,0,1,0,0.256907,0.682456,0.361136,0.213262
5093,-33.9608,1000,timeout,0,0,1,0.03101,0.668108,0.361063,0.230673
5094,-33.3331,204,crash,0,1,0,0.598128,1.365489,0.360991,0.203648
5095,-31.9248,1000,timeout,0,0,1,0.045224,0.790962,0.360919,0.190492
5096,-54.7619,288,crash,0,1,0,0.236365,0.828205,0.360847,0.05928
5097,-58.8919,1000,timeout,0,0,1,0.03589,0.532938,0.360775,0.204833
5098,-34.6718,1000,timeout,0,0,1,0.041843,0.660284,0.360702,0.193429
5099,-35.2743,1000,timeout,0,0,1,0.040459,0.747584,0.36063,0.210874
5100,-46.4656,189,crash,0,1,0,0.470601,1.034564,0.360558,0.108109
5101,-41.1054,236,crash,0,1,0,0.618297,1.425418,0.360486,0.009435
5102,-33.3913,1000,timeout,0,0,1,0.046165,0.71007,0.360414,0.154636
5103,-53.8966,181,crash,0,1,0,0.357034,1.162116,0.360342,0.165262
5104,-41.3822,199,crash,0,1,0,0.389814,0.858984,0.36027,0.337339
5105,-54.4149,1000,timeout,0,0,1,0.024766,0.297053,0.360198,0.109502
5106,-22.4113,1000,timeout,0,0,1,0.03838,0.55622,0.360126,0.122621
5107,-56.4317,1000,timeout,0,0,1,0.043361,0.458409,0.360054,0.159961
5108,-31.6281,1000,timeout,0,0,1,0.06846,0.925602,0.359982,0.121604
5109,-64.1116,190,crash,0,1,0,0.147037,0.348386,0.35991,0.212486
5110,-28.7286,1000,timeout,0,0,1,0.04941,0.738166,0.359838,0.16812
5111,-43.1307,190,crash,0,1,0,0.401815,1.100295,0.359766,0.116297
5112,-35.0677,1000,timeout,0,0,1,0.027354,0.322917,0.359694,0.149762
5113,-27.7517,1000,timeout,0,0,1,0.029855,0.306936,0.359622,0.177643
5114,174.6667,904,landed,1,0,0,0.051904,0.647847,0.35955,0.190284
5115,-24.2519,189,crash,0,1,0,0.668836,1.234063,0.359478,0.283087
5116,-38.4991,1000,timeout,0,0,1,0.149296,1.578183,0.359406,0.185558
5117,-34.2599,1000,timeout,0,0,1,0.035081,0.378231,0.359334,0.217612
5118,-18.7635,1000,timeout,0,0,1,0.139599,1.187476,0.359262,0.14095
5119,-48.854,299,crash,0,1,0,0.205231,0.786801,0.35919,0.078043
5120,2.3894,1000,timeout,0,0,1,0.151853,1.630541,0.359119,0.173926
5121,-30.1436,1000,timeout,0,0,1,0.029586,0.372794,0.359047,0.153431
5122,-30.5066,1000,timeout,0,0,1,0.03993,0.458167,0.358975,0.169977
5123,-47.0841,287,crash,0,1,0,0.150406,0.512514,0.358903,0.080989
5124,-58.4977,186,crash,0,1,0,0.37183,1.106553,0.358831,0.147223
5125,-56.0743,174,crash,0,1,0,0.313241,0.652539,0.35876,0.194597
5126,-25.2227,1000,timeout,0,0,1,0.154948,1.402685,0.358688,0.199702
5127,-53.4211,1000,timeout,0,0,1,0.039999,0.658627,0.358616,0.143132
5128,171.9903,674,landed,1,0,0,0.050467,0.372332,0.358544,0.134687
5129,-54.732,178,crash,0,1,0,0.328874,0.967183,0.358473,0.322702
5130,175.8736,453,landed,1,0,0,0.043122,0.266591,0.358401,0.194556
5131,-33.7236,1000,timeout,0,0,1,0.037803,0.684943,0.358329,0.112341
5132,-29.1832,1000,timeout,0,0,1,0.037018,0.294856,0.358258,0.179377
5133,-51.144,264,crash,0,1,0,0.15975,0.529542,0.358186,0.169768
5134,-32.6838,186,crash,0,1,0,0.573143,1.238452,0.358114,0.074849
5135,-48.3697,266,crash,0,1,0,0.150375,0.715996,0.358043,0.164301
5136,-42.889,187,crash,0,1,0,0.512235,1.126966,0.357971,0.053658
5137,-60.6887,167,crash,0,1,0,0.137986,0.388159,0.3579,0.045471
5138,-41.1553,230,crash,0,1,0,0.318809,0.772697,0.357828,0.129593
5139,-43.3363,206,crash,0,1,0,0.542822,0.994793,0.357756,0.135103
5140,-11.6887,1000,timeout,0,0,1,0.18331,1.7547,0.357685,0.16431
5141,-62.9832,181,crash,0,1,0,0.161982,0.802687,0.357613,0.212273
5142,-44.9991,199,crash,0,1,0,0.502969,1.218587,0.357542,0.155004
5143,-58.2846,168,crash,0,1,0,0.244085,0.519636,0.35747,0.262173
5144,-47.7321,1000,timeout,0,0,1,0.066111,0.558073,0.357399,0.199329
5145,-55.5862,1000,timeout,0,0,1,0.04928,0.45141,0.357327,0.191321
5146,-42.1586,199,crash,0,1,0,0.401621,0.993461,0.357256,0.070105
5147,-37.6714,203,crash,0,1,0,0.531054,1.100697,0.357184,0.069327
5148,-56.7404,236,crash,0,1,0,0.122722,0.568755,0.357113,0.266041
5149,-37.7626,191,crash,0,1,0,0.402633,1.127372,0.357042,0.199399
5150,-32.7435,199,crash,0,1,0,0.624464,1.241192,0.35697,0.198533
5151,-38.618,216,crash,0,1,0,0.434725,0.968432,0.356899,0.227135
5152,-31.5731,1000,timeout,0,0,1,0.042879,0.44932,0.356827,0.199108
5153,-34.0874,1000,timeout,0,0,1,0.024486,0.213653,0.356756,0.149959
5154,170.941,368,landed,1,0,0,0.091077,0.675375,0.356685,0.125283
5155,-55.5793,263,crash,0,1,0,0.166344,0.783714,0.356613,0.284397
5156,-52.6391,241,crash,0,1,0,0.133244,0.420657,0.356542,0.154278
5157,-57.6754,287,crash,0,1,0,0.153001,0.639169,0.356471,0.087239
5158,-27.2481,195,crash,0,1,0,0.616534,1.201185,0.356399,0.125367
5159,-60.3928,270,crash,0,1,0,0.175051,0.667139,0.356328,0.272962
5160,-25.1321,1000,timeout,0,0,1,0.048663,0.611862,0.356257,0.179439
5161,211.2458,464,landed,1,0,0,0.286992,1.174924,0.356186,0.242638
5162,-34.9616,1000,timeout,0,0,1,0.035119,0.311319,0.356114,0.169044
5163,-44.0168,200,crash,0,1,0,0.374932,0.850963,0.356043,0.114627
5164,-61.2054,771,crash,0,1,0,0.054535,0.459788,0.355972,0.211201
5165,-28.9733,203,crash,0,1,0,0.666202,1.301402,0.355901,0.100323
5166,-52.2249,260,crash,0,1,0,0.302273,0.854776,0.35583,0.239152
5167,-56.9778,241,crash,0,1,0,0.12678,0.51982,0.355758,0.193209
5168,-4.8508,1000,timeout,0,0,1,0.088547,0.78352,0.355687,0.179703
5169,-2.6324,1000,timeout,0,0,1,0.074299,0.767449,0.355616,0.249861
5170,-56.7845,265,crash,0,1,0,0.119165,0.458599,0.355545,0.234331
5171,-52.2293,1000,timeout,0,0,1,0.029404,0.384347,0.355474,0.219776
5172,-42.3987,191,crash,0,1,0,0.63006,1.2377,0.355403,0.142192
5173,-58.0339,295,crash,0,1,0,0.169624,0.668705,0.355332,0.158806
5174,177.6144,751,landed,1,0,0,0.072234,1.025696,0.355261,0.201836
5175,-45.392,1000,timeout,0,0,1,0.032318,0.366691,0.35519,0.161547
5176,-39.8736,209,crash,0,1,0,0.491136,1.141696,0.355119,0.297528
5177,167.3845,849,landed,1,0,0,0.042795,0.446047,0.355048,0.239114
5178,-67.5069,168,crash,0,1,0,0.140864,0.370384,0.354977,0.147871
5179,-57.0875,261,crash,0,1,0,0.212354,0.622597,0.354906,0.149625
5180,-32.1304,1000,timeout,0,0,1,0.050711,0.501823,0.354835,0.204281
5181,-52.3286,1000,timeout,0,0,1,0.025159,0.362474,0.354764,0.275835
5182,205.2134,761,landed,1,0,0,0.152687,1.005513,0.354693,0.224809
5183,-22.9524,1000,timeout,0,0,1,0.069197,0.741464,0.354622,0.243251
5184,-25.9792,1000,timeout,0,0,1,0.12973,1.423657,0.354551,0.226272
5185,-43.6977,212,crash,0,1,0,0.467524,1.165337,0.35448,0.206246
5186,-25.3325,1000,timeout,0,0,1,0.040779,0.461225,0.354409,0.228998
5187,-42.0328,291,crash,0,1,0,0.150646,0.57212,0.354338,0.178894
5188,-33.1823,210,crash,0,1,0,0.714176,1.403315,0.354267,0.066397
5189,-31.6524,1000,timeout,0,0,1,0.036567,0.458167,0.354196,0.30224
5190,-55.5014,277,crash,0,1,0,0.104582,0.421139,0.354126,0.141078
5191,163.8439,949,landed,1,0,0,0.028646,0.462701,0.354055,0.211719
5192,-16.98,1000,timeout,0,0,1,0.054491,0.733638,0.353984,0.279265
5193,-7.3522,1000,timeout,0,0,1,0.197973,1.601239,0.353913,0.202624
5194,-50.3335,1000,timeout,0,0,1,0.029799,0.454377,0.353842,0.217142
5195,-35.3846,1000,timeout,0,0,1,0.030972,0.474088,0.353772,0.23551
5196,-72.4323,1000,timeout,0,0,1,0.14435,0.860075,0.353701,0.217948
5197,-35.0708,1000,timeout,0,0,1,0.038702,0.355714,0.35363,0.246874
5198,-39.2181,204,crash,0,1,0,0.594582,1.145322,0.353559,0.442057
5199,-42.9923,198,crash,0,1,0,0.721201,1.332556,0.353489,0.236555
5200,-50.1117,1000,timeout,0,0,1,0.029426,0.383461,0.353418,0.216124
5201,-23.1863,1000,timeout,0,0,1,0.035194,0.334227,0.353347,0.252453
5202,-54.5795,274,crash,0,1,0,0.158811,0.734557,0.353277,0.237368
5203,-13.9929,1000,timeout,0,0,1,0.097115,1.141999,0.353206,0.21061
5204,-28.6366,1000,timeout,0,0,1,0.045649,0.933683,0.353135,0.173022
5205,-51.0982,275,crash,0,1,0,0.208667,0.59049,0.353065,0.333903
5206,202.5142,602,landed,1,0,0,0.181369,1.087706,0.352994,0.179387
5207,-28.243,1000,timeout,0,0,1,0.065345,0.771663,0.352923,0.1659
5208,-89.3689,187,crash,0,1,0,0.650574,1.335408,0.352853,0.176906
5209,-24.8093,1000,timeout,0,0,1,0.120743,0.963183,0.352782,0.166863
5210,-61.9089,214,crash,0,1,0,0.666832,1.289212,0.352712,0.255256
5211,-50.6273,1000,timeout,0,0,1,0.036182,0.533454,0.352641,0.200535
5212,-50.7602,285,crash,0,1,0,0.149217,0.676763,0.352571,0.302822
5213,-33.6767,207,crash,0,1,0,0.613267,1.455875,0.3525,0.275552
5214,-48.027,183,crash,0,1,0,0.47183,1.38125,0.35243,0.013981
5215,169.2766,300,landed,1,0,0,0.150975,0.743287,0.352359,0.198574
5216,-29.1026,1000,timeout,0,0,1,0.076134,0.912945,0.352289,0.165765
5217,-54.9692,250,crash,0,1,0,0.230605,0.621506,0.352218,0.198356
5218,-67.5198,1000,timeout,0,0,1,0.129051,1.153029,0.352148,0.172053
5219,-47.3259,180,crash,0,1,0,0.245897,0.952506,0.352077,0.21906
5220,-57.5347,187,crash,0,1,0,0.15767,0.592702,0.352007,0.084949
5221,-59.122,156,crash,0,1,0,0.089575,0.226847,0.351937,0.120231
5222,-40.3251,1000,timeout,0,0,1,0.151361,1.261772,0.351866,0.288844
5223,-21.0241,1000,timeout,0,0,1,0.038773,0.638509,0.351796,0.231023
5224,-29.3489,1000,timeout,0,0,1,0.033523,0.310528,0.351725,0.184068
5225,-73.2578,1000,timeout,0,0,1,0.159484,1.094761,0.351655,0.2249
5226,-43.1593,1000,timeout,0,0,1,0.045669,0.463477,0.351585,0.194544
5227,1.612,1000,timeout,0,0,1,0.144786,1.372373,0.351514,0.212001
5228,-31.7223,1000,timeout,0,0,1,0.028617,0.309774,0.351444,0.233635
5229,-36.9325,1000,timeout,0,0,1,0.032551,0.372176,0.351374,0.212933
5230,6.9286,1000,timeout,0,0,1,0.207378,1.449284,0.351304,0.184237
5231,-8.6618,1000,timeout,0,0,1,0.111239,1.398048,0.351233,0.169464
5232,-39.3956,1000,timeout,0,0,1,0.037638,0.312833,0.351163,0.230944
5233,-32.2292,1000,timeout,0,0,1,0.04951,0.602866,0.351093,0.17506
5234,-36.5754,1000,timeout,0,0,1,0.063936,0.511606,0.351023,0.139143
5235,-47.4209,190,crash,0,1,0,0.593658,1.588363,0.350952,0.148342
5236,-35.9028,1000,timeout,0,0,1,0.14954,1.674389,0.350882,0.184084
5237,-56.4855,168,crash,0,1,0,0.223192,0.450876,0.350812,0.098802
5238,-28.3992,1000,timeout,0,0,1,0.028378,0.235184,0.350742,0.175486
5239,-20.6239,1000,timeout,0,0,1,0.058031,1.023169,0.350672,0.169404
5240,-40.9016,244,crash,0,1,0,0.658644,1.172189,0.350602,0.164157
5241,-54.0211,178,crash,0,1,0,0.265156,0.865085,0.350531,0.162651
5242,-55.2411,176,crash,0,1,0,0.150369,0.426379,0.350461,0.198559
5243,-45.3875,178,crash,0,1,0,0.536555,0.98299,0.350391,0.195009
5244,-8.3774,1000,timeout,0,0,1,0.187976,1.55182,0.350321,0.163376
5245,-52.3194,1000,timeout,0,0,1,0.02611,0.461195,0.350251,0.152186
5246,-51.0578,172,crash,0,1,0,0.237023,1.085703,0.350181,0.070871
5247,-32.7929,1000,timeout,0,0,1,0.111894,1.133158,0.350111,0.200228
5248,-56.4351,165,crash,0,1,0,0.291616,0.547697,0.350041,0.088358
5249,-17.8614,1000,timeout,0,0,1,0.101291,1.067485,0.349971,0.154773
5250,-27.6164,1000,timeout,0,0,1,0.037351,0.469856,0.349901,0.170588
5251,-28.3093,1000,timeout,0,0,1,0.141176,1.213987,0.349831,0.258561
5252,-16.7723,1000,timeout,0,0,1,0.072802,0.958826,0.349761,0.19796
5253,-55.9647,1000,timeout,0,0,1,0.030635,0.371863,0.349691,0.210174
5254,-54.2258,1000,timeout,0,0,1,0.033904,0.828921,0.349621,0.175127
5255,-51.0985,269,crash,0,1,0,0.221688,0.818976,0.349551,0.101731
5256,-19.6169,1000,timeout,0,0,1,0.076864,0.706888,0.349481,0.16016
5257,3.0798,1000,timeout,0,0,1,0.233531,1.511165,0.349411,0.168935
5258,-48.3636,205,crash,0,1,0,0.44424,1.336909,0.349342,0.207458
5259,-49.4401,247,crash,0,1,0,0.248469,0.71343,0.349272,0.185998
5260,-26.3152,1000,timeout,0,0,1,0.027398,0.283017,0.349202,0.217746
5261,6.4673,1000,timeout,0,0,1,0.145351,1.215577,0.349132,0.165181
5262,-69.4848,216,crash,0,1,0,0.200287,0.65278,0.349062,0.12077
5263,3.2659,1000,timeout,0,0,1,0.121088,1.087285,0.348992,0.163893
5264,-47.1191,254,crash,0,1,0,0.298917,0.812255,0.348923,0.123296
5265,-50.8463,217,crash,0,1,0,0.382048,0.762248,0.348853,0.274192
5266,-39.1228,1000,timeout,0,0,1,0.028137,0.323516,0.348783,0.15278
5267,-57.3014,200,crash,0,1,0,0.211431,1.033744,0.348713,0.195176
5268,-16.5729,1000,timeout,0,0,1,0.049875,0.717391,0.348643,0.233804
5269,-21.7263,1000,timeout,0,0,1,0.061027,0.444672,0.348574,0.170626
5270,-11.0268,1000,timeout,0,0,1,0.141855,1.26112,0.348504,0.173386
5271,-38.1502,198,crash,0,1,0,0.49275,1.366956,0.348434,0.16318
5272,-43.1581,1000,timeout,0,0,1,0.063078,0.598608,0.348365,0.196913
5273,-31.8636,1000,timeout,0,0,1,0.028175,0.309021,0.348295,0.124108
5274,-25.1437,1000,timeout,0,0,1,0.119638,1.206642,0.348225,0.172199
5275,-52.585,165,crash,0,1,0,0.160849,0.461963,0.348156,0.22603
5276,-26.8783,1000,timeout,0,0,1,0.144822,1.403342,0.348086,0.220174
5277,-78.2113,169,crash,0,1,0,0.712698,1.492157,0.348016,0.009794
5278,-54.4298,170,crash,0,1,0,0.288583,0.80854,0.347947,0.101086
5279,-28.6265,1000,timeout,0,0,1,0.11519,1.098965,0.347877,0.164081
5280,-76.0438,200,crash,0,1,0,0.588799,1.242491,0.347808,0.211414
5281,-42.9918,194,crash,0,1,0,0.608168,1.425463,0.347738,0.299389
5282,184.0232,353,landed,1,0,0,0.117868,0.509177,0.347669,0.195452
5283,-39.5697,215,crash,0,1,0,0.58021,1.316787,0.347599,0.103852
5284,6.6072,1000,timeout,0,0,1,0.199472,1.378097,0.34753,0.179387
5285,-36.2166,1000,timeout,0,0,1,0.032495,0.421318,0.34746,0.229787
5286,-36.6242,194,crash,0,1,0,0.753445,1.506067,0.347391,0.11053
5287,6.4228,1000,timeout,0,0,1,0.177899,1.365511,0.347321,0.219147
5288,-54.537,171,crash,0,1,0,0.265908,0.515726,0.347252,0.083475
5289,-30.2477,1000,timeout,0,0,1,0.029418,0.336346,0.347182,0.158773
5290,-48.5021,1000,timeout,0,0,1,0.047682,1.035256,0.347113,0.178166
5291,-28.5626,192,crash,0,1,0,0.793883,1.739,0.347043,0.272643
5292,-7.6021,1000,timeout,0,0,1,0.148401,1.359277,0.346974,0.183431
5293,-6.3692,1000,timeout,0,0,1,0.118892,1.20712,0.346904,0.132992
5294,-53.5853,192,crash,0,1,0,0.416725,0.966871,0.346835,0.168752
5295,-3.1521,1000,timeout,0,0,1,0.203006,1.51585,0.346766,0.184698
5296,-9.4677,1000,timeout,0,0,1,0.114738,1.206195,0.346696,0.188996
5297,-38.6217,176,crash,0,1,0,0.840921,1.503177,0.346627,0.13198
5298,-38.1632,172,crash,0,1,0,0.729416,1.518484,0.346558,0.162469
5299,-51.2114,249,crash,0,1,0,0.535642,1.279498,0.346488,0.209495
5300,-45.1024,219,crash,0,1,0,0.525743,1.152843,0.346419,0.107105
5301,-37.551,1000,timeout,0,0,1,0.043903,0.369836,0.34635,0.221484
5302,-48.4296,188,crash,0,1,0,0.767547,1.61037,0.346281,0.140401
5303,-40.4246,222,crash,0,1,0,0.556333,1.141021,0.346211,0.159781
5304,-36.243,1000,timeout,0,0,1,0.044031,0.386583,0.346142,0.119181
5305,-28.378,1000,timeout,0,0,1,0.156771,1.337381,0.346073,0.165954
5306,-25.3669,1000,timeout,0,0,1,0.175196,1.248409,0.346004,0.211783
5307,-55.8973,176,crash,0,1,0,0.365521,0.928769,0.345934,0.288463
5308,-13.8525,1000,timeout,0,0,1,0.126282,1.334239,0.345865,0.220275
5309,-53.3559,222,crash,0,1,0,0.450458,1.12644,0.345796,0.133767
5310,-53.3609,203,crash,0,1,0,0.460814,1.197211,0.345727,0.225066
5311,-53.9496,171,crash,0,1,0,0.110566,0.352912,0.345658,0.228893
5312,-43.9469,197,crash,0,1,0,0.254209,0.864769,0.345589,0.150173
5313,-27.3806,1000,timeout,0,0,1,0.038327,0.423897,0.345519,0.150636
5314,-43.3829,197,crash,0,1,0,0.257248,0.572847,0.34545,0.338063
5315,179.9514,442,landed,1,0,0,0.059437,0.343219,0.345381,0.182309
5316,-22.4642,1000,timeout,0,0,1,0.10455,1.015423,0.345312,0.172958
5317,-54.9488,169,crash,0,1,0,0.176623,0.395724,0.345243,0.189408
5318,-38.8057,242,crash,0,1,0,0.539294,1.244687,0.345174,0.139147
5319,-56.8552,169,crash,0,1,0,0.244293,0.687737,0.345105,0.218188
5320,-57.0995,221,crash,0,1,0,0.370936,0.965844,0.345036,0.182621
5321,-37.8637,230,crash,0,1,0,0.529761,1.094923,0.344967,0.208546
5322,-52.3893,1000,timeout,0,0,1,0.052454,0.761674,0.344898,0.220952
5323,-49.2506,190,crash,0,1,0,0.438597,0.940109,0.344829,0.192278
5324,-28.9238,1000,timeout,0,0,1,0.135406,1.199887,0.34476,0.184387
5325,-26.2133,1000,timeout,0,0,1,0.048839,0.45599,0.344691,0.218219
5326,-35.9664,180,crash,0,1,0,0.803574,1.498814,0.344622,0.392488
5327,-40.7937,188,crash,0,1,0,0.357546,1.088505,0.344553,0.310015
5328,-38.3334,179,crash,0,1,0,0.76277,1.652881,0.344484,0.14216
5329,-7.5223,1000,timeout,0,0,1,0.196506,1.527217,0.344415,0.245728
5330,-68.0174,156,crash,0,1,0,0.080666,0.294856,0.344347,0.313024
5331,-54.0161,180,crash,0,1,0,0.401086,1.135267,0.344278,0.283445
5332,-56.8753,185,crash,0,1,0,0.498045,1.151125,0.344209,0.184963
5333,-40.2785,1000,timeout,0,0,1,0.034771,0.346149,0.34414,0.219666
5334,-64.0808,173,crash,0,1,0,0.123256,0.35203,0.344071,0.186604
5335,-50.7141,1000,timeout,0,0,1,0.032166,0.348213,0.344002,0.23551
5336,-33.129,1000,timeout,0,0,1,0.038846,0.387398,0.343934,0.194026
5337,-19.7451,1000,timeout,0,0,1,0.167277,1.278843,0.343865,0.183987
5338,202.1694,437,landed,1,0,0,0.344948,1.156261,0.343796,0.134663
5339,-38.0206,1000,timeout,0,0,1,0.025123,0.410507,0.343727,0.259813
5340,-27.3743,1000,timeout,0,0,1,0.13565,1.187102,0.343659,0.16657
5341,-27.1899,1000,timeout,0,0,1,0.151249,1.604167,0.34359,0.215535
5342,-52.0523,198,crash,0,1,0,0.595238,1.284592,0.343521,0.295894
5343,-62.39,165,crash,0,1,0,0.117756,0.303447,0.343452,0.175989
5344,-36.7178,185,crash,0,1,0,0.832257,1.645087,0.343384,0.210006
5345,-48.7095,1000,timeout,0,0,1,0.046435,0.474822,0.343315,0.198651
5346,-46.1137,1000,timeout,0,0,1,0.056349,0.835192,0.343246,0.140027
5347,-37.8022,1000,timeout,0,0,1,0.036138,0.288023,0.343178,0.225455
5348,-8.6655,1000,timeout,0,0,1,0.212552,1.610501,0.343109,0.234411
5349,-29.2031,1000,timeout,0,0,1,0.036183,0.538781,0.34304,0.186877
5350,1.8312,1000,timeout,0,0,1,0.157924,1.380251,0.342972,0.178386
5351,-51.6568,1000,timeout,0,0,1,0.034339,0.388912,0.342903,0.214205
5352,-43.6151,192,crash,0,1,0,0.350927,0.942246,0.342835,0.226387
5353,-55.5453,191,crash,0,1,0,0.468812,1.066854,0.342766,0.171546
5354,-68.9728,171,crash,0,1,0,0.909906,1.689163,0.342698,0.281878
5355,-31.2549,1000,timeout,0,0,1,0.081837,0.849523,0.342629,0.219048
5356,176.9174,341,landed,1,0,0,0.098455,0.533454,0.34256,0.22677
5357,-73.7752,161,crash,0,1,0,0.243849,0.566346,0.342492,0.239741
5358,-52.6778,210,crash,0,1,0,0.724766,1.293364,0.342423,0.298958
5359,-50.8251,199,crash,0,1,0,0.730172,1.252396,0.342355,0.305994
5360,-6.7036,1000,timeout,0,0,1,0.183469,1.389593,0.342286,0.165922
5361,-45.3725,189,crash,0,1,0,0.522065,1.022504,0.342218,0.161504
5362,-24.3774,1000,timeout,0,0,1,0.036126,0.462724,0.34215,0.250978
5363,-51.048,182,crash,0,1,0,0.474948,1.181344,0.342081,0.252561
5364,-54.8359,174,crash,0,1,0,0.334619,0.540081,0.342013,0.243098
5365,170.4074,558,landed,1,0,0,0.05532,0.382026,0.341944,0.220532
5366,-7.7368,1000,timeout,0,0,1,0.085805,0.628752,0.341876,0.239078
5367,-33.5678,1000,timeout,0,0,1,0.122354,1.366501,0.341808,0.213227
5368,-29.7131,1000,timeout,0,0,1,0.041679,0.47233,0.341739,0.273911
5369,-50.3666,187,crash,0,1,0,0.25019,0.58904,0.341671,0.287531
5370,-34.3459,1000,timeout,0,0,1,0.031131,0.325381,0.341603,0.204318
5371,-34.3095,176,crash,0,1,0,0.962172,1.883475,0.341534,0.130031
5372,-37.9664,187,crash,0,1,0,0.823518,1.647366,0.341466,0.230966
5373,-45.7486,185,crash,0,1,0,0.495743,1.31876,0.341398,0.255872
5374,-46.4037,1000,timeout,0,0,1,0.056224,0.519359,0.341329,0.290023
5375,-31.8001,1000,timeout,0,0,1,0.023199,0.414909,0.341261,0.137098
5376,-45.4019,196,crash,0,1,0,0.57269,1.258371,0.341193,0.26655
5377,-35.334,1000,timeout,0,0,1,0.034658,0.408019,0.341125,0.236391
5378,200.7042,695,landed,1,0,0,0.344638,1.406008,0.341056,0.227082
5379,-27.4115,1000,timeout,0,0,1,0.029496,0.303873,0.340988,0.237518
5380,-58.3927,165,crash,0,1,0,0.083848,0.310535,0.34092,0.184688
5381,-1.5984,1000,timeout,0,0,1,0.166288,1.55271,0.340852,0.223471
5382,-46.0993,167,crash,0,1,0,0.921487,1.56691,0.340784,0.196166
5383,-57.5816,199,crash,0,1,0,0.693429,1.355032,0.340715,0.230856
5384,-45.3986,176,crash,0,1,0,0.410253,1.105738,0.340647,0.30712
5385,-44.1117,1000,timeout,0,0,1,0.043344,0.460419,0.340579,0.221787
5386,-21.7299,1000,timeout,0,0,1,0.175297,1.647952,0.340511,0.20512
5387,-52.4412,164,crash,0,1,0,0.205597,0.433707,0.340443,0.10943
5388,-40.8698,186,crash,0,1,0,0.729391,1.192733,0.340375,0.205213
5389,164.9164,899,landed,1,0,0,0.032282,0.618749,0.340307,0.219869
5390,-29.916,1000,timeout,0,0,1,0.033841,0.411717,0.340239,0.249726
5391,-55.991,190,crash,0,1,0,0.473607,1.091627,0.340171,0.185037
5392,-46.8283,243,crash,0,1,0,0.193284,0.548547,0.340103,0.343097
5393,-28.8396,1000,timeout,0,0,1,0.049569,0.527635,0.340035,0.20547
5394,172.384,344,landed,1,0,0,0.101366,0.473273,0.339967,0.280069
5395,-63.5326,169,crash,0,1,0,0.200085,0.538215,0.339899,0.192312
5396,-54.0177,171,crash,0,1,0,0.232292,0.483732,0.339831,0.472877
5397,-12.046,1000,timeout,0,0,1,0.17542,1.546553,0.339763,0.187207
5398,-57.4234,1000,timeout,0,0,1,0.016699,0.213035,0.339695,0.231103
5399,1.9586,1000,timeout,0,0,1,0.19632,1.310811,0.339627,0.163742
5400,-31.5724,1000,timeout,0,0,1,0.14336,1.312784,0.339559,0.220926
5401,-68.3759,172,crash,0,1,0,0.172753,0.474115,0.339491,0.184494
5402,-59.6655,165,crash,0,1,0,0.170738,0.602385,0.339423,0.273115
5403,-5.9206,1000,timeout,0,0,1,0.197376,1.582182,0.339355,0.163451
5404,-48.6228,190,crash,0,1,0,0.315097,0.742715,0.339287,0.287202
5405,-25.2442,1000,timeout,0,0,1,0.12323,1.322017,0.339219,0.15293
5406,-41.8358,1000,timeout,0,0,1,0.054295,0.911441,0.339152,0.221181
5407,-53.1051,1000,timeout,0,0,1,0.027007,0.295113,0.339084,0.226989
5408,-23.2033,1000,timeout,0,0,1,0.146163,1.416075,0.339016,0.195941
5409,-59.919,161,crash,0,1,0,0.228919,0.494169,0.338948,0.194118
5410,-20.8836,1000,timeout,0,0,1,0.125468,1.339126,0.33888,0.23763
5411,-30.2057,195,crash,0,1,0,0.626826,1.44522,0.338813,0.188067
5412,-1.5853,1000,timeout,0,0,1,0.144064,1.367337,0.338745,0.341498
5413,-55.3756,187,crash,0,1,0,0.375384,0.827523,0.338677,0.050426
5414,-5.8161,1000,timeout,0,0,1,0.16894,1.281905,0.338609,0.222182
5415,-49.2837,205,crash,0,1,0,0.572001,1.056043,0.338542,0.287052
5416,-56.5054,214,crash,0,1,0,0.650926,1.420325,0.338474,0.247274
5417,-54.3005,218,crash,0,1,0,0.509666,1.421136,0.338406,0.142808
5418,-55.3206,173,crash,0,1,0,0.305577,0.933991,0.338339,0.010482
5419,-56.5723,170,crash,0,1,0,0.249858,0.529062,0.338271,0.224944
5420,0.2479,1000,timeout,0,0,1,0.161818,1.575197,0.338203,0.14965
5421,-57.899,183,crash,0,1,0,0.3042,0.909678,0.338136,0.188875
5422,-53.4652,180,crash,0,1,0,0.477207,1.091477,0.338068,0.239346
5423,-52.6267,179,crash,0,1,0,0.287517,0.725316,0.338,0.289765
5424,170.5342,789,landed,1,0,0,0.052249,0.880264,0.337933,0.26283
5425,-12.6375,1000,timeout,0,0,1,0.143647,1.432792,0.337865,0.220956
5426,-44.1349,198,crash,0,1,0,0.436604,1.072671,0.337798,0.088603
5427,-56.5251,172,crash,0,1,0,0.146886,0.377838,0.33773,0.132415
5428,-48.4176,203,crash,0,1,0,0.555091,1.223628,0.337662,0.212474
5429,-34.0991,1000,timeout,0,0,1,0.025006,0.305376,0.337595,0.153619
5430,-12.9362,1000,timeout,0,0,1,0.183045,1.556486,0.337527,0.205106
5431,-84.0382,164,crash,0,1,0,0.911431,1.7082,0.33746,0.28335
5432,189.8676,612,landed,1,0,0,0.152131,0.824403,0.337392,0.213244
5433,-60.8994,170,crash,0,1,0,0.255979,0.71351,0.337325,0.194764
5434,-57.5691,189,crash,0,1,0,0.246861,0.594125,0.337257,0.376206
5435,-50.369,169,crash,0,1,0,0.878423,1.741434,0.33719,0.168754
5436,-64.2735,163,crash,0,1,0,0.201323,0.531248,0.337123,0.116685
5437,-40.5924,1000,timeout,0,0,1,0.065353,1.0264,0.337055,0.161607
5438,-35.1231,1000,timeout,0,0,1,0.021385,0.235232,0.336988,0.23313
5439,-28.2799,1000,timeout,0,0,1,0.085216,1.025129,0.33692,0.189312
5440,-64.0849,176,crash,0,1,0,0.806178,1.719451,0.336853,0.319155
5441,-63.0168,174,crash,0,1,0,0.185903,0.619583,0.336786,0.160941
5442,-38.8983,1000,timeout,0,0,1,0.061415,0.814749,0.336718,0.179582
5443,-30.5819,1000,timeout,0,0,1,0.173234,1.355222,0.336651,0.167195
5444,-30.8096,1000,timeout,0,0,1,0.03971,0.346029,0.336584,0.193708
5445,-31.5134,1000,timeout,0,0,1,0.04428,0.389778,0.336516,0.167618
5446,-57.7059,172,crash,0,1,0,0.152351,0.457555,0.336449,0.272487
5447,-30.4888,1000,timeout,0,0,1,0.158373,1.282983,0.336382,0.133115
5448,167.9488,804,landed,1,0,0,0.039163,0.309751,0.336314,0.2372
5449,-48.0435,194,crash,0,1,0,0.497009,1.118244,0.336247,0.283622
5450,-44.2272,192,crash,0,1,0,0.461686,1.196034,0.33618,0.260771
5451,171.9318,775,landed,1,0,0,0.068362,0.776429,0.336113,0.258634
5452,-6.5978,1000,timeout,0,0,1,0.221662,1.338015,0.336045,0.161142
5453,-22.5551,1000,timeout,0,0,1,0.057013,0.878671,0.335978,0.244505
5454,-57.2544,260,crash,0,1,0,0.646451,1.348092,0.335911,0.24914
5455,-14.883,1000,timeout,0,0,1,0.097187,1.077475,0.335844,0.236752
5456,-54.046,174,crash,0,1,0,0.207122,0.538042,0.335777,0.163783
5457,-66.066,158,crash,0,1,0,0.994524,1.852786,0.335709,0.42044
5458,184.8443,404,landed,1,0,0,0.353194,1.330556,0.335642,0.233869
5459,-31.9494,1000,timeout,0,0,1,0.033697,0.304759,0.335575,0.192179
5460,-58.7889,166,crash,0,1,0,0.08232,0.229737,0.335508,0.245669
5461,-35.0562,1000,timeout,0,0,1,0.030378,0.377032,0.335441,0.203654
5462,-56.6968,234,crash,0,1,0,0.745606,1.434927,0.335374,0.233435
5463,-23.2267,1000,timeout,0,0,1,0.155586,1.356969,0.335307,0.238918
5464,-24.2228,1000,timeout,0,0,1,0.049638,0.605127,0.33524,0.194278
5465,-43.2203,241,crash,0,1,0,0.478466,1.096585,0.335173,0.289944
5466,-58.2051,174,crash,0,1,0,0.099431,0.291378,0.335106,0.099257
5467,2.7783,1000,timeout,0,0,1,0.173327,1.59333,0.335039,0.268332
5468,-23.5511,1000,timeout,0,0,1,0.063737,0.826041,0.334972,0.172036
5469,-30.4525,1000,timeout,0,0,1,0.027898,0.305125,0.334905,0.191949
5470,-58.4639,161,crash,0,1,0,0.16172,0.320876,0.334838,0.136657
5471,3.3373,1000,timeout,0,0,1,0.212267,1.686021,0.334771,0.198347
5472,-52.5543,191,crash,0,1,0,0.249132,1.02366,0.334704,0.277208
5473,-55.8654,179,crash,0,1,0,0.087761,0.249916,0.334637,0.332753
5474,-58.5702,162,crash,0,1,0,0.10313,0.388159,0.33457,0.097321
5475,-8.0234,1000,timeout,0,0,1,0.10617,1.280411,0.334503,0.213116
5476,-66.3541,158,crash,0,1,0,0.965581,1.967782,0.334436,0.098698
5477,-48.8425,244,crash,0,1,0,0.64194,1.617852,0.334369,0.320242
5478,-6.4326,1000,timeout,0,0,1,0.138097,1.674405,0.334302,0.219286
5479,-63.9763,165,crash,0,1,0,0.209745,0.608122,0.334235,0.010729
5480,-41.3112,254,crash,0,1,0,0.431565,1.088544,0.334169,0.191205
5481,-34.3831,1000,timeout,0,0,1,0.018924,0.31208,0.334102,0.212947
5482,-23.3086,1000,timeout,0,0,1,0.166341,1.491848,0.334035,0.199594
5483,199.2624,347,landed,1,0,0,0.243325,0.981555,0.333968,0.195159
5484,-44.5164,182,crash,0,1,0,0.652801,1.339571,0.333901,0.131754
5485,-30.3304,1000,timeout,0,0,1,0.026665,0.441153,0.333835,0.200996
5486,-49.5271,1000,timeout,0,0,1,0.033229,0.53197,0.333768,0.219537
5487,-22.4675,1000,timeout,0,0,1,0.178889,1.538683,0.333701,0.246848
5488,-52.1679,178,crash,0,1,0,0.283638,0.655049,0.333634,0.233024
5489,-16.3954,1000,timeout,0,0,1,0.159101,1.544035,0.333568,0.198903
5490,173.6777,605,landed,1,0,0,0.028782,0.265406,0.333501,0.205824
5491,-35.7947,1000,timeout,0,0,1,0.029533,0.510146,0.333434,0.209945
5492,0.5349,1000,timeout,0,0,1,0.21152,1.478606,0.333367,0.200505
5493,192.0852,998,landed,1,0,0,0.175659,1.619355,0.333301,0.254776
5494,-34.636,1000,timeout,0,0,1,0.037227,0.893186,0.333234,0.213155
5495,-25.5047,1000,timeout,0,0,1,0.192051,1.679064,0.333167,0.239681
5496,-9.1869,1000,timeout,0,0,1,0.145756,1.299,0.333101,0.207639
5497,-11.9313,1000,timeout,0,0,1,0.14105,1.594571,0.333034,0.144986
5498,-48.1829,183,crash,0,1,0,0.458689,1.014589,0.332968,0.464947
5499,-11.8699,1000,timeout,0,0,1,0.184756,1.601094,0.332901,0.186259
5500,-29.2996,1000,timeout,0,0,1,0.024979,0.37908,0.332834,0.182955
5501,-13.1539,1000,timeout,0,0,1,0.065606,0.752916,0.332768,0.162262
5502,-13.1433,1000,timeout,0,0,1,0.083416,0.957132,0.332701,0.185436
5503,-48.292,1000,timeout,0,0,1,0.050359,0.49319,0.332635,0.167065
5504,-7.1528,1000,timeout,0,0,1,0.125706,1.41918,0.332568,0.185204
5505,-62.6874,164,crash,0,1,0,0.933548,1.818524,0.332502,0.095044
5506,-48.7119,185,crash,0,1,0,0.336408,0.999134,0.332435,0.24967
5507,-23.3322,1000,timeout,0,0,1,0.058556,0.559277,0.332369,0.185728
5508,-8.1861,1000,timeout,0,0,1,0.183669,1.741232,0.332302,0.135591
5509,-8.1334,1000,timeout,0,0,1,0.140175,1.541523,0.332236,0.114931
5510,-50.8707,184,crash,0,1,0,0.333687,0.889903,0.332169,0.143957
5511,-30.1775,1000,timeout,0,0,1,0.027296,0.737206,0.332103,0.179439
5512,-4.3435,1000,timeout,0,0,1,0.151201,1.400345,0.332037,0.196308
5513,-78.7219,164,crash,0,1,0,0.963659,1.856041,0.33197,0.16753
5514,-10.3377,1000,timeout,0,0,1,0.136057,1.304339,0.331904,0.254548
5515,186.6885,638,landed,1,0,0,0.108839,0.967906,0.331837,0.192847
5516,-43.5603,194,crash,0,1,0,0.421403,1.139304,0.331771,0.152728
5517,-10.1277,1000,timeout,0,0,1,0.154385,1.604263,0.331705,0.170163
5518,-15.2217,1000,timeout,0,0,1,0.181363,1.521094,0.331638,0.225105
5519,-32.621,1000,timeout,0,0,1,0.169724,1.549129,0.331572,0.17015
5520,-45.6453,168,crash,0,1,0,0.843311,1.694775,0.331506,0.227581
5521,-25.1941,1000,timeout,0,0,1,0.151982,1.304368,0.331439,0.148525
5522,-12.885,1000,timeout,0,0,1,0.166597,1.255222,0.331373,0.110259
5523,-51.1024,183,crash,0,1,0,0.415168,1.054502,0.331307,0.263581
5524,-58.7312,156,crash,0,1,0,0.090803,0.3129,0.331241,0.313541
5525,-33.1352,1000,timeout,0,0,1,0.15984,1.539895,0.331174,0.183065
5526,-35.5357,1000,timeout,0,0,1,0.098891,1.130612,0.331108,0.147505
5527,175.8559,379,landed,1,0,0,0.216583,0.891986,0.331042,0.160056
5528,-54.8992,1000,timeout,0,0,1,0.025353,0.363781,0.330976,0.252141
5529,-25.6676,1000,timeout,0,0,1,0.156115,1.427368,0.330909,0.116754
5530,-11.2289,1000,timeout,0,0,1,0.151419,1.283264,0.330843,0.191767
5531,-31.856,1000,timeout,0,0,1,0.100765,1.329728,0.330777,0.205986
5532,-37.8328,1000,timeout,0,0,1,0.194422,1.579159,0.330711,0.139797
5533,-37.3547,1000,timeout,0,0,1,0.078192,0.819188,0.330645,0.232381
5534,-27.1158,1000,timeout,0,0,1,0.039346,0.821424,0.330579,0.125034
5535,-55.1471,173,crash,0,1,0,0.158499,0.82102,0.330513,0.258992
5536,-25.4032,1000,timeout,0,0,1,0.089993,0.800924,0.330446,0.193354
5537,-9.1439,1000,timeout,0,0,1,0.164777,1.58732,0.33038,0.219026
5538,-53.6269,1000,timeout,0,0,1,0.028122,0.290755,0.330314,0.106531
5539,-81.3838,217,crash,0,1,0,0.615608,1.296952,0.330248,0.071442
5540,-52.133,1000,timeout,0,0,1,0.024475,0.301522,0.330182,0.168914
5541,195.4147,681,landed,1,0,0,0.221854,1.569759,0.330116,0.116066
5542,-58.6158,167,crash,0,1,0,0.242658,0.683474,0.33005,0.101818
5543,-53.9353,183,crash,0,1,0,0.471649,0.915271,0.329984,0.193923
5544,188.31,609,landed,1,0,0,0.24331,1.471067,0.329918,0.116485
5545,-56.3756,198,crash,0,1,0,0.205633,0.496373,0.329852,0.247758
5546,-28.3396,1000,timeout,0,0,1,0.03712,0.681976,0.329786,0.140291
5547,177.7658,327,landed,1,0,0,0.095245,0.812706,0.32972,0.17926
5548,-11.7347,1000,timeout,0,0,1,0.144903,1.271654,0.329654,0.136673
5549,195.9064,842,landed,1,0,0,0.203766,1.301523,0.329588,0.149585
5550,-50.9386,178,crash,0,1,0,0.308384,1.001108,0.329522,0.25413
5551,-33.0697,1000,timeout,0,0,1,0.018457,0.388159,0.329456,0.081382
5552,-51.2716,1000,timeout,0,0,1,0.033237,0.593133,0.329391,0.14285
5553,200.4007,718,landed,1,0,0,0.228685,1.501982,0.329325,0.150048
5554,199.4205,542,landed,1,0,0,0.177874,1.077782,0.329259,0.205191
5555,-61.0432,196,crash,0,1,0,0.837543,1.622464,0.329193,0.173978
5556,-56.6907,219,crash,0,1,0,0.72975,1.423801,0.329127,0.265603
5557,-58.2338,171,crash,0,1,0,0.282527,1.02993,0.329061,0.274842
5558,-25.7433,1000,timeout,0,0,1,0.150155,1.273582,0.328996,0.124278
5559,192.0614,353,landed,1,0,0,0.382372,1.391036,0.32893,0.144195
5560,-62.3528,192,crash,0,1,0,0.248821,1.157077,0.328864,0.118274
5561,-62.2166,180,crash,0,1,0,0.20905,1.012983,0.328798,0.105897
5562,-48.3472,1000,timeout,0,0,1,0.031428,0.393744,0.328732,0.147645
5563,-10.4,1000,timeout,0,0,1,0.128056,1.26287,0.328667,0.167581
5564,171.1391,349,landed,1,0,0,0.055609,0.535783,0.328601,0.093093
5565,-3.3403,1000,timeout,0,0,1,0.161608,1.582945,0.328535,0.128643
5566,-32.8596,1000,timeout,0,0,1,0.108983,1.126403,0.328469,0.13491
5567,170.5432,487,landed,1,0,0,0.024905,0.245762,0.328404,0.197072
5568,-34.7286,1000,timeout,0,0,1,0.025773,0.294088,0.328338,0.195955
5569,-35.2286,1000,timeout,0,0,1,0.022057,0.254545,0.328272,0.214073
5570,-85.931,207,crash,0,1,0,0.705735,1.318954,0.328207,0.233086
5571,-81.1865,203,crash,0,1,0,0.771744,1.419443,0.328141,0.122376
5572,-31.5257,1000,timeout,0,0,1,0.034209,0.389325,0.328076,0.160326
5573,195.1409,417,landed,1,0,0,0.272409,1.10593,0.32801,0.24926
5574,-12.9973,1000,timeout,0,0,1,0.197415,1.672004,0.327944,0.156111
5575,193.546,520,landed,1,0,0,0.26299,1.1651,0.327879,0.144862
5576,194.05,461,landed,1,0,0,0.18174,1.044558,0.327813,0.273716
5577,207.9651,856,landed,1,0,0,0.200958,1.629506,0.327748,0.127375
5578,-77.38,193,crash,0,1,0,0.75451,1.680756,0.327682,0.12426
5579,-37.7444,185,crash,0,1,0,0.855877,1.640877,0.327616,0.156372
5580,175.6722,754,landed,1,0,0,0.064283,0.874329,0.327551,0.123764
5581,208.442,525,landed,1,0,0,0.360091,1.254729,0.327485,0.215065
5582,-27.3706,1000,timeout,0,0,1,0.043519,0.591102,0.32742,0.186401
5583,0.0885,1000,timeout,0,0,1,0.177301,1.598411,0.327354,0.116492
5584,-52.1719,218,crash,0,1,0,0.661703,1.517443,0.327289,0.133201
5585,-44.2708,1000,timeout,0,0,1,0.022398,0.20563,0.327224,0.201615
5586,-30.4113,1000,timeout,0,0,1,0.04331,0.472281,0.327158,0.159508
5587,-28.2188,1000,timeout,0,0,1,0.039696,0.506914,0.327093,0.232891
5588,-15.3505,1000,timeout,0,0,1,0.181111,1.643932,0.327027,0.213668
5589,-3.864,1000,timeout,0,0,1,0.130455,1.356062,0.326962,0.132037
5590,-46.4651,163,crash,0,1,0,0.900648,1.789724,0.326896,0.14195
5591,-36.1276,169,crash,0,1,0,0.902935,1.662192,0.326831,0.296188
5592,-25.0796,1000,timeout,0,0,1,0.204484,1.504464,0.326766,0.138611
5593,-13.5826,1000,timeout,0,0,1,0.08392,0.910588,0.3267,0.171673
5594,-5.1878,1000,timeout,0,0,1,0.228427,1.548009,0.326635,0.226251
5595,-49.0193,183,crash,0,1,0,0.506682,1.020873,0.32657,0.2305
5596,-7.1475,1000,timeout,0,0,1,0.136567,1.283159,0.326504,0.177253
5597,-51.4985,187,crash,0,1,0,0.580571,1.352221,0.326439,0.011577
5598,-44.3985,203,crash,0,1,0,0.419285,1.175607,0.326374,0.146389
5599,-7.855,1000,timeout,0,0,1,0.121637,1.417448,0.326309,0.164554
5600,-56.9353,177,crash,0,1,0,0.278212,0.762573,0.326243,0.127267
5601,-85.723,195,crash,0,1,0,0.665102,1.339092,0.326178,0.21384
5602,173.3229,350,landed,1,0,0,0.081954,0.535805,0.326113,0.186638
5603,-32.2654,1000,timeout,0,0,1,0.017915,0.31208,0.326048,0.19933
5604,-50.3201,1000,timeout,0,0,1,0.054971,0.706217,0.325982,0.184268
5605,-29.7998,1000,timeout,0,0,1,0.11428,1.11906,0.325917,0.184829
5606,180.521,920,landed,1,0,0,0.197485,1.465255,0.325852,0.137123
5607,-10.2757,1000,timeout,0,0,1,0.078349,1.035414,0.325787,0.157286
5608,172.0074,913,landed,1,0,0,0.047058,0.746105,0.325722,0.193461
5609,-27.0571,1000,timeout,0,0,1,0.145279,1.424431,0.325656,0.14599
5610,-54.1897,190,crash,0,1,0,0.306832,1.090643,0.325591,0.179597
5611,191.0959,767,landed,1,0,0,0.099402,1.039675,0.325526,0.214914
5612,-31.8374,1000,timeout,0,0,1,0.085415,0.955724,0.325461,0.133032
5613,-42.4239,189,crash,0,1,0,0.583117,1.246541,0.325396,0.088099
5614,-30.8864,1000,timeout,0,0,1,0.018871,0.288939,0.325331,0.191885
5615,-53.9876,195,crash,0,1,0,0.506383,1.331857,0.325266,0.093534
5616,-47.3448,181,crash,0,1,0,0.730898,1.584216,0.325201,0.118329
5617,-58.1002,176,crash,0,1,0,0.219996,0.607319,0.325136,0.364183
5618,-94.9551,190,crash,0,1,0,0.730845,1.428152,0.325071,0.13391
5619,-17.0098,1000,timeout,0,0,1,0.116691,1.141846,0.325006,0.206379
5620,-9.0741,1000,timeout,0,0,1,0.116485,1.189257,0.324941,0.197517
5621,-33.4082,1000,timeout,0,0,1,0.034479,0.379103,0.324876,0.15561
5622,181.4574,385,landed,1,0,0,0.141138,0.721687,0.324811,0.195443
5623,-50.4586,237,crash,0,1,0,0.75313,1.616809,0.324746,0.100821
5624,-24.4452,1000,timeout,0,0,1,0.108175,1.191696,0.324681,0.207824
5625,-31.8574,1000,timeout,0,0,1,0.035997,0.441735,0.324616,0.141633
5626,-23.975,1000,timeout,0,0,1,0.126686,1.175315,0.324551,0.193677
5627,-32.6682,1000,timeout,0,0,1,0.088299,0.965764,0.324486,0.135761
5628,-61.7789,237,crash,0,1,0,0.848247,1.941779,0.324421,0.182739
5629,-39.1737,187,crash,0,1,0,0.897988,1.853146,0.324356,0.258228
5630,-33.6477,1000,timeout,0,0,1,0.123483,1.236228,0.324291,0.179014
5631,-24.6665,1000,timeout,0,0,1,0.037768,0.409548,0.324227,0.246336
5632,-35.6596,1000,timeout,0,0,1,0.022567,0.323061,0.324162,0.173135
5633,-35.9699,1000,timeout,0,0,1,0.043213,0.462732,0.324097,0.171049
5634,-59.9996,160,crash,0,1,0,0.103902,0.379394,0.324032,0.088048
5635,-8.5514,1000,timeout,0,0,1,0.138931,1.225917,0.323967,0.122171
5636,-25.5741,1000,timeout,0,0,1,0.154174,1.308453,0.323902,0.120347
5637,-57.6484,177,crash,0,1,0,0.456639,1.102665,0.323838,0.212325
5638,190.6349,807,landed,1,0,0,0.086673,0.876802,0.323773,0.209333
5639,-54.8363,177,crash,0,1,0,0.243688,0.792657,0.323708,0.136827
5640,-53.429,1000,timeout,0,0,1,0.04295,0.575676,0.323643,0.144073
5641,-30.7087,1000,timeout,0,0,1,0.150983,1.684746,0.323579,0.208715
5642,203.1006,610,landed,1,0,0,0.301492,1.368855,0.323514,0.230502
5643,-48.2079,204,crash,0,1,0,0.385574,1.140791,0.323449,0.050022
5644,-29.2423,1000,timeout,0,0,1,0.04401,0.668349,0.323385,0.168024
5645,-22.1256,192,crash,0,1,0,0.78593,1.652124,0.32332,0.15597
5646,-12.0373,1000,timeout,0,0,1,0.169761,1.664582,0.323255,0.170913
5647,0.7049,1000,timeout,0,0,1,0.141086,1.768559,0.323191,0.184646
5648,-42.7685,196,crash,0,1,0,0.773048,1.450143,0.323126,0.050325
5649,-8.3696,1000,timeout,0,0,1,0.13926,1.65504,0.323061,0.200957
5650,-31.2149,1000,timeout,0,0,1,0.025932,0.292456,0.322997,0.225178
5651,-43.415,191,crash,0,1,0,0.65893,1.573053,0.322932,0.123527
5652,-56.3092,154,crash,0,1,0,0.078835,0.264714,0.322868,0.167786
5653,-46.5611,908,crash,0,1,0,0.179235,1.156514,0.322803,0.188284
5654,-47.683,192,crash,0,1,0,0.82707,1.527114,0.322738,0.110317
5655,204.0025,400,landed,1,0,0,0.400694,1.750431,0.322674,0.182663
5656,-40.8663,1000,timeout,0,0,1,0.042739,0.492215,0.322609,0.237147
5657,-33.0026,1000,timeout,0,0,1,0.04246,0.653903,0.322545,0.173842
5658,-39.9988,1000,timeout,0,0,1,0.08495,0.947725,0.32248,0.224326
5659,-17.9685,1000,timeout,0,0,1,0.10132,0.882585,0.322416,0.185573
5660,-34.7946,1000,timeout,0,0,1,0.08119,1.017432,0.322351,0.201347
5661,174.0893,670,landed,1,0,0,0.108129,0.838321,0.322287,0.175363
5662,-60.4011,272,crash,0,1,0,0.773764,1.832523,0.322222,0.303059
5663,-32.6351,1000,timeout,0,0,1,0.019983,0.282095,0.322158,0.132581
5664,-22.3495,1000,timeout,0,0,1,0.057597,0.762266,0.322094,0.199925
5665,-37.8509,237,crash,0,1,0,0.398514,1.151016,0.322029,0.175814
5666,-16.4833,1000,timeout,0,0,1,0.138708,1.735289,0.321965,0.215627
5667,-56.27,217,crash,0,1,0,0.709431,1.272112,0.3219,0.160605
5668,-32.6795,1000,timeout,0,0,1,0.032233,0.464223,0.321836,0.201917
5669,-54.8407,201,crash,0,1,0,0.498079,1.322474,0.321772,0.241187
5670,-42.3471,175,crash,0,1,0,0.837624,1.643479,0.321707,0.133021
5671,193.1556,353,landed,1,0,0,0.187404,1.156982,0.321643,0.173758
5672,-9.9407,1000,timeout,0,0,1,0.12725,1.442083,0.321579,0.151697
5673,190.7364,440,landed,1,0,0,0.446264,1.520592,0.321514,0.149777
5674,-42.8091,1000,timeout,0,0,1,0.180635,1.589287,0.32145,0.216128
5675,-27.9723,1000,timeout,0,0,1,0.03052,0.436926,0.321386,0.180499
5676,-28.6422,1000,timeout,0,0,1,0.11233,1.099917,0.321321,0.168792
5677,175.6139,514,landed,1,0,0,0.040137,0.301419,0.321257,0.164063
5678,-24.5342,1000,timeout,0,0,1,0.053198,0.862362,0.321193,0.164812
5679,190.801,625,landed,1,0,0,0.174849,1.347945,0.321129,0.214222
5680,-33.7836,1000,timeout,0,0,1,0.041261,0.585054,0.321064,0.230533
5681,-55.8804,162,crash,0,1,0,0.11887,0.296966,0.321,0.0913
5682,-30.4067,1000,timeout,0,0,1,0.023838,0.249656,0.320936,0.126433
5683,-17.4334,1000,timeout,0,0,1,0.088423,0.936841,0.320872,0.156638
5684,198.5607,644,landed,1,0,0,0.280421,1.611466,0.320808,0.106466
5685,186.0525,959,landed,1,0,0,0.082595,1.090511,0.320743,0.154146
5686,-25.183,1000,timeout,0,0,1,0.175151,1.453213,0.320679,0.115889
5687,-30.2547,1000,timeout,0,0,1,0.032307,0.380146,0.320615,0.150998
5688,-58.6555,164,crash,0,1,0,0.087285,0.252647,0.320551,0.115095
5689,-55.8732,182,crash,0,1,0,0.198803,0.612934,0.320487,0.239665
5690,-31.8387,1000,timeout,0,0,1,0.016432,0.202735,0.320423,0.151559
5691,-30.038,1000,timeout,0,0,1,0.19524,1.455655,0.320359,0.146638
5692,-52.1934,1000,timeout,0,0,1,0.017466,0.237446,0.320295,0.144144
5693,190.2697,882,landed,1,0,0,0.118035,1.166562,0.320231,0.211379
5694,171.6194,705,landed,1,0,0,0.064703,0.744776,0.320167,0.096595
5695,-1.86,1000,timeout,0,0,1,0.21292,1.367013,0.320103,0.119134
5696,-35.6963,1000,timeout,0,0,1,0.03764,0.727915,0.320039,0.136729
5697,-33.4066,1000,timeout,0,0,1,0.015483,0.284797,0.319975,0.150684
5698,-47.5756,209,crash,0,1,0,0.233441,0.878623,0.319911,0.115693
5699,186.4016,460,landed,1,0,0,0.141523,1.063785,0.319847,0.180978
5700,-35.0758,187,crash,0,1,0,0.694458,1.613069,0.319783,0.167124
5701,-59.7694,1000,timeout,0,0,1,0.187177,1.489299,0.319719,0.17678
5702,-9.5041,1000,timeout,0,0,1,0.140577,1.207102,0.319655,0.171055
5703,-43.9904,227,crash,0,1,0,0.34776,0.944191,0.319591,0.1321
5704,0.255,1000,timeout,0,0,1,0.167166,1.290931,0.319527,0.129961
5705,-43.3026,174,crash,0,1,0,0.923098,1.725641,0.319463,0.257153
5706,186.0508,512,landed,1,0,0,0.203445,1.154299,0.319399,0.141902
5707,188.3046,646,landed,1,0,0,0.223811,1.59246,0.319335,0.196744
5708,-52.0477,1000,timeout,0,0,1,0.044864,0.822431,0.319271,0.142547
5709,-17.9091,1000,timeout,0,0,1,0.074718,0.559915,0.319207,0.148777
5710,-52.0864,204,crash,0,1,0,0.351522,0.89201,0.319144,0.078106
5711,-34.7043,1000,timeout,0,0,1,0.019316,0.290954,0.31908,0.149861
5712,-56.9837,171,crash,0,1,0,0.099346,0.277996,0.319016,0.18068
5713,167.2299,934,landed,1,0,0,0.032615,0.405318,0.318952,0.162991
5714,-55.0907,1000,timeout,0,0,1,0.031842,0.573224,0.318888,0.110864
5715,-29.7103,1000,timeout,0,0,1,0.039508,0.636013,0.318825,0.127253
5716,-27.1582,1000,timeout,0,0,1,0.062546,0.926728,0.318761,0.183561
5717,4.7106,1000,timeout,0,0,1,0.114368,0.970644,0.318697,0.130534
5718,1.6107,1000,timeout,0,0,1,0.149262,1.286312,0.318633,0.20217
5719,210.4589,567,landed,1,0,0,0.240812,1.394608,0.31857,0.15813
5720,-37.8739,170,crash,0,1,0,0.794819,1.582925,0.318506,0.229838
5721,-26.9689,1000,timeout,0,0,1,0.139503,1.436288,0.318442,0.15963
5722,209.244,914,landed,1,0,0,0.186409,1.363017,0.318378,0.10962
5723,-40.3831,234,crash,0,1,0,0.604293,1.142972,0.318315,0.153818
5724,-40.3625,620,crash,0,1,0,0.198778,0.987226,0.318251,0.189886
5725,-30.3094,1000,timeout,0,0,1,0.151579,1.429193,0.318187,0.183722
5726,-38.7728,180,crash,0,1,0,0.69205,1.292783,0.318124,0.12711
5727,1.8588,1000,timeout,0,0,1,0.131345,1.320966,0.31806,0.191287
5728,192.3472,807,landed,1,0,0,0.084119,0.716505,0.317997,0.179462
5729,-31.905,1000,timeout,0,0,1,0.029554,0.480683,0.317933,0.115903
5730,-41.2387,1000,timeout,0,0,1,0.084416,0.952804,0.317869,0.141304
5731,170.1612,554,landed,1,0,0,0.036126,0.424451,0.317806,0.170968
5732,-60.4042,172,crash,0,1,0,0.605611,1.598103,0.317742,0.282521
5733,-20.5344,1000,timeout,0,0,1,0.063183,0.830266,0.317679,0.183465
5734,-21.2258,1000,timeout,0,0,1,0.098451,1.566055,0.317615,0.144563
5735,-51.9922,204,crash,0,1,0,0.297942,1.023102,0.317552,0.187088
5736,-31.2835,1000,timeout,0,0,1,0.03231,0.526743,0.317488,0.18055
5737,-33.7903,1000,timeout,0,0,1,0.023443,0.296939,0.317425,0.144598
5738,-42.6562,234,crash,0,1,0,0.623559,1.308125,0.317361,0.102796
5739,-20.5526,1000,timeout,0,0,1,0.166369,1.505939,0.317298,0.11027
5740,-37.1117,177,crash,0,1,0,0.723924,1.572808,0.317234,0.115494
5741,-17.1003,1000,timeout,0,0,1,0.136767,1.315384,0.317171,0.171118
5742,11.4237,1000,timeout,0,0,1,0.170472,1.501823,0.317107,0.138995
5743,-52.2115,210,crash,0,1,0,0.399547,1.270286,0.317044,0.120827
5744,-32.0837,1000,timeout,0,0,1,0.027445,0.659014,0.316981,0.175944
5745,-26.6428,1000,timeout,0,0,1,0.106886,1.124892,0.316917,0.126766
5746,3.819,1000,timeout,0,0,1,0.160731,1.781611,0.316854,0.175415
5747,-38.2348,220,crash,0,1,0,0.459565,1.399445,0.31679,0.264711
5748,-22.6873,1000,timeout,0,0,1,0.088112,1.007975,0.316727,0.134331
5749,-10.4928,1000,timeout,0,0,1,0.110073,1.018401,0.316664,0.175761
5750,-51.7193,1000,timeout,0,0,1,0.050378,0.702279,0.3166,0.115737
5751,-34.8498,1000,timeout,0,0,1,0.026484,0.414035,0.316537,0.159945
5752,182.7551,500,landed,1,0,0,0.202624,1.082633,0.316474,0.146722
5753,-53.0609,1000,timeout,0,0,1,0.022949,0.264569,0.31641,0.164498
5754,191.3101,399,landed,1,0,0,0.201837,1.324516,0.316347,0.112061
5755,-59.0972,180,crash,0,1,0,0.204043,0.647348,0.316284,0.049879
5756,-55.5036,1000,timeout,0,0,1,0.04204,0.500917,0.316221,0.184938
5757,219.0763,371,landed,1,0,0,0.418385,1.25057,0.316157,0.12112
5758,-28.7357,1000,timeout,0,0,1,0.091026,1.150829,0.316094,0.199567
5759,-28.091,1000,timeout,0,0,1,0.234103,1.502529,0.316031,0.161216
5760,-33.022,1000,timeout,0,0,1,0.059543,0.654794,0.315968,0.137183
5761,-42.2725,229,crash,0,1,0,0.780699,1.583451,0.315905,0.229418
5762,-55.4393,1000,timeout,0,0,1,0.026482,0.307568,0.315841,0.133124
5763,-37.5521,171,crash,0,1,0,0.77148,1.443012,0.315778,0.206778
5764,-49.1348,164,crash,0,1,0,0.755619,1.787898,0.315715,0.3018
5765,-46.1173,182,crash,0,1,0,0.819903,1.636458,0.315652,0.277605
5766,-28.3522,1000,timeout,0,0,1,0.047303,0.600361,0.315589,0.125118
5767,-41.2443,309,crash,0,1,0,0.207969,1.162934,0.315526,0.1299
5768,204.6364,559,landed,1,0,0,0.308599,1.513289,0.315463,0.174804
5769,-6.2763,1000,timeout,0,0,1,0.123849,1.232243,0.315399,0.166387
5770,168.2996,790,landed,1,0,0,0.02165,0.224516,0.315336,0.22817
5771,-54.6838,217,crash,0,1,0,0.216657,0.887495,0.315273,0.162909
5772,-29.4223,1000,timeout,0,0,1,0.041742,0.626098,0.31521,0.106871
5773,-49.2371,163,crash,0,1,0,0.870832,1.618732,0.315147,0.260267
5774,174.5462,634,landed,1,0,0,0.035168,0.273266,0.315084,0.162149
5775,-6.7464,1000,timeout,0,0,1,0.095346,1.090876,0.315021,0.112859
5776,-19.891,1000,timeout,0,0,1,0.165441,1.24276,0.314958,0.15624
5777,201.2118,789,landed,1,0,0,0.134144,1.221489,0.314895,0.180633
5778,-33.2905,172,crash,0,1,0,0.866929,1.779948,0.314832,0.093784
5779,-43.1308,1000,timeout,0,0,1,0.030246,0.360354,0.314769,0.137453
5780,-52.5629,1000,timeout,0,0,1,0.0306,0.354405,0.314706,0.188673
5781,-53.5875,1000,timeout,0,0,1,0.033928,0.374421,0.314643,0.183586
5782,-42.4476,179,crash,0,1,0,0.929397,1.626222,0.31458,0.159737
5783,179.839,329,landed,1,0,0,0.214483,0.955674,0.314517,0.175265
5784,-10.2209,1000,timeout,0,0,1,0.156059,1.52877,0.314455,0.177748
5785,-22.1528,1000,timeout,0,0,1,0.058514,0.759288,0.314392,0.147676
5786,178.5045,595,landed,1,0,0,0.107309,0.877314,0.314329,0.187248
5787,-11.4249,1000,timeout,0,0,1,0.169427,1.535226,0.314266,0.187205
5788,-15.3946,1000,timeout,0,0,1,0.108667,0.953879,0.314203,0.148127
5789,-32.3484,1000,timeout,0,0,1,0.065924,0.684943,0.31414,0.149498
5790,-42.7308,178,crash,0,1,0,0.756947,1.621653,0.314077,0.167701
5791,175.1096,961,landed,1,0,0,0.078542,1.036711,0.314015,0.144205
5792,-41.5248,254,crash,0,1,0,0.901177,2.409305,0.313952,0.231917
5793,-25.9807,1000,timeout,0,0,1,0.166094,1.563138,0.313889,0.176344
5794,-28.5414,176,crash,0,1,0,0.885114,1.565897,0.313826,0.255926
5795,-12.4673,1000,timeout,0,0,1,0.205986,1.744229,0.313763,0.187853
5796,-44.9288,218,crash,0,1,0,0.715944,1.563242,0.313701,0.247584
5797,-30.2586,1000,timeout,0,0,1,0.053709,0.538042,0.313638,0.159855
5798,216.5808,510,landed,1,0,0,0.373603,2.001965,0.313575,0.12607
5799,10.5756,1000,timeout,0,0,1,0.169352,1.331632,0.313513,0.171893
5800,5.3691,1000,timeout,0,0,1,0.171152,1.875356,0.31345,0.11868
5801,-31.1919,1000,timeout,0,0,1,0.078858,0.940585,0.313387,0.243924
5802,-33.1031,1000,timeout,0,0,1,0.024905,0.258347,0.313324,0.141343
5803,-33.7532,1000,timeout,0,0,1,0.025772,0.351937,0.313262,0.190403
5804,-44.2652,1000,timeout,0,0,1,0.041204,0.449096,0.313199,0.178755
5805,-1.3459,1000,timeout,0,0,1,0.149934,1.440574,0.313136,0.13332
5806,-42.2467,189,crash,0,1,0,0.453858,0.95205,0.313074,0.117377
5807,-4.3794,1000,timeout,0,0,1,0.242758,1.593345,0.313011,0.164539
5808,-32.5731,1000,timeout,0,0,1,0.049592,0.561404,0.312949,0.181351
5809,-20.4384,1000,timeout,0,0,1,0.218911,1.578234,0.312886,0.147425
5810,-34.9141,1000,timeout,0,0,1,0.048157,0.716843,0.312823,0.198978
5811,-41.4411,1000,timeout,0,0,1,0.199278,1.791537,0.312761,0.144103
5812,-18.0537,1000,timeout,0,0,1,0.061515,0.754356,0.312698,0.150794
5813,-58.4834,164,crash,0,1,0,0.150086,0.289189,0.312636,0.220399
5814,-34.6819,1000,timeout,0,0,1,0.058266,0.599537,0.312573,0.090783
5815,203.1456,429,landed,1,0,0,0.377258,1.58672,0.312511,0.110401
5816,199.982,427,landed,1,0,0,0.297791,1.46524,0.312448,0.095864
5817,-44.9346,170,crash,0,1,0,0.830721,1.504889,0.312386,0.146645
5818,-35.2627,1000,timeout,0,0,1,0.028672,0.400811,0.312323,0.150954
5819,-16.6231,1000,timeout,0,0,1,0.055054,0.663719,0.312261,0.116197
5820,-43.2977,166,crash,0,1,0,0.817245,1.594911,0.312198,0.060023
5821,-22.3797,1000,timeout,0,0,1,0.124532,1.46128,0.312136,0.151959
5822,-26.0061,1000,timeout,0,0,1,0.047193,0.373017,0.312074,0.145995
5823,-7.7871,1000,timeout,0,0,1,0.148128,1.252149,0.312011,0.159167
5824,-20.0504,1000,timeout,0,0,1,0.17788,1.546129,0.311949,0.150737
5825,188.6396,512,landed,1,0,0,0.210663,1.011591,0.311886,0.219946
5826,-59.8489,169,crash,0,1,0,0.121495,0.388272,0.311824,0.050191
5827,-11.3928,1000,timeout,0,0,1,0.081123,0.680129,0.311762,0.134051
5828,-55.8607,166,crash,0,1,0,0.254096,0.652028,0.311699,0.121854
5829,-25.4215,1000,timeout,0,0,1,0.149175,1.65289,0.311637,0.228691
5830,168.5831,637,landed,1,0,0,0.232284,1.470883,0.311575,0.154956
5831,2.7063,1000,timeout,0,0,1,0.176821,1.841715,0.311512,0.202134
5832,-26.6342,1000,timeout,0,0,1,0.083262,1.017719,0.31145,0.209336
5833,-27.9746,269,crash,0,1,0,0.878238,1.704925,0.311388,0.191855
5834,-35.6019,1000,timeout,0,0,1,0.0288,0.508757,0.311325,0.182634
5835,-42.1927,224,crash,0,1,0,0.792127,1.664091,0.311263,0.159387
5836,-52.4713,178,crash,0,1,0,0.188047,0.466301,0.311201,0.203218
5837,-41.6094,273,crash,0,1,0,0.810332,1.427944,0.311139,0.13963
5838,-33.3898,1000,timeout,0,0,1,0.046999,0.808249,0.311076,0.172503
5839,-20.0591,1000,timeout,0,0,1,0.171165,1.658612,0.311014,0.104642
5840,-29.5643,1000,timeout,0,0,1,0.120193,1.400353,0.310952,0.149731
5841,-62.8163,168,crash,0,1,0,0.134887,0.520494,0.31089,0.101003
5842,-60.4459,1000,timeout,0,0,1,0.037162,0.744236,0.310828,0.125395
5843,188.1366,716,landed,1,0,0,0.230188,1.571196,0.310765,0.1977
5844,-62.3907,161,crash,0,1,0,1.084361,1.969231,0.310703,0.145202
5845,203.1258,534,landed,1,0,0,0.256102,1.338159,0.310641,0.221712
5846,-35.187,1000,timeout,0,0,1,0.042749,0.508296,0.310579,0.170596
5847,-9.7066,1000,timeout,0,0,1,0.094511,0.864719,0.310517,0.161493
5848,171.1021,577,landed,1,0,0,0.070057,0.916236,0.310455,0.196565
5849,-39.3818,207,crash,0,1,0,0.373302,0.959345,0.310393,0.145236
5850,-44.2179,1000,timeout,0,0,1,0.039958,0.463477,0.310331,0.159218
5851,-36.0018,256,crash,0,1,0,0.710163,1.381385,0.310269,0.196644
5852,-46.5457,1000,timeout,0,0,1,0.025182,0.260726,0.310207,0.145674
5853,176.6409,397,landed,1,0,0,0.346563,1.593237,0.310144,0.199456
5854,202.0199,829,landed,1,0,0,0.286063,1.479547,0.310082,0.161867
5855,-31.1316,1000,timeout,0,0,1,0.041801,0.717271,0.31002,0.161446
5856,-22.071,1000,timeout,0,0,1,0.1833,1.367119,0.309958,0.147588
5857,-22.5042,1000,timeout,0,0,1,0.111116,1.373525,0.309896,0.150381
5858,-43.7171,1000,timeout,0,0,1,0.082141,0.961214,0.309834,0.122516
5859,-38.7679,170,crash,0,1,0,0.986392,1.875361,0.309772,0.240055
5860,0.3244,1000,timeout,0,0,1,0.221015,1.667226,0.309711,0.164591
5861,-36.1565,176,crash,0,1,0,0.816399,1.623059,0.309649,0.20978
5862,218.4176,550,landed,1,0,0,0.353035,2.127854,0.309587,0.161972
5863,-13.7356,1000,timeout,0,0,1,0.17338,1.679659,0.309525,0.124841
5864,-23.4589,1000,timeout,0,0,1,0.169465,1.344293,0.309463,0.198039
5865,-21.8016,1000,timeout,0,0,1,0.180019,1.277157,0.309401,0.222753
5866,-57.6079,1000,timeout,0,0,1,0.040808,0.679137,0.309339,0.108283
5867,-43.4737,166,crash,0,1,0,0.959237,1.771393,0.309277,0.215268
5868,-0.6931,1000,timeout,0,0,1,0.107412,0.871593,0.309215,0.142543
5869,210.3631,391,landed,1,0,0,0.423946,1.701506,0.309153,0.254086
5870,-18.7003,1000,timeout,0,0,1,0.098355,1.092778,0.309092,0.160245
5871,-60.222,174,crash,0,1,0,0.171853,0.608542,0.30903,0.087054
5872,-50.2466,170,crash,0,1,0,0.583529,1.248543,0.308968,0.17773
5873,196.3041,913,landed,1,0,0,0.166506,1.242384,0.308906,0.114266
5874,-35.8916,204,crash,0,1,0,0.668845,1.260051,0.308844,0.090282
5875,-56.0156,164,crash,0,1,0,0.411223,1.316067,0.308783,0.063555
5876,-13.2848,1000,timeout,0,0,1,0.083099,1.095415,0.308721,0.195883
5877,-6.4535,1000,timeout,0,0,1,0.258209,1.394406,0.308659,0.166025
5878,-43.7018,171,crash,0,1,0,0.468104,0.937998,0.308597,0.22698
5879,3.734,1000,timeout,0,0,1,0.203856,1.851403,0.308536,0.164847
5880,205.6113,681,landed,1,0,0,0.364974,1.519715,0.308474,0.165747
5881,-12.2749,1000,timeout,0,0,1,0.107521,1.171702,0.308412,0.151161
5882,-4.147,1000,timeout,0,0,1,0.14292,1.256706,0.308351,0.123201
5883,-38.9068,1000,timeout,0,0,1,0.159058,1.469216,0.308289,0.158552
5884,-21.0596,1000,timeout,0,0,1,0.076772,1.088209,0.308227,0.105139
5885,-20.049,1000,timeout,0,0,1,0.201513,1.729535,0.308166,0.214682
5886,-45.5452,196,crash,0,1,0,0.917599,1.686957,0.308104,0.116832
5887,-44.0787,1000,timeout,0,0,1,0.039635,0.440744,0.308042,0.219724
5888,-32.6324,1000,timeout,0,0,1,0.074126,1.226278,0.307981,0.136533
5889,-10.9921,1000,timeout,0,0,1,0.137852,1.348324,0.307919,0.137409
5890,-44.7936,164,crash,0,1,0,0.889839,1.503956,0.307858,0.176632
5891,-33.8263,1000,timeout,0,0,1,0.078577,0.900933,0.307796,0.192268
5892,-32.0516,201,crash,0,1,0,0.830024,1.876223,0.307735,0.206817
5893,-45.5652,182,crash,0,1,0,0.794385,1.788861,0.307673,0.130598
5894,-10.5016,1000,timeout,0,0,1,0.185515,1.732955,0.307611,0.160675
5895,6.9659,1000,timeout,0,0,1,0.205894,1.762829,0.30755,0.133963
5896,-2.82,1000,timeout,0,0,1,0.165968,1.323388,0.307488,0.173264
5897,181.2922,395,landed,1,0,0,0.280714,1.392971,0.307427,0.153988
5898,-35.6651,1000,timeout,0,0,1,0.1296,1.440323,0.307365,0.19006
5899,-40.4488,350,crash,0,1,0,0.786771,1.645085,0.307304,0.191708
5900,-44.1299,1000,timeout,0,0,1,0.085659,1.152748,0.307242,0.180454
5901,-84.2995,251,crash,0,1,0,0.712748,1.337556,0.307181,0.124711
5902,171.497,783,landed,1,0,0,0.081449,0.723688,0.30712,0.160102
5903,-29.414,242,crash,0,1,0,0.748468,1.49561,0.307058,0.131798
5904,-51.3098,162,crash,0,1,0,0.571425,1.40594,0.306997,0.249756
5905,-12.571,1000,timeout,0,0,1,0.131376,1.399792,0.306935,0.163275
5906,3.1649,1000,timeout,0,0,1,0.172183,1.5266,0.306874,0.153818
5907,-29.7284,1000,timeout,0,0,1,0.150803,1.521363,0.306813,0.132113
5908,-47.8037,168,crash,0,1,0,0.600288,1.409941,0.306751,0.135855
5909,-25.9283,1000,timeout,0,0,1,0.167583,1.791132,0.30669,0.113889
5910,-41.5402,1000,timeout,0,0,1,0.044458,0.623633,0.306629,0.223941
5911,196.3827,647,landed,1,0,0,0.237218,1.290399,0.306567,0.180107
5912,-47.0607,164,crash,0,1,0,0.585151,1.439622,0.306506,0.175553
5913,176.3699,558,landed,1,0,0,0.107168,1.158415,0.306445,0.229415
5914,-27.5326,1000,timeout,0,0,1,0.097541,1.295536,0.306383,0.166856
5915,187.7303,808,landed,1,0,0,0.26548,1.700044,0.306322,0.205403
5916,180.8971,537,landed,1,0,0,0.197228,1.399519,0.306261,0.17744
5917,210.017,889,landed,1,0,0,0.202595,1.627945,0.3062,0.161612
5918,-33.5607,1000,timeout,0,0,1,0.123594,1.191097,0.306138,0.13252
5919,-12.1301,1000,timeout,0,0,1,0.284785,1.465603,0.306077,0.170549
5920,-60.0434,1000,timeout,0,0,1,0.087054,1.265438,0.306016,0.208515
5921,187.6575,488,landed,1,0,0,0.243905,1.396065,0.305955,0.18646
5922,-54.9224,183,crash,0,1,0,0.877517,1.658717,0.305893,0.095408
5923,-40.1158,1000,timeout,0,0,1,0.113432,1.47829,0.305832,0.158316
5924,-51.3031,172,crash,0,1,0,0.412753,1.224079,0.305771,0.105511
5925,-32.6819,1000,timeout,0,0,1,0.064275,0.929425,0.30571,0.138968
5926,-10.6159,1000,timeout,0,0,1,0.214285,1.750962,0.305649,0.190076
5927,-21.8433,1000,timeout,0,0,1,0.103431,1.332686,0.305588,0.231898
5928,182.7986,660,landed,1,0,0,0.083179,1.060619,0.305527,0.235048
5929,176.8663,698,landed,1,0,0,0.153375,1.406943,0.305465,0.226929
5930,-38.9594,195,crash,0,1,0,0.724749,1.541362,0.305404,0.163906
5931,-18.7504,1000,timeout,0,0,1,0.135485,1.282585,0.305343,0.176843
5932,206.9585,746,landed,1,0,0,0.230257,1.396586,0.305282,0.194163
5933,-57.3826,170,crash,0,1,0,0.19574,0.602793,0.305221,0.206528
5934,-18.624,1000,timeout,0,0,1,0.079816,1.23353,0.30516,0.123086
5935,-18.911,1000,timeout,0,0,1,0.224076,1.596513,0.305099,0.152144
5936,-28.0072,1000,timeout,0,0,1,0.179078,1.670319,0.305038,0.254079
5937,-43.867,175,crash,0,1,0,0.966188,1.685889,0.304977,0.093907
5938,-25.3676,1000,timeout,0,0,1,0.170703,1.781701,0.304916,0.249087
5939,-11.3931,1000,timeout,0,0,1,0.127984,1.401548,0.304855,0.221055
5940,-49.5803,174,crash,0,1,0,1.01927,2.002352,0.304794,0.29806
5941,-3.7905,1000,timeout,0,0,1,0.18841,1.52994,0.304733,0.153562
5942,184.6564,906,landed,1,0,0,0.131028,1.342557,0.304672,0.148856
5943,-22.7168,1000,timeout,0,0,1,0.15209,1.409001,0.304611,0.239718
5944,187.8625,915,landed,1,0,0,0.185982,1.441673,0.30455,0.167866
5945,-48.5001,174,crash,0,1,0,0.842581,1.438118,0.304489,0.188946
5946,-15.8237,1000,timeout,0,0,1,0.10504,1.143783,0.304429,0.151263
5947,-28.3507,1000,timeout,0,0,1,0.094268,1.325885,0.304368,0.166129
5948,199.9044,823,landed,1,0,0,0.240327,1.624008,0.304307,0.174419
5949,-35.6937,182,crash,0,1,0,0.946398,2.049204,0.304246,0.151709
5950,-28.4096,723,crash,0,1,0,0.364308,1.678896,0.304185,0.162659
5951,-38.0051,1000,timeout,0,0,1,0.133014,1.400059,0.304124,0.227753
5952,-9.3633,1000,timeout,0,0,1,0.213559,1.673481,0.304063,0.209789
5953,-19.7071,1000,timeout,0,0,1,0.093374,0.792566,0.304003,0.124512
5954,-53.3402,167,crash,0,1,0,0.288347,1.091982,0.303942,0.180357
5955,-11.0836,1000,timeout,0,0,1,0.148492,1.587099,0.303881,0.243122
5956,-52.4736,161,crash,0,1,0,0.277703,1.008562,0.30382,0.224409
5957,188.7953,373,landed,1,0,0,0.239651,1.206771,0.303759,0.226386
5958,-33.9644,206,crash,0,1,0,0.734825,1.341128,0.303699,0.225408
5959,-45.6853,172,crash,0,1,0,0.597275,1.48434,0.303638,0.056869
5960,-6.7887,1000,timeout,0,0,1,0.185079,1.626093,0.303577,0.235993
5961,179.492,621,landed,1,0,0,0.225148,1.382346,0.303517,0.148649
5962,-58.3967,172,crash,0,1,0,0.157259,0.463477,0.303456,0.172835
5963,200.9478,489,landed,1,0,0,0.427935,1.766235,0.303395,0.193785
5964,-45.8243,221,crash,0,1,0,0.427111,1.378146,0.303334,0.224813
5965,-25.9435,1000,timeout,0,0,1,0.109655,0.967293,0.303274,0.246489
5966,-30.5749,248,crash,0,1,0,0.833389,1.591878,0.303213,0.095589
5967,-28.5852,1000,timeout,0,0,1,0.137199,1.327469,0.303152,0.177365
5968,-26.6807,245,crash,0,1,0,0.798476,1.545764,0.303092,0.079784
5969,-22.7543,1000,timeout,0,0,1,0.192013,1.596622,0.303031,0.131136
5970,-60.1035,183,crash,0,1,0,0.747951,1.618416,0.302971,0.214167
5971,-50.4535,175,crash,0,1,0,0.338905,0.997428,0.30291,0.307042
5972,-58.6768,174,crash,0,1,0,0.239603,0.759062,0.302849,0.186164
5973,-57.2342,157,crash,0,1,0,0.378201,1.055711,0.302789,0.221231
5974,186.4031,354,landed,1,0,0,0.092278,0.508242,0.302728,0.133953
5975,-38.9697,1000,timeout,0,0,1,0.154674,1.488877,0.302668,0.168898
5976,-32.1618,1000,timeout,0,0,1,0.19816,1.603411,0.302607,0.118588
5977,-51.1075,1000,timeout,0,0,1,0.055514,1.028696,0.302547,0.197995
5978,180.0631,961,landed,1,0,0,0.128151,1.313434,0.302486,0.179157
5979,-58.2906,171,crash,0,1,0,0.151684,0.373989,0.302426,0.203431
5980,-42.1711,351,crash,0,1,0,0.572658,1.535401,0.302365,0.153406
5981,7.1303,1000,timeout,0,0,1,0.171226,1.678062,0.302305,0.112286
5982,-3.277,1000,timeout,0,0,1,0.198951,1.723649,0.302244,0.115924
5983,-21.6647,1000,timeout,0,0,1,0.146348,1.569142,0.302184,0.202249
5984,-42.8547,176,crash,0,1,0,0.482988,1.236002,0.302123,0.167042
5985,-56.5099,159,crash,0,1,0,0.08693,0.382817,0.302063,0.289075
5986,-40.9527,289,crash,0,1,0,0.830763,1.406165,0.302003,0.100688
5987,-47.11,182,crash,0,1,0,0.28445,0.667208,0.301942,0.174879
5988,-34.6089,1000,timeout,0,0,1,0.044711,0.445994,0.301882,0.195468
5989,190.8145,480,landed,1,0,0,0.258657,1.500512,0.301821,0.205306
5990,-46.1007,173,crash,0,1,0,0.670423,1.492272,0.301761,0.122157
5991,-38.1484,182,crash,0,1,0,0.780463,1.592798,0.301701,0.217839
5992,-45.4831,198,crash,0,1,0,0.912231,1.492007,0.30164,0.24868
5993,8.4917,1000,timeout,0,0,1,0.181202,1.561579,0.30158,0.222222
5994,-47.9673,178,crash,0,1,0,0.57355,1.423264,0.30152,0.174991
5995,-51.8344,166,crash,0,1,0,0.709394,1.494913,0.301459,0.333461
5996,-56.5936,177,crash,0,1,0,0.374133,0.878566,0.301399,0.125284
5997,188.7122,953,landed,1,0,0,0.11659,1.14277,0.301339,0.217206
5998,178.6889,252,landed,1,0,0,0.138534,0.710704,0.301279,0.222932
5999,-43.6164,187,crash,0,1,0,0.791002,1.703697,0.301218,0.098365
6000,-57.9083,158,crash,0,1,0,0.320201,1.089197,0.301158,0.201476
6001,-43.909,191,crash,0,1,0,0.799535,1.641485,0.301098,0.188151
6002,198.6496,668,landed,1,0,0,0.21267,1.474385,0.301038,0.235605
6003,-44.0786,175,crash,0,1,0,1.024326,1.899687,0.300977,0.182992
6004,-41.1933,224,crash,0,1,0,0.871011,1.605317,0.300917,0.246249
6005,-19.3361,1000,timeout,0,0,1,0.09365,1.36227,0.300857,0.131781
6006,-3.6676,1000,timeout,0,0,1,0.15067,1.522609,0.300797,0.251889
6007,-24.9382,1000,timeout,0,0,1,0.102372,1.563219,0.300737,0.250138
6008,-15.416,521,crash,0,1,0,0.484286,1.614053,0.300677,0.122668
6009,-13.3423,1000,timeout,0,0,1,0.211697,1.711304,0.300616,0.150066
6010,-3.3399,1000,timeout,0,0,1,0.138468,1.589416,0.300556,0.247715
6011,-56.2247,168,crash,0,1,0,0.16989,0.427679,0.300496,0.143145
6012,-23.0133,1000,timeout,0,0,1,0.121103,1.283087,0.300436,0.261357
6013,-40.405,188,crash,0,1,0,0.683641,1.601509,0.300376,0.252617
6014,-7.9355,1000,timeout,0,0,1,0.136217,1.293513,0.300316,0.220882
6015,-58.3377,160,crash,0,1,0,0.32585,1.090307,0.300256,0.337049
6016,195.4377,340,landed,1,0,0,0.338446,1.460476,0.300196,0.228892
6017,-45.4173,181,crash,0,1,0,0.852783,1.686258,0.300136,0.137626
6018,-6.6606,1000,timeout,0,0,1,0.133163,1.527217,0.300076,0.229298
6019,-43.8858,183,crash,0,1,0,0.725932,1.568164,0.300016,0.086061
6020,-19.264,1000,timeout,0,0,1,0.168644,1.568097,0.299956,0.211954
6021,-42.7571,180,crash,0,1,0,0.731435,1.486916,0.299896,0.09964
6022,199.6237,462,landed,1,0,0,0.428289,1.566796,0.299836,0.145253
6023,-48.1861,179,crash,0,1,0,1.035292,2.073249,0.299776,0.132349
6024,-23.4364,1000,timeout,0,0,1,0.173828,1.586401,0.299716,0.224766
6025,-51.8435,171,crash,0,1,0,0.744522,1.40905,0.299656,0.149316
6026,-68.238,222,crash,0,1,0,0.91059,1.697572,0.299596,0.12026
6027,9.6531,1000,timeout,0,0,1,0.212292,1.726077,0.299536,0.22953
6028,-55.7026,169,crash,0,1,0,0.313402,1.185685,0.299476,0.30723
6029,185.0243,460,landed,1,0,0,0.268577,1.388351,0.299416,0.177704
6030,-57.7157,158,crash,0,1,0,0.193216,0.718937,0.299356,0.252713
6031,-40.1786,201,crash,0,1,0,0.764351,1.679949,0.299296,0.089065
6032,-24.5375,1000,timeout,0,0,1,0.125783,1.412139,0.299237,0.253281
6033,-47.453,199,crash,0,1,0,0.91891,1.662879,0.299177,0.346234
6034,-42.5498,1000,timeout,0,0,1,0.12204,1.457762,0.299117,0.189725
6035,213.8678,657,landed,1,0,0,0.279596,1.677508,0.299057,0.156268
6036,-48.9961,173,crash,0,1,0,0.948988,1.721497,0.298997,0.302066
6037,-39.1576,1000,timeout,0,0,1,0.117596,1.422551,0.298938,0.211767
6038,213.2477,496,landed,1,0,0,0.463703,1.672393,0.298878,0.215432
6039,194.8565,586,landed,1,0,0,0.245677,1.398621,0.298818,0.282603
6040,4.1865,1000,timeout,0,0,1,0.187146,1.691048,0.298758,0.25102
6041,-30.3306,1000,timeout,0,0,1,0.142559,1.490038,0.298698,0.23376
6042,-45.2511,184,crash,0,1,0,0.768381,1.479327,0.298639,0.137598
6043,-34.6892,1000,timeout,0,0,1,0.068537,0.885125,0.298579,0.281879
6044,193.7226,816,landed,1,0,0,0.196615,1.461851,0.298519,0.318028
6045,-57.5171,174,crash,0,1,0,0.109223,0.321643,0.29846,0.270217
6046,-56.3668,162,crash,0,1,0,0.175663,0.443226,0.2984,0.293848
6047,2.2213,1000,timeout,0,0,1,0.179162,1.632336,0.29834,0.193967
6048,-46.464,175,crash,0,1,0,0.523232,1.217801,0.29828,0.254396
6049,-41.1218,193,crash,0,1,0,0.561455,1.18222,0.298221,0.208933
6050,9.9159,1000,timeout,0,0,1,0.179277,1.475802,0.298161,0.270109
6051,-36.5612,1000,timeout,0,0,1,0.037765,0.502079,0.298102,0.228105
6052,-38.6379,1000,timeout,0,0,1,0.082406,1.06641,0.298042,0.225876
6053,-35.908,1000,timeout,0,0,1,0.080697,0.797372,0.297982,0.238352
6054,-44.2928,197,crash,0,1,0,0.480973,1.016277,0.297923,0.09172
6055,-44.231,181,crash,0,1,0,0.547183,1.267111,0.297863,0.281007
6056,-56.622,161,crash,0,1,0,0.223795,0.960139,0.297804,0.190776
6057,-49.174,163,crash,0,1,0,0.666785,1.352892,0.297744,0.211327
6058,-25.9312,1000,timeout,0,0,1,0.189176,1.630948,0.297684,0.25418
6059,-5.5674,1000,timeout,0,0,1,0.13136,1.264087,0.297625,0.290098
6060,199.3767,710,landed,1,0,0,0.225575,1.408743,0.297565,0.247471
6061,-6.7267,1000,timeout,0,0,1,0.130242,1.411877,0.297506,0.176298
6062,191.9779,659,landed,1,0,0,0.267636,1.612552,0.297446,0.292457
6063,188.6989,573,landed,1,0,0,0.198743,1.228419,0.297387,0.184809
6064,-52.0988,178,crash,0,1,0,0.296803,0.81154,0.297327,0.163313
6065,-43.1611,184,crash,0,1,0,0.803882,1.59408,0.297268,0.109039
6066,-29.7215,1000,timeout,0,0,1,0.194951,1.498531,0.297209,0.187806
6067,-61.0597,161,crash,0,1,0,0.164209,0.518044,0.297149,0.288622
6068,-42.7701,201,crash,0,1,0,0.89106,1.715397,0.29709,0.273891
6069,-38.5091,1000,timeout,0,0,1,0.082978,1.036208,0.29703,0.231648
6070,-38.7243,196,crash,0,1,0,0.951496,1.820203,0.296971,0.179866
6071,6.2488,1000,timeout,0,0,1,0.259035,1.598161,0.296911,0.122739
6072,196.6131,935,landed,1,0,0,0.172884,1.480739,0.296852,0.236159
6073,-46.9955,181,crash,0,1,0,0.926735,1.514083,0.296793,0.350839
6074,-41.2697,184,crash,0,1,0,0.759589,1.791348,0.296733,0.208096
6075,-42.8646,183,crash,0,1,0,0.733378,1.567437,0.296674,0.262411
6076,177.6974,306,landed,1,0,0,0.067775,0.267651,0.296615,0.273733
6077,-24.422,1000,timeout,0,0,1,0.164636,1.442177,0.296555,0.320751
6078,-12.4528,1000,timeout,0,0,1,0.121908,1.164459,0.296496,0.231626
6079,-57.246,161,crash,0,1,0,0.208809,0.791672,0.296437,0.164766
6080,-9.0045,1000,timeout,0,0,1,0.197194,1.616961,0.296377,0.205091
6081,-40.5176,194,crash,0,1,0,0.826275,1.596438,0.296318,0.092025
6082,-11.9096,1000,timeout,0,0,1,0.187095,1.566916,0.296259,0.266668
6083,-59.5663,167,crash,0,1,0,0.093115,0.298211,0.2962,0.26916
6084,-30.256,1000,timeout,0,0,1,0.047308,0.663672,0.29614,0.319083
6085,-22.45,1000,timeout,0,0,1,0.092119,1.007018,0.296081,0.226407
6086,-22.6756,1000,timeout,0,0,1,0.165801,1.485566,0.296022,0.190891
6087,-40.8103,1000,timeout,0,0,1,0.032057,0.538042,0.295963,0.214543
6088,-21.5177,1000,timeout,0,0,1,0.174532,1.505813,0.295904,0.210533
6089,-15.2907,1000,timeout,0,0,1,0.207762,1.577167,0.295844,0.289155
6090,-10.5634,1000,timeout,0,0,1,0.088162,0.800403,0.295785,0.171735
6091,-46.7435,189,crash,0,1,0,0.933906,1.647717,0.295726,0.219453
6092,7.4438,1000,timeout,0,0,1,0.190756,1.644745,0.295667,0.273448
6093,-59.5319,171,crash,0,1,0,0.112201,0.385069,0.295608,0.273338
6094,-14.7821,1000,timeout,0,0,1,0.089106,0.992414,0.295549,0.197543
6095,16.9955,1000,timeout,0,0,1,0.271769,1.79741,0.29549,0.219831
6096,-15.9057,1000,timeout,0,0,1,0.164872,1.748875,0.29543,0.174227
6097,-15.4383,1000,timeout,0,0,1,0.082981,0.917441,0.295371,0.178302
6098,-30.3698,1000,timeout,0,0,1,0.097804,1.33731,0.295312,0.298512
6099,-51.1096,180,crash,0,1,0,0.209406,0.537297,0.295253,0.091082
6100,-53.4908,165,crash,0,1,0,0.259105,0.538042,0.295194,0.207999
6101,-39.5959,197,crash,0,1,0,0.356269,1.165948,0.295135,0.3787
6102,-52.9933,180,crash,0,1,0,0.302823,0.888177,0.295076,0.295154
6103,-12.6564,1000,timeout,0,0,1,0.111867,1.429442,0.295017,0.226565
6104,-34.6832,1000,timeout,0,0,1,0.023527,0.380346,0.294958,0.201073
6105,-46.3479,173,crash,0,1,0,0.699471,1.55713,0.294899,0.274424
6106,-9.7407,1000,timeout,0,0,1,0.209467,1.629498,0.29484,0.174762
6107,-9.1766,1000,timeout,0,0,1,0.114943,1.187522,0.294781,0.174175
6108,-56.9905,162,crash,0,1,0,0.174748,0.431131,0.294722,0.025882
6109,-51.6061,184,crash,0,1,0,0.844865,1.618357,0.294663,0.165021
6110,-57.957,171,crash,0,1,0,0.179865,0.520307,0.294604,0.132442
6111,-53.34,169,crash,0,1,0,0.258272,0.652853,0.294545,0.216969
6112,-40.2323,227,crash,0,1,0,0.680797,1.528151,0.294486,0.28704
6113,-59.4654,170,crash,0,1,0,0.149887,0.533816,0.294428,0.239622
6114,-17.061,669,crash,0,1,0,0.389333,1.760409,0.294369,0.187481
6115,-43.8237,195,crash,0,1,0,0.606157,1.226937,0.29431,0.082194
6116,-66.0158,173,crash,0,1,0,0.140727,0.400548,0.294251,0.448602
6117,-59.3546,166,crash,0,1,0,0.185612,0.752916,0.294192,0.199297
6118,-57.6584,161,crash,0,1,0,0.144899,0.50334,0.294133,0.155354
6119,-8.5046,1000,timeout,0,0,1,0.218381,1.56521,0.294074,0.208103
6120,-39.8755,1000,timeout,0,0,1,0.082889,1.240476,0.294016,0.229452
6121,-4.35,1000,timeout,0,0,1,0.163325,1.513068,0.293957,0.310371
6122,-57.7037,172,crash,0,1,0,0.233116,0.648963,0.293898,0.395164
6123,-44.8678,181,crash,0,1,0,0.300224,0.745893,0.293839,0.206862
6124,-41.2651,183,crash,0,1,0,0.501131,1.407077,0.29378,0.256079
6125,-44.3407,188,crash,0,1,0,0.836093,1.502609,0.293722,0.284789
6126,-10.2396,1000,timeout,0,0,1,0.151182,1.632189,0.293663,0.21221
6127,-60.4738,160,crash,0,1,0,0.149372,0.405268,0.293604,0.207765
6128,-47.3913,168,crash,0,1,0,0.587342,1.324164,0.293546,0.130274
6129,196.5807,804,landed,1,0,0,0.16886,1.353698,0.293487,0.251102
6130,-1.4686,1000,timeout,0,0,1,0.123554,1.154437,0.293428,0.217039
6131,-49.0644,171,crash,0,1,0,0.655026,1.542556,0.293369,0.234615
6132,-30.4381,1000,timeout,0,0,1,0.047836,0.664841,0.293311,0.215498
6133,-42.6115,1000,timeout,0,0,1,0.075815,0.728016,0.293252,0.24102
6134,175.2862,422,landed,1,0,0,0.091352,0.717612,0.293193,0.212539
6135,-4.2957,1000,timeout,0,0,1,0.142562,1.687097,0.293135,0.201264
6136,-60.6003,159,crash,0,1,0,0.233674,0.828205,0.293076,0.098506
6137,-44.4271,179,crash,0,1,0,0.832526,1.66741,0.293018,0.270997
6138,-43.9109,184,crash,0,1,0,0.781823,1.632221,0.292959,0.161707
6139,170.6338,443,landed,1,0,0,0.075017,0.58764,0.2929,0.16165
6140,-25.6088,1000,timeout,0,0,1,0.149577,1.651171,0.292842,0.17843
6141,205.2363,823,landed,1,0,0,0.206995,1.6264,0.292783,0.177419
6142,201.5013,756,landed,1,0,0,0.168118,1.53772,0.292725,0.234185
6143,-54.9693,175,crash,0,1,0,0.126084,0.463477,0.292666,0.189575
6144,-35.0841,1000,timeout,0,0,1,0.015934,0.238763,0.292608,0.236011
6145,-33.6237,1000,timeout,0,0,1,0.030752,0.448544,0.292549,0.277578
6146,-2.2284,1000,timeout,0,0,1,0.107159,1.13761,0.292491,0.241627
6147,-47.4499,196,crash,0,1,0,0.939565,1.924134,0.292432,0.124937
6148,-43.9327,184,crash,0,1,0,0.597469,1.456516,0.292374,0.24753
6149,197.9461,439,landed,1,0,0,0.360602,1.392234,0.292315,0.31397
6150,-58.7101,167,crash,0,1,0,0.205156,0.506871,0.292257,0.295529
6151,-57.7857,169,crash,0,1,0,0.205997,0.801661,0.292198,0.012402
6152,-53.2025,166,crash,0,1,0,0.157096,0.341614,0.29214,0.34358
6153,-43.9876,1000,timeout,0,0,1,0.054818,1.013666,0.292081,0.196847
6154,-47.8677,183,crash,0,1,0,0.279771,0.939684,0.292023,0.243067
6155,-55.8646,161,crash,0,1,0,0.099504,0.319556,0.291964,0.248403
6156,-42.4562,192,crash,0,1,0,0.890449,1.609293,0.291906,0.263168
6157,-17.6175,1000,timeout,0,0,1,0.207256,1.702919,0.291848,0.245675
6158,-37.4785,183,crash,0,1,0,0.948138,1.643334,0.291789,0.275489
6159,196.6399,911,landed,1,0,0,0.147379,1.47826,0.291731,0.228085
6160,-61.8484,163,crash,0,1,0,0.142059,0.452969,0.291673,0.340061
6161,-33.1702,1000,timeout,0,0,1,0.069672,0.803369,0.291614,0.146277
6162,-15.1067,1000,timeout,0,0,1,0.149861,1.494238,0.291556,0.263467
6163,-59.5524,155,crash,0,1,0,0.218458,0.610089,0.291498,0.283594
6164,-37.9163,206,crash,0,1,0,0.79566,1.660962,0.291439,0.252647
6165,202.0256,963,landed,1,0,0,0.163421,1.634494,0.291381,0.188738
6166,-56.3763,158,crash,0,1,0,0.131646,0.275341,0.291323,0.34865
6167,-38.2116,202,crash,0,1,0,0.788396,1.546255,0.291265,0.315465
6168,186.7497,958,landed,1,0,0,0.085982,0.883277,0.291206,0.268433
6169,7.1728,1000,timeout,0,0,1,0.158068,1.529432,0.291148,0.259698
6170,-54.6839,170,crash,0,1,0,0.216722,0.808442,0.29109,0.168461
6171,179.1298,265,landed,1,0,0,0.123809,0.585172,0.291032,0.21062
6172,-54.7481,161,crash,0,1,0,0.1108,0.301629,0.290973,0.184703
6173,6.9674,1000,timeout,0,0,1,0.153679,1.538169,0.290915,0.157521
6174,-58.2688,172,crash,0,1,0,0.174591,0.443256,0.290857,0.370998
6175,-64.3574,166,crash,0,1,0,0.122216,0.459726,0.290799,0.108411
6176,-8.8449,1000,timeout,0,0,1,0.193063,1.510837,0.290741,0.194405
6177,-40.7295,181,crash,0,1,0,0.445778,1.129564,0.290683,0.255005
6178,-45.9848,187,crash,0,1,0,0.35949,0.805301,0.290624,0.163663
6179,-56.0794,163,crash,0,1,0,0.205996,0.629874,0.290566,0.320667
6180,-36.105,180,crash,0,1,0,0.516871,1.333172,0.290508,0.157865
6181,-62.2284,228,crash,0,1,0,0.831812,1.671083,0.29045,0.206055
6182,-56.1864,160,crash,0,1,0,0.115278,0.415533,0.290392,0.096644
6183,199.6039,829,landed,1,0,0,0.151391,0.959171,0.290334,0.203567
6184,4.4634,1000,timeout,0,0,1,0.170367,1.488144,0.290276,0.210011
6185,-52.0942,175,crash,0,1,0,0.266608,0.531217,0.290218,0.092079
6186,-47.1199,175,crash,0,1,0,0.680685,1.546916,0.29016,0.484203
6187,-57.1762,172,crash,0,1,0,0.141123,0.404971,0.290102,0.136539
6188,-50.3748,185,crash,0,1,0,0.217382,0.674561,0.290044,0.243876
6189,-21.4429,1000,timeout,0,0,1,0.186177,1.713452,0.289986,0.258868
6190,-30.5817,1000,timeout,0,0,1,0.037587,0.561227,0.289928,0.268775
6191,-49.173,188,crash,0,1,0,0.248675,0.608864,0.28987,0.223765
6192,-7.8902,1000,timeout,0,0,1,0.111522,1.23734,0.289812,0.301145
6193,-42.0699,188,crash,0,1,0,0.847913,1.714488,0.289754,0.137311
6194,-59.3009,172,crash,0,1,0,0.079977,0.28159,0.289696,0.220068
6195,5.6502,1000,timeout,0,0,1,0.195428,1.655565,0.289638,0.216111
6196,-46.7129,200,crash,0,1,0,0.858707,1.787973,0.28958,0.388377
6197,-53.2664,175,crash,0,1,0,0.205647,0.622163,0.289522,0.177421
6198,-29.6554,1000,timeout,0,0,1,0.140482,1.30747,0.289464,0.225971
6199,-39.3527,196,crash,0,1,0,0.780916,1.628241,0.289406,0.04884
6200,-44.7678,236,crash,0,1,0,0.91662,1.693568,0.289348,0.386121
6201,-49.2389,176,crash,0,1,0,0.732153,1.492637,0.28929,0.256402
6202,-61.8322,159,crash,0,1,0,0.098394,0.338146,0.289233,0.399468
6203,-20.4388,1000,timeout,0,0,1,0.154194,1.530371,0.289175,0.273167
6204,-56.0603,175,crash,0,1,0,0.226327,0.452334,0.289117,0.233071
6205,-12.3762,1000,timeout,0,0,1,0.188542,1.676398,0.289059,0.293988
6206,-11.665,1000,timeout,0,0,1,0.10463,1.085246,0.289001,0.227308
6207,-10.5502,1000,timeout,0,0,1,0.14123,1.395509,0.288943,0.322745
6208,-35.9118,189,crash,0,1,0,0.652215,1.5798,0.288886,0.767242
6209,-29.7054,1000,timeout,0,0,1,0.043964,0.490776,0.288828,0.225379
6210,-44.8954,1000,timeout,0,0,1,0.015282,0.252705,0.28877,0.287303
6211,-57.2521,171,crash,0,1,0,0.127694,0.373941,0.288712,0.274096
6212,-59.3269,175,crash,0,1,0,0.225463,0.726627,0.288655,0.308902
6213,-25.7144,1000,timeout,0,0,1,0.053537,0.679611,0.288597,0.218135
6214,-47.4647,169,crash,0,1,0,0.657161,1.468065,0.288539,0.242264
6215,-44.0059,177,crash,0,1,0,0.390365,1.120047,0.288482,0.381884
6216,-56.0515,161,crash,0,1,0,0.188609,0.664133,0.288424,0.305996
6217,-62.6558,171,crash,0,1,0,0.100314,0.311311,0.288366,0.389733
6218,-50.054,165,crash,0,1,0,0.730853,1.632562,0.288308,0.282039
6219,-44.687,171,crash,0,1,0,0.741298,1.56997,0.288251,0.233547
6220,-46.2344,172,crash,0,1,0,0.618438,1.362006,0.288193,0.373539
6221,-58.0696,170,crash,0,1,0,0.16289,0.406283,0.288135,0.176069
6222,-32.3991,1000,timeout,0,0,1,0.027775,0.533546,0.288078,0.231149
6223,-45.5391,186,crash,0,1,0,0.307948,0.684943,0.28802,0.334783
6224,-31.3618,189,crash,0,1,0,0.985032,1.838421,0.287963,0.165614
6225,-60.2035,170,crash,0,1,0,0.102564,0.533454,0.287905,0.194402
6226,169.5775,875,landed,1,0,0,0.033211,0.435856,0.287847,0.193334
6227,-40.3305,184,crash,0,1,0,0.723838,1.604399,0.28779,0.306044
6228,-64.0348,165,crash,0,1,0,0.099842,0.307538,0.287732,0.336757
6229,-56.9362,205,crash,0,1,0,0.203278,0.554857,0.287675,0.279221
6230,-4.4046,1000,timeout,0,0,1,0.165749,1.479288,0.287617,0.28353
6231,167.6757,788,landed,1,0,0,0.038206,0.452274,0.28756,0.196094
6232,-39.3697,185,crash,0,1,0,0.839201,1.798075,0.287502,0.144996
6233,-37.805,1000,timeout,0,0,1,0.075833,0.798582,0.287445,0.27779
6234,-40.2145,188,crash,0,1,0,0.775084,1.745554,0.287387,0.098116
6235,-29.9027,205,crash,0,1,0,0.862901,1.676017,0.28733,0.410016
6236,-0.4605,1000,timeout,0,0,1,0.173323,1.590954,0.287272,0.220789
6237,-27.5722,1000,timeout,0,0,1,0.037137,0.484651,0.287215,0.308541
6238,-45.9628,1000,timeout,0,0,1,0.122959,0.857624,0.287157,0.221384
6239,-23.2417,1000,timeout,0,0,1,0.182548,1.61451,0.2871,0.34638
6240,-11.4905,1000,timeout,0,0,1,0.153099,1.523831,0.287043,0.314819
6241,-58.8935,162,crash,0,1,0,0.178868,0.729332,0.286985,0.249502
6242,221.5669,569,landed,1,0,0,0.33217,1.400204,0.286928,0.240044
6243,-51.3324,179,crash,0,1,0,0.280341,0.710834,0.28687,0.302521
6244,177.7285,563,landed,1,0,0,0.05758,0.558599,0.286813,0.290835
6245,-63.1043,166,crash,0,1,0,0.108432,0.460419,0.286756,0.15763
6246,-43.9418,183,crash,0,1,0,0.938327,1.525833,0.286698,0.394945
6247,7.4137,1000,timeout,0,0,1,0.202018,1.674356,0.286641,0.264285
6248,-56.0575,160,crash,0,1,0,0.082423,0.309751,0.286584,0.437176
6249,-56.0158,1000,timeout,0,0,1,0.023786,0.293914,0.286526,0.242392
6250,-43.3149,190,crash,0,1,0,0.392933,1.119347,0.286469,0.432144
6251,-58.761,165,crash,0,1,0,0.106608,0.35109,0.286412,0.494853
6252,211.036,540,landed,1,0,0,0.327535,1.61066,0.286354,0.276787
6253,-46.4159,192,crash,0,1,0,0.290173,0.684814,0.286297,0.199683
6254,-57.5368,1000,timeout,0,0,1,0.016041,0.365293,0.28624,0.285288
6255,-27.1225,1000,timeout,0,0,1,0.043225,0.438147,0.286183,0.271119
6256,-63.1278,155,crash,0,1,0,0.133735,0.34872,0.286125,0.260268
6257,-60.984,167,crash,0,1,0,0.137266,0.388159,0.286068,0.191868
6258,-35.8533,240,crash,0,1,0,0.555553,1.348534,0.286011,0.28677
6259,-43.2521,178,crash,0,1,0,0.572939,1.389554,0.285954,0.13883
6260,-19.1882,1000,timeout,0,0,1,0.062393,0.533416,0.285897,0.311587
6261,-42.8878,179,crash,0,1,0,0.426602,1.35467,0.285839,0.322748
6262,-57.6799,168,crash,0,1,0,0.183935,0.625577,0.285782,0.147305
6263,198.6084,849,landed,1,0,0,0.210546,1.622794,0.285725,0.235957
6264,-20.2486,1000,timeout,0,0,1,0.154001,1.340881,0.285668,0.261577
6265,-32.9262,218,crash,0,1,0,0.820177,1.560096,0.285611,0.264731
6266,-29.8607,526,crash,0,1,0,0.179964,0.822387,0.285554,0.282138
6267,-37.5427,1000,timeout,0,0,1,0.01768,0.233672,0.285497,0.294676
6268,-42.4789,184,crash,0,1,0,0.543357,1.427191,0.285439,0.211239
6269,16.7589,1000,timeout,0,0,1,0.252235,1.748177,0.285382,0.250294
6270,181.1562,430,landed,1,0,0,0.099497,0.518501,0.285325,0.259714
6271,-54.4942,165,crash,0,1,0,0.372877,1.217022,0.285268,0.292961
6272,19.8141,1000,timeout,0,0,1,0.216258,1.549217,0.285211,0.248744
6273,-62.9294,163,crash,0,1,0,0.09265,0.278598,0.285154,0.201648
6274,-11.9014,1000,timeout,0,0,1,0.209574,1.366754,0.285097,0.22438
6275,-19.8992,1000,timeout,0,0,1,0.146449,1.488471,0.28504,0.202689
6276,-52.4237,170,crash,0,1,0,0.780849,1.607415,0.284983,0.514098
6277,-27.4353,211,crash,0,1,0,0.862708,1.621765,0.284926,0.200641
6278,2.3048,1000,timeout,0,0,1,0.173717,1.535625,0.284869,0.247516
6279,-37.6612,1000,timeout,0,0,1,0.02697,0.360702,0.284812,0.227966
6280,-54.3768,166,crash,0,1,0,0.201151,0.466692,0.284755,0.261275
6281,217.7354,756,landed,1,0,0,0.231185,1.396234,0.284698,0.27463
6282,-60.6305,159,crash,0,1,0,0.12469,0.262891,0.284641,0.204439
6283,5.29,1000,timeout,0,0,1,0.198339,1.5901,0.284584,0.210793
6284,-40.5686,181,crash,0,1,0,0.827544,1.612883,0.284527,0.293955
6285,-34.759,1000,timeout,0,0,1,0.025419,0.311448,0.284471,0.169221
6286,-60.5194,158,crash,0,1,0,0.116488,0.300666,0.284414,0.320136
6287,9.5728,1000,timeout,0,0,1,0.197376,1.59126,0.284357,0.26152
6288,-51.6145,162,crash,0,1,0,0.589191,1.421051,0.2843,0.188229
6289,-62.5223,158,crash,0,1,0,0.127506,0.598616,0.284243,0.191411
6290,-42.6038,174,crash,0,1,0,0.503913,1.35163,0.284186,0.356269
6291,171.531,686,landed,1,0,0,0.061278,0.411679,0.284129,0.258193
6292,-5.0801,1000,timeout,0,0,1,0.154006,1.412768,0.284072,0.32547
6293,-51.267,165,crash,0,1,0,0.726257,1.552219,0.284016,0.182475
6294,-0.879,1000,timeout,0,0,1,0.275513,1.843605,0.283959,0.268147
6295,-58.8663,181,crash,0,1,0,0.168817,0.382613,0.283902,0.102008
6296,-25.6858,1000,timeout,0,0,1,0.166081,1.736053,0.283845,0.283771
6297,-58.2519,173,crash,0,1,0,0.139188,0.408413,0.283789,0.227666
6298,-48.301,239,crash,0,1,0,0.856083,1.76304,0.283732,0.264543
6299,-35.5632,1000,timeout,0,0,1,0.029355,0.451045,0.283675,0.217807
6300,217.5119,921,landed,1,0,0,0.25274,1.866664,0.283618,0.219344
6301,-44.4191,170,crash,0,1,0,0.855219,1.732773,0.283562,0.258428
6302,-39.2902,188,crash,0,1,0,0.716112,1.592955,0.283505,0.379594
6303,-57.2524,162,crash,0,1,0,0.078081,0.250797,0.283448,0.14817
6304,-28.1146,208,crash,0,1,0,0.8424,1.538771,0.283391,0.306999
6305,-56.5739,174,crash,0,1,0,0.064722,0.282529,0.283335,0.323765
6306,201.9643,634,landed,1,0,0,0.230393,1.631587,0.283278,0.244765
6307,-58.0081,189,crash,0,1,0,0.183702,0.368139,0.283221,0.174171
6308,-62.1076,159,crash,0,1,0,0.147451,0.354149,0.283165,0.260141
6309,-56.8987,165,crash,0,1,0,0.102543,0.388159,0.283108,0.233483
6310,-54.8587,184,crash,0,1,0,0.105749,0.345262,0.283052,0.292565
6311,16.8287,1000,timeout,0,0,1,0.217244,1.451798,0.282995,0.191827
6312,-37.5331,1000,timeout,0,0,1,0.160448,1.281753,0.282938,0.190638
6313,-29.763,1000,timeout,0,0,1,0.032424,0.50045,0.282882,0.247311
6314,-63.3278,163,crash,0,1,0,0.101251,0.309751,0.282825,0.392672
6315,-69.3344,173,crash,0,1,0,0.138127,0.405628,0.282769,0.305273
6316,1.7809,1000,timeout,0,0,1,0.159996,1.350728,0.282712,0.185549
6317,-65.3776,200,crash,0,1,0,0.165922,0.567969,0.282656,0.223586
6318,-8.9615,1000,timeout,0,0,1,0.15068,1.480712,0.282599,0.164571
6319,-52.7736,1000,timeout,0,0,1,0.033597,0.404145,0.282542,0.167076
6320,-65.7386,158,crash,0,1,0,0.174261,0.337889,0.282486,0.22809
6321,202.7633,517,landed,1,0,0,0.277437,1.338845,0.282429,0.221511
6322,-66.5807,172,crash,0,1,0,0.082443,0.29689,0.282373,0.266613
6323,1.6523,1000,timeout,0,0,1,0.239157,1.818502,0.282317,0.299034
6324,-53.2246,168,crash,0,1,0,1.000403,1.739518,0.28226,0.146296
6325,-40.2672,176,crash,0,1,0,0.588567,1.514168,0.282204,0.335656
6326,-62.8585,150,crash,0,1,0,0.116351,0.394495,0.282147,0.158549
6327,-64.4841,797,crash,0,1,0,0.112652,0.600744,0.282091,0.244781
6328,197.4489,502,landed,1,0,0,0.312802,1.411502,0.282034,0.345719
6329,-55.6499,167,crash,0,1,0,0.10483,0.31208,0.281978,0.349943
6330,165.5252,787,landed,1,0,0,0.045133,0.459673,0.281921,0.258882
6331,-37.7524,193,crash,0,1,0,0.726422,1.297716,0.281865,0.316578
6332,-50.7042,1000,timeout,0,0,1,0.032559,0.465002,0.281809,0.282035
6333,-56.0598,161,crash,0,1,0,0.088933,0.445399,0.281752,0.314202
6334,-16.867,1000,timeout,0,0,1,0.201968,1.682647,0.281696,0.213196
6335,164.7585,877,landed,1,0,0,0.019513,0.263309,0.28164,0.250756
6336,-3.8731,1000,timeout,0,0,1,0.153634,1.641181,0.281583,0.200682
6337,-33.2381,1000,timeout,0,0,1,0.025049,0.276136,0.281527,0.245523
6338,-66.538,164,crash,0,1,0,0.105256,0.373017,0.281471,0.324683
6339,-5.3516,1000,timeout,0,0,1,0.151605,1.695543,0.281414,0.211209
6340,-54.5615,179,crash,0,1,0,0.114808,0.421216,0.281358,0.131315
6341,-37.556,782,crash,0,1,0,0.340546,1.538382,0.281302,0.264069
6342,-1.6591,1000,timeout,0,0,1,0.155797,1.580806,0.281246,0.237591
6343,-36.9334,181,crash,0,1,0,0.675804,1.7145,0.281189,0.130703
6344,-60.6729,163,crash,0,1,0,0.140306,0.496046,0.281133,0.415667
6345,-21.9525,1000,timeout,0,0,1,0.151506,1.429324,0.281077,0.247819
6346,-47.0232,170,crash,0,1,0,0.958333,1.724348,0.281021,0.415882
6347,197.047,914,landed,1,0,0,0.145379,1.551446,0.280964,0.312386
6348,-58.8865,181,crash,0,1,0,0.126852,0.338071,0.280908,0.2049
6349,-62.1885,158,crash,0,1,0,0.16268,0.436081,0.280852,0.155208
6350,-64.6833,1000,timeout,0,0,1,0.105356,0.609555,0.280796,0.227689
6351,-2.4212,1000,timeout,0,0,1,0.174395,1.471611,0.28074,0.219748
6352,-61.894,153,crash,0,1,0,0.120335,0.334286,0.280684,0.268899
6353,-34.3293,1000,timeout,0,0,1,0.025949,0.426282,0.280628,0.275951
6354,-63.1387,204,crash,0,1,0,0.152082,0.409387,0.280571,0.259141
6355,204.7496,649,landed,1,0,0,0.361326,1.61187,0.280515,0.27734
6356,-54.5415,167,crash,0,1,0,0.197139,0.711228,0.280459,0.337673
6357,188.1039,413,landed,1,0,0,0.392236,1.664598,0.280403,0.210155
6358,-63.5338,150,crash,0,1,0,0.090638,0.358652,0.280347,0.174608
6359,170.2565,416,landed,1,0,0,0.049485,0.288683,0.280291,0.221494
6360,-49.8796,201,crash,0,1,0,1.15089,2.707919,0.280235,0.117595
6361,216.6608,541,landed,1,0,0,0.355555,1.513849,0.280179,0.303656
6362,-19.4985,1000,timeout,0,0,1,0.264037,1.687009,0.280123,0.277997
6363,-44.8935,171,crash,0,1,0,0.548865,1.396911,0.280067,0.358896
6364,-49.241,182,crash,0,1,0,0.276074,1.09278,0.280011,0.359658
6365,-34.4031,1000,timeout,0,0,1,0.015983,0.229129,0.279955,0.230681
6366,192.8001,946,landed,1,0,0,0.172442,1.392087,0.279899,0.28756
6367,-32.7109,1000,timeout,0,0,1,0.033727,0.601011,0.279843,0.236996
6368,-28.3047,1000,timeout,0,0,1,0.112328,1.51354,0.279787,0.295646
6369,210.9529,633,landed,1,0,0,0.406241,1.670102,0.279731,0.215992
6370,212.6849,448,landed,1,0,0,0.473679,1.62773,0.279675,0.21227
6371,-64.1152,166,crash,0,1,0,0.112488,0.299444,0.279619,0.474077
6372,0.6922,1000,timeout,0,0,1,0.183142,1.525936,0.279563,0.181657
6373,-68.0338,171,crash,0,1,0,0.084006,0.26317,0.279507,0.220401
6374,188.1347,605,landed,1,0,0,0.141133,1.207057,0.279451,0.116085
6375,-65.5833,1000,timeout,0,0,1,0.027749,0.348675,0.279395,0.25203
6376,-65.3472,177,crash,0,1,0,0.105238,0.299926,0.279339,0.305219
6377,-34.1975,1000,timeout,0,0,1,0.036854,0.416362,0.279284,0.229278
6378,-64.7793,175,crash,0,1,0,0.16549,0.435703,0.279228,0.275606
6379,10.958,1000,timeout,0,0,1,0.249432,1.700663,0.279172,0.283487
6380,179.5558,427,landed,1,0,0,0.071816,0.560388,0.279116,0.260402
6381,170.3559,636,landed,1,0,0,0.046655,0.659244,0.27906,0.240824
6382,-2.9783,1000,timeout,0,0,1,0.146073,1.511243,0.279004,0.22861
6383,205.2504,783,landed,1,0,0,0.219291,1.580638,0.278949,0.259742
6384,-34.6733,195,crash,0,1,0,0.640324,1.412676,0.278893,0.193137
6385,-62.9791,160,crash,0,1,0,0.137518,0.375985,0.278837,0.195543
6386,-44.6076,182,crash,0,1,0,0.512486,1.019928,0.278781,0.243205
6387,-67.3131,182,crash,0,1,0,0.161283,0.429623,0.278726,0.189841
6388,199.7515,999,landed,1,0,0,0.171144,1.461597,0.27867,0.202054
6389,214.0172,861,landed,1,0,0,0.191083,1.370755,0.278614,0.167192
6390,-18.5957,1000,timeout,0,0,1,0.155443,1.51279,0.278558,0.310125
6391,-40.5937,254,crash,0,1,0,0.91889,1.768459,0.278503,0.401453
6392,-53.5731,178,crash,0,1,0,0.104379,0.356669,0.278447,0.052287
6393,-31.4859,192,crash,0,1,0,0.650227,1.368683,0.278391,0.207871
6394,186.0779,400,landed,1,0,0,0.138284,1.034565,0.278336,0.271932
6395,-17.9266,1000,timeout,0,0,1,0.209865,1.696151,0.27828,0.212253
6396,-35.0328,1000,timeout,0,0,1,0.037186,0.637755,0.278224,0.228602
6397,-57.7338,163,crash,0,1,0,0.106504,0.435326,0.278169,0.207486
6398,-54.8091,226,crash,0,1,0,0.851099,1.558101,0.278113,0.081301
6399,-11.7773,1000,timeout,0,0,1,0.163054,1.578633,0.278057,0.150594
6400,1.6224,1000,timeout,0,0,1,0.157518,1.584515,0.278002,0.237118
6401,-52.444,162,crash,0,1,0,0.499907,1.281602,0.277946,0.103698
6402,-41.3648,181,crash,0,1,0,0.420708,1.42236,0.277891,0.172127
6403,2.0551,1000,timeout,0,0,1,0.233915,1.77108,0.277835,0.167198
6404,193.2025,942,landed,1,0,0,0.164807,1.653193,0.277779,0.245743
6405,-47.2702,175,crash,0,1,0,0.715535,1.332674,0.277724,0.329074
6406,189.6079,409,landed,1,0,0,0.317921,1.617384,0.277668,0.163506
6407,193.8758,839,landed,1,0,0,0.190071,1.513695,0.277613,0.202612
6408,-42.1511,176,crash,0,1,0,0.453424,1.185202,0.277557,0.095403
6409,-8.9098,1000,timeout,0,0,1,0.156883,1.437558,0.277502,0.179407
6410,165.2842,614,landed,1,0,0,0.041951,0.651728,0.277446,0.203701
6411,-60.2001,167,crash,0,1,0,0.139799,0.418161,0.277391,0.185979
6412,169.5204,587,landed,1,0,0,0.044848,0.365332,0.277335,0.389689
6413,-0.0932,1000,timeout,0,0,1,0.169336,1.543766,0.27728,0.218221
6414,-11.6552,1000,timeout,0,0,1,0.128111,1.337574,0.277224,0.222936
6415,-14.2367,1000,timeout,0,0,1,0.136813,1.544226,0.277169,0.249854
6416,-23.9091,1000,timeout,0,0,1,0.18131,1.531322,0.277113,0.176926
6417,-3.8733,1000,timeout,0,0,1,0.156339,1.507444,0.277058,0.225228
6418,-2.2781,1000,timeout,0,0,1,0.141547,1.413797,0.277003,0.168095
6419,11.1053,1000,timeout,0,0,1,0.215298,1.670744,0.276947,0.17857
6420,-56.895,153,crash,0,1,0,0.211548,0.89402,0.276892,0.159285
6421,-41.3964,165,crash,0,1,0,0.639686,1.596673,0.276836,0.177107
6422,-49.3031,1000,timeout,0,0,1,0.036675,0.783153,0.276781,0.254028
6423,4.2182,1000,timeout,0,0,1,0.198213,1.54213,0.276726,0.209728
6424,-56.1689,153,crash,0,1,0,0.143975,0.681215,0.27667,0.262839
6425,-39.7416,179,crash,0,1,0,0.638048,1.627929,0.276615,0.227046
6426,-46.0179,171,crash,0,1,0,0.911013,1.532317,0.27656,0.21682
6427,191.0488,879,landed,1,0,0,0.153147,1.335503,0.276504,0.196373
6428,-54.9563,1000,timeout,0,0,1,0.023659,0.589068,0.276449,0.173034
6429,168.3559,763,landed,1,0,0,0.026059,0.283872,0.276394,0.263977
6430,-51.7007,1000,timeout,0,0,1,0.040491,0.799369,0.276339,0.191504
6431,-54.888,166,crash,0,1,0,0.591611,1.253279,0.276283,0.329198
6432,-14.3095,1000,timeout,0,0,1,0.17432,1.438659,0.276228,0.235254
6433,2.9371,1000,timeout,0,0,1,0.203303,1.623484,0.276173,0.195408
6434,-65.2851,162,crash,0,1,0,0.1181,0.375458,0.276118,0.138709
6435,9.3098,1000,timeout,0,0,1,0.184669,1.482996,0.276062,0.202593
6436,-51.0845,164,crash,0,1,0,0.87665,1.562948,0.276007,0.439085
6437,213.9117,389,landed,1,0,0,0.516404,1.644675,0.275952,0.137539
6438,-15.873,1000,timeout,0,0,1,0.11748,1.36244,0.275897,0.189079
6439,-66.9361,159,crash,0,1,0,0.160261,0.661075,0.275842,0.228968
6440,-16.3303,1000,timeout,0,0,1,0.134831,1.42749,0.275786,0.171278
6441,-47.2039,167,crash,0,1,0,0.839428,1.716163,0.275731,0.014908
6442,-52.7947,167,crash,0,1,0,0.301772,1.145815,0.275676,0.349602
6443,-48.1415,171,crash,0,1,0,0.43539,1.109022,0.275621,0.184644
6444,-40.7727,172,crash,0,1,0,0.625847,1.363516,0.275566,0.05686
6445,-49.0834,167,crash,0,1,0,0.382165,0.956218,0.275511,0.190135
6446,-10.5762,1000,timeout,0,0,1,0.11719,1.332317,0.275456,0.224777
6447,-29.6422,231,crash,0,1,0,0.783865,2.020976,0.2754,0.16304
6448,-46.1841,197,crash,0,1,0,0.328554,0.852789,0.275345,0.150032
6449,-39.3843,189,crash,0,1,0,0.683008,1.530817,0.27529,0.205405
6450,203.4931,792,landed,1,0,0,0.196574,1.801845,0.275235,0.162872
6451,-36.4226,191,crash,0,1,0,0.813843,1.613784,0.27518,0.167533
6452,10.3407,1000,timeout,0,0,1,0.20122,2.120219,0.275125,0.164262
6453,-43.2857,176,crash,0,1,0,0.618215,1.466366,0.27507,0.175208
6454,-29.5733,192,crash,0,1,0,0.915715,1.620113,0.275015,0.231964
6455,-11.2287,1000,timeout,0,0,1,0.203426,1.436168,0.27496,0.151209
6456,-54.2796,163,crash,0,1,0,0.097273,0.427436,0.274905,0.363507
6457,-20.7256,1000,timeout,0,0,1,0.089853,1.105253,0.27485,0.171321
6458,-46.3283,173,crash,0,1,0,0.762908,1.569837,0.274795,0.181047
6459,-48.9743,161,crash,0,1,0,0.400411,1.360395,0.27474,0.24733
6460,214.2195,664,landed,1,0,0,0.300917,2.19355,0.274685,0.216847
6461,-43.9668,176,crash,0,1,0,0.676189,1.526154,0.27463,0.272002
6462,4.394,1000,timeout,0,0,1,0.142056,1.540354,0.274575,0.206244
6463,-25.9793,1000,timeout,0,0,1,0.144523,1.908908,0.274521,0.204872
6464,-61.2915,172,crash,0,1,0,0.266807,1.020177,0.274466,0.061532
6465,-42.5919,1000,timeout,0,0,1,0.078212,1.223166,0.274411,0.197436
6466,-35.0875,1000,timeout,0,0,1,0.033828,0.458981,0.274356,0.210465
6467,-48.4156,171,crash,0,1,0,0.39559,1.140313,0.274301,0.140875
6468,-51.8419,172,crash,0,1,0,0.416003,0.984043,0.274246,0.351873
6469,-64.9048,159,crash,0,1,0,0.166862,0.544281,0.274191,0.24051
6470,196.2825,915,landed,1,0,0,0.185265,1.507839,0.274136,0.203511
6471,-19.2124,1000,timeout,0,0,1,0.142886,1.592051,0.274082,0.284354
6472,-61.6241,156,crash,0,1,0,0.163928,0.492249,0.274027,0.115021
6473,3.6902,1000,timeout,0,0,1,0.185294,1.761184,0.273972,0.186278
6474,-52.3257,174,crash,0,1,0,0.607675,1.201592,0.273917,0.1802
6475,14.3261,1000,timeout,0,0,1,0.309028,1.620776,0.273862,0.225916
6476,1.361,1000,timeout,0,0,1,0.239223,1.299848,0.273808,0.207991
6477,-53.7501,162,crash,0,1,0,0.457326,1.110348,0.273753,0.064147
6478,-24.8393,1000,timeout,0,0,1,0.197425,1.747519,0.273698,0.158059
6479,-10.0026,1000,timeout,0,0,1,0.109587,1.402136,0.273643,0.201067
6480,173.8386,484,landed,1,0,0,0.087538,1.013324,0.273589,0.21174
6481,-47.1263,283,crash,0,1,0,0.945188,1.794842,0.273534,0.1452
6482,192.8459,934,landed,1,0,0,0.202524,1.617831,0.273479,0.219421
6483,219.6227,949,landed,1,0,0,0.257986,1.778298,0.273425,0.213342
6484,-56.3421,169,crash,0,1,0,0.382617,1.071419,0.27337,0.186121
6485,-61.0837,173,crash,0,1,0,0.142889,0.527127,0.273315,0.209441
6486,2.6626,1000,timeout,0,0,1,0.188813,1.562889,0.27326,0.235604
6487,-35.0848,193,crash,0,1,0,0.687126,1.425497,0.273206,0.135236
6488,-57.2373,163,crash,0,1,0,0.209294,0.625944,0.273151,0.18195
6489,-63.2624,160,crash,0,1,0,0.129541,0.611862,0.273097,0.325608
6490,-54.8051,166,crash,0,1,0,0.39105,1.231926,0.273042,0.188173
6491,-45.7417,174,crash,0,1,0,0.835087,1.568683,0.272987,0.221552
6492,-60.8353,173,crash,0,1,0,0.158888,0.719702,0.272933,0.36871
6493,9.7708,1000,timeout,0,0,1,0.183261,1.664384,0.272878,0.216304
6494,171.6616,762,landed,1,0,0,0.060166,1.021656,0.272824,0.202573
6495,-59.2064,164,crash,0,1,0,0.096147,0.247618,0.272769,0.267973
6496,7.682,1000,timeout,0,0,1,0.189797,1.590905,0.272714,0.203265
6497,176.6403,938,landed,1,0,0,0.115331,1.155197,0.27266,0.210658
6498,-2.0997,1000,timeout,0,0,1,0.173082,1.315373,0.272605,0.139928
6499,18.3957,1000,timeout,0,0,1,0.205492,1.310556,0.272551,0.227698
6500,10.0153,1000,timeout,0,0,1,0.189943,1.617375,0.272496,0.249322
6501,-32.7102,198,crash,0,1,0,0.763016,1.60604,0.272442,0.08946
6502,7.7823,1000,timeout,0,0,1,0.185723,1.424731,0.272387,0.195779
6503,-23.2306,1000,timeout,0,0,1,0.091074,1.14522,0.272333,0.213831
6504,-43.6584,181,crash,0,1,0,0.858731,1.595912,0.272278,0.290078
6505,1.0801,1000,timeout,0,0,1,0.199504,1.940447,0.272224,0.256481
6506,-7.5369,1000,timeout,0,0,1,0.131803,1.274692,0.27217,0.229613
6507,-46.2385,174,crash,0,1,0,0.611664,1.421221,0.272115,0.188707
6508,-51.94,178,crash,0,1,0,0.304466,0.728821,0.272061,0.183484
6509,-30.3549,1000,timeout,0,0,1,0.129217,1.282204,0.272006,0.20915
6510,-57.7811,152,crash,0,1,0,0.127847,0.538042,0.271952,0.150509
6511,-49.2519,164,crash,0,1,0,0.386519,1.023069,0.271897,0.398463
6512,17.659,1000,timeout,0,0,1,0.243081,1.80679,0.271843,0.238871
6513,198.1606,302,landed,1,0,0,0.419083,1.448297,0.271789,0.2184
6514,-39.7136,198,crash,0,1,0,0.86504,1.787355,0.271734,0.20423
6515,-46.6036,185,crash,0,1,0,0.672842,1.638562,0.27168,0.261271
6516,-45.41,178,crash,0,1,0,0.64758,1.538559,0.271626,0.169956
6517,-42.2368,195,crash,0,1,0,0.683559,1.880187,0.271571,0.191041
6518,198.5553,857,landed,1,0,0,0.185594,1.798464,0.271517,0.210961
6519,-46.9819,187,crash,0,1,0,0.856606,1.640878,0.271463,0.127435
6520,205.6161,758,landed,1,0,0,0.249112,1.811732,0.271408,0.190158
6521,-43.9779,171,crash,0,1,0,0.579633,1.428739,0.271354,0.280948
6522,-51.6115,175,crash,0,1,0,0.583948,1.300458,0.2713,0.097946
6523,-9.3081,1000,timeout,0,0,1,0.124068,1.483257,0.271246,0.194205
6524,-20.9286,1000,timeout,0,0,1,0.136474,1.560494,0.271191,0.17828
6525,-40.3005,174,crash,0,1,0,0.676255,1.322005,0.271137,0.216257
6526,-52.5067,174,crash,0,1,0,0.873737,1.692097,0.271083,0.316001
6527,-40.178,203,crash,0,1,0,0.593146,1.556548,0.271029,0.274366
6528,-46.1896,177,crash,0,1,0,0.461962,1.302147,0.270974,0.306245
6529,222.0324,468,landed,1,0,0,0.474782,1.558131,0.27092,0.23325
6530,-46.5908,169,crash,0,1,0,0.73112,1.317976,0.270866,0.139088
6531,-47.6774,180,crash,0,1,0,0.781901,1.542215,0.270812,0.262506
6532,1.3217,1000,timeout,0,0,1,0.16543,1.681234,0.270758,0.220646
6533,210.2423,555,landed,1,0,0,0.272781,1.396265,0.270704,0.339783
6534,-59.1379,170,crash,0,1,0,0.342058,1.070702,0.270649,0.214918
6535,-47.1264,174,crash,0,1,0,0.511751,1.257508,0.270595,0.258232
6536,-48.3661,178,crash,0,1,0,0.80788,1.670516,0.270541,0.088243
6537,-20.0149,1000,timeout,0,0,1,0.156517,1.502331,0.270487,0.197594
6538,15.1685,1000,timeout,0,0,1,0.197147,1.947264,0.270433,0.212557
6539,6.9561,1000,timeout,0,0,1,0.165654,1.948931,0.270379,0.230926
6540,-57.4417,154,crash,0,1,0,0.068104,0.245372,0.270325,0.177358
6541,-45.7121,206,crash,0,1,0,0.20616,0.608156,0.270271,0.307584
6542,-42.8134,175,crash,0,1,0,0.749756,1.558622,0.270217,0.207094
6543,217.5651,977,landed,1,0,0,0.212496,1.979774,0.270163,0.293695
6544,-37.6505,189,crash,0,1,0,0.939245,1.948797,0.270109,0.20773
6545,-42.7452,185,crash,0,1,0,0.868148,1.682807,0.270055,0.327321
6546,-31.5586,1000,timeout,0,0,1,0.054358,0.958142,0.270001,0.169258
6547,-41.3758,178,crash,0,1,0,0.530168,1.277721,0.269947,0.146901
6548,-41.5877,183,crash,0,1,0,0.80388,1.668216,0.269893,0.146093
6549,-21.0142,218,crash,0,1,0,0.810535,1.626938,0.269839,0.159346
6550,0.1196,1000,timeout,0,0,1,0.215677,1.823516,0.269785,0.289456
6551,196.4485,368,landed,1,0,0,0.235556,1.295058,0.269731,0.150092
6552,-30.2955,195,crash,0,1,0,0.709977,1.51269,0.269677,0.164818
6553,-31.2217,186,crash,0,1,0,0.699531,1.642952,0.269623,0.335924
6554,204.565,973,landed,1,0,0,0.185667,1.733015,0.269569,0.219523
6555,185.7299,997,landed,1,0,0,0.135047,1.413742,0.269515,0.252414
6556,-35.4731,192,crash,0,1,0,0.812905,1.518007,0.269461,0.166886
6557,-51.9602,1000,timeout,0,0,1,0.040048,0.873234,0.269407,0.248737
6558,-30.2125,1000,timeout,0,0,1,0.099441,1.48029,0.269353,0.159123
6559,-56.4326,165,crash,0,1,0,0.258062,0.799486,0.269299,0.103994
6560,169.0322,598,landed,1,0,0,0.038798,0.606535,0.269246,0.29794
6561,-22.3659,1000,timeout,0,0,1,0.144567,1.477421,0.269192,0.268225
6562,-55.4792,163,crash,0,1,0,0.156209,0.679104,0.269138,0.146712
6563,-37.8153,188,crash,0,1,0,0.821325,1.626835,0.269084,0.202445
6564,202.8227,351,landed,1,0,0,0.365895,1.594166,0.26903,0.243266
6565,-33.0037,1000,timeout,0,0,1,0.018688,0.250516,0.268976,0.267652
6566,218.4828,371,landed,1,0,0,0.510747,1.874078,0.268923,0.284145
6567,195.1126,504,landed,1,0,0,0.256656,1.557092,0.268869,0.08556
6568,-45.7217,179,crash,0,1,0,0.595787,1.49465,0.268815,0.099712
6569,-10.184,1000,timeout,0,0,1,0.091044,1.4116,0.268761,0.252221
6570,-30.2997,1000,timeout,0,0,1,0.061839,0.970307,0.268708,0.281856
6571,-45.1546,172,crash,0,1,0,0.679997,1.54549,0.268654,0.226934
6572,181.2103,682,landed,1,0,0,0.117625,1.092361,0.2686,0.212512
6573,-15.7729,1000,timeout,0,0,1,0.220347,1.89104,0.268546,0.217667
6574,-65.0159,165,crash,0,1,0,0.156671,0.424524,0.268493,0.097876
6575,-58.1246,164,crash,0,1,0,0.086019,0.288731,0.268439,0.289453
6576,-43.0583,187,crash,0,1,0,0.578373,1.356306,0.268385,0.200735
6577,171.203,945,landed,1,0,0,0.05193,0.792851,0.268332,0.215216
6578,-34.1196,194,crash,0,1,0,0.544031,1.296067,0.268278,0.082694
6579,-39.0727,178,crash,0,1,0,0.614622,1.334227,0.268224,0.408086
6580,-1.701,1000,timeout,0,0,1,0.158661,1.522986,0.268171,0.265505
6581,-55.262,1000,timeout,0,0,1,0.020918,0.254305,0.268117,0.182627
6582,8.603,1000,timeout,0,0,1,0.188992,1.882818,0.268063,0.294173
6583,-9.2428,1000,timeout,0,0,1,0.132627,1.573014,0.26801,0.261165
6584,-42.6636,173,crash,0,1,0,0.56025,1.261947,0.267956,0.153756
6585,188.3449,371,landed,1,0,0,0.178352,0.935346,0.267903,0.126999
6586,-40.9433,175,crash,0,1,0,0.811711,1.640381,0.267849,0.385067
6587,-38.3707,179,crash,0,1,0,0.740978,1.679105,0.267795,0.316176
6588,-34.4704,185,crash,0,1,0,0.9024,1.759655,0.267742,0.249345
6589,-46.2151,181,crash,0,1,0,0.595389,1.610564,0.267688,0.255211
6590,-42.5896,180,crash,0,1,0,0.764265,1.699019,0.267635,0.284877
6591,-14.7155,1000,timeout,0,0,1,0.110807,1.205875,0.267581,0.275167
6592,-39.5021,183,crash,0,1,0,0.80805,1.552199,0.267528,0.264237
6593,-44.8602,181,crash,0,1,0,0.538358,1.158008,0.267474,0.258899
6594,190.2492,393,landed,1,0,0,0.241449,1.375416,0.267421,0.184972
6595,217.3263,890,landed,1,0,0,0.247028,1.970562,0.267367,0.308435
6596,-68.1836,168,crash,0,1,0,0.101836,0.385069,0.267314,0.181843
6597,-60.7158,178,crash,0,1,0,0.081651,0.356147,0.26726,0.290852
6598,-45.5283,178,crash,0,1,0,0.492303,1.226908,0.267207,0.14526
6599,-50.7688,1000,timeout,0,0,1,0.038563,0.899123,0.267153,0.311367
6600,-43.1366,189,crash,0,1,0,0.743913,1.572483,0.2671,0.377508
6601,172.1899,747,landed,1,0,0,0.074357,0.948795,0.267047,0.248677
6602,-20.2992,1000,timeout,0,0,1,0.107244,1.104181,0.266993,0.20872
6603,206.3242,388,landed,1,0,0,0.356931,1.515134,0.26694,0.28673
6604,-26.1518,1000,timeout,0,0,1,0.127695,1.525802,0.266886,0.19967
6605,-31.5945,1000,timeout,0,0,1,0.016931,0.220942,0.266833,0.246156
6606,-60.2439,166,crash,0,1,0,0.072251,0.247371,0.26678,0.309679
6607,-48.8965,177,crash,0,1,0,0.484956,0.943044,0.266726,0.216506
6608,-47.9892,173,crash,0,1,0,0.605965,1.378884,0.266673,0.468784
6609,201.9709,682,landed,1,0,0,0.227977,1.790117,0.26662,0.244983
6610,-61.8313,171,crash,0,1,0,0.115557,0.649495,0.266566,0.422597
6611,178.1085,746,landed,1,0,0,0.160086,1.127114,0.266513,0.1427
6612,-43.8063,179,crash,0,1,0,0.736847,1.457977,0.26646,0.335318
6613,176.8869,738,landed,1,0,0,0.109378,1.033019,0.266406,0.190218
6614,9.3158,1000,timeout,0,0,1,0.204486,1.864289,0.266353,0.23772
6615,-62.5444,172,crash,0,1,0,0.092086,0.235232,0.2663,0.345131
6616,-52.2452,160,crash,0,1,0,0.489498,1.154619,0.266247,0.117385
6617,-44.0002,173,crash,0,1,0,0.657402,1.466532,0.266193,0.218711
6618,189.9115,652,landed,1,0,0,0.173589,1.210759,0.26614,0.267109
6619,-51.9048,252,crash,0,1,0,0.932281,1.904554,0.266087,0.194875
6620,208.7253,596,landed,1,0,0,0.282066,1.730071,0.266034,0.170737
6621,-39.7475,198,crash,0,1,0,0.756772,1.808936,0.26598,0.223619
6622,180.589,775,landed,1,0,0,0.141463,1.160784,0.265927,0.197447
6623,199.4241,447,landed,1,0,0,0.290298,1.393119,0.265874,0.225453
6624,172.2938,243,landed,1,0,0,0.105034,0.444338,0.265821,0.173524
6625,-66.5417,175,crash,0,1,0,0.104967,0.310535,0.265768,0.401434
6626,-43.1364,168,crash,0,1,0,0.642347,1.504292,0.265715,0.263503
6627,193.1962,645,landed,1,0,0,0.200682,1.431005,0.265661,0.29346
6628,-57.05,179,crash,0,1,0,0.082256,0.199407,0.265608,0.181042
6629,-27.7423,1000,timeout,0,0,1,0.039187,0.499733,0.265555,0.167138
6630,-58.0785,168,crash,0,1,0,0.068575,0.19597,0.265502,0.317803
6631,-44.4453,177,crash,0,1,0,0.606627,1.563864,0.265449,0.199841
6632,169.228,593,landed,1,0,0,0.03936,0.402884,0.265396,0.178659
6633,-24.9287,1000,timeout,0,0,1,0.09952,1.028864,0.265343,0.229365
6634,11.8279,1000,timeout,0,0,1,0.205472,1.72856,0.26529,0.255118
6635,-63.1403,173,crash,0,1,0,0.095179,0.266373,0.265237,0.145646
6636,-65.7964,171,crash,0,1,0,0.097542,0.283557,0.265184,0.44801
6637,14.8767,1000,timeout,0,0,1,0.240379,1.835088,0.265131,0.176566
6638,-47.823,200,crash,0,1,0,0.503831,0.940567,0.265078,0.258576
6639,-30.5058,195,crash,0,1,0,0.929012,1.616518,0.265025,0.201063
6640,-35.8425,1000,timeout,0,0,1,0.159533,1.339429,0.264972,0.222173
6641,-47.0737,178,crash,0,1,0,0.506492,1.099321,0.264919,0.270183
6642,212.5083,430,landed,1,0,0,0.514441,2.133407,0.264866,0.304183
6643,-39.6744,175,crash,0,1,0,0.634866,1.447866,0.264813,0.218853
6644,-36.6215,190,crash,0,1,0,0.540116,1.320813,0.26476,0.129742
6645,-25.4457,1000,timeout,0,0,1,0.058106,1.143137,0.264707,0.198325
6646,-43.7991,197,crash,0,1,0,0.526552,1.202828,0.264654,0.050661
6647,-59.3139,169,crash,0,1,0,0.083446,0.320741,0.264601,0.190461
6648,213.3789,369,landed,1,0,0,0.541987,1.709198,0.264548,0.269854
6649,16.207,1000,timeout,0,0,1,0.232692,1.396678,0.264495,0.215884
6650,-22.0089,1000,timeout,0,0,1,0.090208,0.942328,0.264442,0.210056
6651,-27.8244,1000,timeout,0,0,1,0.120126,1.348914,0.264389,0.282288
6652,-33.0362,1000,timeout,0,0,1,0.018575,0.22128,0.264336,0.221529
6653,-41.1121,187,crash,0,1,0,0.670121,1.331005,0.264283,0.196452
6654,-29.6049,1000,timeout,0,0,1,0.034909,0.464223,0.264231,0.262104
6655,-8.4273,1000,timeout,0,0,1,0.110033,1.321265,0.264178,0.301108
6656,-5.0568,1000,timeout,0,0,1,0.127088,1.461037,0.264125,0.252988
6657,-42.0604,181,crash,0,1,0,0.856549,1.59148,0.264072,0.407833
6658,-40.8777,186,crash,0,1,0,0.617406,1.55443,0.264019,0.21076
6659,-22.3606,1000,timeout,0,0,1,0.086798,0.886857,0.263966,0.227113
6660,-5.2069,1000,timeout,0,0,1,0.129719,1.41441,0.263914,0.324786
6661,-66.5834,174,crash,0,1,0,0.110108,0.369382,0.263861,0.22735
6662,-47.7067,166,crash,0,1,0,0.512549,1.299897,0.263808,0.25547
6663,213.1997,481,landed,1,0,0,0.335043,1.469731,0.263755,0.196341
6664,192.8588,428,landed,1,0,0,0.296612,1.475069,0.263703,0.254358
6665,-45.8895,185,crash,0,1,0,0.767861,1.476802,0.26365,0.244754
6666,205.8629,578,landed,1,0,0,0.288632,1.547374,0.263597,0.231714
6667,172.8714,434,landed,1,0,0,0.049402,0.38663,0.263544,0.269129
6668,197.0047,975,landed,1,0,0,0.136543,1.362033,0.263492,0.275857
6669,187.2272,868,landed,1,0,0,0.152436,1.34397,0.263439,0.277666
6670,185.3374,508,landed,1,0,0,0.194985,1.032064,0.263386,0.242667
6671,-38.3699,195,crash,0,1,0,0.578698,1.250427,0.263334,0.176692
6672,-61.0327,166,crash,0,1,0,0.074104,0.211018,0.263281,0.32047
6673,-35.7446,1000,timeout,0,0,1,0.02279,0.305156,0.263228,0.218873
6674,195.5121,471,landed,1,0,0,0.230046,1.270914,0.263176,0.28362
6675,196.3547,991,landed,1,0,0,0.122001,1.475216,0.263123,0.265331
6676,-27.3999,1000,timeout,0,0,1,0.093153,0.959933,0.26307,0.25459
6677,-67.6036,173,crash,0,1,0,0.135039,0.43467,0.263018,0.166894
6678,223.6548,926,landed,1,0,0,0.232116,1.813041,0.262965,0.197086
6679,-52.1852,185,crash,0,1,0,0.333887,1.218935,0.262913,0.239827
6680,174.7878,463,landed,1,0,0,0.042347,0.388159,0.26286,0.227776
6681,-14.2757,1000,timeout,0,0,1,0.094313,1.104688,0.262807,0.264107
6682,172.6958,333,landed,1,0,0,0.035143,0.335932,0.262755,0.225086
6683,-48.3284,167,crash,0,1,0,0.562973,1.192896,0.262702,0.270446
6684,-47.8466,177,crash,0,1,0,0.648324,1.447376,0.26265,0.309157
6685,-54.0982,1000,timeout,0,0,1,0.026207,0.319562,0.262597,0.259795
6686,-40.2975,180,crash,0,1,0,0.867451,1.783417,0.262545,0.21114
6687,-7.6951,1000,timeout,0,0,1,0.115757,1.410685,0.262492,0.288006
6688,-58.0711,175,crash,0,1,0,0.227725,0.725967,0.26244,0.219551
6689,195.0058,584,landed,1,0,0,0.195909,1.45124,0.262387,0.330807
6690,165.2084,894,landed,1,0,0,0.026893,0.245827,0.262335,0.219905
6691,-46.1369,177,crash,0,1,0,0.584273,1.331986,0.262282,0.012
6692,-21.2403,1000,timeout,0,0,1,0.155223,1.467395,0.26223,0.193317
6693,-24.9603,218,crash,0,1,0,0.811063,1.445497,0.262177,0.301615
6694,195.4838,959,landed,1,0,0,0.131742,1.562643,0.262125,0.208334
6695,-60.0884,177,crash,0,1,0,0.140733,0.354686,0.262073,0.092488
6696,186.5331,860,landed,1,0,0,0.100345,1.298769,0.26202,0.310318
6697,-0.791,1000,timeout,0,0,1,0.185556,1.432681,0.261968,0.223251
6698,-57.0375,1000,timeout,0,0,1,0.021221,0.222469,0.261915,0.213655
6699,-46.6141,200,crash,0,1,0,0.279424,0.799641,0.261863,0.170233
6700,168.9772,389,landed,1,0,0,0.042438,0.384347,0.261811,0.173163
6701,-47.3898,188,crash,0,1,0,0.283011,0.710152,0.261758,0.171942
6702,-21.8221,1000,timeout,0,0,1,0.156987,1.576182,0.261706,0.177979
6703,-53.1805,173,crash,0,1,0,0.790948,1.674915,0.261654,0.225604
6704,-37.9885,1000,timeout,0,0,1,0.017229,0.223908,0.261601,0.184988
6705,202.3062,667,landed,1,0,0,0.330741,1.660485,0.261549,0.180004
6706,-41.6701,180,crash,0,1,0,0.846843,1.742399,0.261497,0.250965
6707,196.4174,321,landed,1,0,0,0.352841,1.443777,0.261444,0.245777
6708,175.2983,265,landed,1,0,0,0.066451,0.305507,0.261392,0.228431
6709,-45.9066,178,crash,0,1,0,0.458961,1.103493,0.26134,0.168444
6710,168.5869,804,landed,1,0,0,0.029803,0.382011,0.261287,0.219891
6711,-29.9662,219,crash,0,1,0,0.705987,1.258429,0.261235,0.146718
6712,-8.1077,1000,timeout,0,0,1,0.091473,0.804974,0.261183,0.16712
6713,-35.5078,1000,timeout,0,0,1,0.018939,0.217601,0.261131,0.271591
6714,-18.3478,1000,timeout,0,0,1,0.083881,1.063364,0.261078,0.151942
6715,-34.8683,197,crash,0,1,0,0.934204,1.761378,0.261026,0.112559
6716,-46.5365,189,crash,0,1,0,0.260136,0.734429,0.260974,0.163653
6717,221.35,488,landed,1,0,0,0.421487,1.663497,0.260922,0.216333
6718,-42.7265,170,crash,0,1,0,0.928033,1.69091,0.26087,0.166174
6719,177.571,842,landed,1,0,0,0.073168,0.886096,0.260817,0.253319
6720,219.6734,677,landed,1,0,0,0.32386,1.70922,0.260765,0.213276
6721,10.2861,1000,timeout,0,0,1,0.18401,1.721475,0.260713,0.200361
6722,20.5937,1000,timeout,0,0,1,0.257528,1.774768,0.260661,0.19822
6723,165.5664,845,landed,1,0,0,0.018189,0.209375,0.260609,0.294837
6724,-30.236,188,crash,0,1,0,0.827035,1.587722,0.260557,0.15199
6725,-15.5719,1000,timeout,0,0,1,0.132757,1.506314,0.260505,0.304693
6726,201.6232,932,landed,1,0,0,0.15335,1.322257,0.260453,0.161826
6727,-40.8683,189,crash,0,1,0,0.682185,1.578846,0.2604,0.244424
6728,-19.545,1000,timeout,0,0,1,0.149918,1.604407,0.260348,0.191711
6729,-63.5965,164,crash,0,1,0,0.19971,0.460852,0.260296,0.320818
6730,229.2822,441,landed,1,0,0,0.486682,1.423873,0.260244,0.16405
6731,-34.3024,182,crash,0,1,0,0.778584,1.647077,0.260192,0.301152
6732,-43.6401,182,crash,0,1,0,0.816405,1.762443,0.26014,0.159908
6733,-51.6431,166,crash,0,1,0,0.358936,0.640399,0.260088,0.263001
6734,-41.3899,177,crash,0,1,0,0.916599,1.660999,0.260036,0.093377
6735,-62.2277,164,crash,0,1,0,0.103906,0.609588,0.259984,0.010331
6736,-6.4322,1000,timeout,0,0,1,0.142094,1.533229,0.259932,0.190564
6737,212.8956,546,landed,1,0,0,0.281639,1.439963,0.25988,0.327482
6738,-43.9965,186,crash,0,1,0,0.445821,1.277314,0.259828,0.110748
6739,-48.9075,197,crash,0,1,0,0.545885,1.401211,0.259776,0.220474
6740,200.5183,629,landed,1,0,0,0.322268,1.575319,0.259724,0.145207
6741,221.1098,392,landed,1,0,0,0.561545,1.54601,0.259672,0.207814
6742,-46.1156,176,crash,0,1,0,0.535969,1.337586,0.25962,0.350192
6743,191.4472,596,landed,1,0,0,0.224935,1.536809,0.259568,0.324525
6744,-13.4576,1000,timeout,0,0,1,0.173573,1.642226,0.259517,0.255162
6745,-65.4768,162,crash,0,1,0,0.099181,0.537304,0.259465,0.185207
6746,-32.4656,1000,timeout,0,0,1,0.015717,0.215449,0.259413,0.229038
6747,-28.2026,1000,timeout,0,0,1,0.087302,0.790138,0.259361,0.243369
6748,-41.4123,1000,timeout,0,0,1,0.018393,0.305224,0.259309,0.124714
6749,-45.5923,194,crash,0,1,0,0.298597,0.680446,0.259257,0.117603
6750,-59.2352,159,crash,0,1,0,0.063156,0.28682,0.259205,0.285445
6751,-12.8474,1000,timeout,0,0,1,0.079816,1.027796,0.259153,0.235094
6752,-46.1928,1000,timeout,0,0,1,0.054273,0.729071,0.259102,0.23384
6753,201.7496,516,landed,1,0,0,0.303845,1.658897,0.25905,0.189561
6754,165.7202,583,landed,1,0,0,0.052271,0.684943,0.258998,0.230343
6755,-37.6997,196,crash,0,1,0,0.37847,1.212391,0.258946,0.286647
6756,-9.9799,1000,timeout,0,0,1,0.167853,1.630587,0.258894,0.224022
6757,-61.0787,160,crash,0,1,0,0.144283,0.447533,0.258843,0.329749
6758,194.8509,439,landed,1,0,0,0.283536,1.570444,0.258791,0.169694
6759,-40.8457,185,crash,0,1,0,0.924008,1.649519,0.258739,0.367749
6760,-62.0707,154,crash,0,1,0,0.121311,0.360062,0.258687,0.184494
6761,-37.7631,177,crash,0,1,0,0.765629,1.65757,0.258636,0.186652
6762,-42.0401,182,crash,0,1,0,0.653548,1.411804,0.258584,0.238077
6763,-33.3456,1000,timeout,0,0,1,0.090359,1.303171,0.258532,0.237007
6764,-47.5736,169,crash,0,1,0,0.911521,1.63009,0.25848,0.144688
6765,-63.4512,167,crash,0,1,0,0.119234,0.31208,0.258429,0.26269
6766,213.2561,486,landed,1,0,0,0.358833,1.583283,0.258377,0.167519
6767,-46.5135,169,crash,0,1,0,0.737772,1.59232,0.258325,0.095044
6768,-80.9228,167,crash,0,1,0,0.890328,1.772481,0.258274,0.271605
6769,-37.8472,190,crash,0,1,0,0.736252,1.592741,0.258222,0.250912
6770,199.9203,935,landed,1,0,0,0.176578,1.636382,0.25817,0.26717
6771,172.4907,366,landed,1,0,0,0.061176,0.244533,0.258119,0.331857
6772,-49.6954,171,crash,0,1,0,0.697331,1.509915,0.258067,0.260431
6773,6.568,1000,timeout,0,0,1,0.191001,1.528149,0.258016,0.306837
6774,3.5083,1000,timeout,0,0,1,0.147097,1.344518,0.257964,0.266115
6775,172.4881,235,landed,1,0,0,0.030828,0.134204,0.257912,0.16534
6776,-31.2379,1000,timeout,0,0,1,0.100107,1.285578,0.257861,0.195169
6777,-28.2261,1000,timeout,0,0,1,0.16382,1.529302,0.257809,0.215784
6778,-54.0911,176,crash,0,1,0,0.35897,0.872234,0.257758,0.138859
6779,-48.0392,175,crash,0,1,0,0.537025,1.241846,0.257706,0.241754
6780,-45.9575,181,crash,0,1,0,0.476046,1.223205,0.257655,0.292824
6781,167.6615,857,landed,1,0,0,0.022505,0.303338,0.257603,0.218977
6782,1.6646,1000,timeout,0,0,1,0.182229,1.493919,0.257551,0.254853
6783,-57.2739,159,crash,0,1,0,0.085687,0.212563,0.2575,0.311258
6784,-59.9207,153,crash,0,1,0,0.102016,0.270083,0.257448,0.070001
6785,-46.9729,186,crash,0,1,0,0.391371,0.863388,0.257397,0.204539
6786,-9.4372,1000,timeout,0,0,1,0.213527,1.671785,0.257346,0.325558
6787,-33.2522,1000,timeout,0,0,1,0.02442,0.29007,0.257294,0.241326
6788,-49.2653,174,crash,0,1,0,0.86377,1.664239,0.257243,0.30291
6789,-37.3949,189,crash,0,1,0,0.746736,1.423911,0.257191,0.261779
6790,-57.6225,172,crash,0,1,0,0.311131,0.707239,0.25714,0.292357
6791,171.0562,367,landed,1,0,0,0.069588,0.384324,0.257088,0.3089
6792,202.8196,727,landed,1,0,0,0.225439,1.695524,0.257037,0.213014
6793,-36.2431,185,crash,0,1,0,0.845169,1.511483,0.256985,0.142068
6794,-36.2591,188,crash,0,1,0,0.770036,1.488282,0.256934,0.193834
6795,-28.3049,199,crash,0,1,0,0.812648,1.514818,0.256883,0.231917
6796,-56.8677,164,crash,0,1,0,0.091491,0.266151,0.256831,0.247248
6797,-26.8554,200,crash,0,1,0,0.831633,1.568934,0.25678,0.281976
6798,-46.9846,175,crash,0,1,0,0.6408,1.651714,0.256729,0.247956
6799,167.8035,665,landed,1,0,0,0.051352,0.356207,0.256677,0.253334
6800,-59.2224,160,crash,0,1,0,0.102077,0.366773,0.256626,0.215112
6801,-51.8832,168,crash,0,1,0,0.831958,1.755007,0.256575,0.148123
6802,204.4061,787,landed,1,0,0,0.218332,1.540322,0.256523,0.247356
6803,-40.6989,1000,timeout,0,0,1,0.078967,0.965087,0.256472,0.237175
6804,6.5881,1000,timeout,0,0,1,0.148673,1.404661,0.256421,0.21827
6805,-52.8165,165,crash,0,1,0,0.162173,0.407137,0.256369,0.268661
6806,-44.9968,193,crash,0,1,0,0.311578,1.151405,0.256318,0.242526
6807,-41.5965,1000,timeout,0,0,1,0.020735,0.320884,0.256267,0.29108
6808,-46.4039,182,crash,0,1,0,0.814772,1.506929,0.256216,0.28104
6809,202.5011,899,landed,1,0,0,0.206934,1.622578,0.256164,0.228514
6810,-36.1107,1000,timeout,0,0,1,0.110428,1.362112,0.256113,0.251121
6811,-47.8711,169,crash,0,1,0,0.516204,1.237628,0.256062,0.141209
6812,-47.2403,178,crash,0,1,0,0.603689,1.52057,0.256011,0.182703
6813,-43.1766,185,crash,0,1,0,0.515108,1.459767,0.255959,0.135212
6814,-44.8211,186,crash,0,1,0,0.49962,1.199967,0.255908,0.187037
6815,166.8252,849,landed,1,0,0,0.0292,0.504866,0.255857,0.375921
6816,182.4567,780,landed,1,0,0,0.10083,0.969044,0.255806,0.28141
6817,-40.311,196,crash,0,1,0,0.843224,1.655995,0.255755,0.227137
6818,-43.5184,181,crash,0,1,0,0.454309,1.251987,0.255704,0.244835
6819,-57.3835,170,crash,0,1,0,0.994815,1.727513,0.255652,0.353768
6820,170.0645,276,landed,1,0,0,0.113401,0.529696,0.255601,0.238387
6821,-39.611,177,crash,0,1,0,0.81025,1.644851,0.25555,0.278647
6822,-62.4486,164,crash,0,1,0,0.189608,0.431684,0.255499,0.138299
6823,-42.645,176,crash,0,1,0,1.009582,1.905355,0.255448,0.329539
6824,-47.9791,183,crash,0,1,0,0.644791,1.458022,0.255397,0.141324
6825,-53.715,1000,timeout,0,0,1,0.018829,0.292203,0.255346,0.241543
6826,-68.1091,154,crash,0,1,0,0.176727,0.370853,0.255295,0.112975
6827,-63.1827,173,crash,0,1,0,0.224611,0.532526,0.255244,0.376309
6828,-32.5245,194,crash,0,1,0,0.81051,1.560283,0.255193,0.206207
6829,-53.7684,179,crash,0,1,0,0.387523,0.964379,0.255142,0.09859
6830,-46.1127,178,crash,0,1,0,0.751153,1.58148,0.255091,0.253354
6831,-61.2576,166,crash,0,1,0,0.222846,0.525826,0.25504,0.135485
6832,-52.1626,1000,timeout,0,0,1,0.051303,0.754385,0.254989,0.320095
6833,165.1533,836,landed,1,0,0,0.020422,0.24913,0.254938,0.311352
6834,170.7689,314,landed,1,0,0,0.082067,0.309288,0.254887,0.129356
6835,-37.0117,1000,timeout,0,0,1,0.034197,0.348316,0.254836,0.262514
6836,-59.1142,163,crash,0,1,0,0.064841,0.28336,0.254785,0.14891
6837,-52.5726,172,crash,0,1,0,0.91337,1.668859,0.254734,0.261445
6838,-39.6045,188,crash,0,1,0,0.465745,1.090083,0.254683,0.217288
6839,-36.1242,1000,timeout,0,0,1,0.016278,0.229084,0.254632,0.300588
6840,-45.9,172,crash,0,1,0,0.341264,1.155403,0.254581,0.379455
6841,-57.1589,178,crash,0,1,0,0.10856,0.429877,0.25453,0.19381
6842,167.4121,621,landed,1,0,0,0.025066,0.230598,0.254479,0.302804
6843,191.4775,601,landed,1,0,0,0.157931,1.176454,0.254428,0.273471
6844,-50.8573,171,crash,0,1,0,0.669535,1.275598,0.254377,0.311255
6845,167.898,537,landed,1,0,0,0.055954,0.608931,0.254326,0.28555
6846,-42.4643,183,crash,0,1,0,0.789369,1.544925,0.254276,0.315013
6847,189.1374,943,landed,1,0,0,0.167572,1.52687,0.254225,0.220629
6848,198.5078,691,landed,1,0,0,0.143064,1.206818,0.254174,0.276477
6849,169.4994,341,landed,1,0,0,0.096295,0.324549,0.254123,0.221836
6850,174.7283,470,landed,1,0,0,0.056041,0.388159,0.254072,0.328783
6851,-48.9998,180,crash,0,1,0,0.751447,1.466376,0.254021,0.257012
6852,170.0656,747,landed,1,0,0,0.024332,0.31604,0.253971,0.245345
6853,-49.7204,180,crash,0,1,0,0.565436,1.293,0.25392,0.330699
6854,170.4246,259,landed,1,0,0,0.038796,0.170717,0.253869,0.111019
6855,194.0016,583,landed,1,0,0,0.206027,1.351885,0.253818,0.208218
6856,3.3658,1000,timeout,0,0,1,0.142699,1.481707,0.253767,0.34458
6857,-49.5491,176,crash,0,1,0,0.262209,0.96045,0.253717,0.405524
6858,-50.5331,174,crash,0,1,0,0.328097,1.150307,0.253666,0.174881
6859,202.3177,504,landed,1,0,0,0.378889,1.691987,0.253615,0.256028
6860,-43.1787,185,crash,0,1,0,0.920646,1.475535,0.253564,0.246025
6861,167.1515,961,landed,1,0,0,0.018434,0.224632,0.253514,0.2933
6862,200.9778,337,landed,1,0,0,0.382427,1.442924,0.253463,0.191978
6863,7.1822,1000,timeout,0,0,1,0.210592,1.344624,0.253412,0.323024
6864,215.5762,475,landed,1,0,0,0.321806,1.506936,0.253362,0.327551
6865,222.206,432,landed,1,0,0,0.453902,1.526133,0.253311,0.281166
6866,-37.0521,187,crash,0,1,0,0.525744,1.442177,0.25326,0.390963
6867,-67.5823,163,crash,0,1,0,0.15287,0.332945,0.25321,0.193659
6868,217.1611,640,landed,1,0,0,0.294012,1.609113,0.253159,0.213492
6869,-41.354,182,crash,0,1,0,0.633404,1.365844,0.253108,0.374717
6870,-51.2632,184,crash,0,1,0,0.324652,0.871464,0.253058,0.296472
6871,-34.2329,1000,timeout,0,0,1,0.019296,0.295171,0.253007,0.283222
6872,216.921,477,landed,1,0,0,0.451804,1.634528,0.252957,0.255335
6873,-39.8247,1000,timeout,0,0,1,0.026212,0.406801,0.252906,0.225053
6874,-46.258,182,crash,0,1,0,0.648956,1.434278,0.252855,0.453458
6875,-8.4872,1000,timeout,0,0,1,0.131463,1.485918,0.252805,0.252071
6876,-21.8073,1000,timeout,0,0,1,0.071322,0.798806,0.252754,0.287119
6877,-38.6121,1000,timeout,0,0,1,0.026223,0.309751,0.252704,0.25544
6878,172.5615,329,landed,1,0,0,0.080549,0.580691,0.252653,0.225473
6879,-63.1502,171,crash,0,1,0,0.159962,0.378982,0.252603,0.258371
6880,162.7249,849,landed,1,0,0,0.030678,0.46873,0.252552,0.202711
6881,167.8245,769,landed,1,0,0,0.016101,0.180078,0.252502,0.240767
6882,172.363,281,landed,1,0,0,0.051501,0.247646,0.252451,0.313999
6883,-0.7186,1000,timeout,0,0,1,0.150105,1.52374,0.252401,0.24552
6884,-40.7205,178,crash,0,1,0,0.77914,1.573327,0.25235,0.306818
6885,170.839,464,landed,1,0,0,0.057091,0.366605,0.2523,0.184296
6886,-38.1248,194,crash,0,1,0,0.87354,1.62971,0.252249,0.440216
6887,-8.4678,1000,timeout,0,0,1,0.113785,1.404784,0.252199,0.28724
6888,-15.5047,1000,timeout,0,0,1,0.179914,1.652595,0.252148,0.250094
6889,-38.6574,186,crash,0,1,0,0.524601,1.420883,0.252098,0.233669
6890,-46.9196,172,crash,0,1,0,0.643456,1.505301,0.252047,0.141831
6891,-33.6071,1000,timeout,0,0,1,0.027314,0.266893,0.251997,0.321783
6892,-62.5062,160,crash,0,1,0,0.095793,0.284017,0.251947,0.232766
6893,-65.0524,171,crash,0,1,0,0.124202,0.322616,0.251896,0.200902
6894,170.2614,838,landed,1,0,0,0.032344,0.331695,0.251846,0.352346
6895,-48.5998,176,crash,0,1,0,0.676202,1.551216,0.251796,0.091163
6896,-54.8465,193,crash,0,1,0,0.452312,1.039851,0.251745,0.158546
6897,169.6008,712,landed,1,0,0,0.030429,0.314992,0.251695,0.34872
6898,-36.3517,1000,timeout,0,0,1,0.025973,0.271008,0.251644,0.264086
6899,-66.5365,168,crash,0,1,0,0.082909,0.257716,0.251594,0.397323
6900,-33.6845,1000,timeout,0,0,1,0.030186,0.299332,0.251544,0.304982
6901,172.7451,355,landed,1,0,0,0.038846,0.210088,0.251494,0.433281
6902,-47.1954,178,crash,0,1,0,0.414942,1.218492,0.251443,0.222717
6903,167.7516,591,landed,1,0,0,0.032599,0.332883,0.251393,0.254952
6904,-56.4263,1000,timeout,0,0,1,0.016676,0.221687,0.251343,0.22401
6905,7.2615,1000,timeout,0,0,1,0.19164,1.598289,0.251292,0.314712
6906,-37.0018,192,crash,0,1,0,0.746654,1.463682,0.251242,0.198336
6907,194.0251,706,landed,1,0,0,0.157231,1.426855,0.251192,0.217472
6908,5.8598,1000,timeout,0,0,1,0.177499,1.547432,0.251142,0.276201
6909,164.4448,807,landed,1,0,0,0.01746,0.326533,0.251091,0.256601
6910,-48.901,1000,timeout,0,0,1,0.018833,0.207209,0.251041,0.15718
6911,-32.2031,666,crash,0,1,0,0.416129,1.787275,0.250991,0.266807
6912,-39.9631,181,crash,0,1,0,0.685027,1.550309,0.250941,0.116509
6913,4.2602,1000,timeout,0,0,1,0.181261,1.665463,0.250891,0.193008
6914,-35.4865,1000,timeout,0,0,1,0.019707,0.293098,0.25084,0.332549
6915,-35.6301,196,crash,0,1,0,0.737565,1.57149,0.25079,0.263206
6916,7.0093,1000,timeout,0,0,1,0.143807,1.307937,0.25074,0.196537
6917,171.6808,329,landed,1,0,0,0.033469,0.218298,0.25069,0.300857
6918,161.9839,919,landed,1,0,0,0.058893,0.73205,0.25064,0.221425
6919,196.9955,303,landed,1,0,0,0.387004,0.908027,0.25059,0.212492
6920,-18.1914,1000,timeout,0,0,1,0.094747,1.037427,0.25054,0.278535
6921,-45.4574,179,crash,0,1,0,0.499276,0.976222,0.250489,0.283002
6922,-33.6261,198,crash,0,1,0,0.761948,1.538962,0.250439,0.271954
6923,-14.5234,1000,timeout,0,0,1,0.190978,1.557193,0.250389,0.187171
6924,-28.593,1000,timeout,0,0,1,0.016853,0.313069,0.250339,0.211822
6925,-32.6974,1000,timeout,0,0,1,0.021471,0.265792,0.250289,0.214964
6926,171.9267,499,landed,1,0,0,0.01993,0.172193,0.250239,0.221442
6927,-40.5226,185,crash,0,1,0,0.641818,1.323246,0.250189,0.04797
6928,-44.4687,171,crash,0,1,0,0.602349,1.363171,0.250139,0.207361
6929,-29.692,195,crash,0,1,0,0.854841,1.583589,0.250089,0.205353
6930,162.9567,952,landed,1,0,0,0.023805,0.504977,0.250039,0.193
6931,171.7806,314,landed,1,0,0,0.055714,0.287097,0.249989,0.359131
6932,-33.8759,1000,timeout,0,0,1,0.02266,0.232703,0.249939,0.184425
6933,-52.7072,178,crash,0,1,0,0.317378,0.803712,0.249889,0.06379
6934,196.5338,396,landed,1,0,0,0.260717,0.941595,0.249839,0.227996
6935,-22.2969,1000,timeout,0,0,1,0.078279,0.719376,0.249789,0.188235
6936,-41.5007,173,crash,0,1,0,1.030317,1.871885,0.249739,0.386715
6937,212.509,551,landed,1,0,0,0.326653,1.533321,0.249689,0.198596
6938,-31.6149,1000,timeout,0,0,1,0.019064,0.237904,0.249639,0.208371
6939,-69.9557,172,crash,0,1,0,0.133123,0.357882,0.249589,0.090561
6940,-53.7039,191,crash,0,1,0,0.459504,1.259,0.249539,0.161958
6941,-61.2316,170,crash,0,1,0,0.108511,0.388159,0.249489,0.104818
6942,193.9179,354,landed,1,0,0,0.303033,1.346997,0.24944,0.183681
6943,212.7063,412,landed,1,0,0,0.600247,1.743121,0.24939,0.158011
6944,-58.8061,164,crash,0,1,0,0.086854,0.288048,0.24934,0.088688
6945,-44.3647,175,crash,0,1,0,0.846937,1.755673,0.24929,0.17225
6946,-46.0525,185,crash,0,1,0,0.476154,1.364201,0.24924,0.271831
6947,161.9076,870,landed,1,0,0,0.022609,0.259628,0.24919,0.246865
6948,-52.4578,182,crash,0,1,0,0.309368,0.830715,0.24914,0.22949
6949,168.8565,691,landed,1,0,0,0.024233,0.345121,0.24909,0.250013
6950,-50.6508,179,crash,0,1,0,0.319649,0.814705,0.249041,0.155677
6951,174.8765,263,landed,1,0,0,0.083762,0.423726,0.248991,0.247881
6952,215.8709,529,landed,1,0,0,0.397842,1.501773,0.248941,0.196149
6953,-48.6361,179,crash,0,1,0,0.309452,0.82279,0.248891,0.146468
6954,-42.398,204,crash,0,1,0,0.483335,1.065222,0.248842,0.330578
6955,0.8533,1000,timeout,0,0,1,0.156928,1.530665,0.248792,0.240256
6956,167.6813,643,landed,1,0,0,0.030799,0.198738,0.248742,0.192727
6957,-38.6604,180,crash,0,1,0,0.774742,1.666003,0.248692,0.311049
6958,-43.6973,190,crash,0,1,0,0.705252,1.495811,0.248642,0.303724
6959,-10.54,1000,timeout,0,0,1,0.186511,1.46045,0.248593,0.22228
6960,169.8779,389,landed,1,0,0,0.038963,0.245542,0.248543,0.128119
6961,-27.7848,1000,timeout,0,0,1,0.107467,1.280594,0.248493,0.219569
6962,-50.3779,184,crash,0,1,0,0.971927,1.601796,0.248444,0.197837
6963,171.5837,567,landed,1,0,0,0.030616,0.25735,0.248394,0.247281
6964,-17.342,1000,timeout,0,0,1,0.129291,1.288076,0.248344,0.236124
6965,-3.9062,1000,timeout,0,0,1,0.139261,1.377051,0.248295,0.255563
6966,-5.6084,1000,timeout,0,0,1,0.274006,1.772376,0.248245,0.180566
6967,167.5681,948,landed,1,0,0,0.027794,0.338972,0.248195,0.153495
6968,-34.3552,178,crash,0,1,0,0.495684,1.248264,0.248146,0.21095
6969,-47.521,191,crash,0,1,0,0.312703,1.093966,0.248096,0.349774
6970,-56.6587,1000,timeout,0,0,1,0.012618,0.175887,0.248046,0.167306
6971,-34.7931,1000,timeout,0,0,1,0.024816,0.425703,0.247997,0.206397
6972,-28.9233,1000,timeout,0,0,1,0.017711,0.234456,0.247947,0.149661
6973,-35.1086,1000,timeout,0,0,1,0.036535,0.449984,0.247898,0.216485
6974,175.677,589,landed,1,0,0,0.030416,0.288174,0.247848,0.175951
6975,-28.5336,202,crash,0,1,0,0.944081,1.883086,0.247798,0.151372
6976,-34.3131,1000,timeout,0,0,1,0.018925,0.433008,0.247749,0.203789
6977,-51.0378,181,crash,0,1,0,0.649096,1.483396,0.247699,0.27584
6978,-41.0628,199,crash,0,1,0,0.800719,1.481661,0.24765,0.143776
6979,168.9519,947,landed,1,0,0,0.022495,0.260269,0.2476,0.196044
6980,9.348,1000,timeout,0,0,1,0.195068,1.604737,0.247551,0.197874
6981,-56.7563,178,crash,0,1,0,0.259253,0.789425,0.247501,0.170353
6982,-45.3465,176,crash,0,1,0,0.487092,1.197313,0.247452,0.26816
6983,-2.6091,1000,timeout,0,0,1,0.160748,1.54913,0.247402,0.214078
6984,-30.7157,1000,timeout,0,0,1,0.019799,0.231609,0.247353,0.204809
6985,-32.4443,1000,timeout,0,0,1,0.021224,0.351126,0.247303,0.251095
6986,-37.2255,190,crash,0,1,0,0.967349,1.862867,0.247254,0.274688
6987,-49.4026,189,crash,0,1,0,0.45029,1.038852,0.247204,0.011155
6988,-57.3997,1000,timeout,0,0,1,0.024766,0.458167,0.247155,0.122775
6989,-25.0146,1000,timeout,0,0,1,0.041528,0.807438,0.247106,0.248461
6990,204.7041,774,landed,1,0,0,0.195225,1.574294,0.247056,0.149154
6991,-20.5399,1000,timeout,0,0,1,0.090948,1.141411,0.247007,0.205086
6992,-45.8632,182,crash,0,1,0,0.372429,1.201641,0.246957,0.090368
6993,-30.3162,1000,timeout,0,0,1,0.143208,1.401531,0.246908,0.187635
6994,-46.9211,175,crash,0,1,0,0.613774,1.373985,0.246859,0.214126
6995,171.094,660,landed,1,0,0,0.020359,0.201018,0.246809,0.253332
6996,-6.498,1000,timeout,0,0,1,0.085989,0.929901,0.24676,0.213586
6997,193.1212,971,landed,1,0,0,0.140826,1.498597,0.24671,0.210357
6998,199.7886,590,landed,1,0,0,0.304439,1.61559,0.246661,0.174055
6999,-51.4815,175,crash,0,1,0,1.027857,1.738044,0.246612,0.203522
7000,-48.1511,171,crash,0,1,0,0.420487,1.202796,0.246562,0.158308
7001,-40.8559,184,crash,0,1,0,0.755929,1.501122,0.246513,0.264765
7002,176.7514,660,landed,1,0,0,0.033335,0.270212,0.246464,0.186013
7003,169.1412,734,landed,1,0,0,0.023637,0.2937,0.246415,0.210195
7004,169.0946,336,landed,1,0,0,0.071295,0.373239,0.246365,0.28367
7005,210.4096,614,landed,1,0,0,0.436057,1.566596,0.246316,0.149513
7006,-42.077,188,crash,0,1,0,0.872749,1.610944,0.246267,0.119806
7007,-41.3248,183,crash,0,1,0,0.746144,1.614954,0.246217,0.248462
7008,185.8576,282,landed,1,0,0,0.285365,1.260129,0.246168,0.179457
7009,11.1267,1000,timeout,0,0,1,0.172446,1.222696,0.246119,0.237752
7010,-62.8576,158,crash,0,1,0,0.101684,0.307445,0.24607,0.096142
7011,-40.386,184,crash,0,1,0,0.638119,1.349534,0.246021,0.321377
7012,-36.7101,1000,timeout,0,0,1,0.030559,0.322648,0.245971,0.229118
7013,-12.0746,1000,timeout,0,0,1,0.279757,1.538967,0.245922,0.220439
7014,-46.7961,183,crash,0,1,0,0.486972,1.255068,0.245873,0.212327
7015,-39.4633,1000,timeout,0,0,1,0.029535,0.547251,0.245824,0.145613
7016,194.6192,720,landed,1,0,0,0.163547,1.379913,0.245775,0.221985
7017,12.3571,1000,timeout,0,0,1,0.152772,1.374893,0.245725,0.21836
7018,-35.2426,1000,timeout,0,0,1,0.032414,0.495397,0.245676,0.243713
7019,-52.4924,183,crash,0,1,0,0.840627,1.605857,0.245627,0.168969
7020,-33.4462,188,crash,0,1,0,0.775733,1.659473,0.245578,0.167667
7021,224.0609,769,landed,1,0,0,0.359404,1.62494,0.245529,0.141885
7022,0.3282,1000,timeout,0,0,1,0.149228,1.540159,0.24548,0.223903
7023,178.0085,285,landed,1,0,0,0.071176,0.361767,0.245431,0.186295
7024,-13.7076,1000,timeout,0,0,1,0.105,1.489256,0.245382,0.165841
7025,0.3337,1000,timeout,0,0,1,0.134692,1.553768,0.245333,0.229854
7026,166.9576,850,landed,1,0,0,0.032465,0.381886,0.245284,0.256336
7027,176.0502,524,landed,1,0,0,0.044289,0.429226,0.245234,0.162191
7028,178.9238,873,landed,1,0,0,0.070961,1.097543,0.245185,0.244377
7029,-39.658,183,crash,0,1,0,0.911232,1.75235,0.245136,0.200322
7030,-50.6147,196,crash,0,1,0,0.993723,1.808939,0.245087,0.323493
7031,201.2067,279,landed,1,0,0,0.350154,1.34626,0.245038,0.280162
7032,-27.8979,1000,timeout,0,0,1,0.106544,1.345387,0.244989,0.178444
7033,-49.1001,189,crash,0,1,0,0.220011,0.90052,0.24494,0.227171
7034,-46.3859,178,crash,0,1,0,0.920755,1.646824,0.244891,0.213899
7035,-36.9822,1000,timeout,0,0,1,0.015736,0.302186,0.244842,0.161485
7036,207.1953,343,landed,1,0,0,0.391916,1.550003,0.244793,0.103694
7037,181.9531,312,landed,1,0,0,0.208905,1.156256,0.244744,0.164341
7038,-60.6361,1000,timeout,0,0,1,0.035792,0.454344,0.244695,0.201645
7039,198.8391,427,landed,1,0,0,0.29003,1.351742,0.244647,0.138659
7040,-37.106,1000,timeout,0,0,1,0.014811,0.202944,0.244598,0.206263
7041,-58.1325,1000,timeout,0,0,1,0.026167,0.34088,0.244549,0.10011
7042,-41.003,202,crash,0,1,0,0.728748,1.449835,0.2445,0.168051
7043,-37.4534,1000,timeout,0,0,1,0.026228,0.425335,0.244451,0.254137
7044,-8.936,1000,timeout,0,0,1,0.091509,0.900267,0.244402,0.240242
7045,2.6899,1000,timeout,0,0,1,0.179966,1.654089,0.244353,0.165878
7046,-61.5113,178,crash,0,1,0,0.125899,0.264769,0.244304,0.114718
7047,-43.0593,179,crash,0,1,0,0.452809,1.209307,0.244255,0.21362
7048,-31.1494,216,crash,0,1,0,0.908097,2.01257,0.244207,0.156376
7049,-51.0738,1000,timeout,0,0,1,0.041542,0.558806,0.244158,0.231235
7050,-57.837,1000,timeout,0,0,1,0.016304,0.201378,0.244109,0.182278
7051,-29.2946,1000,timeout,0,0,1,0.019947,0.305063,0.24406,0.15496
7052,-34.2462,192,crash,0,1,0,0.746256,1.591573,0.244011,0.162517
7053,5.7274,1000,timeout,0,0,1,0.21765,1.74922,0.243962,0.170896
7054,-50.1917,182,crash,0,1,0,0.4782,1.395797,0.243914,0.289423
7055,-37.4983,201,crash,0,1,0,0.928191,1.96202,0.243865,0.108397
7056,-15.6564,1000,timeout,0,0,1,0.141409,1.697429,0.243816,0.213542
7057,-40.1819,181,crash,0,1,0,0.51518,1.349424,0.243767,0.233502
7058,-41.6056,205,crash,0,1,0,0.917149,1.907208,0.243719,0.222321
7059,-5.2894,1000,timeout,0,0,1,0.123603,1.466157,0.24367,0.181347
7060,-39.4788,183,crash,0,1,0,0.629591,1.375915,0.243621,0.0623
7061,169.8859,513,landed,1,0,0,0.026011,0.228806,0.243572,0.286028
7062,-56.8517,185,crash,0,1,0,0.244182,0.84138,0.243524,0.153506
7063,173.1202,471,landed,1,0,0,0.040297,0.301378,0.243475,0.165473
7064,177.8712,414,landed,1,0,0,0.044078,0.405125,0.243426,0.290809
7065,-12.7362,1000,timeout,0,0,1,0.090779,0.92788,0.243378,0.20878
7066,-43.575,183,crash,0,1,0,0.697264,1.431531,0.243329,0.20231
7067,-35.8686,189,crash,0,1,0,0.569583,1.51758,0.24328,0.214938
7068,-35.3763,203,crash,0,1,0,0.692416,1.531363,0.243232,0.130406
7069,-57.6955,158,crash,0,1,0,0.057456,0.24279,0.243183,0.087776
7070,4.8878,1000,timeout,0,0,1,0.181398,1.453653,0.243134,0.180313
7071,-2.6357,1000,timeout,0,0,1,0.18496,1.607668,0.243086,0.26341
7072,-35.6519,201,crash,0,1,0,0.435491,1.19095,0.243037,0.156295
7073,-34.9787,1000,timeout,0,0,1,0.02236,0.476291,0.242988,0.157605
7074,-40.9383,207,crash,0,1,0,0.825695,1.723196,0.24294,0.258973
7075,221.0164,616,landed,1,0,0,0.373442,1.673575,0.242891,0.21789
7076,-59.4565,165,crash,0,1,0,0.088123,0.240439,0.242843,0.130123
7077,-44.7166,187,crash,0,1,0,0.337187,1.030398,0.242794,0.042864
7078,212.5025,400,landed,1,0,0,0.403176,1.45628,0.242746,0.115068
7079,-30.5417,1000,timeout,0,0,1,0.017808,0.283888,0.242697,0.261477
7080,-36.1338,187,crash,0,1,0,0.776857,1.594542,0.242648,0.307915
7081,-52.1366,196,crash,0,1,0,0.18483,0.704278,0.2426,0.147619
7082,168.1014,956,landed,1,0,0,0.014453,0.261232,0.242551,0.315803
7083,-65.0515,159,crash,0,1,0,0.086503,0.379304,0.242503,0.296529
7084,215.9915,550,landed,1,0,0,0.350751,1.790588,0.242454,0.224764
7085,-38.439,1000,timeout,0,0,1,0.019214,0.41834,0.242406,0.26507
7086,167.7702,840,landed,1,0,0,0.032412,0.501603,0.242357,0.253461
7087,-43.1953,172,crash,0,1,0,0.665379,1.571086,0.242309,0.128795
7088,-45.1349,188,crash,0,1,0,0.436649,1.229989,0.24226,0.29238
7089,-29.0597,1000,timeout,0,0,1,0.043308,0.450693,0.242212,0.228749
7090,-19.5312,1000,timeout,0,0,1,0.186586,1.899206,0.242164,0.175656
7091,-34.2248,187,crash,0,1,0,0.848965,1.530376,0.242115,0.277251
7092,-6.0138,1000,timeout,0,0,1,0.118376,1.367268,0.242067,0.180364
7093,192.6768,617,landed,1,0,0,0.340749,1.529711,0.242018,0.155438
7094,184.1449,965,landed,1,0,0,0.074886,1.106955,0.24197,0.183549
7095,-63.3674,160,crash,0,1,0,0.085402,0.278804,0.241922,0.278794
7096,-35.7465,1000,timeout,0,0,1,0.021622,0.29873,0.241873,0.255533
7097,-53.2184,171,crash,0,1,0,0.289591,0.912476,0.241825,0.251848
7098,168.6639,594,landed,1,0,0,0.018222,0.224084,0.241776,0.140375
7099,-50.7137,193,crash,0,1,0,0.246921,0.914753,0.241728,0.145389
7100,209.0961,827,landed,1,0,0,0.193242,1.419566,0.24168,0.195302
7101,172.3975,421,landed,1,0,0,0.048591,0.347935,0.241631,0.313197
7102,-59.7294,278,crash,0,1,0,0.75035,1.476028,0.241583,0.242025
7103,207.2786,916,landed,1,0,0,0.230381,2.010769,0.241535,0.151262
7104,-41.9326,199,crash,0,1,0,0.335463,0.852292,0.241486,0.244198
7105,-41.4551,181,crash,0,1,0,0.581031,1.406488,0.241438,0.12829
7106,205.8309,541,landed,1,0,0,0.248733,1.536439,0.24139,0.229697
7107,0.7505,1000,timeout,0,0,1,0.177842,1.66425,0.241342,0.185871
7108,162.9003,940,landed,1,0,0,0.03056,0.405525,0.241293,0.224141
7109,2.1648,1000,timeout,0,0,1,0.172728,1.558677,0.241245,0.197619
7110,-30.8335,1000,timeout,0,0,1,0.037848,0.552422,0.241197,0.282481
7111,-12.0433,1000,timeout,0,0,1,0.185586,1.698147,0.241149,0.231644
7112,168.0454,469,landed,1,0,0,0.049017,0.307318,0.2411,0.200448
7113,-42.5462,185,crash,0,1,0,0.516434,1.268753,0.241052,0.245071
7114,171.7178,469,landed,1,0,0,0.027834,0.25328,0.241004,0.162638
7115,-3.8344,1000,timeout,0,0,1,0.148414,1.525144,0.240956,0.179867
7116,170.874,368,landed,1,0,0,0.085027,0.357562,0.240907,0.105193
7117,-43.6161,187,crash,0,1,0,0.45317,1.260739,0.240859,0.294017
7118,-28.1193,197,crash,0,1,0,0.728627,1.628453,0.240811,0.188774
7119,206.0661,409,landed,1,0,0,0.484854,1.894687,0.240763,0.30539
7120,-66.1076,185,crash,0,1,0,0.216219,0.606349,0.240715,0.239498
7121,-32.185,1000,timeout,0,0,1,0.041071,0.426218,0.240667,0.296873
7122,198.4196,724,landed,1,0,0,0.258738,1.963211,0.240619,0.192545
7123,205.9555,736,landed,1,0,0,0.318681,1.590239,0.24057,0.195246
7124,192.67,349,landed,1,0,0,0.199896,0.858909,0.240522,0.192139
7125,218.0056,902,landed,1,0,0,0.277303,1.54988,0.240474,0.271965
7126,-58.9083,176,crash,0,1,0,0.13911,0.62063,0.240426,0.189421
7127,-60.3265,155,crash,0,1,0,0.071163,0.16673,0.240378,0.149958
7128,-29.4902,1000,timeout,0,0,1,0.042081,0.88359,0.24033,0.237887
7129,-6.9645,1000,timeout,0,0,1,0.202846,1.393515,0.240282,0.176745
7130,-38.5004,184,crash,0,1,0,0.508396,1.394728,0.240234,0.283283
7131,-37.4927,1000,timeout,0,0,1,0.02577,0.415742,0.240186,0.166894
7132,-34.7171,197,crash,0,1,0,0.672025,1.567833,0.240138,0.274206
7133,172.6669,774,landed,1,0,0,0.040126,0.306697,0.24009,0.194072
7134,177.2958,557,landed,1,0,0,0.058672,0.379512,0.240042,0.207975
7135,-64.7409,154,crash,0,1,0,0.09944,0.26071,0.239994,0.244509
7136,-35.8691,1000,timeout,0,0,1,0.028193,0.250985,0.239946,0.203499
7137,-2.8518,1000,timeout,0,0,1,0.126445,1.468161,0.239898,0.25299
7138,-17.4348,1000,timeout,0,0,1,0.174899,1.328273,0.23985,0.177481
7139,6.3342,1000,timeout,0,0,1,0.208407,1.515808,0.239802,0.228075
7140,170.5926,305,landed,1,0,0,0.061881,0.26792,0.239754,0.137635
7141,167.8634,653,landed,1,0,0,0.057625,0.561418,0.239706,0.232201
7142,171.153,277,landed,1,0,0,0.079221,0.458373,0.239658,0.256007
7143,-39.636,183,crash,0,1,0,0.556226,1.408074,0.23961,0.318375
7144,-41.359,203,crash,0,1,0,0.429104,1.197968,0.239562,0.244954
7145,206.6292,333,landed,1,0,0,0.389939,1.461911,0.239514,0.215975
7146,-57.9479,155,crash,0,1,0,0.081056,0.318554,0.239466,0.333916
7147,199.8339,314,landed,1,0,0,0.41759,1.469732,0.239418,0.239015
7148,-35.1431,1000,timeout,0,0,1,0.014819,0.185213,0.23937,0.16543
7149,171.3902,299,landed,1,0,0,0.067123,0.307026,0.239323,0.214393
7150,-40.8964,190,crash,0,1,0,0.83039,1.711339,0.239275,0.274175
7151,206.0642,556,landed,1,0,0,0.225017,1.604336,0.239227,0.215028
7152,-49.2715,187,crash,0,1,0,0.297539,0.966488,0.239179,0.153214
7153,-61.862,160,crash,0,1,0,0.070577,0.301228,0.239131,0.266668
7154,-52.8197,1000,timeout,0,0,1,0.024531,0.462489,0.239083,0.179498
7155,205.7222,822,landed,1,0,0,0.179768,1.472335,0.239036,0.17564
7156,-40.5802,184,crash,0,1,0,0.600925,1.46998,0.238988,0.168017
7157,-9.1029,1000,timeout,0,0,1,0.185558,1.366797,0.23894,0.251578
7158,170.0389,257,landed,1,0,0,0.046604,0.222947,0.238892,0.356507
7159,-34.8326,189,crash,0,1,0,0.570474,1.360912,0.238844,0.247606
7160,198.2133,378,landed,1,0,0,0.353187,1.321198,0.238797,0.232326
7161,179.5606,380,landed,1,0,0,0.123965,0.684405,0.238749,0.305332
7162,171.1484,359,landed,1,0,0,0.044087,0.278027,0.238701,0.249423
7163,210.1254,926,landed,1,0,0,0.151879,1.345594,0.238653,0.169126
7164,-42.8749,180,crash,0,1,0,0.731225,1.545971,0.238606,0.280927
7165,-1.532,1000,timeout,0,0,1,0.223154,1.596073,0.238558,0.257871
7166,171.1529,349,landed,1,0,0,0.054144,0.319404,0.23851,0.206209
7167,176.6242,694,landed,1,0,0,0.050731,0.444592,0.238462,0.263233
7168,-55.2472,1000,timeout,0,0,1,0.018979,0.250735,0.238415,0.231844
7169,-58.932,160,crash,0,1,0,0.082028,0.3428,0.238367,0.269658
7170,-30.1783,237,crash,0,1,0,0.866381,1.768688,0.238319,0.098116
7171,176.6171,314,landed,1,0,0,0.07938,0.423594,0.238272,0.114992
7172,166.1928,783,landed,1,0,0,0.015053,0.222899,0.238224,0.177065
7173,-47.0969,204,crash,0,1,0,0.386922,1.120108,0.238176,0.098668
7174,212.0502,392,landed,1,0,0,0.38163,1.478872,0.238129,0.242624
7175,-41.2631,181,crash,0,1,0,0.539255,1.310406,0.238081,0.279243
7176,-26.7515,1000,timeout,0,0,1,0.12802,1.366298,0.238034,0.233634
7177,-31.9566,1000,timeout,0,0,1,0.01269,0.182793,0.237986,0.229298
7178,14.5873,1000,timeout,0,0,1,0.219665,1.738314,0.237938,0.170664
7179,-35.9394,1000,timeout,0,0,1,0.024922,0.346961,0.237891,0.186498
7180,-60.2386,173,crash,0,1,0,0.139162,0.536793,0.237843,0.288754
7181,-34.043,1000,timeout,0,0,1,0.017516,0.157608,0.237796,0.27667
7182,221.2241,810,landed,1,0,0,0.321921,1.561111,0.237748,0.151016
7183,178.3558,408,landed,1,0,0,0.086566,0.336705,0.237701,0.297615
7184,172.6804,316,landed,1,0,0,0.108684,0.383786,0.237653,0.241004
7185,213.3225,468,landed,1,0,0,0.368772,1.659632,0.237605,0.188288
7186,-42.3277,178,crash,0,1,0,0.776867,1.649758,0.237558,0.364121
7187,-34.4736,1000,timeout,0,0,1,0.018215,0.273578,0.23751,0.182944
7188,-44.662,190,crash,0,1,0,0.435815,1.259382,0.237463,0.237071
7189,-7.6045,1000,timeout,0,0,1,0.112246,1.461291,0.237415,0.262938
7190,-49.4046,182,crash,0,1,0,0.344894,0.854418,0.237368,0.112186
7191,194.0708,770,landed,1,0,0,0.148823,1.371056,0.23732,0.170465
7192,209.2847,408,landed,1,0,0,0.400964,1.524647,0.237273,0.266394
7193,-36.528,1000,timeout,0,0,1,0.013096,0.235232,0.237226,0.243972
7194,-22.8445,1000,timeout,0,0,1,0.177095,1.654182,0.237178,0.162503
7195,-44.1088,190,crash,0,1,0,0.418478,1.167926,0.237131,0.22323
7196,172.504,352,landed,1,0,0,0.077524,0.616951,0.237083,0.257402
7197,-33.5963,1000,timeout,0,0,1,0.019606,0.418535,0.237036,0.171854
7198,168.3136,976,landed,1,0,0,0.018378,0.214578,0.236988,0.162199
7199,-54.8279,1000,timeout,0,0,1,0.020191,0.453213,0.236941,0.160319
7200,-38.7454,182,crash,0,1,0,0.666572,1.566853,0.236894,0.251812
7201,-45.2934,182,crash,0,1,0,0.480441,1.259005,0.236846,0.18493
7202,-54.7326,1000,timeout,0,0,1,0.016427,0.192035,0.236799,0.174801
7203,199.4287,839,landed,1,0,0,0.20773,1.431732,0.236752,0.224023
7204,173.345,372,landed,1,0,0,0.06892,0.348281,0.236704,0.315673
7205,-40.5714,180,crash,0,1,0,0.481862,1.224555,0.236657,0.12149
7206,196.8675,282,landed,1,0,0,0.321659,1.362532,0.23661,0.179225
7207,177.6979,409,landed,1,0,0,0.046092,0.384852,0.236562,0.212609
7208,-45.0713,174,crash,0,1,0,0.895318,1.797903,0.236515,0.315145
7209,192.9972,826,landed,1,0,0,0.152376,1.420659,0.236468,0.245832
7210,-36.2037,1000,timeout,0,0,1,0.022731,0.431817,0.23642,0.238853
7211,182.6163,496,landed,1,0,0,0.148814,1.029577,0.236373,0.134527
7212,200.1133,732,landed,1,0,0,0.198902,1.539524,0.236326,0.215504
7213,213.5072,391,landed,1,0,0,0.478209,1.391553,0.236278,0.249639
7214,-26.9253,193,crash,0,1,0,0.809988,1.571915,0.236231,0.073945
7215,-25.7297,1000,timeout,0,0,1,0.041754,0.696599,0.236184,0.226139
7216,-39.5467,186,crash,0,1,0,0.585305,1.45116,0.236137,0.122949
7217,208.3699,978,landed,1,0,0,0.202106,1.682358,0.236089,0.184156
7218,-1.2676,1000,timeout,0,0,1,0.172754,1.617054,0.236042,0.229797
7219,204.8418,980,landed,1,0,0,0.179622,1.474165,0.235995,0.231382
7220,-58.2997,180,crash,0,1,0,0.211467,0.4972,0.235948,0.146733
7221,-26.528,1000,timeout,0,0,1,0.04317,0.867992,0.235901,0.281335
7222,-50.7894,1000,timeout,0,0,1,0.021636,0.345393,0.235853,0.197821
7223,171.0622,742,landed,1,0,0,0.04742,0.660984,0.235806,0.131537
7224,-31.0793,1000,timeout,0,0,1,0.018881,0.326757,0.235759,0.210298
7225,-37.9337,177,crash,0,1,0,0.646081,1.572776,0.235712,0.151077
7226,170.8865,498,landed,1,0,0,0.064654,0.511921,0.235665,0.148879
7227,189.8957,819,landed,1,0,0,0.163154,1.561024,0.235618,0.255938
7228,177.5319,384,landed,1,0,0,0.104183,0.491955,0.235571,0.199646
7229,209.5863,358,landed,1,0,0,0.505026,1.745294,0.235523,0.374978
7230,-33.0875,202,crash,0,1,0,0.616826,1.511452,0.235476,0.334152
7231,174.821,544,landed,1,0,0,0.046714,0.515251,0.235429,0.235291
7232,177.4564,258,landed,1,0,0,0.091491,0.415496,0.235382,0.160723
7233,-34.3515,203,crash,0,1,0,0.699214,1.562448,0.235335,0.210335
7234,174.9722,260,landed,1,0,0,0.088512,0.422725,0.235288,0.15255
7235,-7.7631,1000,timeout,0,0,1,0.196056,1.757369,0.235241,0.195902
7236,3.3001,1000,timeout,0,0,1,0.160601,1.733779,0.235194,0.139262
7237,170.5579,734,landed,1,0,0,0.029814,0.334019,0.235147,0.162806
7238,226.0348,719,landed,1,0,0,0.364509,1.942438,0.2351,0.209535
7239,177.3427,705,landed,1,0,0,0.049972,0.564565,0.235053,0.225469
7240,194.0969,649,landed,1,0,0,0.198691,1.38742,0.235006,0.211352
7241,5.764,1000,timeout,0,0,1,0.151917,1.512636,0.234959,0.178741
7242,-8.1931,1000,timeout,0,0,1,0.160976,1.680638,0.234912,0.171634
7243,201.3478,488,landed,1,0,0,0.446264,1.831343,0.234865,0.206321
7244,206.241,466,landed,1,0,0,0.313575,1.655873,0.234818,0.212976
7245,211.9936,434,landed,1,0,0,0.373318,1.539827,0.234771,0.085855
7246,170.8835,736,landed,1,0,0,0.027563,0.221043,0.234724,0.17738
7247,2.8538,1000,timeout,0,0,1,0.193009,1.557041,0.234677,0.257827
7248,214.756,532,landed,1,0,0,0.358048,1.382833,0.23463,0.218279
7249,174.1038,270,landed,1,0,0,0.055949,0.278504,0.234583,0.110375
7250,220.3281,837,landed,1,0,0,0.228453,1.87676,0.234536,0.184754
7251,172.1867,434,landed,1,0,0,0.052062,0.329161,0.234489,0.170538
7252,-56.0897,178,crash,0,1,0,0.160419,0.469871,0.234442,0.196364
7253,0.6872,1000,timeout,0,0,1,0.185171,1.604871,0.234396,0.171949
7254,171.3666,249,landed,1,0,0,0.071053,0.538723,0.234349,0.260743
7255,-40.2231,184,crash,0,1,0,0.689259,1.422054,0.234302,0.316587
7256,-15.1571,1000,timeout,0,0,1,0.159702,1.734144,0.234255,0.176779
7257,174.1644,444,landed,1,0,0,0.057621,0.322108,0.234208,0.176922
7258,164.628,844,landed,1,0,0,0.031885,0.422094,0.234161,0.228839
7259,-35.3903,1000,timeout,0,0,1,0.029614,0.421503,0.234114,0.198236
7260,-50.9091,1000,timeout,0,0,1,0.029366,0.561997,0.234068,0.179099
7261,206.9838,849,landed,1,0,0,0.252166,1.479244,0.234021,0.184235
7262,-5.9621,1000,timeout,0,0,1,0.115377,1.387857,0.233974,0.183734
7263,168.2889,623,landed,1,0,0,0.018528,0.193787,0.233927,0.211546
7264,-55.4309,1000,timeout,0,0,1,0.022862,0.358646,0.23388,0.191814
7265,210.1542,642,landed,1,0,0,0.311004,1.527787,0.233834,0.117512
7266,169.227,599,landed,1,0,0,0.016091,0.224175,0.233787,0.118981
7267,170.7817,861,landed,1,0,0,0.045532,0.48884,0.23374,0.181519
7268,15.297,1000,timeout,0,0,1,0.180608,1.597932,0.233693,0.204376
7269,-56.399,180,crash,0,1,0,0.182735,0.369546,0.233647,0.296377
7270,-48.6766,190,crash,0,1,0,0.306654,1.034102,0.2336,0.316956
7271,-44.4258,185,crash,0,1,0,0.403341,1.229862,0.233553,0.240486
7272,-3.9842,1000,timeout,0,0,1,0.167142,1.829102,0.233506,0.235794
7273,171.1085,679,landed,1,0,0,0.044908,0.403215,0.23346,0.155114
7274,210.9535,621,landed,1,0,0,0.286149,1.544762,0.233413,0.172927
7275,168.3997,540,landed,1,0,0,0.054625,0.731377,0.233366,0.303526
7276,-43.4303,176,crash,0,1,0,0.457319,1.242548,0.23332,0.120185
7277,-52.8237,186,crash,0,1,0,0.372212,1.15636,0.233273,0.090167
7278,189.1297,372,landed,1,0,0,0.248226,1.348756,0.233226,0.246619
7279,-59.9588,170,crash,0,1,0,0.111788,0.41797,0.23318,0.286006
7280,-32.4519,1000,timeout,0,0,1,0.021411,0.271615,0.233133,0.182489
7281,169.4623,829,landed,1,0,0,0.019644,0.256896,0.233087,0.217785
7282,-34.394,192,crash,0,1,0,0.857138,1.912047,0.23304,0.182306
7283,-48.902,182,crash,0,1,0,0.348516,1.038429,0.232993,0.305349
7284,214.6893,938,landed,1,0,0,0.226951,1.84649,0.232947,0.223641
7285,203.8689,423,landed,1,0,0,0.342296,1.438529,0.2329,0.210229
7286,-51.1678,186,crash,0,1,0,0.172884,0.762968,0.232854,0.20894
7287,-47.8573,174,crash,0,1,0,0.331042,0.899832,0.232807,0.151915
7288,217.7981,611,landed,1,0,0,0.336756,1.474538,0.23276,0.181661
7289,-38.0953,1000,timeout,0,0,1,0.020689,0.358292,0.232714,0.267561
7290,-31.8153,192,crash,0,1,0,0.578771,1.375654,0.232667,0.137357
7291,-35.2938,193,crash,0,1,0,0.510247,1.345468,0.232621,0.220427
7292,171.2416,397,landed,1,0,0,0.051506,0.436584,0.232574,0.223042
7293,209.4101,740,landed,1,0,0,0.205539,1.586504,0.232528,0.147867
7294,225.2824,716,landed,1,0,0,0.329385,1.714833,0.232481,0.282398
7295,1.4217,1000,timeout,0,0,1,0.164584,1.55461,0.232435,0.209252
7296,-45.4446,179,crash,0,1,0,0.485957,1.202817,0.232388,0.152955
7297,200.4734,535,landed,1,0,0,0.238424,1.444624,0.232342,0.13854
7298,165.9782,861,landed,1,0,0,0.035736,0.482534,0.232295,0.165846
7299,14.7172,1000,timeout,0,0,1,0.199477,1.449985,0.232249,0.135523
7300,173.25,254,landed,1,0,0,0.061349,0.294183,0.232202,0.108633
7301,216.5646,659,landed,1,0,0,0.309146,1.426951,0.232156,0.205213
7302,-28.6802,248,crash,0,1,0,0.633454,1.511893,0.232109,0.17677
7303,203.5981,495,landed,1,0,0,0.300083,1.435134,0.232063,0.209978
7304,-33.1602,1000,timeout,0,0,1,0.023053,0.443412,0.232017,0.187991
7305,-40.6124,190,crash,0,1,0,0.489407,1.228239,0.23197,0.224745
7306,-1.4255,1000,timeout,0,0,1,0.179305,1.578946,0.231924,0.215397
7307,213.1334,372,landed,1,0,0,0.587579,1.624072,0.231877,0.359421
7308,-51.4452,177,crash,0,1,0,0.412364,1.110094,0.231831,0.24357
7309,9.2559,1000,timeout,0,0,1,0.209069,1.480593,0.231785,0.26011
7310,-59.8231,163,crash,0,1,0,0.045849,0.173205,0.231738,0.168012
7311,-56.4247,163,crash,0,1,0,0.167905,0.414886,0.231692,0.143458
7312,-31.708,1000,timeout,0,0,1,0.024073,0.391615,0.231646,0.156654
7313,-36.6626,199,crash,0,1,0,0.685254,1.390604,0.231599,0.121377
7314,-53.822,1000,timeout,0,0,1,0.029422,0.407751,0.231553,0.228506
7315,-40.6453,193,crash,0,1,0,0.443426,1.157411,0.231507,0.112046
7316,179.2456,448,landed,1,0,0,0.07404,0.592172,0.23146,0.129439
7317,-49.5119,178,crash,0,1,0,0.953652,1.89613,0.231414,0.23393
7318,-63.4905,159,crash,0,1,0,0.165067,0.478018,0.231368,0.179899
7319,195.9027,809,landed,1,0,0,0.162311,1.325753,0.231322,0.204262
7320,-58.2215,155,crash,0,1,0,0.047564,0.163706,0.231275,0.19394
7321,-46.2408,179,crash,0,1,0,0.397377,1.02119,0.231229,0.008681
7322,-37.3277,194,crash,0,1,0,0.494271,1.363381,0.231183,0.21753
7323,172.5059,430,landed,1,0,0,0.049738,0.551522,0.231137,0.153451
7324,171.3468,352,landed,1,0,0,0.038323,0.290108,0.23109,0.196209
7325,-50.684,171,crash,0,1,0,0.567239,1.352551,0.231044,0.083524
7326,-44.3349,169,crash,0,1,0,0.579978,1.13364,0.230998,0.195435
7327,168.8021,506,landed,1,0,0,0.016576,0.224161,0.230952,0.159079
7328,-143.8443,205,crash,0,1,0,0.300036,0.638341,0.230906,0.118402
7329,193.2396,751,landed,1,0,0,0.149424,1.327856,0.230859,0.19387
7330,1.7503,1000,timeout,0,0,1,0.16483,1.818323,0.230813,0.257902
7331,-10.4585,1000,timeout,0,0,1,0.107297,1.26822,0.230767,0.265289
7332,-42.2835,195,crash,0,1,0,0.469398,1.309566,0.230721,0.345285
7333,-33.9309,1000,timeout,0,0,1,0.10478,1.214791,0.230675,0.256533
7334,7.9656,1000,timeout,0,0,1,0.213493,1.813214,0.230629,0.194317
7335,-49.6579,186,crash,0,1,0,0.296731,0.750626,0.230582,0.280973
7336,-35.6699,187,crash,0,1,0,0.516563,1.360395,0.230536,0.119769
7337,-52.1671,173,crash,0,1,0,0.304807,0.764403,0.23049,0.253406
7338,-55.393,162,crash,0,1,0,0.124479,0.43094,0.230444,0.314414
7339,-48.0428,174,crash,0,1,0,0.512303,1.154846,0.230398,0.27523
7340,-46.8259,182,crash,0,1,0,0.330714,0.906025,0.230352,0.368414
7341,165.5798,745,landed,1,0,0,0.014804,0.22015,0.230306,0.255813
7342,-59.5361,165,crash,0,1,0,0.047899,0.146327,0.23026,0.294753
7343,-38.7059,183,crash,0,1,0,0.75839,1.539546,0.230214,0.33929
7344,-45.3609,184,crash,0,1,0,0.487378,1.151551,0.230168,0.179117
7345,172.209,304,landed,1,0,0,0.105354,0.400394,0.230122,0.292042
7346,167.6457,859,landed,1,0,0,0.023878,0.240995,0.230076,0.206944
7347,210.7423,645,landed,1,0,0,0.324219,1.554533,0.23003,0.176842
7348,221.2071,640,landed,1,0,0,0.334579,1.871588,0.229984,0.153286
7349,168.526,663,landed,1,0,0,0.042612,0.407882,0.229938,0.266093
7350,-57.6475,162,crash,0,1,0,0.321745,0.910902,0.229892,0.18249
7351,185.8357,490,landed,1,0,0,0.172009,1.103695,0.229846,0.21399
7352,-36.8511,183,crash,0,1,0,0.930384,1.796837,0.2298,0.367068
7353,-23.9573,1000,timeout,0,0,1,0.06755,0.884503,0.229754,0.264306
7354,-58.145,154,crash,0,1,0,0.066372,0.18981,0.229708,0.194914
7355,-57.8462,162,crash,0,1,0,0.082575,0.26578,0.229662,0.216169
7356,-39.5096,199,crash,0,1,0,0.492841,1.294583,0.229616,0.197223
7357,212.781,750,landed,1,0,0,0.306098,1.539016,0.22957,0.235724
7358,186.7087,599,landed,1,0,0,0.1555,1.155395,0.229524,0.154407
7359,-46.0797,183,crash,0,1,0,0.366985,1.026878,0.229478,0.233582
7360,-44.7555,180,crash,0,1,0,0.505469,1.302179,0.229432,0.210778
7361,-36.3322,187,crash,0,1,0,0.599302,1.502458,0.229386,0.212351
7362,170.1905,561,landed,1,0,0,0.059526,0.469313,0.229341,0.185582
7363,8.6452,1000,timeout,0,0,1,0.211087,1.747098,0.229295,0.257275
7364,-34.6668,195,crash,0,1,0,0.508843,1.459215,0.229249,0.219355
7365,-16.3743,1000,timeout,0,0,1,0.166337,1.543557,0.229203,0.220861
7366,207.4208,961,landed,1,0,0,0.216424,1.537215,0.229157,0.233602
7367,169.1192,586,landed,1,0,0,0.027302,0.30241,0.229111,0.24742
7368,169.0802,574,landed,1,0,0,0.055202,0.383243,0.229065,0.284563
7369,-61.5845,155,crash,0,1,0,0.132429,0.531314,0.22902,0.141971
7370,-42.842,179,crash,0,1,0,0.590377,1.36622,0.228974,0.214595
7371,203.8323,308,landed,1,0,0,0.42214,1.438191,0.228928,0.358192
7372,170.8576,768,landed,1,0,0,0.03799,0.628966,0.228882,0.295827
7373,-38.2588,195,crash,0,1,0,0.462613,1.372792,0.228837,0.112382
7374,7.2177,1000,timeout,0,0,1,0.21365,1.671261,0.228791,0.230218
7375,217.1501,482,landed,1,0,0,0.404453,1.675894,0.228745,0.282439
7376,-52.7209,175,crash,0,1,0,0.277517,0.689023,0.228699,0.148172
7377,-48.4845,176,crash,0,1,0,0.508047,1.278821,0.228653,0.221832
7378,171.6415,388,landed,1,0,0,0.058701,0.430691,0.228608,0.227661
7379,-34.7744,190,crash,0,1,0,0.674232,1.481312,0.228562,0.268189
7380,-56.9438,177,crash,0,1,0,0.869641,1.807866,0.228516,0.127109
7381,-43.3912,188,crash,0,1,0,0.472864,1.165482,0.228471,0.344411
7382,-57.8602,158,crash,0,1,0,0.063747,0.296282,0.228425,0.181077
7383,208.7961,826,landed,1,0,0,0.214243,1.65963,0.228379,0.207494
7384,-57.0376,164,crash,0,1,0,0.227956,0.835694,0.228334,0.232287
7385,-50.2206,180,crash,0,1,0,0.316144,0.658478,0.228288,0.2362
7386,-43.3881,194,crash,0,1,0,0.419341,1.100122,0.228242,0.131335
7387,-38.5756,186,crash,0,1,0,0.534854,1.433874,0.228197,0.192418
7388,170.3758,886,landed,1,0,0,0.030464,0.348955,0.228151,0.206416
7389,-33.4495,183,crash,0,1,0,0.855689,1.682854,0.228105,0.252887
7390,-38.7231,192,crash,0,1,0,0.638763,1.506955,0.22806,0.293299
7391,-31.8906,1000,timeout,0,0,1,0.029698,0.401606,0.228014,0.282999
7392,-42.5685,181,crash,0,1,0,0.569195,1.413342,0.227968,0.291012
7393,-44.1313,184,crash,0,1,0,0.417479,1.014641,0.227923,0.421084
7394,185.2002,493,landed,1,0,0,0.155559,1.068911,0.227877,0.3338
7395,-41.9268,188,crash,0,1,0,0.612098,1.428385,0.227832,0.206219
7396,-43.9814,186,crash,0,1,0,0.356452,0.925317,0.227786,0.236429
7397,-48.3755,179,crash,0,1,0,0.316556,0.827449,0.227741,0.252122
7398,-55.7055,172,crash,0,1,0,0.115559,0.329349,0.227695,0.152746
7399,211.3037,429,landed,1,0,0,0.35041,1.454255,0.22765,0.187985
7400,-48.3916,174,crash,0,1,0,0.468781,1.149604,0.227604,0.340891
7401,198.3259,848,landed,1,0,0,0.151331,1.509246,0.227558,0.253571
7402,-35.2659,1000,timeout,0,0,1,0.018078,0.257781,0.227513,0.23938
7403,-56.1429,157,crash,0,1,0,0.121976,0.448815,0.227467,0.203833
7404,-49.4184,174,crash,0,1,0,0.326005,0.642596,0.227422,0.289207
7405,207.7409,637,landed,1,0,0,0.265392,1.509495,0.227376,0.24645
7406,171.9102,589,landed,1,0,0,0.028215,0.25607,0.227331,0.251089
7407,210.7408,425,landed,1,0,0,0.376825,1.593059,0.227286,0.291219
7408,209.0478,449,landed,1,0,0,0.306805,1.348621,0.22724,0.293353
7409,-30.4191,200,crash,0,1,0,0.616404,1.527815,0.227195,0.279535
7410,198.9523,885,landed,1,0,0,0.156474,1.4789,0.227149,0.259063
7411,164.9425,913,landed,1,0,0,0.024823,0.316452,0.227104,0.256855
7412,-42.5594,183,crash,0,1,0,0.458644,1.141732,0.227058,0.347387
7413,-46.2026,186,crash,0,1,0,0.488446,1.299095,0.227013,0.496592
7414,-54.851,164,crash,0,1,0,0.150751,0.415665,0.226968,0.353075
7415,-47.328,187,crash,0,1,0,0.308443,0.735377,0.226922,0.270627
7416,-41.3733,186,crash,0,1,0,0.62371,1.468001,0.226877,0.286436
7417,-59.2872,150,crash,0,1,0,0.085873,0.212289,0.226831,0.188669
7418,209.7962,715,landed,1,0,0,0.262642,1.621336,0.226786,0.262415
7419,210.8899,428,landed,1,0,0,0.326201,1.504364,0.226741,0.248655
7420,-48.8171,175,crash,0,1,0,0.346197,0.920621,0.226695,0.335449
7421,208.9335,429,landed,1,0,0,0.397378,1.745209,0.22665,0.255875
7422,-42.6368,182,crash,0,1,0,0.359492,0.821535,0.226605,0.269322
7423,-41.1284,198,crash,0,1,0,0.528832,1.245218,0.226559,0.184641
7424,168.8314,652,landed,1,0,0,0.04008,0.304386,0.226514,0.436301
7425,1.0148,1000,timeout,0,0,1,0.131838,1.4598,0.226469,0.243382
7426,-32.7651,1000,timeout,0,0,1,0.020004,0.267356,0.226423,0.334527
7427,174.2648,290,landed,1,0,0,0.074774,0.339548,0.226378,0.280636
7428,-57.985,154,crash,0,1,0,0.103156,0.358309,0.226333,0.31
7429,-41.5645,189,crash,0,1,0,0.473693,1.162042,0.226288,0.253018
7430,-48.8466,177,crash,0,1,0,0.372091,0.940367,0.226242,0.52758
7431,210.6694,476,landed,1,0,0,0.396436,1.504289,0.226197,0.278728
7432,-7.1352,1000,timeout,0,0,1,0.106477,1.232997,0.226152,0.366469
7433,169.2942,970,landed,1,0,0,0.025166,0.379362,0.226107,0.292625
7434,-46.3871,180,crash,0,1,0,0.493033,1.207315,0.226061,0.169026
7435,166.9131,998,landed,1,0,0,0.025924,0.35927,0.226016,0.264181
7436,-26.8968,1000,timeout,0,0,1,0.185874,1.532068,0.225971,0.301977
7437,-60.5043,167,crash,0,1,0,0.120681,0.426653,0.225926,0.277145
7438,-55.9818,174,crash,0,1,0,0.13007,0.340775,0.225881,0.137334
7439,-54.6289,1000,timeout,0,0,1,0.025215,0.361251,0.225835,0.343811
7440,-43.8958,191,crash,0,1,0,0.495951,1.32368,0.22579,0.350036
7441,-59.9789,169,crash,0,1,0,0.145765,0.423213,0.225745,0.154092
7442,-42.6124,186,crash,0,1,0,0.482596,1.196585,0.2257,0.319441
7443,-40.3836,193,crash,0,1,0,0.669189,1.44024,0.225655,0.148337
7444,-37.0803,209,crash,0,1,0,1.206144,2.326394,0.22561,0.279007
7445,-42.4817,185,crash,0,1,0,0.411677,1.012612,0.225565,0.448933
7446,-44.7186,184,crash,0,1,0,0.364905,0.752607,0.225519,0.261985
7447,211.7835,721,landed,1,0,0,0.276097,1.535251,0.225474,0.225623
7448,-45.5059,180,crash,0,1,0,0.396703,1.030441,0.225429,0.267797
7449,-53.3444,1000,timeout,0,0,1,0.01909,0.270406,0.225384,0.308968
7450,171.5536,524,landed,1,0,0,0.025345,0.176989,0.225339,0.312687
7451,-57.1615,166,crash,0,1,0,0.159837,0.620366,0.225294,0.415334
7452,-38.3016,183,crash,0,1,0,0.712855,1.378972,0.225249,0.154737
7453,211.4778,509,landed,1,0,0,0.370663,1.470324,0.225204,0.320027
7454,-41.8237,189,crash,0,1,0,0.615807,1.339052,0.225159,0.325604
7455,201.3949,620,landed,1,0,0,0.194729,1.329045,0.225114,0.216504
7456,-41.1305,193,crash,0,1,0,0.526822,1.354376,0.225069,0.202123
7457,-35.3943,1000,timeout,0,0,1,0.015589,0.191719,0.225024,0.303913
7458,200.0073,546,landed,1,0,0,0.173856,1.101967,0.224979,0.197962
7459,-37.2576,198,crash,0,1,0,0.546693,1.318967,0.224934,0.341129
7460,210.8594,364,landed,1,0,0,0.406909,1.524112,0.224889,0.17306
7461,-54.1884,167,crash,0,1,0,0.315582,0.879926,0.224844,0.22506
7462,-48.6213,179,crash,0,1,0,0.487601,1.199204,0.224799,0.172438
7463,-19.4189,1000,timeout,0,0,1,0.081525,0.89288,0.224754,0.269207
7464,205.135,543,landed,1,0,0,0.251167,1.41583,0.224709,0.22295
7465,-43.9849,190,crash,0,1,0,0.433812,1.120604,0.224664,0.245284
7466,-51.2718,171,crash,0,1,0,0.3099,0.850807,0.224619,0.340998
7467,215.2109,386,landed,1,0,0,0.63145,1.629353,0.224574,0.259493
7468,3.0583,1000,timeout,0,0,1,0.15896,1.389258,0.224529,0.286578
7469,-47.9362,186,crash,0,1,0,0.344844,0.904304,0.224484,0.332173
7470,-45.5785,186,crash,0,1,0,0.620301,1.324141,0.224439,0.216777
7471,-39.4873,195,crash,0,1,0,0.477626,1.045557,0.224395,0.218828
7472,-35.5589,1000,timeout,0,0,1,0.02414,0.45494,0.22435,0.314871
7473,-55.1615,170,crash,0,1,0,0.20172,0.549918,0.224305,0.142293
7474,-35.2888,1000,timeout,0,0,1,0.0225,0.362275,0.22426,0.277731
7475,-59.9727,158,crash,0,1,0,0.122506,0.34756,0.224215,0.404855
7476,9.1193,1000,timeout,0,0,1,0.173924,1.420984,0.22417,0.233662
7477,-43.6486,1000,timeout,0,0,1,0.065512,0.893184,0.224125,0.275999
7478,-58.7859,161,crash,0,1,0,0.094751,0.21751,0.224081,0.264058
7479,1.5961,1000,timeout,0,0,1,0.126137,1.463284,0.224036,0.299851
7480,179.8891,801,landed,1,0,0,0.09787,0.945381,0.223991,0.156627
7481,-45.4118,181,crash,0,1,0,0.474819,1.258675,0.223946,0.054435
7482,170.8503,498,landed,1,0,0,0.057771,0.30329,0.223901,0.235931
7483,-41.9776,180,crash,0,1,0,0.525219,1.363289,0.223857,0.090235
7484,-57.2249,166,crash,0,1,0,0.116417,0.33806,0.223812,0.386653
7485,171.045,673,landed,1,0,0,0.026638,0.224463,0.223767,0.320698
7486,-40.388,192,crash,0,1,0,0.453968,0.965714,0.223722,0.336518
7487,-60.0258,161,crash,0,1,0,0.128981,0.330567,0.223678,0.190448
7488,12.3184,1000,timeout,0,0,1,0.20579,1.353947,0.223633,0.324853
7489,174.9335,253,landed,1,0,0,0.07882,0.255161,0.223588,0.376321
7490,-39.3308,187,crash,0,1,0,0.535906,1.093966,0.223543,0.089542
7491,-31.2364,1000,timeout,0,0,1,0.028986,0.34829,0.223499,0.245559
7492,217.0922,783,landed,1,0,0,0.295154,1.571086,0.223454,0.213398
7493,174.1097,524,landed,1,0,0,0.043823,0.332533,0.223409,0.308534
7494,7.3494,1000,timeout,0,0,1,0.183251,1.553331,0.223365,0.255702
7495,172.1781,690,landed,1,0,0,0.044804,0.353312,0.22332,0.277966
7496,-56.5502,164,crash,0,1,0,0.193305,0.414058,0.223275,0.096079
7497,-44.1197,182,crash,0,1,0,0.535313,1.219068,0.223231,0.198462
7498,-44.7669,184,crash,0,1,0,0.332342,0.663944,0.223186,0.260877
7499,4.4733,1000,timeout,0,0,1,0.16151,1.496218,0.223141,0.243725
7500,-41.4353,182,crash,0,1,0,0.346502,0.694903,0.223097,0.453731
7501,-14.1447,1000,timeout,0,0,1,0.174824,1.37551,0.223052,0.200338
7502,-55.2077,158,crash,0,1,0,0.118133,0.373252,0.223007,0.437275
7503,219.2102,635,landed,1,0,0,0.35813,1.676057,0.222963,0.232112
7504,166.4565,873,landed,1,0,0,0.01504,0.207012,0.222918,0.19337
7505,-44.4802,180,crash,0,1,0,0.584656,1.358617,0.222874,0.437041
7506,1.0769,1000,timeout,0,0,1,0.156541,1.537151,0.222829,0.226959
7507,176.6875,606,landed,1,0,0,0.09861,0.848831,0.222785,0.333793
7508,-41.852,194,crash,0,1,0,0.512102,1.283917,0.22274,0.209456
7509,-32.1268,202,crash,0,1,0,0.600324,1.430797,0.222695,0.327812
7510,212.1978,378,landed,1,0,0,0.551557,1.578896,0.222651,0.194087
7511,-33.2191,1000,timeout,0,0,1,0.019171,0.244125,0.222606,0.186457
7512,211.7043,975,landed,1,0,0,0.161836,1.526775,0.222562,0.177983
7513,-48.9033,177,crash,0,1,0,0.367569,0.856129,0.222517,0.156172
7514,-40.0925,198,crash,0,1,0,0.46003,0.988562,0.222473,0.356401
7515,-45.3095,187,crash,0,1,0,0.475489,1.345088,0.222428,0.260148
7516,-35.4251,1000,timeout,0,0,1,0.018024,0.28256,0.222384,0.273008
7517,-51.2862,174,crash,0,1,0,0.332722,0.854667,0.222339,0.258236
7518,219.0606,869,landed,1,0,0,0.246944,1.599839,0.222295,0.331752
7519,-44.1897,188,crash,0,1,0,0.395107,0.888499,0.22225,0.332788
7520,-58.4028,163,crash,0,1,0,0.285265,0.855039,0.222206,0.23766
7521,225.927,506,landed,1,0,0,0.467807,1.460245,0.222162,0.158032
7522,-41.9937,202,crash,0,1,0,0.942199,1.80518,0.222117,0.37569
7523,-50.376,170,crash,0,1,0,0.402486,0.953082,0.222073,0.140488
7524,13.3443,1000,timeout,0,0,1,0.224344,1.707251,0.222028,0.15411
7525,17.6068,1000,timeout,0,0,1,0.217589,1.446121,0.221984,0.255841
7526,-34.4041,1000,timeout,0,0,1,0.025492,0.222216,0.221939,0.162746
7527,-32.6701,191,crash,0,1,0,0.627964,1.350365,0.221895,0.264855
7528,219.2781,410,landed,1,0,0,0.368266,1.546792,0.221851,0.224716
7529,211.5779,405,landed,1,0,0,0.353109,1.279959,0.221806,0.261331
7530,167.6814,957,landed,1,0,0,0.024853,0.36386,0.221762,0.318949
7531,-39.2366,195,crash,0,1,0,0.437865,0.923569,0.221718,0.179469
7532,-16.5225,1000,timeout,0,0,1,0.153854,1.376548,0.221673,0.208705
7533,169.9499,635,landed,1,0,0,0.031703,0.28121,0.221629,0.193973
7534,-57.7028,165,crash,0,1,0,0.090047,0.379026,0.221585,0.157726
7535,-32.0528,1000,timeout,0,0,1,0.027165,0.316757,0.22154,0.299937
7536,-56.0607,161,crash,0,1,0,0.288424,0.809645,0.221496,0.146249
7537,-37.0948,193,crash,0,1,0,0.60143,1.374717,0.221452,0.155106
7538,10.1236,1000,timeout,0,0,1,0.177019,1.677695,0.221407,0.208837
7539,-34.8524,193,crash,0,1,0,0.921966,1.539527,0.221363,0.251475
7540,-40.6494,188,crash,0,1,0,0.600325,1.413655,0.221319,0.346885
7541,-32.5897,194,crash,0,1,0,0.632671,1.317568,0.221275,0.220546
7542,-54.9983,160,crash,0,1,0,0.338597,0.868637,0.22123,0.348474
7543,170.0246,502,landed,1,0,0,0.019327,0.181843,0.221186,0.286548
7544,-31.3857,1000,timeout,0,0,1,0.026,0.313471,0.221142,0.284508
7545,170.0714,344,landed,1,0,0,0.047071,0.271865,0.221098,0.270272
7546,-10.2382,1000,timeout,0,0,1,0.163876,1.589575,0.221053,0.282257
7547,-30.8223,203,crash,0,1,0,0.55765,1.188348,0.221009,0.271786
7548,-53.133,170,crash,0,1,0,0.314215,0.865965,0.220965,0.127619
7549,-57.1661,153,crash,0,1,0,0.075507,0.229264,0.220921,0.177281
7550,-58.1381,156,crash,0,1,0,0.082724,0.199266,0.220877,0.300644
7551,-47.0175,180,crash,0,1,0,0.461223,1.134263,0.220832,0.168069
7552,206.5441,761,landed,1,0,0,0.234908,1.67744,0.220788,0.302905
7553,-39.4796,195,crash,0,1,0,0.458025,0.94894,0.220744,0.311425
7554,-45.2525,188,crash,0,1,0,0.303109,0.587972,0.2207,0.083837
7555,-60.9673,171,crash,0,1,0,0.071219,0.261162,0.220656,0.269247
7556,-33.8643,204,crash,0,1,0,0.465623,1.039533,0.220612,0.277847
7557,-44.3073,192,crash,0,1,0,0.341051,0.753609,0.220568,0.307136
7558,220.9316,389,landed,1,0,0,0.445365,1.501831,0.220523,0.257046
7559,-44.9956,186,crash,0,1,0,0.335417,0.631386,0.220479,0.363935
7560,-50.261,186,crash,0,1,0,0.357323,0.715128,0.220435,0.183633
7561,-38.9465,187,crash,0,1,0,0.720901,1.45439,0.220391,0.45217
7562,-35.8923,208,crash,0,1,0,0.46008,1.006655,0.220347,0.152325
7563,-46.9045,183,crash,0,1,0,0.32232,0.647132,0.220303,0.132129
7564,-58.5773,170,crash,0,1,0,0.06513,0.306782,0.220259,0.043511
7565,-52.4819,178,crash,0,1,0,0.407323,1.130779,0.220215,0.263347
7566,-28.1813,208,crash,0,1,0,0.58097,1.427063,0.220171,0.1976
7567,-35.6873,184,crash,0,1,0,1.00636,1.599828,0.220127,0.396655
7568,-40.6035,186,crash,0,1,0,0.469104,1.16405,0.220083,0.217473
7569,-54.9773,174,crash,0,1,0,0.319097,0.928781,0.220039,0.222336
7570,178.2415,522,landed,1,0,0,0.070288,0.568534,0.219995,0.283795
7571,168.0424,678,landed,1,0,0,0.024579,0.322358,0.219951,0.242693
7572,-49.4199,178,crash,0,1,0,0.289137,0.759282,0.219907,0.21915
7573,-40.3691,190,crash,0,1,0,0.559743,1.310377,0.219863,0.256332
7574,-26.7996,203,crash,0,1,0,0.805005,1.486335,0.219819,0.180927
7575,-51.5724,181,crash,0,1,0,0.210814,0.634433,0.219775,0.156943
7576,209.8137,559,landed,1,0,0,0.255158,1.186325,0.219731,0.222306
7577,-48.3092,189,crash,0,1,0,0.306199,0.611242,0.219687,0.29925
7578,172.8414,505,landed,1,0,0,0.041679,0.328541,0.219643,0.308466
7579,-57.7591,1000,timeout,0,0,1,0.020937,0.267068,0.219599,0.269557
7580,-47.7822,178,crash,0,1,0,0.606552,1.351707,0.219555,0.31729
7581,-52.8485,168,crash,0,1,0,0.367622,0.922031,0.219511,0.181957
7582,-44.3623,188,crash,0,1,0,0.396852,0.8046,0.219467,0.436128
7583,-43.9727,186,crash,0,1,0,0.343814,0.767842,0.219423,0.181088
7584,-40.975,183,crash,0,1,0,0.728856,1.537742,0.21938,0.077424
7585,-35.9714,182,crash,0,1,0,0.9893,1.725769,0.219336,0.232454
7586,-46.209,173,crash,0,1,0,0.48601,1.121561,0.219292,0.32246
7587,-46.5352,180,crash,0,1,0,0.518806,1.30702,0.219248,0.379907
7588,171.224,403,landed,1,0,0,0.035939,0.285368,0.219204,0.189344
7589,-45.3676,181,crash,0,1,0,0.491179,1.269054,0.21916,0.332656
7590,-43.1593,188,crash,0,1,0,0.369068,0.726246,0.219116,0.405782
7591,-41.5556,226,crash,0,1,0,0.931791,2.249544,0.219073,0.3497
7592,-43.4227,179,crash,0,1,0,0.605605,1.424738,0.219029,0.262971
7593,209.9296,383,landed,1,0,0,0.416168,1.498722,0.218985,0.314383
7594,170.4118,467,landed,1,0,0,0.037881,0.241704,0.218941,0.408909
7595,-30.0922,1000,timeout,0,0,1,0.018072,0.253232,0.218897,0.270874
7596,-41.0559,198,crash,0,1,0,0.44234,0.883008,0.218854,0.527432
7597,6.2551,1000,timeout,0,0,1,0.144925,1.359999,0.21881,0.269069
7598,-40.9257,184,crash,0,1,0,0.38594,0.99691,0.218766,0.265415
7599,187.4899,298,landed,1,0,0,0.259669,0.771416,0.218722,0.24642
7600,-61.3847,155,crash,0,1,0,0.129261,0.431744,0.218679,0.266123
7601,-38.8736,189,crash,0,1,0,0.435853,1.131634,0.218635,0.353687
7602,-63.1681,160,crash,0,1,0,0.148441,0.537803,0.218591,0.160901
7603,-25.9065,1000,timeout,0,0,1,0.09637,1.032002,0.218547,0.319426
7604,-50.3836,172,crash,0,1,0,0.363608,0.931897,0.218504,0.233317
7605,-48.0385,176,crash,0,1,0,0.613565,1.367956,0.21846,0.311377
7606,-34.8184,187,crash,0,1,0,0.933583,1.528902,0.218416,0.210634
7607,-53.9634,167,crash,0,1,0,0.312099,0.951033,0.218373,0.178452
7608,-42.5867,182,crash,0,1,0,0.772155,1.543947,0.218329,0.344512
7609,-20.2865,1000,timeout,0,0,1,0.128107,1.232489,0.218285,0.337592
7610,171.2449,408,landed,1,0,0,0.043221,0.419288,0.218242,0.280962
7611,195.7338,875,landed,1,0,0,0.137526,0.951884,0.218198,0.339491
7612,171.2088,325,landed,1,0,0,0.028355,0.163047,0.218154,0.388605
7613,207.2743,334,landed,1,0,0,0.540868,1.527173,0.218111,0.118462
7614,214.1329,551,landed,1,0,0,0.311884,1.804664,0.218067,0.315928
7615,-45.1633,185,crash,0,1,0,0.497661,1.262242,0.218024,0.217471
7616,171.1797,659,landed,1,0,0,0.027125,0.318858,0.21798,0.319738
7617,-46.1041,1000,timeout,0,0,1,0.012368,0.2291,0.217936,0.318966
7618,-36.6629,183,crash,0,1,0,0.761307,1.536854,0.217893,0.208914
7619,216.1204,727,landed,1,0,0,0.218757,1.38501,0.217849,0.368496
7620,-64.771,161,crash,0,1,0,0.09991,0.303976,0.217806,0.411784
7621,-46.5276,180,crash,0,1,0,0.503595,1.27788,0.217762,0.352266
7622,163.4175,943,landed,1,0,0,0.013197,0.305507,0.217718,0.280208
7623,-40.5558,190,crash,0,1,0,0.42603,0.940414,0.217675,0.171444
7624,-29.7326,185,crash,0,1,0,1.058108,1.941122,0.217631,0.239729
7625,206.4472,810,landed,1,0,0,0.176343,1.537386,0.217588,0.410664
7626,174.3677,343,landed,1,0,0,0.064393,0.331112,0.217544,0.223779
7627,5.7515,1000,timeout,0,0,1,0.122488,1.319415,0.217501,0.222117
7628,208.4621,367,landed,1,0,0,0.380804,1.246984,0.217457,0.324653
7629,-58.2473,169,crash,0,1,0,0.187878,0.719193,0.217414,0.327973
7630,-46.3838,177,crash,0,1,0,0.499061,1.176866,0.21737,0.18066
7631,173.4315,424,landed,1,0,0,0.054458,0.419279,0.217327,0.253422
7632,-49.8708,176,crash,0,1,0,0.556258,1.250899,0.217283,0.486154
7633,169.9822,763,landed,1,0,0,0.023197,0.217546,0.21724,0.29522
7634,206.6448,494,landed,1,0,0,0.263015,1.395038,0.217197,0.212165
7635,168.7752,263,landed,1,0,0,0.100455,0.29298,0.217153,0.252408
7636,171.4067,340,landed,1,0,0,0.048134,0.305266,0.21711,0.384528
7637,-55.9175,157,crash,0,1,0,0.097233,0.373506,0.217066,0.100579
7638,10.7234,1000,timeout,0,0,1,0.212694,1.89231,0.217023,0.288243
7639,174.3748,470,landed,1,0,0,0.044921,0.277114,0.216979,0.335589
7640,169.3595,962,landed,1,0,0,0.018366,0.296743,0.216936,0.249049
7641,175.7324,308,landed,1,0,0,0.061725,0.37273,0.216893,0.295436
7642,168.6479,797,landed,1,0,0,0.023948,0.293226,0.216849,0.325002
7643,-33.8754,193,crash,0,1,0,0.776868,1.520304,0.216806,0.199616
7644,-58.5302,171,crash,0,1,0,0.138064,0.373633,0.216763,0.360005
7645,6.7598,1000,timeout,0,0,1,0.186834,1.616743,0.216719,0.262418
7646,-65.2581,159,crash,0,1,0,0.062549,0.253671,0.216676,0.31185
7647,177.926,481,landed,1,0,0,0.054386,0.290185,0.216632,0.372938
7648,-44.7911,187,crash,0,1,0,0.296644,0.710789,0.216589,0.204752
7649,202.7794,669,landed,1,0,0,0.197669,1.302996,0.216546,0.326642
7650,219.2033,496,landed,1,0,0,0.387696,1.565311,0.216503,0.222766
7651,-51.3933,172,crash,0,1,0,0.385155,1.014394,0.216459,0.252611
7652,-43.5838,190,crash,0,1,0,0.2583,0.658735,0.216416,0.302523
7653,-46.8305,184,crash,0,1,0,0.226584,0.68897,0.216373,0.269445
7654,196.0783,493,landed,1,0,0,0.239953,1.259071,0.216329,0.312447
7655,204.1832,407,landed,1,0,0,0.331846,1.241911,0.216286,0.372618
7656,-50.4312,182,crash,0,1,0,0.483991,1.33326,0.216243,0.182276
7657,-37.6537,198,crash,0,1,0,0.609438,1.562649,0.2162,0.310042
7658,-19.7494,241,crash,0,1,0,0.90869,2.094353,0.216156,0.413249
7659,209.4647,993,landed,1,0,0,0.187897,1.624459,0.216113,0.314203
7660,-32.3942,187,crash,0,1,0,0.518389,1.314502,0.21607,0.279298
7661,204.9424,975,landed,1,0,0,0.155085,1.470073,0.216027,0.321138
7662,-49.5968,172,crash,0,1,0,0.491104,1.207673,0.215984,0.782703
7663,172.2077,376,landed,1,0,0,0.064432,0.281906,0.21594,0.369159
7664,-50.7705,168,crash,0,1,0,0.469135,1.242555,0.215897,0.420411
7665,171.7299,310,landed,1,0,0,0.044431,0.255164,0.215854,0.467969
7666,-45.4326,182,crash,0,1,0,0.325994,0.770886,0.215811,0.438109
7667,171.301,783,landed,1,0,0,0.022561,0.274693,0.215768,0.328346
7668,173.6876,590,landed,1,0,0,0.022357,0.208445,0.215724,0.252242
7669,-61.2992,165,crash,0,1,0,0.106421,0.315264,0.215681,0.37553
7670,-49.783,178,crash,0,1,0,0.463146,1.341217,0.215638,0.396864
7671,-38.1313,193,crash,0,1,0,0.685055,1.474526,0.215595,0.39165
7672,183.6148,361,landed,1,0,0,0.115685,0.561223,0.215552,0.430086
7673,-35.8097,193,crash,0,1,0,0.492662,1.038136,0.215509,0.190377
7674,-54.2396,171,crash,0,1,0,0.377918,1.001412,0.215466,0.353777
7675,-34.6167,192,crash,0,1,0,1.16181,1.920849,0.215423,0.313374
7676,10.694,1000,timeout,0,0,1,0.173894,1.65352,0.21538,0.306033
7677,191.3683,417,landed,1,0,0,0.183786,0.911371,0.215336,0.246534
7678,-48.9027,175,crash,0,1,0,0.473464,1.239733,0.215293,0.229652
7679,-36.168,1000,timeout,0,0,1,0.014781,0.254078,0.21525,0.24951
7680,-32.3423,186,crash,0,1,0,0.918971,1.719409,0.215207,0.246629
7681,-36.3103,1000,timeout,0,0,1,0.018406,0.287439,0.215164,0.345741
7682,-58.2306,179,crash,0,1,0,0.116333,0.310239,0.215121,0.414062
7683,198.7273,649,landed,1,0,0,0.153963,1.073253,0.215078,0.322403
7684,-64.9509,160,crash,0,1,0,0.097618,0.362342,0.215035,0.28319
7685,-59.8905,149,crash,0,1,0,0.069237,0.217123,0.214992,0.303793
7686,-34.1696,1000,timeout,0,0,1,0.07157,0.810665,0.214949,0.315648
7687,-44.637,177,crash,0,1,0,0.55194,1.344301,0.214906,0.365563
7688,-7.0759,1000,timeout,0,0,1,0.119121,1.151131,0.214863,0.354377
7689,-49.3915,176,crash,0,1,0,0.626375,1.384132,0.21482,0.300372
7690,174.8595,370,landed,1,0,0,0.039033,0.225231,0.214777,0.30643
7691,-45.9242,175,crash,0,1,0,0.684851,1.399823,0.214734,0.214016
7692,177.2503,380,landed,1,0,0,0.077106,0.431087,0.214691,0.34624
7693,-52.3937,176,crash,0,1,0,0.500641,1.334845,0.214648,0.174509
7694,-58.5536,166,crash,0,1,0,0.057029,0.243003,0.214605,0.254426
7695,-40.8249,181,crash,0,1,0,0.527411,1.426055,0.214563,0.279598
7696,176.0958,225,landed,1,0,0,0.088936,0.362903,0.21452,0.394052
7697,209.8469,414,landed,1,0,0,0.411079,1.470931,0.214477,0.24399
7698,-47.7919,174,crash,0,1,0,0.480086,1.200564,0.214434,0.483729
7699,-37.0991,195,crash,0,1,0,0.740039,1.595483,0.214391,0.346172
7700,-21.8599,1000,timeout,0,0,1,0.042832,0.554453,0.214348,0.324869
7701,-44.7071,173,crash,0,1,0,0.285283,0.782053,0.214305,0.240632
7702,195.7515,723,landed,1,0,0,0.12608,1.113235,0.214262,0.267047
7703,-45.478,188,crash,0,1,0,0.320128,0.830075,0.21422,0.351117
7704,-49.1677,170,crash,0,1,0,0.495886,1.080077,0.214177,0.275368
7705,-44.507,184,crash,0,1,0,0.588429,1.344143,0.214134,0.307371
7706,-29.7578,209,crash,0,1,0,0.732803,1.356528,0.214091,0.229637
7707,-13.6424,1000,timeout,0,0,1,0.062934,0.778116,0.214048,0.264377
7708,-48.4243,178,crash,0,1,0,0.495745,1.262335,0.214005,0.264301
7709,-34.7611,186,crash,0,1,0,0.806243,1.654182,0.213963,0.155287
7710,196.7646,271,landed,1,0,0,0.232093,0.858649,0.21392,0.36541
7711,-6.5104,1000,timeout,0,0,1,0.206898,1.751149,0.213877,0.279954
7712,212.7658,610,landed,1,0,0,0.29279,1.518754,0.213834,0.398522
7713,-35.6881,1000,timeout,0,0,1,0.041033,0.816272,0.213791,0.378386
7714,195.8616,678,landed,1,0,0,0.158288,1.111884,0.213749,0.256782
7715,-34.7633,193,crash,0,1,0,0.66977,1.476552,0.213706,0.073115
7716,-32.2414,192,crash,0,1,0,0.811823,1.636498,0.213663,0.451399
7717,210.2679,322,landed,1,0,0,0.415712,1.54084,0.21362,0.37339
7718,20.4662,1000,timeout,0,0,1,0.247865,2.114656,0.213578,0.319015
7719,11.6963,1000,timeout,0,0,1,0.182881,1.54735,0.213535,0.289512
7720,-47.6733,179,crash,0,1,0,0.532532,1.229695,0.213492,0.373072
7721,-60.323,154,crash,0,1,0,0.098175,0.298551,0.21345,0.465877
7722,-53.8986,168,crash,0,1,0,0.495006,1.293744,0.213407,0.4125
7723,-8.33,1000,timeout,0,0,1,0.094017,1.123048,0.213364,0.280008
7724,-32.0124,1000,timeout,0,0,1,0.026475,0.3598,0.213322,0.318457
7725,-57.5918,168,crash,0,1,0,0.545953,1.347971,0.213279,0.318673
7726,-39.7912,1000,timeout,0,0,1,0.016982,0.252301,0.213236,0.26049
7727,166.5149,534,landed,1,0,0,0.023358,0.227037,0.213194,0.389571
7728,-56.2105,170,crash,0,1,0,0.32941,1.13271,0.213151,0.542286
7729,-52.7532,167,crash,0,1,0,0.361654,1.004392,0.213108,0.194543
7730,176.3986,464,landed,1,0,0,0.056975,0.480025,0.213066,0.262895
7731,-44.8249,173,crash,0,1,0,0.295017,0.872941,0.213023,0.215924
7732,-47.481,168,crash,0,1,0,0.564334,1.221497,0.212981,0.285999
7733,-36.0151,1000,timeout,0,0,1,0.015462,0.175773,0.212938,0.218909
7734,-17.517,1000,timeout,0,0,1,0.103417,1.106081,0.212895,0.354227
7735,175.0362,333,landed,1,0,0,0.07502,0.371722,0.212853,0.267818
7736,206.4013,400,landed,1,0,0,0.363195,1.596512,0.21281,0.279206
7737,-58.7094,169,crash,0,1,0,0.169867,0.652108,0.212768,0.257375
7738,197.5617,463,landed,1,0,0,0.209854,1.001246,0.212725,0.213395
7739,-35.8085,182,crash,0,1,0,0.864839,1.75648,0.212683,0.329792
7740,209.4738,711,landed,1,0,0,0.256966,1.564373,0.21264,0.276479
7741,211.5636,397,landed,1,0,0,0.430084,1.262895,0.212597,0.225238
7742,-50.6556,172,crash,0,1,0,0.552453,1.166603,0.212555,0.380989
7743,-30.1461,199,crash,0,1,0,0.747167,1.540726,0.212512,0.193147
7744,-47.6929,179,crash,0,1,0,0.508636,1.277607,0.21247,0.183069
7745,-4.1143,1000,timeout,0,0,1,0.165993,1.614897,0.212427,0.294165
7746,215.5099,431,landed,1,0,0,0.30773,1.336821,0.212385,0.27891
7747,209.0026,720,landed,1,0,0,0.21838,1.475711,0.212342,0.225793
7748,17.2659,1000,timeout,0,0,1,0.188832,1.886973,0.2123,0.265958
7749,-56.0789,1000,timeout,0,0,1,0.021801,0.333605,0.212258,0.269495
7750,-45.9815,184,crash,0,1,0,0.51282,1.420199,0.212215,0.21928
7751,195.0938,926,landed,1,0,0,0.140121,1.346192,0.212173,0.250701
7752,-31.9382,194,crash,0,1,0,0.969278,1.742905,0.21213,0.294525
7753,211.2221,440,landed,1,0,0,0.367415,1.398173,0.212088,0.233902
7754,197.7365,878,landed,1,0,0,0.138644,1.456593,0.212045,0.221786
7755,197.3327,341,landed,1,0,0,0.455205,1.516425,0.212003,0.259704
7756,-47.9689,179,crash,0,1,0,0.48979,1.431639,0.211961,0.314823
7757,-42.4718,181,crash,0,1,0,0.5733,1.414474,0.211918,0.310937
7758,-28.9763,1000,timeout,0,0,1,0.157925,1.331778,0.211876,0.25391
7759,186.1702,805,landed,1,0,0,0.091959,0.870899,0.211833,0.255291
7760,192.4104,434,landed,1,0,0,0.158556,0.852988,0.211791,0.297321
7761,184.2725,437,landed,1,0,0,0.09416,0.622924,0.211749,0.348152
7762,-30.7038,188,crash,0,1,0,0.599791,1.495383,0.211706,0.327111
7763,-42.5527,196,crash,0,1,0,0.662162,1.283991,0.211664,0.394029
7764,-47.4215,182,crash,0,1,0,0.639528,1.386627,0.211622,0.390078
7765,-55.853,1000,timeout,0,0,1,0.015266,0.179582,0.211579,0.272525
7766,197.375,358,landed,1,0,0,0.500849,1.643009,0.211537,0.305884
7767,-56.3133,170,crash,0,1,0,0.229561,0.86791,0.211495,0.37945
7768,-53.5477,162,crash,0,1,0,0.505482,1.310651,0.211452,0.133188
7769,188.4196,546,landed,1,0,0,0.10202,0.764371,0.21141,0.383022
7770,195.9222,716,landed,1,0,0,0.206285,1.457995,0.211368,0.326485
7771,-42.7518,184,crash,0,1,0,0.541176,1.394212,0.211326,0.22259
7772,-44.6998,184,crash,0,1,0,0.650997,1.360541,0.211283,0.202301
7773,204.8831,426,landed,1,0,0,0.391297,1.535072,0.211241,0.188884
7774,189.1416,908,landed,1,0,0,0.093429,1.245249,0.211199,0.26951
7775,195.8877,981,landed,1,0,0,0.136403,1.36164,0.211157,0.231889
7776,-57.9146,179,crash,0,1,0,0.172768,0.794908,0.211114,0.415973
7777,-42.003,184,crash,0,1,0,0.49153,1.206184,0.211072,0.084361
7778,-57.9848,159,crash,0,1,0,0.412911,1.088642,0.21103,0.410458
7779,-45.4294,176,crash,0,1,0,0.329239,0.902069,0.210988,0.305031
7780,166.1781,671,landed,1,0,0,0.051581,0.496009,0.210945,0.187359
7781,-62.9327,169,crash,0,1,0,0.110357,0.447735,0.210903,0.191973
7782,-34.4677,1000,timeout,0,0,1,0.01838,0.259367,0.210861,0.321628
7783,-58.3013,1000,timeout,0,0,1,0.027941,0.405011,0.210819,0.290771
7784,174.8422,421,landed,1,0,0,0.067573,0.507063,0.210777,0.259198
7785,198.4772,717,landed,1,0,0,0.18171,1.441768,0.210735,0.252987
7786,-41.3917,185,crash,0,1,0,0.624156,1.455419,0.210692,0.297307
7787,-36.0501,191,crash,0,1,0,0.818733,1.525622,0.21065,0.198273
7788,169.3224,509,landed,1,0,0,0.032657,0.277469,0.210608,0.284442
7789,16.2639,1000,timeout,0,0,1,0.198165,1.689049,0.210566,0.275542
7790,215.8754,450,landed,1,0,0,0.416591,1.499596,0.210524,0.202667
7791,172.3054,577,landed,1,0,0,0.037384,0.308808,0.210482,0.273847
7792,9.3105,1000,timeout,0,0,1,0.153812,1.37935,0.21044,0.263556
7793,170.8426,486,landed,1,0,0,0.063885,0.548426,0.210398,0.323039
7794,214.2823,434,landed,1,0,0,0.462965,1.704348,0.210356,0.292572
7795,1.0907,1000,timeout,0,0,1,0.215555,1.679206,0.210314,0.201885
7796,-53.9921,166,crash,0,1,0,0.590381,1.299897,0.210271,0.350627
7797,-63.3091,153,crash,0,1,0,0.17776,0.728418,0.210229,0.155567
7798,202.5845,630,landed,1,0,0,0.204548,1.489264,0.210187,0.238028
7799,199.7673,666,landed,1,0,0,0.195867,1.309778,0.210145,0.244174
7800,-23.0012,201,crash,0,1,0,0.827939,1.5226,0.210103,0.363242
7801,-51.7576,173,crash,0,1,0,0.424724,1.155627,0.210061,0.514475
7802,208.2795,511,landed,1,0,0,0.348864,1.700393,0.210019,0.281172
7803,189.5089,853,landed,1,0,0,0.150805,1.380877,0.209977,0.200033
7804,-39.8686,190,crash,0,1,0,0.710391,1.442747,0.209935,0.437957
7805,-15.7924,1000,timeout,0,0,1,0.118884,1.369577,0.209893,0.209245
7806,167.8878,525,landed,1,0,0,0.095426,0.931736,0.209851,0.242838
7807,168.7587,429,landed,1,0,0,0.044028,0.26892,0.209809,0.256287
7808,-49.998,168,crash,0,1,0,0.481626,1.082506,0.209767,0.098784
7809,166.9377,594,landed,1,0,0,0.028773,0.21258,0.209725,0.210569
7810,175.2241,868,landed,1,0,0,0.041083,0.500022,0.209683,0.270474
7811,-30.7216,194,crash,0,1,0,0.872135,1.438066,0.209642,0.322846
7812,-31.7803,205,crash,0,1,0,0.657167,1.205358,0.2096,0.275751
7813,196.6941,329,landed,1,0,0,0.240623,1.065676,0.209558,0.135591
7814,216.1477,617,landed,1,0,0,0.26831,1.353683,0.209516,0.136922
7815,188.4098,507,landed,1,0,0,0.137273,0.980811,0.209474,0.161956
7816,-42.1581,180,crash,0,1,0,0.729986,1.583177,0.209432,0.085506
7817,-44.6577,183,crash,0,1,0,0.330173,0.941132,0.20939,0.316001
7818,193.9142,688,landed,1,0,0,0.121393,0.977327,0.209348,0.218816
7819,-39.2433,180,crash,0,1,0,0.837044,1.667894,0.209306,0.282367
7820,-33.1679,184,crash,0,1,0,0.849257,1.623964,0.209264,0.130569
7821,171.8363,270,landed,1,0,0,0.067027,0.271251,0.209223,0.255083
7822,-46.772,179,crash,0,1,0,0.763957,1.548613,0.209181,0.17439
7823,-46.355,173,crash,0,1,0,0.352789,0.855073,0.209139,0.230766
7824,-45.8554,185,crash,0,1,0,0.570954,1.298858,0.209097,0.264192
7825,184.7168,746,landed,1,0,0,0.080641,0.793723,0.209055,0.294069
7826,165.958,812,landed,1,0,0,0.021504,0.314685,0.209013,0.30025
7827,-44.5622,1000,timeout,0,0,1,0.049569,0.632414,0.208972,0.244146
7828,-39.7563,1000,timeout,0,0,1,0.07274,0.948309,0.20893,0.267764
7829,167.1783,341,landed,1,0,0,0.06171,0.340973,0.208888,0.241524
7830,-60.8557,159,crash,0,1,0,0.322118,1.010482,0.208846,0.273819
7831,4.0107,1000,timeout,0,0,1,0.187237,1.765008,0.208805,0.218377
7832,-54.4913,160,crash,0,1,0,0.41046,1.037607,0.208763,0.397555
7833,207.3324,737,landed,1,0,0,0.257589,1.542351,0.208721,0.244543
7834,165.9143,552,landed,1,0,0,0.019343,0.213475,0.208679,0.234012
7835,-38.3568,1000,timeout,0,0,1,0.017016,0.225255,0.208638,0.262866
7836,174.3863,350,landed,1,0,0,0.053136,0.301266,0.208596,0.224913
7837,190.469,325,landed,1,0,0,0.237119,0.97995,0.208554,0.284739
7838,-33.836,1000,timeout,0,0,1,0.054573,1.003851,0.208512,0.240878
7839,-56.7751,170,crash,0,1,0,0.185114,0.851877,0.208471,0.335306
7840,-38.1582,190,crash,0,1,0,0.592923,1.322648,0.208429,0.247421
7841,-41.3523,185,crash,0,1,0,0.909594,1.519041,0.208387,0.274311
7842,210.0987,798,landed,1,0,0,0.251356,1.834897,0.208346,0.33406
7843,-48.9524,171,crash,0,1,0,0.291453,0.864986,0.208304,0.221062
7844,201.1879,716,landed,1,0,0,0.197162,1.662325,0.208262,0.143634
7845,216.7705,694,landed,1,0,0,0.275706,1.702315,0.208221,0.269521
7846,187.5669,437,landed,1,0,0,0.139758,0.773266,0.208179,0.293408
7847,-26.3187,187,crash,0,1,0,1.080177,1.834702,0.208137,0.18177
7848,-45.4567,182,crash,0,1,0,0.461753,1.212148,0.208096,0.115714
7849,190.8585,698,landed,1,0,0,0.24558,1.777798,0.208054,0.25529
7850,205.9986,317,landed,1,0,0,0.525199,1.850244,0.208013,0.232254
7851,-52.9815,172,crash,0,1,0,0.490997,1.4242,0.207971,0.213108
7852,186.3652,434,landed,1,0,0,0.287392,1.149097,0.207929,0.291659
7853,192.5238,273,landed,1,0,0,0.2365,0.781995,0.207888,0.109879
7854,167.2128,911,landed,1,0,0,0.019655,0.300375,0.207846,0.239574
7855,-62.3642,152,crash,0,1,0,0.141832,0.405608,0.207805,0.216591
7856,-37.6865,1000,timeout,0,0,1,0.021464,0.256874,0.207763,0.18801
7857,200.6352,403,landed,1,0,0,0.436378,1.896142,0.207721,0.324084
7858,-53.2081,171,crash,0,1,0,0.325034,0.972926,0.20768,0.301214
7859,-47.7353,185,crash,0,1,0,0.485299,1.027205,0.207638,0.155046
7860,-10.882,1000,timeout,0,0,1,0.274361,1.924658,0.207597,0.297789
7861,204.6199,979,landed,1,0,0,0.159096,1.831524,0.207555,0.227886
7862,202.2998,759,landed,1,0,0,0.272804,1.882104,0.207514,0.231629
7863,-15.4262,1000,timeout,0,0,1,0.085095,0.961829,0.207472,0.216288
7864,-34.843,183,crash,0,1,0,0.720684,1.596284,0.207431,0.296076
7865,164.2465,465,landed,1,0,0,0.052657,0.290677,0.207389,0.218499
7866,-37.1067,193,crash,0,1,0,0.724218,1.626283,0.207348,0.328975
7867,-19.8165,199,crash,0,1,0,0.766985,1.721944,0.207306,0.45173
7868,-1.175,1000,timeout,0,0,1,0.156635,1.838093,0.207265,0.31356
7869,-43.484,1000,timeout,0,0,1,0.052841,0.774031,0.207223,0.152168
7870,173.7056,253,landed,1,0,0,0.040526,0.325886,0.207182,0.223821
7871,176.4667,690,landed,1,0,0,0.065402,0.67917,0.207141,0.292067
7872,196.3596,807,landed,1,0,0,0.178799,1.768328,0.207099,0.213218
7873,-35.1516,171,crash,0,1,0,0.788306,1.807418,0.207058,0.103685
7874,-57.1595,165,crash,0,1,0,0.320771,1.106969,0.207016,0.33085
7875,-54.5431,176,crash,0,1,0,0.204423,0.9056,0.206975,0.219207
7876,-35.4329,1000,timeout,0,0,1,0.029839,0.39544,0.206934,0.275176
7877,-35.5823,183,crash,0,1,0,0.79454,1.564403,0.206892,0.323513
7878,-4.659,1000,timeout,0,0,1,0.144701,1.56053,0.206851,0.243491
7879,-41.8828,176,crash,0,1,0,0.592276,1.408285,0.206809,0.173723
7880,-27.8107,1000,timeout,0,0,1,0.04938,0.833751,0.206768,0.224745
7881,191.6035,598,landed,1,0,0,0.107065,0.849047,0.206727,0.184096
7882,-41.4996,175,crash,0,1,0,0.563539,1.401095,0.206685,0.194183
7883,-38.6812,177,crash,0,1,0,0.78743,1.761772,0.206644,0.350605
7884,-19.7445,283,crash,0,1,0,0.986797,2.419321,0.206603,0.362258
7885,200.2454,472,landed,1,0,0,0.349504,1.777111,0.206561,0.369568
7886,-41.7259,186,crash,0,1,0,0.656974,1.4484,0.20652,0.314321
7887,182.7308,962,landed,1,0,0,0.069974,0.784925,0.206479,0.196636
7888,-50.8132,170,crash,0,1,0,0.448549,1.198901,0.206437,0.29974
7889,181.766,577,landed,1,0,0,0.138389,1.072894,0.206396,0.188174
7890,-63.3859,151,crash,0,1,0,0.082423,0.430845,0.206355,0.251488
7891,165.0572,440,landed,1,0,0,0.043584,0.245571,0.206314,0.116162
7892,-50.5201,168,crash,0,1,0,0.410074,1.131832,0.206272,0.09588
7893,-41.7043,194,crash,0,1,0,0.781619,1.4594,0.206231,0.166173
7894,188.4358,968,landed,1,0,0,0.157968,1.527733,0.20619,0.284492
7895,-36.6984,183,crash,0,1,0,0.778071,1.805787,0.206149,0.273677
7896,-54.9758,1000,timeout,0,0,1,0.014401,0.395789,0.206107,0.262948
7897,-65.3692,154,crash,0,1,0,0.131597,0.465099,0.206066,0.22182
7898,207.5006,473,landed,1,0,0,0.30113,1.685088,0.206025,0.24963
7899,-50.4404,175,crash,0,1,0,0.677092,1.603358,0.205984,0.185497
7900,-31.0842,187,crash,0,1,0,0.974053,1.727988,0.205943,0.316708
7901,-46.5634,181,crash,0,1,0,0.436409,1.131591,0.205901,0.289364
7902,-52.1179,175,crash,0,1,0,0.537976,1.311336,0.20586,0.308165
7903,-39.2362,187,crash,0,1,0,1.085789,2.07155,0.205819,0.362538
7904,172.7029,640,landed,1,0,0,0.031221,0.242321,0.205778,0.220702
7905,-28.6024,209,crash,0,1,0,1.068113,2.120789,0.205737,0.369925
7906,-48.8064,180,crash,0,1,0,0.474114,1.306543,0.205696,0.313498
7907,-58.7552,168,crash,0,1,0,0.279501,1.009065,0.205654,0.271053
7908,-45.9314,183,crash,0,1,0,0.435229,1.186292,0.205613,0.204256
7909,183.5409,899,landed,1,0,0,0.070762,1.026671,0.205572,0.344687
7910,-63.9397,149,crash,0,1,0,0.092361,0.454052,0.205531,0.327034
7911,173.8327,329,landed,1,0,0,0.095002,0.463467,0.20549,0.288684
7912,212.5899,595,landed,1,0,0,0.246577,1.773992,0.205449,0.294858
7913,-33.9284,180,crash,0,1,0,0.827599,1.603405,0.205408,0.305173
7914,-53.0069,1000,timeout,0,0,1,0.027275,0.298741,0.205367,0.260829
7915,173.2051,357,landed,1,0,0,0.038475,0.311065,0.205326,0.26853
7916,-50.1958,173,crash,0,1,0,0.440239,1.266811,0.205285,0.431225
7917,189.1327,919,landed,1,0,0,0.081498,1.224448,0.205243,0.270276
7918,171.1131,822,landed,1,0,0,0.057511,0.724361,0.205202,0.291791
7919,175.4248,260,landed,1,0,0,0.147062,0.626952,0.205161,0.263562
7920,208.2624,297,landed,1,0,0,0.47877,1.646516,0.20512,0.253594
7921,172.1868,561,landed,1,0,0,0.067217,0.599863,0.205079,0.232086
7922,-31.6042,202,crash,0,1,0,0.93636,1.870148,0.205038,0.241192
7923,-35.0224,188,crash,0,1,0,0.727713,1.746006,0.204997,0.220039
7924,-46.7783,172,crash,0,1,0,0.533071,1.277933,0.204956,0.248897
7925,177.3953,323,landed,1,0,0,0.098393,0.548956,0.204915,0.286027
7926,-45.0856,165,crash,0,1,0,0.990792,1.87021,0.204874,0.29128
7927,-42.4926,182,crash,0,1,0,0.618912,1.344526,0.204833,0.30423
7928,175.3718,259,landed,1,0,0,0.113871,0.435958,0.204792,0.205913
7929,-36.0774,196,crash,0,1,0,1.036921,1.885227,0.204751,0.252114
7930,-36.1454,178,crash,0,1,0,0.735996,1.623057,0.20471,0.326217
7931,185.7092,284,landed,1,0,0,0.203826,1.029529,0.20467,0.327943
7932,-19.0776,1000,timeout,0,0,1,0.062466,0.780634,0.204629,0.263296
7933,171.5221,538,landed,1,0,0,0.041077,0.369057,0.204588,0.23484
7934,-42.2762,170,crash,0,1,0,0.659042,1.46079,0.204547,0.209844
7935,176.9313,288,landed,1,0,0,0.086314,0.344582,0.204506,0.279538
7936,-5.5004,1000,timeout,0,0,1,0.095267,1.315732,0.204465,0.252419
7937,164.9425,737,landed,1,0,0,0.011895,0.158488,0.204424,0.306258
7938,169.6629,491,landed,1,0,0,0.032105,0.31185,0.204383,0.313732
7939,182.2763,949,landed,1,0,0,0.075206,1.105613,0.204342,0.208027
7940,222.829,666,landed,1,0,0,0.296698,2.041205,0.204301,0.214622
7941,199.9298,374,landed,1,0,0,0.286295,1.473282,0.204261,0.318814
7942,-40.3447,180,crash,0,1,0,0.915291,1.693444,0.20422,0.284025
7943,-30.8077,193,crash,0,1,0,0.859444,1.535474,0.204179,0.386986
7944,-32.9397,186,crash,0,1,0,0.758634,1.5743,0.204138,0.241574
7945,-32.833,1000,timeout,0,0,1,0.044442,0.955557,0.204097,0.206633
7946,-49.6523,168,crash,0,1,0,0.537276,1.29154,0.204056,0.408808
7947,-48.6805,179,crash,0,1,0,0.651833,1.490734,0.204016,0.268035
7948,171.2513,289,landed,1,0,0,0.100108,0.398978,0.203975,0.326172
7949,174.6149,988,landed,1,0,0,0.061675,1.063211,0.203934,0.270441
7950,-50.1477,178,crash,0,1,0,0.472141,1.377449,0.203893,0.215837
7951,-49.5493,183,crash,0,1,0,0.56412,1.249236,0.203852,0.28319
7952,202.3735,388,landed,1,0,0,0.23074,1.345216,0.203812,0.308304
7953,-56.9843,148,crash,0,1,0,0.101161,0.271375,0.203771,0.314706
7954,182.2036,368,landed,1,0,0,0.165085,0.689761,0.20373,0.217595
7955,173.0413,883,landed,1,0,0,0.058952,1.005494,0.203689,0.329046
7956,-38.2052,193,crash,0,1,0,0.955254,1.827929,0.203649,0.330215
7957,-42.0853,170,crash,0,1,0,0.772185,1.862262,0.203608,0.087615
7958,-54.5883,167,crash,0,1,0,0.218403,0.67453,0.203567,0.386421
7959,204.0086,575,landed,1,0,0,0.216301,1.455526,0.203526,0.327014
7960,-59.7513,157,crash,0,1,0,0.088471,0.25493,0.203486,0.335071
7961,174.1019,611,landed,1,0,0,0.06068,0.662915,0.203445,0.336059
7962,-31.6531,1000,timeout,0,0,1,0.017187,0.362954,0.203404,0.317678
7963,-43.3769,176,crash,0,1,0,0.596284,1.313243,0.203364,0.209421
7964,-36.4244,192,crash,0,1,0,0.544989,1.366047,0.203323,0.089843
7965,204.7801,549,landed,1,0,0,0.279402,1.812746,0.203282,0.362438
7966,162.8588,701,landed,1,0,0,0.039089,0.359256,0.203242,0.262874
7967,-30.6243,214,crash,0,1,0,0.759817,1.289464,0.203201,0.255647
7968,-39.2746,181,crash,0,1,0,0.909065,1.834334,0.20316,0.130927
7969,183.0122,904,landed,1,0,0,0.069446,0.943442,0.20312,0.308628
7970,181.6486,940,landed,1,0,0,0.071819,1.088091,0.203079,0.278478
7971,186.6832,855,landed,1,0,0,0.119297,1.405395,0.203039,0.203729
7972,-51.87,171,crash,0,1,0,0.976644,1.803341,0.202998,0.173804
7973,177.3979,300,landed,1,0,0,0.126785,0.660609,0.202957,0.187889
7974,-44.0711,184,crash,0,1,0,0.982314,1.84852,0.202917,0.356505
7975,189.7618,770,landed,1,0,0,0.118093,1.234744,0.202876,0.270348
7976,-34.0847,1000,timeout,0,0,1,0.029142,0.358395,0.202836,0.265073
7977,182.5748,311,landed,1,0,0,0.219336,1.090099,0.202795,0.333557
7978,-37.8129,186,crash,0,1,0,0.560052,1.467108,0.202754,0.306515
7979,175.4371,471,landed,1,0,0,0.097988,0.926956,0.202714,0.349649
7980,-15.9984,1000,timeout,0,0,1,0.14621,1.739059,0.202673,0.258498
7981,-31.3852,179,crash,0,1,0,0.918636,1.881581,0.202633,0.399504
7982,-41.5817,185,crash,0,1,0,0.352494,1.153014,0.202592,0.481872
7983,163.1409,999,landed,1,0,0,0.021672,0.280953,0.202552,0.367335
7984,-58.1936,162,crash,0,1,0,0.249244,1.010971,0.202511,0.513544
7985,162.4975,625,landed,1,0,0,0.023087,0.176106,0.202471,0.301292
7986,-46.274,177,crash,0,1,0,0.819709,1.603482,0.20243,0.23863
7987,166.3755,913,landed,1,0,0,0.020713,0.273737,0.20239,0.275245
7988,-62.2978,156,crash,0,1,0,0.218048,0.586346,0.202349,0.234031
7989,-35.6084,187,crash,0,1,0,0.465538,1.217091,0.202309,0.363041
7990,-36.1064,193,crash,0,1,0,1.111058,2.384239,0.202268,0.306717
7991,-19.4612,207,crash,0,1,0,0.79641,1.49651,0.202228,0.319478
7992,-36.8641,185,crash,0,1,0,0.570135,1.400221,0.202187,0.269778
7993,-36.6841,1000,timeout,0,0,1,0.020955,0.280589,0.202147,0.260331
7994,196.2246,353,landed,1,0,0,0.321136,1.473451,0.202107,0.238212
7995,186.0649,292,landed,1,0,0,0.304506,1.269136,0.202066,0.182313
7996,-42.1574,175,crash,0,1,0,0.446779,1.283656,0.202026,0.318623
7997,173.566,369,landed,1,0,0,0.160267,1.040979,0.201985,0.370083
7998,-52.4699,186,crash,0,1,0,0.291873,0.879747,0.201945,0.294015
7999,169.2678,312,landed,1,0,0,0.043595,0.207168,0.201905,0.334784
8000,198.416,593,landed,1,0,0,0.247537,1.551618,0.201864,0.293957
8001,-37.1025,176,crash,0,1,0,0.776822,1.636053,0.201824,0.212131
8002,179.1762,723,landed,1,0,0,0.097559,1.128035,0.201783,0.245122
8003,179.0531,500,landed,1,0,0,0.091274,0.902334,0.201743,0.282804
8004,188.5873,893,landed,1,0,0,0.160782,1.706657,0.201703,0.317589
8005,-45.1084,183,crash,0,1,0,0.881836,1.659501,0.201662,0.334512
8006,184.6958,664,landed,1,0,0,0.090193,1.026454,0.201622,0.231444
8007,167.2953,874,landed,1,0,0,0.056131,0.932901,0.201582,0.28633
8008,-33.3649,193,crash,0,1,0,0.708919,1.339521,0.201541,0.19514
8009,197.1393,939,landed,1,0,0,0.157333,1.868767,0.201501,0.205443
8010,-23.84,211,crash,0,1,0,0.683792,1.449701,0.201461,0.228644
8011,166.8265,293,landed,1,0,0,0.098729,0.340036,0.201421,0.366647
8012,183.5543,389,landed,1,0,0,0.235536,1.191411,0.20138,0.231345
8013,199.779,476,landed,1,0,0,0.325733,1.555472,0.20134,0.243415
8014,206.7998,581,landed,1,0,0,0.379934,1.847661,0.2013,0.292853
8015,-36.1408,1000,timeout,0,0,1,0.032811,0.322909,0.201259,0.296989
8016,-33.8973,1000,timeout,0,0,1,0.027257,0.361717,0.201219,0.336645
8017,-0.4859,1000,timeout,0,0,1,0.196901,1.872041,0.201179,0.292656
8018,172.3168,451,landed,1,0,0,0.037484,0.293225,0.201139,0.270305
8019,171.3105,548,landed,1,0,0,0.018221,0.1909,0.201099,0.276163
8020,198.7788,598,landed,1,0,0,0.198294,1.502281,0.201058,0.283271
8021,-51.8789,170,crash,0,1,0,0.611765,1.498735,0.201018,0.281679
8022,165.3602,974,landed,1,0,0,0.035161,0.618128,0.200978,0.272933
8023,-28.9692,1000,timeout,0,0,1,0.042468,0.999196,0.200938,0.262697
8024,-34.7108,1000,timeout,0,0,1,0.01838,0.33574,0.200897,0.183563
8025,211.9506,626,landed,1,0,0,0.20675,1.68372,0.200857,0.337815
8026,-8.5316,1000,timeout,0,0,1,0.076204,1.200151,0.200817,0.288588
8027,-40.5243,181,crash,0,1,0,0.557045,1.409738,0.200777,0.232548
8028,182.0894,325,landed,1,0,0,0.218592,1.089302,0.200737,0.323131
8029,177.6563,555,landed,1,0,0,0.091136,1.176588,0.200697,0.287008
8030,-42.1046,175,crash,0,1,0,0.597422,1.38847,0.200657,0.17444
8031,-13.1015,1000,timeout,0,0,1,0.065085,1.159449,0.200616,0.230432
8032,-29.3733,190,crash,0,1,0,0.729779,1.74285,0.200576,0.200304
8033,-47.3162,176,crash,0,1,0,0.380898,1.196426,0.200536,0.429184
8034,191.7418,555,landed,1,0,0,0.140431,1.131876,0.200496,0.277262
8035,167.4804,839,landed,1,0,0,0.026796,0.280515,0.200456,0.263996
8036,-54.9288,1000,timeout,0,0,1,0.02296,0.252575,0.200416,0.262182
8037,0.6883,1000,timeout,0,0,1,0.131683,1.597127,0.200376,0.335868
8038,14.1033,1000,timeout,0,0,1,0.159427,1.575379,0.200336,0.230082
8039,-38.352,186,crash,0,1,0,0.581015,1.29228,0.200296,0.202552
8040,-19.7703,1000,timeout,0,0,1,0.082875,1.048901,0.200256,0.292475
8041,-38.5599,182,crash,0,1,0,0.602773,1.378643,0.200216,0.207335
8042,-43.887,189,crash,0,1,0,0.627745,1.196121,0.200175,0.196123
8043,166.3038,905,landed,1,0,0,0.022924,0.428617,0.200135,0.309505
8044,170.5726,494,landed,1,0,0,0.0509,0.440138,0.200095,0.257493
8045,-30.3545,1000,timeout,0,0,1,0.048887,0.684781,0.200055,0.250322
8046,-36.1228,1000,timeout,0,0,1,0.042423,0.880515,0.200015,0.26696
8047,-40.57,182,crash,0,1,0,0.592962,1.304216,0.199975,0.137013
8048,-43.5042,175,crash,0,1,0,0.628611,1.561295,0.199935,0.23134
8049,-4.7147,1000,timeout,0,0,1,0.109209,1.52104,0.199895,0.221768
8050,-38.7097,189,crash,0,1,0,0.716172,1.532296,0.199855,0.139587
8051,172.6862,830,landed,1,0,0,0.045726,0.66832,0.199815,0.246851
8052,170.0227,372,landed,1,0,0,0.040166,0.264559,0.199775,0.169031
8053,174.1533,402,landed,1,0,0,0.062451,0.478086,0.199736,0.154687
8054,177.6219,305,landed,1,0,0,0.148733,0.954571,0.199696,0.22716
8055,170.3062,367,landed,1,0,0,0.048328,0.299732,0.199656,0.14341
8056,207.7614,952,landed,1,0,0,0.129962,1.492744,0.199616,0.181682
8057,175.4561,370,landed,1,0,0,0.037309,0.214253,0.199576,0.151011
8058,194.5824,709,landed,1,0,0,0.152801,1.201423,0.199536,0.289955
8059,202.9038,304,landed,1,0,0,0.375312,1.31392,0.199496,0.166878
8060,-14.7217,1000,timeout,0,0,1,0.109257,1.23757,0.199456,0.256257
8061,174.3521,324,landed,1,0,0,0.04666,0.371288,0.199416,0.318933
8062,191.1041,565,landed,1,0,0,0.168645,1.104631,0.199376,0.208134
8063,-39.5739,184,crash,0,1,0,0.532953,1.176214,0.199336,0.018519
8064,169.6762,356,landed,1,0,0,0.060079,0.299563,0.199297,0.189651
8065,-38.16,177,crash,0,1,0,0.580723,1.196669,0.199257,0.334776
8066,170.8841,487,landed,1,0,0,0.044329,0.292921,0.199217,0.227933
8067,-37.9748,189,crash,0,1,0,0.560321,1.30257,0.199177,0.126953
8068,184.9753,414,landed,1,0,0,0.128002,0.731936,0.199137,0.201379
8069,-42.2689,180,crash,0,1,0,0.454344,1.156995,0.199097,0.1154
8070,-40.1637,1000,timeout,0,0,1,0.031252,0.430032,0.199058,0.252751
8071,167.7419,451,landed,1,0,0,0.067483,0.45255,0.199018,0.226256
8072,179.4558,399,landed,1,0,0,0.131145,0.679169,0.198978,0.232482
8073,177.5779,785,landed,1,0,0,0.082846,1.007072,0.198938,0.187387
8074,-8.0121,1000,timeout,0,0,1,0.166286,1.701607,0.198898,0.193409
8075,173.5142,251,landed,1,0,0,0.141448,0.595046,0.198859,0.215438
8076,198.3503,733,landed,1,0,0,0.206279,1.602695,0.198819,0.251333
8077,172.7886,418,landed,1,0,0,0.117532,0.703626,0.198779,0.215578
8078,-9.5557,1000,timeout,0,0,1,0.096952,1.376744,0.198739,0.158699
8079,-61.5741,148,crash,0,1,0,0.10768,0.2813,0.1987,0.166199
8080,-28.0764,201,crash,0,1,0,0.589585,1.499659,0.19866,0.219771
8081,-25.1189,219,crash,0,1,0,0.645517,1.442664,0.19862,0.186298
8082,174.5955,498,landed,1,0,0,0.077848,0.655563,0.19858,0.173722
8083,204.7539,904,landed,1,0,0,0.179038,1.627565,0.198541,0.171416
8084,225.4871,893,landed,1,0,0,0.26843,1.972772,0.198501,0.179098
8085,175.7126,384,landed,1,0,0,0.104336,0.860053,0.198461,0.193247
8086,172.2671,512,landed,1,0,0,0.034499,0.263002,0.198421,0.152951
8087,186.7032,300,landed,1,0,0,0.228958,1.009362,0.198382,0.234042
8088,-49.8073,176,crash,0,1,0,0.565425,1.43383,0.198342,0.212794
8089,-0.0534,1000,timeout,0,0,1,0.134644,1.470513,0.198302,0.246941
8090,197.4407,525,landed,1,0,0,0.25457,1.353013,0.198263,0.254207
8091,-63.3171,147,crash,0,1,0,0.107359,0.307924,0.198223,0.142353
8092,-47.1508,179,crash,0,1,0,0.306907,0.962011,0.198184,0.227753
8093,175.3745,315,landed,1,0,0,0.069351,0.38004,0.198144,0.1917
8094,165.9608,792,landed,1,0,0,0.042291,0.65399,0.198104,0.200342
8095,185.1465,570,landed,1,0,0,0.10027,0.710303,0.198065,0.214589
8096,-26.5607,1000,timeout,0,0,1,0.142115,1.48462,0.198025,0.195756
8097,-47.3325,165,crash,0,1,0,0.459447,1.050107,0.197985,0.349142
8098,6.794,1000,timeout,0,0,1,0.160981,1.604567,0.197946,0.172918
8099,174.1372,443,landed,1,0,0,0.073774,0.871606,0.197906,0.194741
8100,-46.2588,175,crash,0,1,0,0.311008,1.031007,0.197867,0.357719
8101,190.7498,524,landed,1,0,0,0.188093,1.181789,0.197827,0.178476
8102,216.1197,418,landed,1,0,0,0.378783,1.447137,0.197787,0.185486
8103,-58.4208,162,crash,0,1,0,0.131433,0.354267,0.197748,0.216108
8104,-37.1866,185,crash,0,1,0,0.617747,1.438091,0.197708,0.242537
8105,-45.1724,1000,timeout,0,0,1,0.084859,1.022078,0.197669,0.211022
8106,185.5106,456,landed,1,0,0,0.169354,1.025749,0.197629,0.255903
8107,171.3803,398,landed,1,0,0,0.268614,0.949537,0.19759,0.158644
8108,-46.3868,172,crash,0,1,0,0.399931,1.126369,0.19755,0.24851
8109,224.0559,488,landed,1,0,0,0.34516,1.619458,0.197511,0.207435
8110,-4.8133,1000,timeout,0,0,1,0.150679,1.686682,0.197471,0.255973
8111,-35.9951,1000,timeout,0,0,1,0.020351,0.30228,0.197432,0.23016
8112,182.75,747,landed,1,0,0,0.079602,0.887787,0.197392,0.225384
8113,201.9215,948,landed,1,0,0,0.119654,1.447328,0.197353,0.201885
8114,-60.4645,156,crash,0,1,0,0.123413,0.436865,0.197313,0.224335
8115,188.9396,336,landed,1,0,0,0.27405,1.062615,0.197274,0.238012
8116,15.7835,1000,timeout,0,0,1,0.170723,1.442396,0.197234,0.174751
8117,167.4374,851,landed,1,0,0,0.01701,0.26562,0.197195,0.202746
8118,-32.9361,1000,timeout,0,0,1,0.019819,0.311762,0.197156,0.21724
8119,-35.8637,184,crash,0,1,0,0.652826,1.37406,0.197116,0.193246
8120,173.4479,296,landed,1,0,0,0.073208,0.299696,0.197077,0.229043
8121,-45.6023,176,crash,0,1,0,0.352318,0.984582,0.197037,0.172374
8122,179.9048,421,landed,1,0,0,0.220987,1.29154,0.196998,0.181564
8123,166.7327,392,landed,1,0,0,0.072134,0.448767,0.196958,0.302492
8124,-15.4522,1000,timeout,0,0,1,0.075836,1.026488,0.196919,0.213619
8125,195.9741,366,landed,1,0,0,0.315078,1.30092,0.19688,0.271627
8126,201.5677,325,landed,1,0,0,0.35651,1.220722,0.19684,0.073254
8127,-51.2988,179,crash,0,1,0,0.300433,0.893555,0.196801,0.37981
8128,190.4864,864,landed,1,0,0,0.114694,1.181818,0.196762,0.21722
8129,-26.6055,211,crash,0,1,0,0.804422,1.854637,0.196722,0.042849
8130,-59.6549,181,crash,0,1,0,0.196338,0.408078,0.196683,0.283245
8131,-26.8488,1000,timeout,0,0,1,0.055258,0.890852,0.196644,0.252536
8132,-24.0836,220,crash,0,1,0,0.613517,1.478359,0.196604,0.273109
8133,196.8702,875,landed,1,0,0,0.174478,1.714001,0.196565,0.282821
8134,-46.6996,171,crash,0,1,0,0.423463,0.983541,0.196526,0.013645
8135,198.5857,625,landed,1,0,0,0.238226,1.667811,0.196486,0.147184
8136,205.4951,896,landed,1,0,0,0.163631,1.677816,0.196447,0.173355
8137,-62.1267,151,crash,0,1,0,0.163924,0.421452,0.196408,0.214262
8138,184.3252,461,landed,1,0,0,0.139168,0.966573,0.196368,0.271418
8139,-39.3696,178,crash,0,1,0,0.689396,1.546763,0.196329,0.248859
8140,212.3093,408,landed,1,0,0,0.479099,1.914338,0.19629,0.210177
8141,209.6923,580,landed,1,0,0,0.234007,1.696127,0.196251,0.290554
8142,-11.0711,1000,timeout,0,0,1,0.087279,1.155195,0.196211,0.219219
8143,198.7727,774,landed,1,0,0,0.162011,1.610336,0.196172,0.26223
8144,186.7898,527,landed,1,0,0,0.127975,1.030292,0.196133,0.278016
8145,-47.3028,180,crash,0,1,0,0.314868,0.781479,0.196094,0.135838
8146,175.4964,281,landed,1,0,0,0.056639,0.216585,0.196054,0.296099
8147,176.2642,508,landed,1,0,0,0.041514,0.280278,0.196015,0.294664
8148,196.3867,296,landed,1,0,0,0.32697,1.116476,0.195976,0.248332
8149,190.0616,489,landed,1,0,0,0.188465,1.147949,0.195937,0.16452
8150,-44.2504,180,crash,0,1,0,0.450933,1.101889,0.195898,0.042391
8151,-7.8972,1000,timeout,0,0,1,0.097385,1.276971,0.195858,0.277589
8152,204.9714,320,landed,1,0,0,0.369438,1.551586,0.195819,0.157694
8153,-60.8969,161,crash,0,1,0,0.137654,0.35087,0.19578,0.242025
8154,205.9202,421,landed,1,0,0,0.29319,1.617758,0.195741,0.237731
8155,225.8198,393,landed,1,0,0,0.444017,1.707055,0.195702,0.151658
8156,-9.6563,1000,timeout,0,0,1,0.077192,1.20676,0.195663,0.302922
8157,200.6369,296,landed,1,0,0,0.365135,1.539035,0.195624,0.218534
8158,-3.2449,1000,timeout,0,0,1,0.177355,1.896052,0.195584,0.258985
8159,187.3622,261,landed,1,0,0,0.242135,1.001345,0.195545,0.319263
8160,-37.6129,181,crash,0,1,0,0.434796,1.077287,0.195506,0.213264
8161,-40.9627,188,crash,0,1,0,0.556583,1.199255,0.195467,0.058941
8162,183.3122,291,landed,1,0,0,0.138753,0.919616,0.195428,0.155665
8163,23.6338,1000,timeout,0,0,1,0.187786,1.954939,0.195389,0.229591
8164,173.1346,382,landed,1,0,0,0.032725,0.171081,0.19535,0.292489
8165,174.4816,258,landed,1,0,0,0.07611,0.265306,0.195311,0.27637
8166,-12.6335,1000,timeout,0,0,1,0.114452,1.239648,0.195272,0.201237
8167,-2.4445,1000,timeout,0,0,1,0.112826,1.480423,0.195233,0.299506
8168,205.1237,548,landed,1,0,0,0.251625,1.552373,0.195194,0.139801
8169,-32.049,196,crash,0,1,0,0.777571,1.538991,0.195155,0.254838
8170,4.0033,1000,timeout,0,0,1,0.154963,1.533303,0.195116,0.294724
8171,-0.3601,1000,timeout,0,0,1,0.127298,1.571086,0.195077,0.167429
8172,191.955,628,landed,1,0,0,0.13615,1.352668,0.195037,0.273647
8173,194.301,417,landed,1,0,0,0.252853,1.351741,0.194998,0.197479
8174,213.1464,727,landed,1,0,0,0.245792,1.668327,0.194959,0.18902
8175,174.3352,819,landed,1,0,0,0.034398,0.321084,0.19492,0.172898
8176,211.3496,427,landed,1,0,0,0.353674,1.584606,0.194882,0.137512
8177,-23.2438,1000,timeout,0,0,1,0.138079,1.474851,0.194843,0.185496
8178,194.7732,633,landed,1,0,0,0.162236,1.312694,0.194804,0.198658
8179,195.4208,865,landed,1,0,0,0.141886,1.506314,0.194765,0.193808
8180,205.0548,494,landed,1,0,0,0.258318,1.533396,0.194726,0.235726
8181,188.444,371,landed,1,0,0,0.260286,1.098144,0.194687,0.286568
8182,-33.9003,181,crash,0,1,0,0.741748,1.84277,0.194648,0.302746
8183,201.2903,511,landed,1,0,0,0.328198,1.813751,0.194609,0.143122
8184,177.1289,442,landed,1,0,0,0.042533,0.280439,0.19457,0.282538
8185,-51.0496,170,crash,0,1,0,0.300568,0.826084,0.194531,0.162118
8186,186.8253,389,landed,1,0,0,0.145676,0.974075,0.194492,0.213826
8187,185.8548,305,landed,1,0,0,0.219004,0.852568,0.194453,0.195767
8188,-52.3514,178,crash,0,1,0,1.032672,1.800169,0.194414,0.195974
8189,173.5353,478,landed,1,0,0,0.033781,0.260557,0.194375,0.243597
8190,-10.343,1000,timeout,0,0,1,0.120164,1.541984,0.194337,0.2841
8191,196.7887,804,landed,1,0,0,0.174591,1.657784,0.194298,0.214556
8192,-34.4139,1000,timeout,0,0,1,0.018417,0.226855,0.194259,0.212218
8193,180.7974,749,landed,1,0,0,0.098222,0.992438,0.19422,0.293092
8194,-38.7931,173,crash,0,1,0,0.543413,1.223404,0.194181,0.198397
8195,-33.9879,1000,timeout,0,0,1,0.103662,1.17615,0.194142,0.215214
8196,-14.645,1000,timeout,0,0,1,0.067807,0.893758,0.194103,0.227069
8197,195.2387,820,landed,1,0,0,0.112756,1.517959,0.194065,0.184116
8198,-40.453,185,crash,0,1,0,0.760532,1.614089,0.194026,0.194034
8199,217.1502,346,landed,1,0,0,0.536158,1.907483,0.193987,0.243427
8200,193.78,680,landed,1,0,0,0.123069,1.1582,0.193948,0.1807
8201,173.3592,610,landed,1,0,0,0.029979,0.334453,0.193909,0.16386
8202,-7.4765,1000,timeout,0,0,1,0.095827,1.224203,0.193871,0.203081
8203,-29.9263,1000,timeout,0,0,1,0.018723,0.342489,0.193832,0.202771
8204,-37.1459,1000,timeout,0,0,1,0.020932,0.300487,0.193793,0.222473
8205,-33.8681,198,crash,0,1,0,0.788394,1.552414,0.193754,0.192595
8206,183.5459,365,landed,1,0,0,0.141226,0.663243,0.193716,0.142367
8207,-39.4675,179,crash,0,1,0,0.614479,1.506433,0.193677,0.331217
8208,201.2142,688,landed,1,0,0,0.160346,1.235489,0.193638,0.311497
8209,-42.6765,191,crash,0,1,0,0.769536,1.616244,0.193599,0.185326
8210,-41.2679,189,crash,0,1,0,0.971191,2.075399,0.193561,0.122312
8211,211.1578,314,landed,1,0,0,0.470576,1.644598,0.193522,0.226689
8212,179.1957,347,landed,1,0,0,0.082308,0.34573,0.193483,0.183182
8213,-33.8286,190,crash,0,1,0,0.713092,1.481013,0.193445,0.198399
8214,-48.9505,176,crash,0,1,0,0.248095,0.654123,0.193406,0.294292
8215,-30.7253,1000,timeout,0,0,1,0.019346,0.30764,0.193367,0.266477
8216,201.6657,290,landed,1,0,0,0.399733,1.565637,0.193329,0.265299
8217,195.2317,763,landed,1,0,0,0.126221,1.160871,0.19329,0.195008
8218,181.7304,761,landed,1,0,0,0.120292,1.119124,0.193251,0.225664
8219,-69.7566,149,crash,0,1,0,0.125763,0.277434,0.193213,0.24276
8220,192.8255,687,landed,1,0,0,0.144635,1.269623,0.193174,0.246216
8221,213.1499,575,landed,1,0,0,0.304103,1.536913,0.193135,0.231829
8222,183.0216,844,landed,1,0,0,0.051232,0.967281,0.193097,0.198357
8223,-41.8211,206,crash,0,1,0,0.955294,2.126773,0.193058,0.257349
8224,-38.9135,181,crash,0,1,0,0.681019,1.377068,0.193019,0.37474
8225,-1.0345,1000,timeout,0,0,1,0.138005,1.60694,0.192981,0.229975
8226,192.6746,288,landed,1,0,0,0.23483,0.779842,0.192942,0.282173
8227,-60.787,160,crash,0,1,0,0.177866,0.435694,0.192904,0.358561
8228,182.6173,332,landed,1,0,0,0.212229,1.160466,0.192865,0.171307
8229,-17.5032,1000,timeout,0,0,1,0.098907,1.097466,0.192826,0.134558
8230,188.1453,483,landed,1,0,0,0.221091,1.176569,0.192788,0.270984
8231,184.6869,394,landed,1,0,0,0.223923,1.227621,0.192749,0.178356
8232,-31.6018,202,crash,0,1,0,0.70184,1.616351,0.192711,0.320903
8233,-29.6379,1000,timeout,0,0,1,0.039637,0.586159,0.192672,0.196078
8234,-49.7445,173,crash,0,1,0,0.559624,1.067402,0.192634,0.240178
8235,200.6755,804,landed,1,0,0,0.16467,1.296767,0.192595,0.25048
8236,170.0447,731,landed,1,0,0,0.015413,0.236652,0.192557,0.187408
8237,196.9003,646,landed,1,0,0,0.212029,1.748461,0.192518,0.236138
8238,-31.6151,1000,timeout,0,0,1,0.11079,1.232083,0.19248,0.168586
8239,-42.138,185,crash,0,1,0,0.688266,1.811135,0.192441,0.262173
8240,10.526,1000,timeout,0,0,1,0.177738,1.663697,0.192403,0.242985
8241,-41.7814,182,crash,0,1,0,0.765471,1.682488,0.192364,0.159483
8242,-46.2069,179,crash,0,1,0,0.36328,0.943286,0.192326,0.306899
8243,193.6284,381,landed,1,0,0,0.270201,1.174592,0.192287,0.142334
8244,203.4293,383,landed,1,0,0,0.317311,1.311312,0.192249,0.115426
8245,192.749,366,landed,1,0,0,0.258446,1.129173,0.19221,0.175662
8246,-2.3088,1000,timeout,0,0,1,0.142375,1.686676,0.192172,0.213247
8247,-38.3639,215,crash,0,1,0,0.977156,2.444489,0.192133,0.342334
8248,175.7757,697,landed,1,0,0,0.030475,0.35032,0.192095,0.207407
8249,-38.1913,188,crash,0,1,0,0.774777,1.671022,0.192057,0.134489
8250,205.78,340,landed,1,0,0,0.402079,1.60875,0.192018,0.180206
8251,191.1419,661,landed,1,0,0,0.182479,1.57894,0.19198,0.243957
8252,199.4452,423,landed,1,0,0,0.25494,1.363942,0.191941,0.296235
8253,177.576,548,landed,1,0,0,0.022385,0.193258,0.191903,0.161026
8254,199.104,638,landed,1,0,0,0.19507,1.345874,0.191865,0.19883
8255,-21.5738,1000,timeout,0,0,1,0.078215,1.124313,0.191826,0.21515
8256,-44.1111,184,crash,0,1,0,0.862785,1.677114,0.191788,0.185547
8257,210.8506,385,landed,1,0,0,0.377858,1.895564,0.19175,0.175882
8258,185.8393,522,landed,1,0,0,0.145955,0.740145,0.191711,0.128135
8259,-44.2424,187,crash,0,1,0,0.372968,0.899832,0.191673,0.208019
8260,212.0399,485,landed,1,0,0,0.424389,1.777812,0.191635,0.118571
8261,173.7033,270,landed,1,0,0,0.114991,0.448143,0.191596,0.10185
8262,167.8463,671,landed,1,0,0,0.023148,0.293247,0.191558,0.201438
8263,-56.1554,157,crash,0,1,0,0.079435,0.215932,0.19152,0.283828
8264,-41.7949,192,crash,0,1,0,0.683442,1.432794,0.191481,0.118448
8265,201.9353,397,landed,1,0,0,0.320232,1.51908,0.191443,0.151743
8266,-49.4438,175,crash,0,1,0,0.314654,0.737365,0.191405,0.387443
8267,-44.913,175,crash,0,1,0,0.55692,1.176454,0.191366,0.358914
8268,-22.9711,1000,timeout,0,0,1,0.027359,0.390492,0.191328,0.289641
8269,170.7543,650,landed,1,0,0,0.038551,0.367143,0.19129,0.231834
8270,189.0137,786,landed,1,0,0,0.124871,1.239897,0.191252,0.258656
8271,166.0839,892,landed,1,0,0,0.01739,0.25054,0.191213,0.237996
8272,176.9484,391,landed,1,0,0,0.104377,0.792639,0.191175,0.185671
8273,203.241,483,landed,1,0,0,0.274503,1.619705,0.191137,0.144912
8274,12.3938,1000,timeout,0,0,1,0.177469,1.535687,0.191099,0.244287
8275,-33.8899,1000,timeout,0,0,1,0.016286,0.176662,0.19106,0.206488
8276,-38.104,186,crash,0,1,0,0.687816,1.544039,0.191022,0.232268
8277,176.8495,742,landed,1,0,0,0.059758,0.676837,0.190984,0.225842
8278,-11.243,1000,timeout,0,0,1,0.107049,1.278324,0.190946,0.209722
8279,9.1427,1000,timeout,0,0,1,0.190432,1.786684,0.190908,0.246229
8280,194.7851,343,landed,1,0,0,0.291831,1.17388,0.190869,0.228647
8281,177.0347,344,landed,1,0,0,0.040395,0.295016,0.190831,0.175697
8282,168.3262,518,landed,1,0,0,0.045034,0.315726,0.190793,0.182711
8283,-39.3609,182,crash,0,1,0,0.643628,1.317608,0.190755,0.122491
8284,192.5916,309,landed,1,0,0,0.235206,0.908225,0.190717,0.232402
8285,213.7549,747,landed,1,0,0,0.246231,1.759655,0.190679,0.23569
8286,-39.5131,183,crash,0,1,0,0.74749,1.683576,0.190641,0.294106
8287,169.1609,622,landed,1,0,0,0.02408,0.187443,0.190602,0.272428
8288,206.1593,399,landed,1,0,0,0.318982,1.498786,0.190564,0.190788
8289,198.5616,697,landed,1,0,0,0.175591,1.462189,0.190526,0.196579
8290,171.0317,617,landed,1,0,0,0.030922,0.26125,0.190488,0.238329
8291,173.5288,924,landed,1,0,0,0.049313,0.918699,0.19045,0.267317
8292,200.8262,333,landed,1,0,0,0.333486,1.365111,0.190412,0.206653
8293,222.5468,704,landed,1,0,0,0.326892,2.057537,0.190374,0.262674
8294,-13.5829,1000,timeout,0,0,1,0.121417,1.481937,0.190336,0.190984
8295,-42.3276,187,crash,0,1,0,0.813384,1.744615,0.190298,0.082171
8296,-49.524,166,crash,0,1,0,0.300766,0.797529,0.19026,0.232114
8297,167.5774,937,landed,1,0,0,0.014764,0.179819,0.190222,0.316765
8298,-27.0742,1000,timeout,0,0,1,0.021982,0.264977,0.190183,0.220455
8299,219.0299,592,landed,1,0,0,0.30854,1.812452,0.190145,0.210547
8300,181.7123,400,landed,1,0,0,0.07246,0.82675,0.190107,0.293325
8301,-28.0147,206,crash,0,1,0,0.716129,1.619366,0.190069,0.182947
8302,-42.9498,198,crash,0,1,0,0.920903,1.874471,0.190031,0.164827
8303,173.7619,604,landed,1,0,0,0.029317,0.227656,0.189993,0.14153
8304,171.3105,356,landed,1,0,0,0.023961,0.170676,0.189955,0.160143
8305,187.652,905,landed,1,0,0,0.084595,1.046747,0.189917,0.213839
8306,-55.8429,168,crash,0,1,0,0.234936,0.596957,0.189879,0.04666
8307,-39.4309,184,crash,0,1,0,0.688537,1.41882,0.189841,0.254855
8308,176.1323,462,landed,1,0,0,0.036758,0.233687,0.189803,0.279948
8309,-37.9559,187,crash,0,1,0,0.716744,1.668071,0.189765,0.268836
8310,188.1363,722,landed,1,0,0,0.108343,1.081503,0.189728,0.221937
8311,-37.0757,201,crash,0,1,0,1.049061,2.135849,0.18969,0.31259
8312,176.5235,804,landed,1,0,0,0.031516,0.402495,0.189652,0.201789
8313,-33.4565,204,crash,0,1,0,0.676932,1.380524,0.189614,0.248814
8314,199.4453,821,landed,1,0,0,0.152385,1.329514,0.189576,0.238176
8315,185.5734,861,landed,1,0,0,0.078612,1.142243,0.189538,0.284851
8316,-36.3687,189,crash,0,1,0,0.857564,1.6789,0.1895,0.300476
8317,-41.4863,187,crash,0,1,0,0.720665,1.564219,0.189462,0.085497
8318,197.0358,398,landed,1,0,0,0.274436,1.608765,0.189424,0.223096
8319,215.3292,428,landed,1,0,0,0.452544,1.800075,0.189386,0.14081
8320,-44.7471,180,crash,0,1,0,0.41691,1.039182,0.189348,0.197593
8321,172.4889,445,landed,1,0,0,0.03503,0.214411,0.189311,0.259226
8322,197.5818,665,landed,1,0,0,0.17306,1.586173,0.189273,0.193022
8323,-41.0588,178,crash,0,1,0,0.590737,1.462573,0.189235,0.173772
8324,11.8104,1000,timeout,0,0,1,0.158476,1.558167,0.189197,0.231877
8325,185.962,407,landed,1,0,0,0.096239,0.611862,0.189159,0.211809
8326,-57.1673,247,crash,0,1,0,1.214201,2.70383,0.189121,0.196738
8327,-28.3464,1000,timeout,0,0,1,0.026765,0.309206,0.189084,0.263369
8328,184.5471,604,landed,1,0,0,0.093959,0.923057,0.189046,0.228033
8329,182.5833,811,landed,1,0,0,0.049903,0.602422,0.189008,0.201572
8330,196.88,458,landed,1,0,0,0.200867,1.107476,0.18897,0.204231
8331,176.8818,534,landed,1,0,0,0.02975,0.338986,0.188932,0.244998
8332,196.3617,311,landed,1,0,0,0.249413,1.031732,0.188894,0.230637
8333,169.0754,847,landed,1,0,0,0.030381,0.350678,0.188857,0.215419
8334,168.9048,883,landed,1,0,0,0.043776,0.455053,0.188819,0.274898
8335,-37.9316,189,crash,0,1,0,0.645344,1.345702,0.188781,0.199762
8336,-14.153,1000,timeout,0,0,1,0.093616,1.141179,0.188743,0.259338
8337,-42.0892,182,crash,0,1,0,0.738032,1.422426,0.188706,0.446524
8338,-33.9291,198,crash,0,1,0,0.778948,1.506558,0.188668,0.187327
8339,193.5909,703,landed,1,0,0,0.141657,1.345742,0.18863,0.237339
8340,200.7779,752,landed,1,0,0,0.187004,1.755165,0.188592,0.269189
8341,195.0442,356,landed,1,0,0,0.211629,1.11744,0.188555,0.346056
8342,-42.3524,180,crash,0,1,0,0.737878,1.514754,0.188517,0.228468
8343,-52.2945,175,crash,0,1,0,1.213403,2.351617,0.188479,0.349114
8344,-50.9097,167,crash,0,1,0,0.969516,1.929379,0.188442,0.105029
8345,211.1793,467,landed,1,0,0,0.331753,1.809393,0.188404,0.312503
8346,14.0431,1000,timeout,0,0,1,0.159731,1.587904,0.188366,0.306414
8347,-15.7173,1000,timeout,0,0,1,0.139385,1.62046,0.188329,0.230822
8348,-56.9254,159,crash,0,1,0,0.142729,0.30956,0.188291,0.138062
8349,187.3038,768,landed,1,0,0,0.086849,0.783963,0.188253,0.212328
8350,199.5804,554,landed,1,0,0,0.176554,1.35718,0.188216,0.231191
8351,197.1622,275,landed,1,0,0,0.295723,1.123431,0.188178,0.19118
8352,-55.7071,175,crash,0,1,0,0.241653,0.650326,0.18814,0.301029
8353,192.2861,353,landed,1,0,0,0.204053,1.078264,0.188103,0.273929
8354,201.5834,604,landed,1,0,0,0.238899,1.79834,0.188065,0.192845
8355,-59.786,160,crash,0,1,0,0.1739,0.462715,0.188027,0.288653
8356,180.5407,474,landed,1,0,0,0.060273,0.357365,0.18799,0.267455
8357,-43.1432,173,crash,0,1,0,0.365961,0.935493,0.187952,0.10229
8358,-31.4138,197,crash,0,1,0,0.813797,1.555244,0.187915,0.310517
8359,-34.2877,183,crash,0,1,0,0.503145,1.15357,0.187877,0.244664
8360,180.6381,429,landed,1,0,0,0.05108,0.606535,0.18784,0.302128
8361,-52.8644,182,crash,0,1,0,1.120798,2.172218,0.187802,0.154058
8362,-42.973,176,crash,0,1,0,1.014251,1.987359,0.187764,0.24894
8363,169.7434,799,landed,1,0,0,0.023743,0.261815,0.187727,0.201144
8364,-27.6723,1000,timeout,0,0,1,0.125563,1.38919,0.187689,0.214452
8365,-62.4847,154,crash,0,1,0,0.119042,0.303068,0.187652,0.276151
8366,-39.084,184,crash,0,1,0,0.493111,1.319093,0.187614,0.243115
8367,198.3352,380,landed,1,0,0,0.235549,1.499459,0.187577,0.109213
8368,168.5964,467,landed,1,0,0,0.028812,0.171993,0.187539,0.270374
8369,-35.3472,174,crash,0,1,0,0.671979,1.672842,0.187502,0.202593
8370,194.1356,311,landed,1,0,0,0.33496,1.553044,0.187464,0.200453
8371,191.5101,326,landed,1,0,0,0.352784,1.207457,0.187427,0.288019
8372,-11.72,1000,timeout,0,0,1,0.08549,1.154059,0.187389,0.207045
8373,0.8274,1000,timeout,0,0,1,0.125205,1.531426,0.187352,0.230665
8374,193.8223,583,landed,1,0,0,0.123812,1.108338,0.187314,0.255639
8375,179.0597,342,landed,1,0,0,0.100085,0.602912,0.187277,0.237034
8376,193.5527,501,landed,1,0,0,0.1754,1.187659,0.187239,0.183547
8377,216.9116,487,landed,1,0,0,0.350861,1.49981,0.187202,0.229045
8378,-27.2244,1000,timeout,0,0,1,0.030176,0.521612,0.187164,0.198605
8379,-41.894,181,crash,0,1,0,0.62214,1.352339,0.187127,0.343437
8380,175.2279,301,landed,1,0,0,0.058129,0.362625,0.18709,0.238362
8381,196.8176,421,landed,1,0,0,0.203664,1.248226,0.187052,0.188518
8382,-46.6812,180,crash,0,1,0,0.956098,1.905397,0.187015,0.310656
8383,208.126,470,landed,1,0,0,0.385584,1.788635,0.186977,0.250234
8384,167.9914,652,landed,1,0,0,0.027182,0.267388,0.18694,0.21798
8385,-46.3691,177,crash,0,1,0,0.312023,1.022393,0.186903,0.315339
8386,-36.9514,190,crash,0,1,0,0.753867,1.739329,0.186865,0.199931
8387,182.1843,755,landed,1,0,0,0.063997,0.558518,0.186828,0.198419
8388,176.0389,351,landed,1,0,0,0.033836,0.210589,0.18679,0.26509
8389,-51.6595,170,crash,0,1,0,0.279513,0.831729,0.186753,0.302762
8390,210.6788,391,landed,1,0,0,0.444182,1.750747,0.186716,0.338847
8391,-35.8123,192,crash,0,1,0,0.721041,1.553859,0.186678,0.15642
8392,-36.3029,191,crash,0,1,0,0.705084,1.219817,0.186641,0.22706
8393,-50.3719,171,crash,0,1,0,1.192791,2.24036,0.186604,0.336594
8394,182.3745,333,landed,1,0,0,0.092459,0.2859,0.186566,0.266647
8395,210.6905,346,landed,1,0,0,0.443581,1.678309,0.186529,0.199237
8396,-42.8687,191,crash,0,1,0,0.431885,1.201874,0.186492,0.167654
8397,-36.22,192,crash,0,1,0,0.74108,1.563412,0.186455,0.206821
8398,213.8344,554,landed,1,0,0,0.336802,1.781585,0.186417,0.276557
8399,196.7019,777,landed,1,0,0,0.137932,1.24389,0.18638,0.199088
8400,203.1087,322,landed,1,0,0,0.393255,1.373384,0.186343,0.153908
8401,-28.2019,200,crash,0,1,0,0.929469,2.181326,0.186305,0.299534
8402,172.1825,523,landed,1,0,0,0.025771,0.237422,0.186268,0.32635
8403,-44.232,176,crash,0,1,0,0.345483,1.174269,0.186231,0.280868
8404,200.3678,348,landed,1,0,0,0.381821,1.712098,0.186194,0.279495
8405,203.7262,470,landed,1,0,0,0.322291,1.560701,0.186156,0.26969
8406,-21.9493,203,crash,0,1,0,0.823668,2.015844,0.186119,0.295437
8407,192.2405,401,landed,1,0,0,0.189459,1.196616,0.186082,0.331014
8408,-52.9184,190,crash,0,1,0,0.269064,0.613631,0.186045,0.429588
8409,169.7671,602,landed,1,0,0,0.026957,0.26905,0.186008,0.352481
8410,200.1409,543,landed,1,0,0,0.189254,1.1938,0.18597,0.213551
8411,-61.3553,161,crash,0,1,0,0.137653,0.443418,0.185933,0.275423
8412,-40.9618,181,crash,0,1,0,0.810134,1.738528,0.185896,0.198836
8413,202.5502,316,landed,1,0,0,0.439047,1.609051,0.185859,0.349627
8414,179.7334,285,landed,1,0,0,0.088475,0.397687,0.185822,0.271511
8415,167.5597,712,landed,1,0,0,0.029887,0.250246,0.185784,0.260426
8416,209.2575,490,landed,1,0,0,0.310974,1.623112,0.185747,0.322938
8417,194.24,366,landed,1,0,0,0.235948,1.11699,0.18571,0.217472
8418,203.0246,355,landed,1,0,0,0.341082,1.471451,0.185673,0.352374
8419,-13.9076,1000,timeout,0,0,1,0.075365,0.925028,0.185636,0.257437
8420,195.8358,600,landed,1,0,0,0.23727,1.490863,0.185599,0.244845
8421,168.1356,573,landed,1,0,0,0.036013,0.269188,0.185562,0.406125
8422,172.6736,318,landed,1,0,0,0.064869,0.432613,0.185524,0.372002
8423,202.0318,306,landed,1,0,0,0.314473,1.030629,0.185487,0.172358
8424,179.1516,570,landed,1,0,0,0.046833,0.388159,0.18545,0.310135
8425,-41.5722,194,crash,0,1,0,0.945585,2.005432,0.185413,0.434857
8426,-35.02,1000,timeout,0,0,1,0.006958,0.154919,0.185376,0.204937
8427,186.3884,301,landed,1,0,0,0.123915,0.729512,0.185339,0.277673
8428,-42.471,183,crash,0,1,0,0.517461,1.49186,0.185302,0.374876
8429,186.8742,809,landed,1,0,0,0.108982,1.110951,0.185265,0.265958
8430,-39.0982,178,crash,0,1,0,0.731158,1.664928,0.185228,0.204448
8431,178.4777,280,landed,1,0,0,0.06529,0.254495,0.185191,0.192259
8432,-41.7775,189,crash,0,1,0,0.34913,1.011785,0.185154,0.261411
8433,192.6542,519,landed,1,0,0,0.129949,0.837683,0.185117,0.277689
8434,-50.3296,189,crash,0,1,0,0.974706,1.896997,0.18508,0.243919
8435,194.6902,390,landed,1,0,0,0.205631,1.144135,0.185043,0.194285
8436,-38.3302,177,crash,0,1,0,0.846445,1.854646,0.185006,0.405085
8437,-34.0724,191,crash,0,1,0,0.58359,1.370722,0.184969,0.255962
8438,167.9106,515,landed,1,0,0,0.035155,0.340681,0.184932,0.237279
8439,-39.5998,176,crash,0,1,0,0.806034,1.730018,0.184895,0.290957
8440,170.8108,612,landed,1,0,0,0.021971,0.192013,0.184858,0.216753
8441,192.6132,985,landed,1,0,0,0.10803,1.198653,0.184821,0.307893
8442,-46.177,193,crash,0,1,0,1.058906,2.308244,0.184784,0.505975
8443,199.5988,502,landed,1,0,0,0.28688,1.669407,0.184747,0.208607
8444,-22.9573,207,crash,0,1,0,0.79693,1.562723,0.18471,0.137369
8445,-34.4696,193,crash,0,1,0,0.48517,1.266119,0.184673,0.409658
8446,-40.8019,201,crash,0,1,0,0.841456,2.03362,0.184636,0.151476
8447,-45.3182,181,crash,0,1,0,0.410945,0.983202,0.184599,0.333412
8448,-58.9192,168,crash,0,1,0,0.23323,0.736607,0.184562,0.160769
8449,171.8452,453,landed,1,0,0,0.052913,0.424577,0.184525,0.250825
8450,-21.6989,196,crash,0,1,0,0.803293,1.858168,0.184488,0.253358
8451,-39.3866,181,crash,0,1,0,0.794634,1.845152,0.184451,0.359361
8452,197.6428,378,landed,1,0,0,0.197416,1.054189,0.184415,0.284605
8453,-47.2546,179,crash,0,1,0,0.316609,0.826578,0.184378,0.258747
8454,190.4709,383,landed,1,0,0,0.186771,0.934815,0.184341,0.273106
8455,201.8915,464,landed,1,0,0,0.311832,1.548428,0.184304,0.321966
8456,205.0298,503,landed,1,0,0,0.206935,1.182584,0.184267,0.20759
8457,184.2289,548,landed,1,0,0,0.072951,0.831557,0.18423,0.298336
8458,-5.1326,1000,timeout,0,0,1,0.113335,1.519434,0.184193,0.227116
8459,202.4643,558,landed,1,0,0,0.304576,1.918641,0.184157,0.295444
8460,-43.7776,186,crash,0,1,0,1.063652,2.177471,0.18412,0.248561
8461,172.4765,757,landed,1,0,0,0.0231,0.20614,0.184083,0.276946
8462,-59.4423,168,crash,0,1,0,0.170864,0.45858,0.184046,0.357016
8463,190.0825,995,landed,1,0,0,0.079946,1.100506,0.184009,0.315084
8464,198.9578,743,landed,1,0,0,0.200273,1.787359,0.183972,0.297625
8465,-29.4007,193,crash,0,1,0,0.723994,1.538939,0.183936,0.394325
8466,-55.4976,176,crash,0,1,0,0.246368,0.577101,0.183899,0.142679
8467,-37.7479,182,crash,0,1,0,0.427097,1.170865,0.183862,0.277131
8468,198.2759,362,landed,1,0,0,0.239592,1.197668,0.183825,0.314697
8469,170.8275,385,landed,1,0,0,0.062358,0.313228,0.183789,0.276348
8470,200.9899,828,landed,1,0,0,0.171176,1.642735,0.183752,0.248316
8471,180.0036,338,landed,1,0,0,0.082001,0.478477,0.183715,0.19805
8472,-35.6139,1000,timeout,0,0,1,0.022907,0.30852,0.183678,0.233048
8473,192.5272,262,landed,1,0,0,0.291828,1.124436,0.183642,0.30495
8474,-38.3196,191,crash,0,1,0,0.777419,1.548353,0.183605,0.409119
8475,168.141,404,landed,1,0,0,0.060881,0.39363,0.183568,0.173281
8476,-41.3523,175,crash,0,1,0,0.698139,1.615073,0.183531,0.164163
8477,180.0669,287,landed,1,0,0,0.044951,0.289835,0.183495,0.211502
8478,-12.4757,205,crash,0,1,0,0.792967,1.978678,0.183458,0.239908
8479,-26.7767,203,crash,0,1,0,0.766326,1.885903,0.183421,0.239732
8480,-38.3847,1000,timeout,0,0,1,0.016246,0.262129,0.183385,0.291601
8481,-44.2625,183,crash,0,1,0,1.15128,2.35428,0.183348,0.33391
8482,-36.7008,1000,timeout,0,0,1,0.022093,0.414163,0.183311,0.240949
8483,165.8318,453,landed,1,0,0,0.051033,0.394976,0.183275,0.276305
8484,203.5737,569,landed,1,0,0,0.24035,1.536029,0.183238,0.321973
8485,-24.8811,199,crash,0,1,0,0.838314,1.692337,0.183201,0.334761
8486,200.534,286,landed,1,0,0,0.336257,1.289637,0.183165,0.337347
8487,-59.0521,172,crash,0,1,0,0.239322,0.596916,0.183128,0.188179
8488,-43.6692,195,crash,0,1,0,0.972789,1.865687,0.183091,0.175145
8489,169.6741,361,landed,1,0,0,0.046479,0.243199,0.183055,0.221529
8490,-29.157,195,crash,0,1,0,0.894699,2.012104,0.183018,0.440185
8491,-39.3743,190,crash,0,1,0,0.345118,1.120162,0.182982,0.435653
8492,200.6282,304,landed,1,0,0,0.354291,1.422391,0.182945,0.22723
8493,174.0573,345,landed,1,0,0,0.022944,0.101769,0.182908,0.475693
8494,166.938,693,landed,1,0,0,0.015353,0.227026,0.182872,0.232101
8495,178.1727,250,landed,1,0,0,0.203245,0.83355,0.182835,0.188347
8496,-9.5151,1000,timeout,0,0,1,0.153456,1.572365,0.182799,0.325712
8497,196.2452,620,landed,1,0,0,0.137048,1.260008,0.182762,0.23494
8498,205.7841,618,landed,1,0,0,0.251429,1.789396,0.182726,0.327128
8499,-54.9339,168,crash,0,1,0,0.247933,0.816834,0.182689,0.296224
8500,-45.7431,178,crash,0,1,0,0.813802,1.67952,0.182652,0.373048
8501,-45.3932,177,crash,0,1,0,0.343588,0.831027,0.182616,0.37568
8502,-61.2143,162,crash,0,1,0,0.179547,0.4343,0.182579,0.348352
8503,170.7588,511,landed,1,0,0,0.043211,0.349058,0.182543,0.276874
8504,211.835,327,landed,1,0,0,0.469309,1.532878,0.182506,0.339394
8505,-61.7498,165,crash,0,1,0,0.121942,0.361204,0.18247,0.294112
8506,221.6877,346,landed,1,0,0,0.48328,1.831652,0.182433,0.244834
8507,170.6742,515,landed,1,0,0,0.022011,0.181121,0.182397,0.360296
8508,169.2012,521,landed,1,0,0,0.035517,0.205922,0.18236,0.488912
8509,-60.7802,163,crash,0,1,0,0.234447,0.716776,0.182324,0.309481
8510,206.3967,695,landed,1,0,0,0.220877,1.590811,0.182287,0.323279
8511,-41.601,176,crash,0,1,0,0.419613,1.430682,0.182251,0.3891
8512,-33.0993,189,crash,0,1,0,0.687286,1.498387,0.182215,0.432456
8513,-41.2881,176,crash,0,1,0,0.384167,1.147738,0.182178,0.304162
8514,194.723,272,landed,1,0,0,0.224293,1.086918,0.182142,0.523788
8515,-45.3479,1000,timeout,0,0,1,0.033413,0.856848,0.182105,0.351692
8516,166.6707,352,landed,1,0,0,0.035227,0.247546,0.182069,0.269862
8517,169.4448,263,landed,1,0,0,0.065624,0.228266,0.182032,0.511984
8518,-57.5674,168,crash,0,1,0,0.321689,0.897573,0.181996,0.332603
8519,213.596,381,landed,1,0,0,0.488601,1.852366,0.18196,0.346109
8520,200.2392,702,landed,1,0,0,0.213827,1.612135,0.181923,0.293722
8521,-41.5147,181,crash,0,1,0,0.398914,1.014993,0.181887,0.280722
8522,221.3271,620,landed,1,0,0,0.352426,2.129648,0.18185,0.326372
8523,-36.815,187,crash,0,1,0,0.798702,1.693626,0.181814,0.332429
8524,-41.2414,179,crash,0,1,0,0.808389,1.615887,0.181778,0.18528
8525,166.7795,488,landed,1,0,0,0.055194,0.355184,0.181741,0.226644
8526,-35.3759,199,crash,0,1,0,1.168416,2.332878,0.181705,0.25893
8527,-37.8148,181,crash,0,1,0,0.701575,1.621734,0.181669,0.303122
8528,-46.2605,179,crash,0,1,0,0.369647,1.038247,0.181632,0.259627
8529,-40.4742,186,crash,0,1,0,0.791472,1.605191,0.181596,0.290703
8530,-41.8258,181,crash,0,1,0,0.683094,1.618932,0.18156,0.410785
8531,-34.4427,190,crash,0,1,0,0.833526,1.601177,0.181523,0.487498
8532,-40.5334,188,crash,0,1,0,0.791695,1.423511,0.181487,0.310919
8533,164.3899,571,landed,1,0,0,0.03581,0.295985,0.181451,0.171197
8534,203.9659,459,landed,1,0,0,0.284229,1.69351,0.181415,0.217642
8535,-11.4553,1000,timeout,0,0,1,0.155872,1.73249,0.181378,0.36665
8536,177.408,304,landed,1,0,0,0.046689,0.360765,0.181342,0.290323
8537,170.9577,462,landed,1,0,0,0.038331,0.259408,0.181306,0.305315
8538,186.6431,705,landed,1,0,0,0.090285,0.963715,0.181269,0.294881
8539,-37.6614,189,crash,0,1,0,0.852095,1.841999,0.181233,0.200772
8540,195.5686,399,landed,1,0,0,0.370549,1.759744,0.181197,0.277156
8541,171.2889,268,landed,1,0,0,0.094341,0.6568,0.181161,0.500243
8542,-18.2515,1000,timeout,0,0,1,0.031071,0.77461,0.181124,0.328639
8543,169.8783,341,landed,1,0,0,0.047826,0.291316,0.181088,0.227611
8544,193.9339,386,landed,1,0,0,0.340868,1.476189,0.181052,0.333262
8545,175.5474,260,landed,1,0,0,0.033707,0.111689,0.181016,0.322858
8546,166.5378,268,landed,1,0,0,0.081888,0.268236,0.18098,0.167936
8547,199.9706,766,landed,1,0,0,0.172256,1.607951,0.180943,0.286708
8548,178.1379,380,landed,1,0,0,0.032186,0.209501,0.180907,0.396569
8549,179.9619,380,landed,1,0,0,0.093572,0.923406,0.180871,0.384963
8550,164.4383,619,landed,1,0,0,0.051119,0.445428,0.180835,0.360603
8551,-25.115,1000,timeout,0,0,1,0.052245,0.854483,0.180799,0.268251
8552,177.9332,818,landed,1,0,0,0.082578,1.116356,0.180763,0.250528
8553,-45.7745,174,crash,0,1,0,0.861268,1.757769,0.180726,0.210515
8554,218.2689,466,landed,1,0,0,0.335818,1.465544,0.18069,0.432644
8555,191.944,255,landed,1,0,0,0.238543,1.032311,0.180654,0.291336
8556,215.8292,373,landed,1,0,0,0.467833,1.711862,0.180618,0.350041
8557,-26.6115,1000,timeout,0,0,1,0.022031,0.385162,0.180582,0.314113
8558,198.7039,530,landed,1,0,0,0.219971,1.556037,0.180546,0.32386
8559,-60.828,162,crash,0,1,0,0.121608,0.294101,0.18051,0.450744
8560,197.8453,326,landed,1,0,0,0.357001,1.744411,0.180474,0.254552
8561,165.8707,415,landed,1,0,0,0.045763,0.298562,0.180437,0.312393
8562,165.6554,603,landed,1,0,0,0.037592,0.382825,0.180401,0.262628
8563,204.1129,298,landed,1,0,0,0.506034,1.866804,0.180365,0.35264
8564,-8.5297,1000,timeout,0,0,1,0.108412,1.409936,0.180329,0.393011
8565,217.811,368,landed,1,0,0,0.468904,1.602263,0.180293,0.266479
8566,165.2425,494,landed,1,0,0,0.048108,0.335286,0.180257,0.325147
8567,191.889,369,landed,1,0,0,0.267588,1.341311,0.180221,0.343083
8568,-11.4408,1000,timeout,0,0,1,0.121274,1.631525,0.180185,0.432903
8569,194.1018,517,landed,1,0,0,0.204556,1.4633,0.180149,0.192792
8570,174.6872,435,landed,1,0,0,0.031296,0.197644,0.180113,0.287883
8571,171.9324,460,landed,1,0,0,0.034317,0.23156,0.180077,0.319498
8572,200.5261,400,landed,1,0,0,0.335232,1.759655,0.180041,0.283757
8573,12.0906,1000,timeout,0,0,1,0.210403,2.071841,0.180005,0.359897
8574,170.115,533,landed,1,0,0,0.027411,0.182939,0.179969,0.338149
8575,-49.2312,170,crash,0,1,0,0.867356,1.882803,0.179933,0.203847
8576,166.7631,609,landed,1,0,0,0.030035,0.301517,0.179897,0.23134
8577,-45.6953,189,crash,0,1,0,0.604435,1.302733,0.179861,0.230494
8578,-42.6945,175,crash,0,1,0,0.640566,1.683576,0.179825,0.434427
8579,178.2193,281,landed,1,0,0,0.130402,0.938623,0.179789,0.434478
8580,192.4443,448,landed,1,0,0,0.313656,1.634575,0.179753,0.303419
8581,-36.2393,186,crash,0,1,0,0.813445,1.873606,0.179717,0.14765
8582,199.2212,972,landed,1,0,0,0.149133,1.526342,0.179681,0.304086
8583,198.3751,297,landed,1,0,0,0.281165,1.158057,0.179645,0.21127
8584,-48.7293,167,crash,0,1,0,0.642073,1.363701,0.179609,0.181038
8585,170.5186,703,landed,1,0,0,0.012372,0.16234,0.179573,0.250588
8586,215.1714,754,landed,1,0,0,0.241407,1.689642,0.179537,0.304548
8587,198.1274,901,landed,1,0,0,0.172118,1.799437,0.179501,0.270708
8588,-63.3237,1000,timeout,0,0,1,0.077671,1.007973,0.179466,0.305883
8589,-37.1378,178,crash,0,1,0,0.602255,1.666346,0.17943,0.308983
8590,-58.3593,170,crash,0,1,0,0.254921,0.779292,0.179394,0.296244
8591,-52.5191,1000,timeout,0,0,1,0.013886,0.162965,0.179358,0.239355
8592,211.9763,344,landed,1,0,0,0.468969,1.721453,0.179322,0.220483
8593,185.9042,549,landed,1,0,0,0.184212,1.261304,0.179286,0.305916
8594,-55.0518,166,crash,0,1,0,0.333658,1.188307,0.17925,0.191474
8595,205.4672,390,landed,1,0,0,0.405512,1.627468,0.179214,0.246004
8596,169.0363,827,landed,1,0,0,0.016154,0.292954,0.179179,0.273816
8597,168.4578,343,landed,1,0,0,0.043865,0.200711,0.179143,0.178366
8598,226.863,763,landed,1,0,0,0.34399,1.806927,0.179107,0.295443
8599,-46.7427,172,crash,0,1,0,0.366663,1.176454,0.179071,0.174635
8600,-41.3566,191,crash,0,1,0,0.903652,1.701121,0.179035,0.281691
8601,-48.5997,176,crash,0,1,0,0.485038,1.300465,0.179,0.253642
8602,195.4904,569,landed,1,0,0,0.150855,1.4772,0.178964,0.280186
8603,190.0157,601,landed,1,0,0,0.151269,1.301103,0.178928,0.208472
8604,-40.6016,180,crash,0,1,0,0.817964,1.611871,0.178892,0.332456
8605,187.2793,390,landed,1,0,0,0.251054,1.301283,0.178856,0.314879
8606,202.038,373,landed,1,0,0,0.350732,1.609836,0.178821,0.35142
8607,203.6904,466,landed,1,0,0,0.288092,1.572085,0.178785,0.215867
8608,-41.1778,184,crash,0,1,0,0.545269,1.549793,0.178749,0.276729
8609,174.0258,641,landed,1,0,0,0.052776,0.957278,0.178713,0.333114
8610,-38.3055,187,crash,0,1,0,0.80758,1.79569,0.178678,0.25929
8611,191.6482,333,landed,1,0,0,0.229063,1.138277,0.178642,0.201262
8612,187.0198,580,landed,1,0,0,0.0866,1.015888,0.178606,0.289158
8613,-57.8585,162,crash,0,1,0,0.110171,0.297129,0.17857,0.275153
8614,-45.4927,177,crash,0,1,0,0.419739,1.002829,0.178535,0.358631
8615,-36.9088,187,crash,0,1,0,0.765862,1.40815,0.178499,0.180402
8616,-43.9409,172,crash,0,1,0,0.370727,1.108338,0.178463,0.398297
8617,-60.2738,153,crash,0,1,0,0.097761,0.233231,0.178428,0.432332
8618,182.1403,395,landed,1,0,0,0.121122,1.093185,0.178392,0.263458
8619,171.8993,353,landed,1,0,0,0.041939,0.239998,0.178356,0.303136
8620,-10.5905,1000,timeout,0,0,1,0.260495,2.002858,0.178321,0.262611
8621,198.7564,677,landed,1,0,0,0.189694,1.552301,0.178285,0.271867
8622,171.3359,825,landed,1,0,0,0.02299,0.420657,0.178249,0.312898
8623,192.2615,412,landed,1,0,0,0.189786,1.096198,0.178214,0.398018
8624,211.954,414,landed,1,0,0,0.475379,1.646647,0.178178,0.236855
8625,181.2529,673,landed,1,0,0,0.115125,1.134763,0.178142,0.299141
8626,-43.2039,178,crash,0,1,0,0.582515,1.358788,0.178107,0.084992
8627,-56.0742,164,crash,0,1,0,0.311811,0.90191,0.178071,0.211547
8628,-37.3951,175,crash,0,1,0,0.702942,1.569189,0.178035,0.297312
8629,-39.2177,172,crash,0,1,0,0.941782,1.66071,0.178,0.339746
8630,-58.4738,1000,timeout,0,0,1,0.095364,1.07025,0.177964,0.219807
8631,202.4949,413,landed,1,0,0,0.279453,1.448769,0.177929,0.205352
8632,-43.9904,170,crash,0,1,0,0.604817,1.430235,0.177893,0.091198
8633,-44.3051,174,crash,0,1,0,0.456088,1.482409,0.177857,0.22007
8634,190.41,753,landed,1,0,0,0.177722,1.516817,0.177822,0.292226
8635,-36.0384,186,crash,0,1,0,0.625518,1.304547,0.177786,0.162834
8636,-64.2105,159,crash,0,1,0,0.241246,0.829661,0.177751,0.141071
8637,-28.3327,202,crash,0,1,0,0.74234,1.423398,0.177715,0.335927
8638,170.5516,405,landed,1,0,0,0.025361,0.209268,0.17768,0.186779
8639,-42.4536,175,crash,0,1,0,0.404895,1.430876,0.177644,0.289755
8640,-59.2009,165,crash,0,1,0,0.320164,1.223657,0.177609,0.488599
8641,196.2271,480,landed,1,0,0,0.341091,1.884276,0.177573,0.197738
8642,201.1147,296,landed,1,0,0,0.39409,1.254013,0.177538,0.207694
8643,-49.8794,1000,timeout,0,0,1,0.038158,0.891715,0.177502,0.260027
8644,194.5138,546,landed,1,0,0,0.195951,1.26448,0.177467,0.33287
8645,208.2454,697,landed,1,0,0,0.23214,1.58032,0.177431,0.230071
8646,164.744,833,landed,1,0,0,0.016612,0.225284,0.177396,0.16798
8647,-63.7122,154,crash,0,1,0,0.136441,0.459279,0.17736,0.32835
8648,-50.6931,167,crash,0,1,0,0.373225,1.23486,0.177325,0.190835
8649,199.6729,430,landed,1,0,0,0.205941,1.165498,0.177289,0.181722
8650,196.2041,827,landed,1,0,0,0.135871,1.173567,0.177254,0.274756
8651,-40.9803,173,crash,0,1,0,0.667115,1.619805,0.177218,0.301717
8652,180.4106,430,landed,1,0,0,0.139035,0.987946,0.177183,0.201396
8653,199.6379,384,landed,1,0,0,0.307441,1.557685,0.177147,0.246344
8654,171.4988,432,landed,1,0,0,0.21597,1.027324,0.177112,0.267814
8655,197.6323,398,landed,1,0,0,0.296936,1.477915,0.177077,0.161693
8656,172.6458,262,landed,1,0,0,0.054109,0.220398,0.177041,0.27504
8657,-44.783,180,crash,0,1,0,0.644557,1.62335,0.177006,0.137736
8658,-55.512,167,crash,0,1,0,0.346017,0.97547,0.17697,0.356008
8659,-32.539,191,crash,0,1,0,0.808088,1.643401,0.176935,0.129632
8660,166.1055,464,landed,1,0,0,0.041646,0.216281,0.1769,0.289419
8661,-40.4981,185,crash,0,1,0,0.661918,1.45266,0.176864,0.166537
8662,-34.1276,192,crash,0,1,0,0.752691,1.638156,0.176829,0.128542
8663,-48.915,169,crash,0,1,0,0.355195,1.023534,0.176793,0.377511
8664,-53.8247,172,crash,0,1,0,0.253866,0.59849,0.176758,0.2173
8665,193.5999,333,landed,1,0,0,0.285895,1.194731,0.176723,0.371493
8666,213.1572,824,landed,1,0,0,0.25187,1.755996,0.176687,0.167684
8667,-54.5003,170,crash,0,1,0,0.338963,1.0679,0.176652,0.253101
8668,170.6256,368,landed,1,0,0,0.031092,0.266301,0.176617,0.238722
8669,216.0346,420,landed,1,0,0,0.516598,1.837696,0.176581,0.371212
8670,189.6976,497,landed,1,0,0,0.152094,1.104104,0.176546,0.179184
8671,188.8972,510,landed,1,0,0,0.135669,1.096251,0.176511,0.299003
8672,212.5569,562,landed,1,0,0,0.283932,1.746693,0.176475,0.284217
8673,182.3928,349,landed,1,0,0,0.26507,1.11398,0.17644,0.355847
8674,172.8494,555,landed,1,0,0,0.053628,0.961494,0.176405,0.189159
8675,168.7069,974,landed,1,0,0,0.044983,0.936484,0.17637,0.363896
8676,-43.6062,426,crash,0,1,0,0.436048,1.723284,0.176334,0.321025
8677,221.8392,387,landed,1,0,0,0.472788,1.908891,0.176299,0.308657
8678,-35.8443,195,crash,0,1,0,0.940522,1.786142,0.176264,0.169982
8679,223.4018,378,landed,1,0,0,0.39445,1.528669,0.176229,0.31773
8680,-61.6458,159,crash,0,1,0,0.102704,0.339722,0.176193,0.335317
8681,-63.7243,150,crash,0,1,0,0.139762,0.430121,0.176158,0.308716
8682,-35.4017,189,crash,0,1,0,0.65137,1.429044,0.176123,0.179901
8683,198.3022,595,landed,1,0,0,0.210901,1.377423,0.176088,0.375625
8684,-34.8806,176,crash,0,1,0,0.847287,1.821258,0.176052,0.516336
8685,-55.4845,177,crash,0,1,0,0.33095,0.849052,0.176017,0.221151
8686,-36.5176,185,crash,0,1,0,0.674102,1.662416,0.175982,0.370084
8687,188.2994,421,landed,1,0,0,0.172163,1.026071,0.175947,0.326279
8688,-49.2383,177,crash,0,1,0,0.369746,1.091049,0.175912,0.221264
8689,-57.6836,166,crash,0,1,0,0.223024,0.805569,0.175876,0.31703
8690,-47.4925,168,crash,0,1,0,0.430341,1.435328,0.175841,0.320833
8691,-35.6741,187,crash,0,1,0,0.78162,1.611439,0.175806,0.302026
8692,206.0177,921,landed,1,0,0,0.164377,1.409726,0.175771,0.262657
8693,-60.3341,156,crash,0,1,0,0.112376,0.347719,0.175736,0.278464
8694,-47.417,175,crash,0,1,0,0.377903,0.919515,0.175701,0.265206
8695,-23.3539,1000,timeout,0,0,1,0.068871,1.044354,0.175665,0.284576
8696,-66.7676,157,crash,0,1,0,0.146219,0.331859,0.17563,0.323039
8697,209.4012,748,landed,1,0,0,0.226641,1.698639,0.175595,0.324023
8698,-63.5606,164,crash,0,1,0,0.25843,0.64973,0.17556,0.484468
8699,-58.7177,167,crash,0,1,0,0.079865,0.237492,0.175525,0.379082
8700,200.8836,438,landed,1,0,0,0.263796,1.614589,0.17549,0.29819
8701,-61.092,165,crash,0,1,0,0.116538,0.507244,0.175455,0.305308
8702,-46.2659,177,crash,0,1,0,0.651199,1.577966,0.17542,0.448324
8703,-65.0991,154,crash,0,1,0,0.165831,0.369388,0.175385,0.473307
8704,-28.8557,1000,timeout,0,0,1,0.148606,1.582898,0.17535,0.360392
8705,-42.0454,173,crash,0,1,0,0.590275,1.298336,0.175314,0.516217
8706,-39.6084,189,crash,0,1,0,0.622434,1.39257,0.175279,0.249113
8707,-44.2405,180,crash,0,1,0,0.632442,1.418956,0.175244,0.1213
8708,211.2257,383,landed,1,0,0,0.395789,1.717166,0.175209,0.413988
8709,-5.4115,1000,timeout,0,0,1,0.14632,1.560449,0.175174,0.227239
8710,194.6507,407,landed,1,0,0,0.229278,1.242024,0.175139,0.2762
8711,198.8307,777,landed,1,0,0,0.196685,1.648903,0.175104,0.336121
8712,196.6095,401,landed,1,0,0,0.309024,1.613882,0.175069,0.379813
8713,-42.1689,180,crash,0,1,0,0.634738,1.433713,0.175034,0.210143
8714,213.2228,521,landed,1,0,0,0.424762,1.793569,0.174999,0.335886
8715,-48.7801,169,crash,0,1,0,0.311528,0.883385,0.174964,0.386902
8716,-65.1402,165,crash,0,1,0,0.219886,0.529182,0.174929,0.20886
8717,202.3826,715,landed,1,0,0,0.167218,1.391248,0.174894,0.277708
8718,-63.2115,161,crash,0,1,0,0.141479,0.45982,0.174859,0.283355
8719,197.8947,363,landed,1,0,0,0.260763,1.475334,0.174824,0.254973
8720,-44.3428,178,crash,0,1,0,0.508764,1.345192,0.174789,0.36906
8721,188.4586,605,landed,1,0,0,0.128374,1.030714,0.174754,0.327514
8722,-62.5441,156,crash,0,1,0,0.113544,0.363732,0.174719,0.165471
8723,166.9616,573,landed,1,0,0,0.026709,0.35587,0.174684,0.397499
8724,220.1473,458,landed,1,0,0,0.465685,1.693128,0.174649,0.308214
8725,214.0559,594,landed,1,0,0,0.310239,1.789267,0.174615,0.305984
8726,-37.6257,184,crash,0,1,0,0.883559,1.768367,0.17458,0.383371
8727,178.8523,654,landed,1,0,0,0.102984,0.891593,0.174545,0.250143
8728,-45.1443,179,crash,0,1,0,0.629325,1.450114,0.17451,0.200235
8729,-48.4342,169,crash,0,1,0,0.510294,1.227016,0.174475,0.2336
8730,202.7614,447,landed,1,0,0,0.359508,1.736505,0.17444,0.201687
8731,-47.4167,172,crash,0,1,0,0.593087,1.481648,0.174405,0.254592
8732,204.3538,526,landed,1,0,0,0.258117,1.526756,0.17437,0.379026
8733,209.5664,606,landed,1,0,0,0.330893,1.68916,0.174335,0.218174
8734,-45.3447,173,crash,0,1,0,0.47066,1.14362,0.1743,0.394341
8735,197.0032,326,landed,1,0,0,0.319658,1.217606,0.174266,0.316963
8736,204.7006,484,landed,1,0,0,0.339803,1.725836,0.174231,0.417245
8737,-65.3175,155,crash,0,1,0,0.146276,0.389304,0.174196,0.263061
8738,-41.8962,183,crash,0,1,0,0.648127,1.461565,0.174161,0.495661
8739,-48.9258,173,crash,0,1,0,0.558188,1.396352,0.174126,0.354436
8740,-49.002,174,crash,0,1,0,0.46493,1.371266,0.174091,0.122564
8741,-60.8906,157,crash,0,1,0,0.078392,0.23124,0.174057,0.552865
8742,-61.2038,160,crash,0,1,0,0.12461,0.30443,0.174022,0.512133
8743,175.788,391,landed,1,0,0,0.122948,0.945921,0.173987,0.416198
8744,-62.7482,157,crash,0,1,0,0.106062,0.337688,0.173952,0.343457
8745,-63.4986,248,crash,0,1,0,1.001373,2.543019,0.173917,0.262067
8746,-39.6129,193,crash,0,1,0,1.118864,1.930962,0.173883,0.328941
8747,168.1826,582,landed,1,0,0,0.158496,1.027155,0.173848,0.389338
8748,167.7703,673,landed,1,0,0,0.017851,0.236624,0.173813,0.397329
8749,220.9903,463,landed,1,0,0,0.427242,1.842728,0.173778,0.416806
8750,-42.942,180,crash,0,1,0,0.732888,1.707914,0.173744,0.304959
8751,165.4744,794,landed,1,0,0,0.023565,0.322684,0.173709,0.349915
8752,-36.9243,175,crash,0,1,0,1.048635,2.057932,0.173674,0.212847
8753,-38.4445,171,crash,0,1,0,0.765159,1.814129,0.173639,0.272977
8754,-38.7666,176,crash,0,1,0,0.863046,1.806934,0.173605,0.372771
8755,-50.4298,169,crash,0,1,0,0.367572,1.041516,0.17357,0.396782
8756,-39.1869,175,crash,0,1,0,0.923988,1.84208,0.173535,0.293085
8757,-0.0961,1000,timeout,0,0,1,0.148071,1.520961,0.1735,0.319509
8758,-32.4455,177,crash,0,1,0,1.164092,2.053629,0.173466,0.387158
8759,207.6754,388,landed,1,0,0,0.452918,1.801234,0.173431,0.333019
8760,185.0162,772,landed,1,0,0,0.120714,1.195037,0.173396,0.45599
8761,190.2778,650,landed,1,0,0,0.158822,1.424839,0.173362,0.215208
8762,170.3768,287,landed,1,0,0,0.069806,0.368067,0.173327,0.390313
8763,-44.3048,168,crash,0,1,0,0.713718,1.725015,0.173292,0.400772
8764,-15.1119,1000,timeout,0,0,1,0.098393,1.246963,0.173258,0.258022
8765,-45.748,173,crash,0,1,0,0.89645,1.803492,0.173223,0.275112
8766,-51.5878,172,crash,0,1,0,0.346205,0.958614,0.173188,0.502075
8767,192.8517,586,landed,1,0,0,0.209998,1.240086,0.173154,0.323309
8768,188.0681,455,landed,1,0,0,0.194641,1.063332,0.173119,0.246838
8769,192.4166,808,landed,1,0,0,0.12491,1.177992,0.173084,0.335975
8770,173.0779,378,landed,1,0,0,0.027038,0.241558,0.17305,0.40019
8771,-41.9115,181,crash,0,1,0,0.671886,1.740763,0.173015,0.663648
8772,168.6136,496,landed,1,0,0,0.032768,0.351861,0.172981,0.35463
8773,-33.0647,181,crash,0,1,0,0.818752,1.748955,0.172946,0.407147
8774,-46.645,171,crash,0,1,0,0.387856,1.209297,0.172911,0.150695
8775,-59.8,159,crash,0,1,0,0.392337,0.953102,0.172877,0.294855
8776,181.1153,460,landed,1,0,0,0.162311,1.120887,0.172842,0.428356
8777,-35.2111,191,crash,0,1,0,0.713296,1.460354,0.172808,0.192163
8778,171.9731,471,landed,1,0,0,0.021066,0.259441,0.172773,0.269175
8779,-22.5725,1000,timeout,0,0,1,0.119123,1.619251,0.172739,0.303641
8780,220.9901,779,landed,1,0,0,0.277353,1.904393,0.172704,0.249757
8781,-44.9387,179,crash,0,1,0,0.604527,1.440357,0.17267,0.079681
8782,227.3005,359,landed,1,0,0,0.605052,1.963837,0.172635,0.362433
8783,200.1557,448,landed,1,0,0,0.292701,1.463759,0.1726,0.34867
8784,168.1558,490,landed,1,0,0,0.027484,0.187194,0.172566,0.290278
8785,204.3771,525,landed,1,0,0,0.275136,1.588919,0.172531,0.300701
8786,200.3586,735,landed,1,0,0,0.2242,1.732103,0.172497,0.311025
8787,-56.2778,164,crash,0,1,0,0.123031,0.426927,0.172462,0.219592
8788,207.535,556,landed,1,0,0,0.339345,1.87215,0.172428,0.360514
8789,201.854,324,landed,1,0,0,0.423073,1.56232,0.172393,0.439034
8790,202.905,398,landed,1,0,0,0.359077,1.753234,0.172359,0.281252
8791,-47.0916,168,crash,0,1,0,0.424398,1.039533,0.172325,0.554299
8792,186.0125,269,landed,1,0,0,0.241984,1.016246,0.17229,0.347181
8793,-39.5495,174,crash,0,1,0,0.595696,1.477231,0.172256,0.41191
8794,197.9365,460,landed,1,0,0,0.371291,1.879794,0.172221,0.320884
8795,-56.4126,169,crash,0,1,0,0.296038,0.71323,0.172187,0.483105
8796,-43.1944,176,crash,0,1,0,0.847204,1.718803,0.172152,0.226628
8797,192.292,388,landed,1,0,0,0.250864,1.318227,0.172118,0.311843
8798,180.875,402,landed,1,0,0,0.141336,1.032239,0.172083,0.318163
8799,-45.1013,171,crash,0,1,0,0.491888,1.310651,0.172049,0.383127
8800,177.5389,295,landed,1,0,0,0.112023,0.41622,0.172015,0.355126
8801,196.7914,784,landed,1,0,0,0.174908,1.749631,0.17198,0.275064
8802,-42.8879,171,crash,0,1,0,0.97861,1.875862,0.171946,0.328819
8803,-41.5823,186,crash,0,1,0,0.971589,1.612638,0.171911,0.370094
8804,-38.8347,184,crash,0,1,0,0.944759,1.821258,0.171877,0.239289
8805,-42.0334,176,crash,0,1,0,0.961815,1.918152,0.171843,0.336405
8806,180.0311,858,landed,1,0,0,0.094673,1.199382,0.171808,0.293683
8807,-47.565,169,crash,0,1,0,0.449454,1.221793,0.171774,0.293806
8808,-59.9267,149,crash,0,1,0,0.08879,0.251614,0.17174,0.29612
8809,-46.4127,179,crash,0,1,0,0.426614,1.09387,0.171705,0.19266
8810,186.7731,681,landed,1,0,0,0.132046,1.21157,0.171671,0.356047
8811,196.5675,301,landed,1,0,0,0.395101,1.418488,0.171637,0.38249
8812,188.3528,970,landed,1,0,0,0.099247,1.2798,0.171602,0.362401
8813,208.2112,810,landed,1,0,0,0.198189,1.645318,0.171568,0.30609
8814,-58.5283,152,crash,0,1,0,0.084931,0.314961,0.171534,0.481605
8815,208.1351,530,landed,1,0,0,0.354196,1.787029,0.171499,0.408192
8816,181.2005,444,landed,1,0,0,0.137591,0.892789,0.171465,0.380836
8817,166.7124,591,landed,1,0,0,0.027367,0.176275,0.171431,0.357764
8818,187.0783,602,landed,1,0,0,0.146946,1.073342,0.171396,0.32295
8819,-46.8014,179,crash,0,1,0,0.453865,1.088398,0.171362,0.26608
8820,-65.1332,172,crash,0,1,0,0.114773,0.332557,0.171328,0.271743
8821,195.3131,811,landed,1,0,0,0.138061,1.399984,0.171294,0.25617
8822,199.1173,352,landed,1,0,0,0.307106,1.377282,0.171259,0.518928
8823,199.6868,640,landed,1,0,0,0.21018,1.581593,0.171225,0.325185
8824,-34.5687,194,crash,0,1,0,0.550347,1.54187,0.171191,0.255227
8825,-41.5441,173,crash,0,1,0,0.624642,1.337427,0.171157,0.298032
8826,-47.2438,166,crash,0,1,0,0.408119,1.08678,0.171122,0.222021
8827,-46.9805,176,crash,0,1,0,0.47294,1.133218,0.171088,0.412027
8828,203.1159,353,landed,1,0,0,0.376262,1.456068,0.171054,0.300165
8829,7.9295,1000,timeout,0,0,1,0.184474,1.866147,0.17102,0.285482
8830,-51.5654,167,crash,0,1,0,0.396555,1.02242,0.170985,0.583595
8831,-44.8938,173,crash,0,1,0,0.500649,1.298336,0.170951,0.392356
8832,209.8093,461,landed,1,0,0,0.370903,1.603226,0.170917,0.312866
8833,178.3923,388,landed,1,0,0,0.112852,0.88977,0.170883,0.190107
8834,206.992,498,landed,1,0,0,0.280807,1.450907,0.170849,0.311926
8835,-57.385,171,crash,0,1,0,0.247668,0.711297,0.170815,0.297006
8836,204.5018,783,landed,1,0,0,0.247984,1.889777,0.17078,0.173931
8837,202.971,444,landed,1,0,0,0.260668,1.39,0.170746,0.282009
8838,167.4439,457,landed,1,0,0,0.04231,0.340866,0.170712,0.209784
8839,221.7712,405,landed,1,0,0,0.531016,1.874489,0.170678,0.324875
8840,217.1678,398,landed,1,0,0,0.486241,1.61168,0.170644,0.362715
8841,191.7785,656,landed,1,0,0,0.154644,1.098995,0.17061,0.333297
8842,200.745,745,landed,1,0,0,0.19788,1.600578,0.170576,0.340412
8843,-38.5081,188,crash,0,1,0,0.813996,1.518897,0.170541,0.418781
8844,-56.1006,168,crash,0,1,0,0.339781,0.970033,0.170507,0.34294
8845,167.4769,521,landed,1,0,0,0.054886,0.425292,0.170473,0.338433
8846,201.4344,462,landed,1,0,0,0.324292,1.708234,0.170439,0.364431
8847,210.3255,351,landed,1,0,0,0.57481,1.875262,0.170405,0.320567
8848,-61.4364,152,crash,0,1,0,0.132875,0.325335,0.170371,0.387173
8849,202.1691,814,landed,1,0,0,0.18236,1.801223,0.170337,0.449904
8850,-62.9489,160,crash,0,1,0,0.089257,0.357695,0.170303,0.271512
8851,202.0786,416,landed,1,0,0,0.343536,1.351299,0.170269,0.293677
8852,167.95,790,landed,1,0,0,0.017648,0.233672,0.170235,0.38513
8853,-38.9351,188,crash,0,1,0,0.519061,1.280881,0.170201,0.406955
8854,-52.086,175,crash,0,1,0,0.294446,0.783369,0.170167,0.339005
8855,-58.3712,166,crash,0,1,0,0.245543,0.671874,0.170133,0.374565
8856,183.7975,261,landed,1,0,0,0.220473,0.832744,0.170099,0.281743
8857,183.4709,545,landed,1,0,0,0.141621,1.126996,0.170065,0.173268
8858,-38.0661,189,crash,0,1,0,0.594157,1.371479,0.170031,0.345283
8859,201.2649,318,landed,1,0,0,0.306086,1.306015,0.169997,0.247522
8860,212.7397,859,landed,1,0,0,0.263531,1.875947,0.169963,0.247269
8861,182.7365,410,landed,1,0,0,0.166315,0.950366,0.169929,0.287889
8862,205.1488,417,landed,1,0,0,0.494442,1.81452,0.169895,0.392718
8863,187.9781,850,landed,1,0,0,0.096188,1.093565,0.169861,0.232122
8864,-42.6615,176,crash,0,1,0,0.467176,1.187593,0.169827,0.130229
8865,-55.2933,168,crash,0,1,0,0.330649,0.808022,0.169793,0.371429
8866,-51.949,165,crash,0,1,0,0.37582,1.075051,0.169759,0.367121
8867,199.2794,332,landed,1,0,0,0.354209,1.401744,0.169725,0.320882
8868,-47.8522,170,crash,0,1,0,0.313517,0.960906,0.169691,0.366849
8869,174.6524,253,landed,1,0,0,0.094829,0.550397,0.169657,0.260473
8870,-32.6327,1000,timeout,0,0,1,0.01877,0.315808,0.169623,0.306175
8871,206.4227,467,landed,1,0,0,0.34512,1.632633,0.169589,0.31506
8872,176.8965,257,landed,1,0,0,0.077363,0.329123,0.169555,0.218177
8873,-55.7682,162,crash,0,1,0,0.205703,0.650517,0.169521,0.175432
8874,-40.4904,180,crash,0,1,0,0.70728,1.738405,0.169487,0.486353
8875,-28.2636,187,crash,0,1,0,0.919592,1.736505,0.169453,0.235406
8876,-35.947,178,crash,0,1,0,0.602079,1.619021,0.169419,0.298382
8877,199.4556,298,landed,1,0,0,0.460323,1.474071,0.169386,0.426935
8878,182.3472,306,landed,1,0,0,0.17311,0.87028,0.169352,0.284421
8879,-56.0109,155,crash,0,1,0,0.158924,0.447015,0.169318,0.142367
8880,184.8176,321,landed,1,0,0,0.233728,1.09049,0.169284,0.231264
8881,-63.1263,155,crash,0,1,0,0.112259,0.295232,0.16925,0.492294
8882,196.6333,616,landed,1,0,0,0.252612,1.6365,0.169216,0.309713
8883,-61.9147,167,crash,0,1,0,0.151561,0.492503,0.169182,0.272651
8884,177.0596,247,landed,1,0,0,0.101381,0.470559,0.169149,0.212066
8885,209.955,635,landed,1,0,0,0.311829,1.751247,0.169115,0.283378
8886,206.1942,603,landed,1,0,0,0.247453,1.722396,0.169081,0.294922
8887,-43.094,179,crash,0,1,0,0.503735,1.238875,0.169047,0.250795
8888,-64.2959,158,crash,0,1,0,0.153756,0.6682,0.169013,0.152404
8889,-45.1985,174,crash,0,1,0,0.629615,1.48399,0.16898,0.190155
8890,170.6375,478,landed,1,0,0,0.038491,0.345404,0.168946,0.243934
8891,-46.6366,167,crash,0,1,0,0.702718,1.758379,0.168912,0.089448
8892,169.6413,658,landed,1,0,0,0.025975,0.24205,0.168878,0.323856
8893,-45.924,182,crash,0,1,0,0.474695,1.388084,0.168844,0.438
8894,167.4981,384,landed,1,0,0,0.0313,0.192225,0.168811,0.26512
8895,-45.838,170,crash,0,1,0,0.415768,1.078448,0.168777,0.281021
8896,204.0408,310,landed,1,0,0,0.517185,1.688066,0.168743,0.25561
8897,166.3705,504,landed,1,0,0,0.025458,0.177032,0.168709,0.36615
8898,-46.1461,167,crash,0,1,0,0.817539,1.720524,0.168676,0.174163
8899,164.9288,717,landed,1,0,0,0.018759,0.183285,0.168642,0.284641
8900,187.9282,509,landed,1,0,0,0.155253,1.248033,0.168608,0.296804
8901,164.6962,788,landed,1,0,0,0.021684,0.275453,0.168574,0.319444
8902,197.4623,337,landed,1,0,0,0.337758,1.478543,0.168541,0.328416
8903,-35.0882,1000,timeout,0,0,1,0.086517,1.284056,0.168507,0.245155
8904,213.8106,359,landed,1,0,0,0.758244,2.022381,0.168473,0.277527
8905,-36.8463,190,crash,0,1,0,0.95837,1.847851,0.16844,0.268837
8906,166.9122,439,landed,1,0,0,0.036462,0.266868,0.168406,0.315865
8907,180.8021,478,landed,1,0,0,0.311213,1.585837,0.168372,0.29811
8908,211.5216,429,landed,1,0,0,0.498118,1.890674,0.168339,0.326507
8909,214.1559,414,landed,1,0,0,0.401656,1.733861,0.168305,0.332294
8910,-43.9794,181,crash,0,1,0,0.371343,1.126197,0.168271,0.240646
8911,-44.1366,183,crash,0,1,0,0.733509,1.496966,0.168238,0.290234
8912,-51.8784,168,crash,0,1,0,0.817035,1.648031,0.168204,0.172251
8913,-41.7217,176,crash,0,1,0,0.832458,1.87599,0.16817,0.207412
8914,-50.9728,171,crash,0,1,0,0.401609,1.064319,0.168137,0.35001
8915,201.5903,408,landed,1,0,0,0.355943,1.607737,0.168103,0.185938
8916,199.5226,810,landed,1,0,0,0.183774,1.864215,0.168069,0.226276
8917,-48.6041,164,crash,0,1,0,0.881448,1.842332,0.168036,0.284549
8918,177.5603,712,landed,1,0,0,0.060343,0.566098,0.168002,0.280395
8919,-49.1992,163,crash,0,1,0,0.907624,1.958122,0.167969,0.24925
8920,197.3111,741,landed,1,0,0,0.168002,1.571086,0.167935,0.304752
8921,-40.8805,185,crash,0,1,0,0.511211,1.394614,0.167901,0.200903
8922,216.8102,444,landed,1,0,0,0.55364,2.299717,0.167868,0.266828
8923,193.7204,443,landed,1,0,0,0.231944,1.338975,0.167834,0.15467
8924,-59.291,155,crash,0,1,0,0.096252,0.343465,0.167801,0.420237
8925,184.0896,570,landed,1,0,0,0.119247,0.891318,0.167767,0.323452
8926,171.7901,249,landed,1,0,0,0.050592,0.246365,0.167734,0.177605
8927,-40.2171,170,crash,0,1,0,0.719621,1.690393,0.1677,0.1921
8928,-64.0644,160,crash,0,1,0,0.112238,0.293373,0.167666,0.382748
8929,195.1919,969,landed,1,0,0,0.121458,1.331642,0.167633,0.288166
8930,-46.7361,167,crash,0,1,0,0.578878,1.631997,0.167599,0.469755
8931,-49.1639,166,crash,0,1,0,0.289837,0.718361,0.167566,0.449573
8932,188.1879,546,landed,1,0,0,0.268712,1.374726,0.167532,0.333078
8933,-65.8592,158,crash,0,1,0,0.081298,0.305224,0.167499,0.398671
8934,212.2117,999,landed,1,0,0,0.251612,2.155281,0.167465,0.26225
8935,-39.9771,186,crash,0,1,0,0.967029,2.055053,0.167432,0.261491
8936,178.8132,423,landed,1,0,0,0.132374,0.895468,0.167398,0.351517
8937,-51.5289,164,crash,0,1,0,0.6341,1.534155,0.167365,0.354213
8938,-63.9886,173,crash,0,1,0,0.172259,0.660684,0.167331,0.209928
8939,-51.4196,172,crash,0,1,0,0.453456,1.372718,0.167298,0.298508
8940,-62.0851,163,crash,0,1,0,0.20844,0.852268,0.167265,0.250228
8941,-44.7512,181,crash,0,1,0,0.93133,1.908391,0.167231,0.299655
8942,-47.3717,178,crash,0,1,0,0.534927,1.22926,0.167198,0.24818
8943,-50.6187,168,crash,0,1,0,0.609013,1.358308,0.167164,0.453978
8944,-43.2973,174,crash,0,1,0,0.646691,1.637952,0.167131,0.331009
8945,-42.0336,176,crash,0,1,0,0.766874,1.720241,0.167097,0.100747
8946,210.5395,314,landed,1,0,0,0.559986,1.723265,0.167064,0.294961
8947,-44.5471,179,crash,0,1,0,0.689542,1.685204,0.16703,0.239202
8948,169.654,305,landed,1,0,0,0.072405,0.377036,0.166997,0.301862
8949,-60.4261,169,crash,0,1,0,0.265778,0.727258,0.166964,0.392721
8950,-49.347,168,crash,0,1,0,0.315619,0.957701,0.16693,0.327105
8951,202.8071,311,landed,1,0,0,0.348181,1.175836,0.166897,0.333465
8952,173.0557,322,landed,1,0,0,0.090083,0.677432,0.166864,0.374839
8953,-48.116,166,crash,0,1,0,0.617742,1.574821,0.16683,0.354524
8954,210.2845,329,landed,1,0,0,0.458642,1.676059,0.166797,0.366736
8955,209.2858,657,landed,1,0,0,0.297209,1.816813,0.166763,0.263147
8956,-45.1667,180,crash,0,1,0,0.449775,1.222206,0.16673,0.402458
8957,215.0526,718,landed,1,0,0,0.252376,1.858558,0.166697,0.243028
8958,166.8612,457,landed,1,0,0,0.039353,0.252296,0.166663,0.406692
8959,191.7556,368,landed,1,0,0,0.234601,1.210713,0.16663,0.504978
8960,171.4073,639,landed,1,0,0,0.056662,0.59551,0.166597,0.361034
8961,-44.0882,170,crash,0,1,0,0.574811,1.472187,0.166563,0.306017
8962,174.2148,466,landed,1,0,0,0.092811,0.56532,0.16653,0.371192
8963,-47.3951,169,crash,0,1,0,0.399393,1.210156,0.166497,0.316323
8964,209.6211,490,landed,1,0,0,0.425893,1.818846,0.166463,0.266214
8965,216.7135,403,landed,1,0,0,0.586686,2.087879,0.16643,0.337873
8966,27.4766,1000,timeout,0,0,1,0.19058,1.489811,0.166397,0.339218
8967,23.9825,1000,timeout,0,0,1,0.268407,2.265933,0.166364,0.312443
8968,168.8559,696,landed,1,0,0,0.016032,0.16212,0.16633,0.330695
8969,168.5435,898,landed,1,0,0,0.048262,0.781011,0.166297,0.29084
8970,-52.2453,174,crash,0,1,0,0.322855,0.850059,0.166264,0.188104
8971,215.5899,606,landed,1,0,0,0.422707,2.055618,0.166231,0.273324
8972,220.2491,854,landed,1,0,0,0.235784,1.519233,0.166197,0.288063
8973,-17.5256,794,crash,0,1,0,0.366818,2.292254,0.166164,0.334833
8974,-47.6416,163,crash,0,1,0,0.651142,1.605728,0.166131,0.302138
8975,-39.5719,181,crash,0,1,0,0.516621,1.325509,0.166098,0.191295
8976,-49.5193,174,crash,0,1,0,0.293671,0.695063,0.166064,0.386301
8977,179.7442,303,landed,1,0,0,0.129679,0.421284,0.166031,0.360956
8978,196.9206,462,landed,1,0,0,0.245661,1.526775,0.165998,0.493274
8979,-61.2164,154,crash,0,1,0,0.058204,0.16997,0.165965,0.347023
8980,-12.8286,1000,timeout,0,0,1,0.085164,1.224252,0.165932,0.403766
8981,162.0283,903,landed,1,0,0,0.040245,0.373376,0.165898,0.334699
8982,-54.5452,158,crash,0,1,0,0.188727,0.744584,0.165865,0.464093
8983,-56.2784,170,crash,0,1,0,0.317929,0.888596,0.165832,0.280693
8984,-45.655,180,crash,0,1,0,0.544284,1.338506,0.165799,0.483547
8985,-62.0107,165,crash,0,1,0,0.124638,0.401524,0.165766,0.319379
8986,-45.745,178,crash,0,1,0,0.436291,1.297476,0.165733,0.251002
8987,171.2626,352,landed,1,0,0,0.050146,0.240583,0.165699,0.458742
8988,-45.4288,169,crash,0,1,0,0.658265,1.745179,0.165666,0.383084
8989,-55.0547,161,crash,0,1,0,0.090954,0.299339,0.165633,0.283714
8990,175.2582,233,landed,1,0,0,0.112742,0.458167,0.1656,0.518305
8991,-47.7736,166,crash,0,1,0,0.487013,1.236086,0.165567,0.125738
8992,-46.0659,180,crash,0,1,0,0.381089,1.196581,0.165534,0.290462
8993,-44.9944,174,crash,0,1,0,1.089111,1.829826,0.165501,0.234184
8994,-30.9524,1000,timeout,0,0,1,0.019469,0.463477,0.165468,0.303351
8995,207.3552,359,landed,1,0,0,0.559253,1.891681,0.165435,0.348955
8996,215.414,474,landed,1,0,0,0.41619,1.877585,0.165401,0.25102
8997,214.843,625,landed,1,0,0,0.388727,2.04562,0.165368,0.375819
8998,165.6101,722,landed,1,0,0,0.03237,0.564452,0.165335,0.398179
8999,-48.2272,174,crash,0,1,0,0.845652,1.743927,0.165302,0.479584
9000,-36.1549,183,crash,0,1,0,0.947855,1.701414,0.165269,0.369515
9001,174.1257,227,landed,1,0,0,0.039535,0.159688,0.165236,0.191937
9002,191.9461,310,landed,1,0,0,0.264088,1.220052,0.165203,0.223144
9003,-47.3437,174,crash,0,1,0,1.027765,1.923085,0.16517,0.252768
9004,-42.1434,183,crash,0,1,0,0.516395,1.304787,0.165137,0.408659
9005,208.2194,328,landed,1,0,0,0.421931,1.627705,0.165104,0.357953
9006,-48.8791,164,crash,0,1,0,0.435997,1.314374,0.165071,0.25226
9007,-41.754,179,crash,0,1,0,0.508858,1.305787,0.165038,0.396719
9008,-42.0637,181,crash,0,1,0,0.612258,1.452225,0.165005,0.424778
9009,-39.6687,181,crash,0,1,0,0.629648,1.563664,0.164972,0.271669
9010,173.5003,643,landed,1,0,0,0.022508,0.230583,0.164939,0.37179
9011,-44.364,178,crash,0,1,0,0.676623,1.605605,0.164906,0.342419
9012,-41.6079,181,crash,0,1,0,0.72552,1.715681,0.164873,0.350823
9013,177.2436,543,landed,1,0,0,0.11184,1.176454,0.16484,0.275022
9014,-48.7293,168,crash,0,1,0,0.466466,1.356318,0.164807,0.394925
9015,171.0311,427,landed,1,0,0,0.042887,0.26109,0.164774,0.231912
9016,-44.2078,183,crash,0,1,0,0.442302,1.370194,0.164741,0.138951
9017,195.1298,606,landed,1,0,0,0.150766,1.36257,0.164708,0.282691
9018,212.713,392,landed,1,0,0,0.395008,1.667669,0.164675,0.384889
9019,173.202,265,landed,1,0,0,0.168453,0.870132,0.164642,0.417439
9020,-33.3682,198,crash,0,1,0,0.770601,1.650427,0.164609,0.276154
9021,170.8785,407,landed,1,0,0,0.027937,0.232221,0.164576,0.214609
9022,177.31,445,landed,1,0,0,0.080531,0.684599,0.164543,0.201898
9023,201.1155,726,landed,1,0,0,0.208782,1.69439,0.164511,0.265466
9024,169.124,294,landed,1,0,0,0.035497,0.196495,0.164478,0.454457
9025,-29.5965,192,crash,0,1,0,0.784115,1.746978,0.164445,0.29043
9026,-51.7667,175,crash,0,1,0,0.242666,0.798495,0.164412,0.358933
9027,200.5303,368,landed,1,0,0,0.366466,1.718333,0.164379,0.288072
9028,175.8389,762,landed,1,0,0,0.048263,0.445117,0.164346,0.366281
9029,209.2018,400,landed,1,0,0,0.359465,1.45701,0.164313,0.384908
9030,-59.1642,156,crash,0,1,0,0.048316,0.223729,0.16428,0.315243
9031,-49.6873,163,crash,0,1,0,0.47774,1.20107,0.164248,0.289331
9032,201.0991,361,landed,1,0,0,0.382289,1.684947,0.164215,0.356989
9033,207.0317,398,landed,1,0,0,0.43401,1.529624,0.164182,0.280378
9034,-34.9821,190,crash,0,1,0,0.71931,1.546431,0.164149,0.248673
9035,-46.1251,177,crash,0,1,0,0.233968,0.888143,0.164116,0.141757
9036,-40.0315,181,crash,0,1,0,0.4823,1.350923,0.164083,0.242669
9037,-42.8181,171,crash,0,1,0,0.442814,1.372084,0.164051,0.288314
9038,-56.6441,152,crash,0,1,0,0.089779,0.213193,0.164018,0.261665
9039,203.8417,491,landed,1,0,0,0.238995,1.485965,0.163985,0.188929
9040,-49.5325,173,crash,0,1,0,0.220934,0.71649,0.163952,0.462339
9041,193.1289,288,landed,1,0,0,0.325101,1.386842,0.163919,0.222525
9042,-44.7181,178,crash,0,1,0,0.897033,1.706481,0.163887,0.206293
9043,212.3271,490,landed,1,0,0,0.309937,1.745341,0.163854,0.256516
9044,-48.421,173,crash,0,1,0,0.288759,0.737468,0.163821,0.417739
9045,167.655,503,landed,1,0,0,0.036983,0.249156,0.163788,0.325483
9046,169.3215,971,landed,1,0,0,0.028209,0.30712,0.163755,0.342283
9047,-31.4198,203,crash,0,1,0,0.593056,1.364201,0.163723,0.167083
9048,-48.1994,173,crash,0,1,0,0.464936,1.308655,0.16369,0.361244
9049,-42.7713,184,crash,0,1,0,0.656696,1.41759,0.163657,0.25417
9050,166.6993,755,landed,1,0,0,0.051401,0.772633,0.163625,0.375864
9051,173.079,687,landed,1,0,0,0.040942,0.562113,0.163592,0.312967
9052,-36.2152,196,crash,0,1,0,1.143536,2.284,0.163559,0.234465
9053,-45.3825,179,crash,0,1,0,0.382382,1.243216,0.163526,0.572133
9054,-52.1902,1000,timeout,0,0,1,0.031772,0.393865,0.163494,0.311047
9055,202.8459,336,landed,1,0,0,0.314387,1.307504,0.163461,0.468443
9056,-38.9516,184,crash,0,1,0,0.524506,1.402526,0.163428,0.292067
9057,206.9207,438,landed,1,0,0,0.425295,1.786118,0.163396,0.353594
9058,-37.8819,189,crash,0,1,0,1.219642,2.380228,0.163363,0.44982
9059,-44.7348,177,crash,0,1,0,0.780785,1.640002,0.16333,0.418392
9060,204.7434,526,landed,1,0,0,0.307307,1.599703,0.163298,0.260273
9061,170.6639,237,landed,1,0,0,0.063206,0.295631,0.163265,0.271675
9062,178.348,239,landed,1,0,0,0.169188,0.7469,0.163232,0.502948
9063,171.6192,270,landed,1,0,0,0.093305,0.366307,0.1632,0.372027
9064,201.1287,768,landed,1,0,0,0.214277,1.64631,0.163167,0.249171
9065,180.3964,284,landed,1,0,0,0.130258,0.776547,0.163134,0.36959
9066,-9.0836,1000,timeout,0,0,1,0.215299,1.800042,0.163102,0.379799
9067,172.8095,347,landed,1,0,0,0.04178,0.30023,0.163069,0.633979
9068,-59.961,155,crash,0,1,0,0.059032,0.224558,0.163036,0.418159
9069,179.2337,597,landed,1,0,0,0.066493,0.516129,0.163004,0.471687
9070,-35.1769,183,crash,0,1,0,0.928947,1.821258,0.162971,0.292662
9071,-54.7141,174,crash,0,1,0,1.141937,2.07051,0.162939,0.380386
9072,195.6879,285,landed,1,0,0,0.317713,1.373846,0.162906,0.293633
9073,168.1511,595,landed,1,0,0,0.039649,0.492882,0.162873,0.261744
9074,-57.9881,160,crash,0,1,0,0.162539,0.733592,0.162841,0.252689
9075,-45.412,172,crash,0,1,0,0.53841,1.543703,0.162808,0.573712
9076,-54.4381,216,crash,0,1,0,1.027104,2.212839,0.162776,0.200454
9077,171.3552,262,landed,1,0,0,0.038408,0.166369,0.162743,0.431485
9078,-41.2643,174,crash,0,1,0,0.5399,1.54224,0.162711,0.181558
9079,202.037,504,landed,1,0,0,0.332139,1.555376,0.162678,0.437338
9080,205.6723,395,landed,1,0,0,0.302653,1.477433,0.162646,0.390958
9081,174.0313,324,landed,1,0,0,0.066994,0.594208,0.162613,0.404306
9082,-37.0624,188,crash,0,1,0,0.688332,1.588056,0.162581,0.274212
9083,-0.3574,1000,timeout,0,0,1,0.162913,1.619391,0.162548,0.329795
9084,-46.8028,182,crash,0,1,0,0.348823,1.364651,0.162516,0.298837
9085,173.5965,753,landed,1,0,0,0.07606,0.916477,0.162483,0.418717
9086,-18.636,1000,timeout,0,0,1,0.082774,1.376744,0.162451,0.3363
9087,177.3003,243,landed,1,0,0,0.098528,0.449894,0.162418,0.359455
9088,-46.0286,182,crash,0,1,0,0.395132,1.422625,0.162386,0.325914
9089,-51.4397,171,crash,0,1,0,0.740514,1.667493,0.162353,0.169795
9090,-41.8846,190,crash,0,1,0,0.426006,1.353773,0.162321,0.273931
9091,205.3837,514,landed,1,0,0,0.262987,1.561153,0.162288,0.258014
9092,-45.7703,179,crash,0,1,0,0.323989,0.936636,0.162256,0.278741
9093,174.1575,234,landed,1,0,0,0.039188,0.238998,0.162223,0.328498
9094,172.6038,605,landed,1,0,0,0.055982,0.445256,0.162191,0.364164
9095,-41.3416,181,crash,0,1,0,1.156685,2.201697,0.162158,0.137446
9096,203.7471,480,landed,1,0,0,0.378478,1.71026,0.162126,0.263341
9097,-54.5421,175,crash,0,1,0,0.16948,0.563165,0.162093,0.375338
9098,-38.3666,188,crash,0,1,0,0.526938,1.488453,0.162061,0.208939
9099,205.9373,550,landed,1,0,0,0.303659,1.615692,0.162029,0.297725
9100,-50.4012,164,crash,0,1,0,0.37633,1.105705,0.161996,0.174321
9101,-44.124,172,crash,0,1,0,0.663762,1.532934,0.161964,0.179781
9102,172.2403,242,landed,1,0,0,0.02686,0.142404,0.161931,0.293043
9103,205.0301,609,landed,1,0,0,0.233063,1.634576,0.161899,0.18027
9104,198.2992,606,landed,1,0,0,0.278299,1.769326,0.161867,0.330585
9105,171.8054,324,landed,1,0,0,0.031194,0.159411,0.161834,0.226319
9106,203.3025,313,landed,1,0,0,0.397878,1.563664,0.161802,0.361534
9107,203.5235,363,landed,1,0,0,0.40428,1.618161,0.16177,0.29629
9108,-48.637,170,crash,0,1,0,0.669691,1.633503,0.161737,0.443386
9109,176.0404,241,landed,1,0,0,0.081344,0.362571,0.161705,0.264029
9110,-32.4129,189,crash,0,1,0,0.517135,1.543795,0.161673,0.418208
9111,-55.4852,163,crash,0,1,0,0.20104,0.667799,0.16164,0.334138
9112,-54.3046,175,crash,0,1,0,0.222327,0.758292,0.161608,0.347668
9113,173.9572,327,landed,1,0,0,0.052955,0.3703,0.161576,0.304454
9114,205.5173,631,landed,1,0,0,0.225351,1.535439,0.161543,0.49517
9115,169.1143,513,landed,1,0,0,0.031103,0.210163,0.161511,0.346729
9116,197.4021,649,landed,1,0,0,0.188702,1.571086,0.161479,0.314384
9117,176.6314,320,landed,1,0,0,0.162277,0.887436,0.161446,0.334068
9118,209.8996,422,landed,1,0,0,0.348682,1.624757,0.161414,0.190746
9119,-52.9683,176,crash,0,1,0,0.191031,0.623602,0.161382,0.217947
9120,197.0556,797,landed,1,0,0,0.222245,1.690155,0.16135,0.419027
9121,170.7296,385,landed,1,0,0,0.0638,0.344239,0.161317,0.294039
9122,173.2233,381,landed,1,0,0,0.055412,0.522805,0.161285,0.354735
9123,-42.2785,194,crash,0,1,0,1.064576,1.958377,0.161253,0.351883
9124,-46.8769,176,crash,0,1,0,0.985057,1.899972,0.16122,0.386185
9125,-46.815,178,crash,0,1,0,0.388427,1.257336,0.161188,0.274686
9126,-48.1883,171,crash,0,1,0,0.356466,1.176454,0.161156,0.41451
9127,-27.069,1000,timeout,0,0,1,0.066134,1.011679,0.161124,0.275832
9128,-41.6035,190,crash,0,1,0,1.123762,2.001466,0.161092,0.355297
9129,-37.3732,182,crash,0,1,0,0.78455,1.67831,0.161059,0.340829
9130,-45.512,184,crash,0,1,0,0.429188,1.422697,0.161027,0.415226
9131,-46.8301,168,crash,0,1,0,0.471531,1.269319,0.160995,0.345277
9132,195.3859,419,landed,1,0,0,0.227247,1.288634,0.160963,0.432068
9133,198.437,290,landed,1,0,0,0.305329,1.000053,0.16093,0.17547
9134,-37.1154,182,crash,0,1,0,0.844266,1.609377,0.160898,0.399439
9135,-45.2186,168,crash,0,1,0,0.699596,1.548231,0.160866,0.133768
9136,-41.5387,178,crash,0,1,0,0.35263,1.024841,0.160834,0.255875
9137,170.4297,864,landed,1,0,0,0.022972,0.320438,0.160802,0.333494
9138,171.0873,250,landed,1,0,0,0.046585,0.33555,0.16077,0.489872
9139,204.1454,375,landed,1,0,0,0.431109,1.741234,0.160737,0.168187
9140,169.7091,729,landed,1,0,0,0.022096,0.249276,0.160705,0.353464
9141,196.9629,700,landed,1,0,0,0.161364,1.531015,0.160673,0.387452
9142,171.8823,424,landed,1,0,0,0.044382,0.249688,0.160641,0.438652
9143,175.9008,377,landed,1,0,0,0.065807,0.602839,0.160609,0.399915
9144,195.8757,286,landed,1,0,0,0.23694,0.94661,0.160577,0.439778
9145,-36.1563,182,crash,0,1,0,0.647364,1.478123,0.160545,0.609068
9146,-37.1989,181,crash,0,1,0,0.537048,1.624348,0.160513,0.454783
9147,-54.2747,173,crash,0,1,0,0.190085,0.71854,0.16048,0.334206
9148,-45.9172,164,crash,0,1,0,0.558241,1.492949,0.160448,0.59934
9149,204.1111,316,landed,1,0,0,0.43833,1.525436,0.160416,0.372145
9150,-45.5992,174,crash,0,1,0,0.553607,1.289687,0.160384,0.481589
9151,-39.0527,184,crash,0,1,0,0.891762,1.821963,0.160352,0.567766
9152,212.2103,334,landed,1,0,0,0.558443,1.739212,0.16032,0.377077
9153,178.4027,245,landed,1,0,0,0.131494,0.631947,0.160288,0.352172
9154,211.0304,446,landed,1,0,0,0.347945,1.604104,0.160256,0.381753
9155,-40.2649,178,crash,0,1,0,0.830511,1.696528,0.160224,0.221059
9156,200.9382,494,landed,1,0,0,0.260562,1.551816,0.160192,0.300694
9157,-42.1219,184,crash,0,1,0,1.1911,2.230069,0.16016,0.358574
9158,170.0725,557,landed,1,0,0,0.034107,0.278532,0.160128,0.250378
9159,-38.306,192,crash,0,1,0,0.57921,1.554583,0.160096,0.223856
9160,-45.213,171,crash,0,1,0,0.632996,1.475699,0.160064,0.314724
9161,-57.2621,156,crash,0,1,0,0.064671,0.172247,0.160032,0.394696
9162,-4.7023,1000,timeout,0,0,1,0.144728,1.794089,0.16,0.331881
9163,-39.0545,181,crash,0,1,0,0.555136,1.52128,0.159968,0.361967
9164,205.3059,334,landed,1,0,0,0.351676,1.52022,0.159936,0.387474
9165,-40.2315,180,crash,0,1,0,0.651557,1.449609,0.159904,0.553442
9166,-57.6151,163,crash,0,1,0,0.080678,0.238109,0.159872,0.425526
9167,167.961,631,landed,1,0,0,0.031331,0.347637,0.15984,0.32692
9168,193.949,598,landed,1,0,0,0.226784,1.560799,0.159808,0.278197
9169,203.9562,488,landed,1,0,0,0.270177,1.645969,0.159776,0.408072
9170,204.8914,612,landed,1,0,0,0.296864,1.747652,0.159744,0.328361
9171,-45.1438,186,crash,0,1,0,1.079249,1.990331,0.159712,0.32186
9172,-38.2696,191,crash,0,1,0,0.591392,1.473661,0.15968,0.589425
9173,216.0244,729,landed,1,0,0,0.238566,1.624784,0.159648,0.361667
9174,-42.5654,172,crash,0,1,0,0.751744,1.757128,0.159616,0.239585
9175,-41.5929,183,crash,0,1,0,0.928773,1.759655,0.159584,0.294288
9176,206.1638,426,landed,1,0,0,0.320781,1.727758,0.159552,0.289461
9177,-47.067,178,crash,0,1,0,0.465952,1.335088,0.15952,0.318999
9178,198.9744,707,landed,1,0,0,0.173625,1.476452,0.159488,0.397574
9179,-42.6193,175,crash,0,1,0,0.490989,1.466854,0.159457,0.148744
9180,209.1645,379,landed,1,0,0,0.316141,1.323051,0.159425,0.48703
9181,-55.5981,175,crash,0,1,0,0.179323,0.722228,0.159393,0.209611
9182,176.416,310,landed,1,0,0,0.076625,0.35082,0.159361,0.384337
9183,194.9478,459,landed,1,0,0,0.276988,1.560552,0.159329,0.313322
9184,-43.8592,169,crash,0,1,0,0.404228,0.954635,0.159297,0.269173
9185,-42.9727,185,crash,0,1,0,0.383142,1.37406,0.159265,0.3626
9186,-39.0252,191,crash,0,1,0,0.463578,1.527015,0.159233,0.291136
9187,193.0587,567,landed,1,0,0,0.25543,1.484782,0.159202,0.337248
9188,-46.3846,172,crash,0,1,0,0.485801,1.289557,0.15917,0.377048
9189,177.0995,316,landed,1,0,0,0.094591,0.527986,0.159138,0.259071
9190,205.1331,561,landed,1,0,0,0.263475,1.676807,0.159106,0.318746
9191,205.4595,504,landed,1,0,0,0.241323,1.604399,0.159074,0.377127
9192,-39.5312,185,crash,0,1,0,0.51187,1.358003,0.159042,0.523577
9193,-46.7175,178,crash,0,1,0,0.299448,0.90449,0.159011,0.353044
9194,-42.9745,176,crash,0,1,0,0.530332,1.529842,0.158979,0.38585
9195,195.7199,937,landed,1,0,0,0.155912,1.604421,0.158947,0.305035
9196,173.482,238,landed,1,0,0,0.059005,0.261821,0.158915,0.233458
9197,-42.5462,185,crash,0,1,0,0.406261,1.42326,0.158884,0.459987
9198,-43.2945,185,crash,0,1,0,0.474582,1.385546,0.158852,0.268184
9199,-43.6985,205,crash,0,1,0,1.330719,2.654849,0.15882,0.517045
9200,-44.8495,173,crash,0,1,0,0.549565,1.614911,0.158788,0.312238
9201,175.1855,303,landed,1,0,0,0.068779,0.288617,0.158756,0.333817
9202,190.7259,605,landed,1,0,0,0.108541,0.98794,0.158725,0.333821
9203,181.1558,336,landed,1,0,0,0.091532,0.439223,0.158693,0.353768
9204,-42.3711,183,crash,0,1,0,0.340869,1.308628,0.158661,0.609217
9205,-44.681,178,crash,0,1,0,0.938096,1.736515,0.158629,0.500173
9206,188.4399,375,landed,1,0,0,0.18315,1.150187,0.158598,0.248195
9207,-37.2743,187,crash,0,1,0,0.495564,1.498342,0.158566,0.245942
9208,191.7205,655,landed,1,0,0,0.127889,1.303178,0.158534,0.236735
9209,-6.1355,1000,timeout,0,0,1,0.139345,1.50798,0.158503,0.330231
9210,171.0895,604,landed,1,0,0,0.035295,0.317617,0.158471,0.438709
9211,214.1227,459,landed,1,0,0,0.381609,1.67288,0.158439,0.36088
9212,-58.176,199,crash,0,1,0,1.060707,2.5298,0.158408,0.26632
9213,180.7454,389,landed,1,0,0,0.136866,0.728825,0.158376,0.384527
9214,168.1665,670,landed,1,0,0,0.028808,0.315503,0.158344,0.354272
9215,200.8672,730,landed,1,0,0,0.167031,1.58274,0.158313,0.308277
9216,170.6879,373,landed,1,0,0,0.043744,0.228983,0.158281,0.246749
9217,187.2603,369,landed,1,0,0,0.224848,1.296701,0.158249,0.277918
9218,177.7652,413,landed,1,0,0,0.072786,0.564147,0.158218,0.370586
9219,169.692,677,landed,1,0,0,0.038413,0.323175,0.158186,0.189908
9220,201.1168,279,landed,1,0,0,0.393944,1.427185,0.158154,0.216355
9221,-39.8216,184,crash,0,1,0,0.494493,1.34662,0.158123,0.144897
9222,213.9239,413,landed,1,0,0,0.441523,2.007855,0.158091,0.254751
9223,208.727,316,landed,1,0,0,0.369719,1.363921,0.158059,0.462222
9224,-43.2101,182,crash,0,1,0,0.329948,1.003301,0.158028,0.396123
9225,173.3323,291,landed,1,0,0,0.062284,0.404932,0.157996,0.28399
9226,201.0862,476,landed,1,0,0,0.205716,1.490857,0.157965,0.324909
9227,-7.3116,1000,timeout,0,0,1,0.183855,1.891363,0.157933,0.369955
9228,189.3168,654,landed,1,0,0,0.1181,0.999478,0.157901,0.279865
9229,185.6798,851,landed,1,0,0,0.165039,1.415838,0.15787,0.268935
9230,173.1515,698,landed,1,0,0,0.049538,0.507299,0.157838,0.311403
9231,171.8756,282,landed,1,0,0,0.052731,0.309133,0.157807,0.366352
9232,195.9028,285,landed,1,0,0,0.315731,1.29687,0.157775,0.185824
9233,193.236,301,landed,1,0,0,0.21123,1.149715,0.157744,0.377983
9234,-39.2188,189,crash,0,1,0,0.454646,1.437603,0.157712,0.282373
9235,219.9081,543,landed,1,0,0,0.407468,1.821258,0.15768,0.345669
9236,-48.1103,177,crash,0,1,0,0.347521,1.009034,0.157649,0.238166
9237,-10.7612,1000,timeout,0,0,1,0.067008,1.101477,0.157617,0.334782
9238,175.2204,286,landed,1,0,0,0.076126,0.299418,0.157586,0.567265
9239,192.0918,329,landed,1,0,0,0.299201,1.42031,0.157554,0.263064
9240,230.4241,418,landed,1,0,0,0.637942,2.355776,0.157523,0.375744
9241,206.5796,461,landed,1,0,0,0.294827,1.556865,0.157491,0.285186
9242,-42.7735,182,crash,0,1,0,0.43195,1.172716,0.15746,0.205289
9243,-43.9955,172,crash,0,1,0,0.439205,1.323859,0.157428,0.311141
9244,190.851,507,landed,1,0,0,0.244257,1.429046,0.157397,0.389612
9245,-13.3585,1000,timeout,0,0,1,0.163273,1.718078,0.157365,0.323533
9246,-38.105,189,crash,0,1,0,0.506679,1.40709,0.157334,0.345476
9247,195.8588,663,landed,1,0,0,0.141366,1.349635,0.157302,0.367234
9248,203.1252,759,landed,1,0,0,0.170926,1.63597,0.157271,0.280127
9249,173.2112,379,landed,1,0,0,0.070604,0.585112,0.15724,0.45364
9250,1.3544,1000,timeout,0,0,1,0.141606,1.609908,0.157208,0.316751
9251,169.8649,509,landed,1,0,0,0.034868,0.235232,0.157177,0.351667
9252,-33.3832,1000,timeout,0,0,1,0.011498,0.233672,0.157145,0.309638
9253,173.871,271,landed,1,0,0,0.073818,0.509733,0.157114,0.501099
9254,-41.3599,176,crash,0,1,0,0.543889,1.571086,0.157082,0.381163
9255,179.2344,291,landed,1,0,0,0.107231,0.43588,0.157051,0.367118
9256,206.9875,380,landed,1,0,0,0.471915,1.700772,0.15702,0.282358
9257,173.5933,400,landed,1,0,0,0.032646,0.210913,0.156988,0.141917
9258,-38.9013,184,crash,0,1,0,0.418174,1.325699,0.156957,0.304921
9259,211.528,434,landed,1,0,0,0.382943,2.072171,0.156925,0.27389
9260,200.7951,310,landed,1,0,0,0.342121,1.543734,0.156894,0.277958
9261,176.0268,437,landed,1,0,0,0.057853,0.524526,0.156863,0.245081
9262,172.4247,342,landed,1,0,0,0.04896,0.284902,0.156831,0.336714
9263,194.4775,629,landed,1,0,0,0.182535,1.4547,0.1568,0.241437
9264,198.311,777,landed,1,0,0,0.145164,1.482362,0.156768,0.23723
9265,198.1514,479,landed,1,0,0,0.21883,1.300281,0.156737,0.413044
9266,-16.941,1000,timeout,0,0,1,0.062931,1.09157,0.156706,0.290861
9267,170.6445,501,landed,1,0,0,0.021172,0.158604,0.156674,0.270656
9268,210.3526,311,landed,1,0,0,0.424622,1.590684,0.156643,0.326233
9269,174.6117,304,landed,1,0,0,0.048929,0.199811,0.156612,0.279022
9270,173.9926,254,landed,1,0,0,0.05318,0.249051,0.15658,0.440882
9271,-48.2878,1000,timeout,0,0,1,0.032343,0.538042,0.156549,0.3156
9272,195.5434,377,landed,1,0,0,0.268729,1.27734,0.156518,0.346662
9273,-33.7052,194,crash,0,1,0,0.687774,1.572036,0.156487,0.225098
9274,212.0984,474,landed,1,0,0,0.313067,1.650248,0.156455,0.25727
9275,184.2702,279,landed,1,0,0,0.150163,1.08371,0.156424,0.253666
9276,204.0259,483,landed,1,0,0,0.254834,1.45221,0.156393,0.364909
9277,-47.3248,177,crash,0,1,0,0.516654,1.62361,0.156361,0.187749
9278,-43.716,182,crash,0,1,0,0.294921,1.099598,0.15633,0.322625
9279,192.8217,446,landed,1,0,0,0.189295,1.247248,0.156299,0.152189
9280,174.331,315,landed,1,0,0,0.084965,0.526894,0.156268,0.241505
9281,191.9694,756,landed,1,0,0,0.122352,1.286145,0.156236,0.26727
9282,-48.6282,1000,timeout,0,0,1,0.017743,0.236728,0.156205,0.269134
9283,174.2137,272,landed,1,0,0,0.062321,0.306575,0.156174,0.37458
9284,187.1016,648,landed,1,0,0,0.096087,1.298687,0.156143,0.254126
9285,171.6374,278,landed,1,0,0,0.041181,0.251964,0.156111,0.250994
9286,192.2188,680,landed,1,0,0,0.236473,1.56482,0.15608,0.180034
9287,192.3802,272,landed,1,0,0,0.281074,1.236831,0.156049,0.25298
9288,195.4283,423,landed,1,0,0,0.244859,1.403107,0.156018,0.316366
9289,210.0588,372,landed,1,0,0,0.432236,2.323168,0.155987,0.31267
9290,188.6169,505,landed,1,0,0,0.11356,0.964215,0.155955,0.213461
9291,212.6714,348,landed,1,0,0,0.366758,1.416696,0.155924,0.313079
9292,170.5248,378,landed,1,0,0,0.040709,0.243219,0.155893,0.153285
9293,197.203,291,landed,1,0,0,0.335616,1.27886,0.155862,0.195942
9294,173.8031,278,landed,1,0,0,0.123737,0.450701,0.155831,0.292391
9295,198.7041,538,landed,1,0,0,0.246826,1.381134,0.155799,0.258206
9296,173.553,373,landed,1,0,0,0.057806,0.2896,0.155768,0.243351
9297,168.9441,572,landed,1,0,0,0.03323,0.23211,0.155737,0.225567
9298,-34.8793,191,crash,0,1,0,0.816014,1.704524,0.155706,0.239925
9299,171.8431,262,landed,1,0,0,0.073598,0.382605,0.155675,0.425742
9300,174.0369,319,landed,1,0,0,0.071771,0.474306,0.155644,0.386136
9301,177.5216,258,landed,1,0,0,0.202512,0.870487,0.155613,0.19609
9302,177.5935,247,landed,1,0,0,0.126079,0.440447,0.155581,0.280865
9303,-21.8287,1000,timeout,0,0,1,0.137878,1.25855,0.15555,0.197279
9304,195.5142,311,landed,1,0,0,0.266623,1.21806,0.155519,0.114085
9305,-60.3983,157,crash,0,1,0,0.080829,0.264999,0.155488,0.20505
9306,222.5349,354,landed,1,0,0,0.554498,1.469975,0.155457,0.409024
9307,195.7213,648,landed,1,0,0,0.365413,1.427677,0.155426,0.245382
9308,172.2128,295,landed,1,0,0,0.058625,0.452139,0.155395,0.371616
9309,173.8697,265,landed,1,0,0,0.061601,0.229084,0.155364,0.212006
9310,173.2293,593,landed,1,0,0,0.058314,0.941653,0.155333,0.216308
9311,-18.1036,1000,timeout,0,0,1,0.138221,1.310651,0.155302,0.268396
9312,193.0118,254,landed,1,0,0,0.363275,1.519461,0.155271,0.257331
9313,-40.2914,187,crash,0,1,0,0.434422,1.26663,0.155239,0.284615
9314,176.3908,418,landed,1,0,0,0.071484,0.637817,0.155208,0.252863
9315,-43.9817,188,crash,0,1,0,0.90546,1.670822,0.155177,0.278955
9316,196.1507,319,landed,1,0,0,0.284999,1.558496,0.155146,0.473281
9317,192.6407,874,landed,1,0,0,0.192304,1.844296,0.155115,0.292606
9318,203.0178,733,landed,1,0,0,0.295366,2.250258,0.155084,0.252589
9319,176.1143,366,landed,1,0,0,0.098723,0.787906,0.155053,0.295962
9320,177.1407,249,landed,1,0,0,0.168405,0.880407,0.155022,0.225893
9321,-57.2941,154,crash,0,1,0,0.069768,0.18942,0.154991,0.199564
9322,198.5595,418,landed,1,0,0,0.208872,1.294718,0.15496,0.23804
9323,210.9614,385,landed,1,0,0,0.396271,1.458002,0.154929,0.304284
9324,227.7608,508,landed,1,0,0,0.465718,2.433872,0.154898,0.363068
9325,201.5687,410,landed,1,0,0,0.226803,1.210082,0.154867,0.261561
9326,166.1438,789,landed,1,0,0,0.026418,0.278155,0.154836,0.237341
9327,169.716,545,landed,1,0,0,0.018296,0.195017,0.154805,0.22172
9328,193.549,273,landed,1,0,0,0.274773,1.160014,0.154774,0.219363
9329,191.0134,681,landed,1,0,0,0.122859,1.176454,0.154743,0.215301
9330,171.2652,301,landed,1,0,0,0.054983,0.313546,0.154713,0.154946
9331,172.6393,258,landed,1,0,0,0.064294,0.358807,0.154682,0.291812
9332,201.1335,555,landed,1,0,0,0.288646,1.341849,0.154651,0.215428
9333,206.2668,446,landed,1,0,0,0.315344,1.810374,0.15462,0.353929
9334,191.7244,532,landed,1,0,0,0.154552,1.157184,0.154589,0.259895
9335,-69.8285,293,crash,0,1,0,0.75003,2.038761,0.154558,0.235729
9336,174.3483,257,landed,1,0,0,0.077429,0.429104,0.154527,0.291639
9337,-57.8001,149,crash,0,1,0,0.109454,0.24494,0.154496,0.294684
9338,170.9833,870,landed,1,0,0,0.024659,0.304509,0.154465,0.252746
9339,193.3417,303,landed,1,0,0,0.326426,1.689453,0.154434,0.186785
9340,206.8266,506,landed,1,0,0,0.225624,1.269574,0.154403,0.202734
9341,174.0788,243,landed,1,0,0,0.047976,0.198477,0.154372,0.332527
9342,174.0784,512,landed,1,0,0,0.048145,0.323475,0.154342,0.312903
9343,170.7427,425,landed,1,0,0,0.036742,0.226086,0.154311,0.179349
9344,170.2805,434,landed,1,0,0,0.039882,0.218185,0.15428,0.161952
9345,174.9434,709,landed,1,0,0,0.061309,0.533454,0.154249,0.234907
9346,191.4727,998,landed,1,0,0,0.096183,1.200994,0.154218,0.224379
9347,212.8426,450,landed,1,0,0,0.423239,1.394421,0.154187,0.30351
9348,172.606,286,landed,1,0,0,0.063132,0.270318,0.154156,0.182735
9349,227.6816,386,landed,1,0,0,0.663722,2.314932,0.154126,0.162174
9350,170.4169,387,landed,1,0,0,0.05073,0.254933,0.154095,0.296349
9351,-53.8893,184,crash,0,1,0,0.395437,1.17439,0.154064,0.180624
9352,-59.2655,151,crash,0,1,0,0.121647,0.334206,0.154033,0.135502
9353,-39.8919,189,crash,0,1,0,0.42714,1.156164,0.154002,0.329999
9354,196.8601,463,landed,1,0,0,0.223647,1.668978,0.153972,0.187128
9355,187.3897,660,landed,1,0,0,0.113898,1.139881,0.153941,0.197765
9356,171.5811,374,landed,1,0,0,0.04687,0.302278,0.15391,0.29045
9357,168.9323,428,landed,1,0,0,0.041491,0.209411,0.153879,0.274481
9358,-52.6265,171,crash,0,1,0,0.224111,1.06874,0.153848,0.205733
9359,163.4824,779,landed,1,0,0,0.017987,0.221847,0.153818,0.182972
9360,168.214,428,landed,1,0,0,0.03312,0.241623,0.153787,0.218218
9361,211.8434,403,landed,1,0,0,0.383041,1.500884,0.153756,0.352969
9362,168.2606,323,landed,1,0,0,0.048108,0.283184,0.153725,0.299457
9363,201.5053,908,landed,1,0,0,0.127116,1.376744,0.153695,0.322385
9364,208.6948,588,landed,1,0,0,0.251097,1.824452,0.153664,0.207477
9365,212.503,364,landed,1,0,0,0.336925,1.349424,0.153633,0.141545
9366,189.3117,314,landed,1,0,0,0.197033,1.13973,0.153602,0.32881
9367,169.3477,496,landed,1,0,0,0.042645,0.279335,0.153572,0.195175
9368,209.5284,454,landed,1,0,0,0.468408,1.512281,0.153541,0.27836
9369,-40.6299,189,crash,0,1,0,0.370886,1.237745,0.15351,0.112257
9370,194.5947,750,landed,1,0,0,0.123893,1.292293,0.15348,0.319851
9371,197.5472,410,landed,1,0,0,0.293277,1.422476,0.153449,0.192809
9372,163.8895,969,landed,1,0,0,0.012012,0.228361,0.153418,0.235453
9373,208.5291,525,landed,1,0,0,0.359907,1.517302,0.153388,0.240655
9374,-50.2231,183,crash,0,1,0,0.487342,1.434605,0.153357,0.132734
9375,172.8466,640,landed,1,0,0,0.218027,1.643656,0.153326,0.300025
9376,189.5445,430,landed,1,0,0,0.150176,1.221626,0.153296,0.309861
9377,200.4097,269,landed,1,0,0,0.370847,1.403563,0.153265,0.24264
9378,215.3033,312,landed,1,0,0,0.443239,1.335297,0.153234,0.243389
9379,165.6971,890,landed,1,0,0,0.021919,0.317637,0.153204,0.148048
9380,166.4321,532,landed,1,0,0,0.025006,0.226184,0.153173,0.281259
9381,194.2228,452,landed,1,0,0,0.318965,1.324451,0.153142,0.384593
9382,-44.4383,180,crash,0,1,0,0.370867,1.091732,0.153112,0.353607
9383,203.4417,301,landed,1,0,0,0.322423,1.213666,0.153081,0.292091
9384,193.5031,496,landed,1,0,0,0.170428,1.078164,0.15305,0.25546
9385,-28.4638,1000,timeout,0,0,1,0.042749,1.014822,0.15302,0.283122
9386,204.0228,641,landed,1,0,0,0.330288,1.965916,0.152989,0.241528
9387,-41.3707,1000,timeout,0,0,1,0.018835,0.321115,0.152959,0.205678
9388,226.1801,402,landed,1,0,0,0.559426,1.511805,0.152928,0.292147
9389,197.5866,385,landed,1,0,0,0.347816,1.54202,0.152897,0.227335
9390,196.7434,341,landed,1,0,0,0.274102,1.231166,0.152867,0.232594
9391,189.5534,260,landed,1,0,0,0.246507,1.280264,0.152836,0.294307
9392,-55.7284,1000,timeout,0,0,1,0.015419,0.280069,0.152806,0.230855
9393,-1.2584,1000,timeout,0,0,1,0.225315,1.768488,0.152775,0.193145
9394,195.8148,692,landed,1,0,0,0.251896,1.756266,0.152745,0.245936
9395,172.4237,419,landed,1,0,0,0.051932,0.574727,0.152714,0.237765
9396,168.7413,282,landed,1,0,0,0.052846,0.284005,0.152684,0.144975
9397,194.8788,288,landed,1,0,0,0.321031,1.478692,0.152653,0.30748
9398,170.6805,237,landed,1,0,0,0.058372,0.352241,0.152622,0.176008
9399,166.5686,335,landed,1,0,0,0.056958,0.287053,0.152592,0.13416
9400,196.3627,809,landed,1,0,0,0.120194,1.61313,0.152561,0.277094
9401,190.4037,339,landed,1,0,0,0.206323,1.305323,0.152531,0.348595
9402,166.6416,326,landed,1,0,0,0.053995,0.305163,0.1525,0.134745
9403,199.3298,489,landed,1,0,0,0.494476,1.88917,0.15247,0.264535
9404,188.5133,505,landed,1,0,0,0.121825,1.149812,0.152439,0.239531
9405,204.6084,657,landed,1,0,0,0.356797,2.096093,0.152409,0.221726
9406,199.6738,428,landed,1,0,0,0.217491,1.619021,0.152378,0.248471
9407,202.8542,526,landed,1,0,0,0.427865,1.948371,0.152348,0.190971
9408,204.6524,555,landed,1,0,0,0.223627,1.415054,0.152317,0.29118
9409,169.8351,423,landed,1,0,0,0.037089,0.239168,0.152287,0.223322
9410,-33.1673,195,crash,0,1,0,0.729503,1.479332,0.152257,0.109796
9411,-44.9019,194,crash,0,1,0,0.672181,1.472917,0.152226,0.212318
9412,170.9593,449,landed,1,0,0,0.060795,0.378982,0.152196,0.253429
9413,169.0719,339,landed,1,0,0,0.06384,0.44826,0.152165,0.260691
9414,169.6836,709,landed,1,0,0,0.022572,0.245355,0.152135,0.292779
9415,167.5636,498,landed,1,0,0,0.041414,0.310086,0.152104,0.156388
9416,-49.1472,178,crash,0,1,0,0.370592,1.173593,0.152074,0.204941
9417,-59.5859,166,crash,0,1,0,0.066607,0.239814,0.152044,0.358107
9418,210.9794,297,landed,1,0,0,0.567401,1.757179,0.152013,0.108329
9419,217.608,907,landed,1,0,0,0.2444,2.187486,0.151983,0.265271
9420,208.4122,715,landed,1,0,0,0.254181,1.666003,0.151952,0.231848
9421,171.642,309,landed,1,0,0,0.057608,0.373283,0.151922,0.147608
9422,202.2986,945,landed,1,0,0,0.162865,1.645747,0.151892,0.213763
9423,3.8816,1000,timeout,0,0,1,0.119626,1.455253,0.151861,0.314015
9424,-55.7999,161,crash,0,1,0,0.094889,0.285549,0.151831,0.212877
9425,-61.0055,156,crash,0,1,0,0.066658,0.235788,0.1518,0.134054
9426,168.4103,348,landed,1,0,0,0.055385,0.387412,0.15177,0.325511
9427,-39.2447,1000,timeout,0,0,1,0.225059,1.73793,0.15174,0.166466
9428,-39.1947,204,crash,0,1,0,1.032428,2.511198,0.151709,0.284864
9429,166.7842,504,landed,1,0,0,0.043887,0.306162,0.151679,0.349818
9430,-34.1643,195,crash,0,1,0,0.810947,1.387267,0.151649,0.289356
9431,203.9371,452,landed,1,0,0,0.287712,1.516042,0.151618,0.200442
9432,205.0498,333,landed,1,0,0,0.381806,1.474843,0.151588,0.260005
9433,198.4545,394,landed,1,0,0,0.38399,1.759556,0.151558,0.098561
9434,196.8231,566,landed,1,0,0,0.257663,1.466094,0.151527,0.360721
9435,194.0576,291,landed,1,0,0,0.302013,1.43952,0.151497,0.188722
9436,-50.3467,176,crash,0,1,0,0.346819,1.206173,0.151467,0.01958
9437,173.4739,284,landed,1,0,0,0.043454,0.294923,0.151437,0.176662
9438,-42.5933,182,crash,0,1,0,0.450061,1.349416,0.151406,0.238949
9439,-61.391,165,crash,0,1,0,0.082928,0.380558,0.151376,0.243951
9440,-77.1748,217,crash,0,1,0,1.247877,2.507068,0.151346,0.119271
9441,172.0263,367,landed,1,0,0,0.053042,0.303679,0.151315,0.291683
9442,189.0534,263,landed,1,0,0,0.279208,1.41565,0.151285,0.431461
9443,-38.1935,191,crash,0,1,0,0.546629,1.349348,0.151255,0.273383
9444,-62.767,171,crash,0,1,0,0.095918,0.611862,0.151225,0.219566
9445,200.683,289,landed,1,0,0,0.408132,1.592929,0.151194,0.156099
9446,189.484,538,landed,1,0,0,0.305291,1.621507,0.151164,0.265621
9447,-51.4773,176,crash,0,1,0,0.333314,1.133958,0.151134,0.322079
9448,198.07,469,landed,1,0,0,0.211414,1.227529,0.151104,0.361124
9449,190.9366,319,landed,1,0,0,0.258747,1.368357,0.151073,0.139444
9450,209.1555,448,landed,1,0,0,0.314821,1.331066,0.151043,0.245305
9451,-55.3358,155,crash,0,1,0,0.068304,0.174478,0.151013,0.289111
9452,164.8418,319,landed,1,0,0,0.038538,0.174201,0.150983,0.179953
9453,-55.0793,166,crash,0,1,0,0.262594,1.108338,0.150953,0.414266
9454,201.5978,561,landed,1,0,0,0.291608,1.470607,0.150922,0.19124
9455,196.9226,527,landed,1,0,0,0.21006,1.607443,0.150892,0.319748
9456,194.1981,286,landed,1,0,0,0.293957,1.334159,0.150862,0.221747
9457,205.7336,417,landed,1,0,0,0.35753,1.376744,0.150832,0.460887
9458,167.3661,248,landed,1,0,0,0.067882,0.267774,0.150802,0.329547
9459,-55.3069,1000,timeout,0,0,1,0.011308,0.189628,0.150772,0.271905
9460,166.1878,601,landed,1,0,0,0.029968,0.441278,0.150741,0.211586
9461,-57.9346,172,crash,0,1,0,0.27055,1.177129,0.150711,0.154615
9462,-55.023,177,crash,0,1,0,0.242595,1.054708,0.150681,0.360801
9463,-56.0814,155,crash,0,1,0,0.136297,0.301789,0.150651,0.38347
9464,204.0827,520,landed,1,0,0,0.223269,1.307825,0.150621,0.175962
9465,165.0031,306,landed,1,0,0,0.073522,0.314036,0.150591,0.283817
9466,200.9623,938,landed,1,0,0,0.193526,1.412936,0.150561,0.281225
9467,-47.3911,182,crash,0,1,0,0.41689,1.408529,0.150531,0.098138
9468,162.8461,316,landed,1,0,0,0.047677,0.21542,0.1505,0.230051
9469,-59.0382,162,crash,0,1,0,0.078365,0.220327,0.15047,0.438907
9470,-58.3198,173,crash,0,1,0,0.228341,1.092401,0.15044,0.262355
9471,171.9025,350,landed,1,0,0,0.042233,0.216627,0.15041,0.239087
9472,199.9545,288,landed,1,0,0,0.41268,1.428414,0.15038,0.207885
9473,193.9429,974,landed,1,0,0,0.097298,1.290019,0.15035,0.236626
9474,-62.4113,168,crash,0,1,0,0.135707,0.75801,0.15032,0.178313
9475,-57.0309,620,crash,0,1,0,0.331807,1.663877,0.15029,0.266121
9476,196.4351,399,landed,1,0,0,0.305434,1.415785,0.15026,0.368594
9477,-56.2276,173,crash,0,1,0,0.230546,1.094006,0.15023,0.222152
9478,198.9259,485,landed,1,0,0,0.251563,1.56577,0.1502,0.216649
9479,203.234,323,landed,1,0,0,0.302124,1.332332,0.15017,0.208844
9480,-65.2131,1000,timeout,0,0,1,0.021255,0.321394,0.15014,0.197236
9481,-27.3628,1000,timeout,0,0,1,0.207692,1.930725,0.15011,0.286485
9482,-64.9491,159,crash,0,1,0,0.08916,0.219981,0.15008,0.232316
9483,-53.0401,1000,timeout,0,0,1,0.017601,0.221954,0.15005,0.266138
9484,200.3773,326,landed,1,0,0,0.3261,1.172979,0.15002,0.174447
9485,-49.9409,181,crash,0,1,0,0.896431,1.630668,0.14999,0.315905
9486,200.5094,402,landed,1,0,0,0.403286,1.38562,0.14996,0.240419
9487,-51.3589,173,crash,0,1,0,0.33936,1.171539,0.14993,0.014143
9488,193.58,686,landed,1,0,0,0.120703,1.219852,0.1499,0.25352
9489,210.984,533,landed,1,0,0,0.290298,1.496274,0.14987,0.261969
9490,171.3263,331,landed,1,0,0,0.094401,0.376856,0.14984,0.270347
9491,-63.4272,159,crash,0,1,0,0.086953,0.235462,0.14981,0.430879
9492,-63.2806,157,crash,0,1,0,0.047222,0.200294,0.14978,0.195905
9493,166.933,338,landed,1,0,0,0.061933,0.272811,0.14975,0.197615
9494,-64.1755,163,crash,0,1,0,0.084472,0.379809,0.14972,0.417564
9495,166.6203,497,landed,1,0,0,0.042458,0.302903,0.14969,0.396181
9496,204.7546,625,landed,1,0,0,0.2249,1.449298,0.14966,0.292185
9497,-37.4765,192,crash,0,1,0,0.749085,1.498735,0.14963,0.226376
9498,-59.4997,159,crash,0,1,0,0.081699,0.20206,0.1496,0.271964
9499,-38.2364,191,crash,0,1,0,0.431167,1.417982,0.14957,0.193527
9500,212.1694,358,landed,1,0,0,0.546754,1.649808,0.14954,0.304364
9501,166.8339,750,landed,1,0,0,0.020127,0.31208,0.14951,0.237684
9502,159.5488,564,landed,1,0,0,0.032143,0.359722,0.14948,0.251307
9503,-63.3211,171,crash,0,1,0,0.088084,0.378454,0.14945,0.347911
9504,167.4044,535,landed,1,0,0,0.015188,0.159007,0.149421,0.252689
9505,-50.9288,180,crash,0,1,0,0.389121,1.148795,0.149391,0.45118
9506,-40.6499,201,crash,0,1,0,0.365267,1.284563,0.149361,0.161367
9507,201.2056,345,landed,1,0,0,0.382253,1.369259,0.149331,0.409523
9508,188.4039,660,landed,1,0,0,0.259743,1.706337,0.149301,0.237828
9509,-55.9988,151,crash,0,1,0,0.092395,0.263433,0.149271,0.407676
9510,-58.1096,153,crash,0,1,0,0.055763,0.190345,0.149241,0.477533
9511,201.4859,482,landed,1,0,0,0.232787,1.370775,0.149212,0.389498
9512,-61.8378,153,crash,0,1,0,0.058225,0.210652,0.149182,0.343344
