Episodio,Score,Passos
0,0,48
1,0,57
2,0,48
3,0,57
4,0,48
5,1,143
6,0,48
7,1,146
8,0,48
9,0,48
10,0,48
11,0,57
12,0,48
13,0,48
14,1,143
15,1,143
16,0,57
17,0,72
18,1,143
19,0,48
20,1,143
21,0,48
22,0,48
23,0,48
24,1,143
25,0,57
26,0,57
27,0,57
28,1,147
29,0,57
30,0,48
31,1,143
32,0,48
33,0,48
34,0,48
35,0,48
36,0,48
37,0,57
38,1,144
39,0,57
40,1,143
41,0,57
42,0,57
43,1,143
44,0,48
45,0,57
46,1,143
47,1,144
48,0,48
49,1,143
50,0,48
51,0,57
52,0,48
53,0,48
54,1,143
55,0,57
56,0,48
57,0,48
58,0,48
59,0,48
60,0,48
61,1,143
62,1,143
63,0,48
64,0,57
65,0,48
66,1,145
67,2,239
68,0,48
69,1,146
70,0,72
71,0,57
72,0,48
73,0,48
74,1,143
75,0,48
76,0,57
77,0,48
78,0,72
79,0,57
80,2,239
81,0,57
82,0,57
83,0,48
84,0,57
85,1,143
86,1,143
87,30,495
88,0,57
89,0,48
90,1,143
91,0,48
92,0,48
93,0,57
94,0,48
95,0,48
96,0,48
97,4,461
98,0,48
99,0,57
100,0,57
101,0,57
102,0,57
103,0,57
104,1,143
105,0,48
106,0,57
107,0,57
108,1,143
109,0,57
110,33,678
111,0,57
112,1,143
113,2,240
114,1,143
115,0,57
116,2,239
117,0,57
118,0,48
119,2,264
120,1,143
121,0,48
122,0,48
123,1,143
124,0,48
125,1,143
126,0,48
127,1,143
128,0,48
129,0,48
130,0,48
131,0,57
132,0,57
133,0,48
134,5,175
135,0,48
136,1,143
137,0,48
138,0,57
139,1,143
140,0,48
141,1,143
142,0,57
143,0,48
144,0,48
145,1,146
146,1,143
147,1,143
148,0,48
149,0,57
150,0,48
151,2,259
152,2,241
153,0,57
154,7,392
155,3,335
156,0,48
157,5,361
158,0,48
159,1,144
160,1,143
161,0,57
162,0,48
163,0,48
164,1,143
165,2,284
166,0,48
167,1,172
168,1,143
169,0,57
170,1,143
171,1,143
172,2,239
173,0,48
174,0,48
175,0,57
176,0,48
177,0,57
178,0,57
179,0,57
180,0,57
181,0,57
182,0,48
183,2,239
184,3,400
185,1,143
186,3,335
187,0,57
188,0,48
189,0,57
190,0,48
191,1,143
192,1,171
193,0,57
194,1,143
195,0,57
196,6,271
197,1,143
198,0,48
199,0,48
200,0,48
201,0,48
202,0,57
203,5,174
204,0,57
205,4,257
206,1,143
207,0,48
208,2,239
209,0,72
210,0,48
211,0,48
212,0,57
213,0,57
214,0,48
215,1,147
216,2,284
217,1,143
218,1,143
219,1,143
220,0,57
221,0,57
222,1,143
223,0,57
224,0,48
225,0,57
226,0,57
227,0,57
228,0,57
229,0,57
230,1,143
231,0,48
232,0,57
233,0,57
234,0,72
235,0,57
236,0,57
237,0,48
238,0,57
239,1,171
240,2,239
241,0,57
242,0,57
243,2,252
244,0,48
245,1,144
246,0,48
247,5,176
248,0,48
249,3,345
250,1,147
251,9,404
252,1,171
253,0,48
254,1,143
255,0,57
256,0,57
257,1,143
258,1,143
259,0,72
260,4,474
261,1,143
262,0,57
263,0,57
264,1,143
265,0,57
266,0,57
267,1,171
268,3,351
269,1,143
270,1,143
271,3,215
272,2,239
273,1,143
274,0,48
275,17,662
276,1,143
277,2,254
278,2,241
279,1,143
280,2,239
281,0,48
282,1,143
283,1,143
284,0,48
285,1,143
286,2,239
287,1,171
288,1,171
289,5,178
290,0,48
291,1,143
292,2,243
293,0,57
294,1,143
295,2,239
296,0,48
297,1,171
298,3,348
299,2,239
300,1,146
301,0,57
302,1,143
303,1,175
304,1,143
305,0,48
306,1,143
307,1,143
308,0,57
309,2,239
310,1,171
311,2,239
312,0,48
313,2,284
314,1,143
315,0,57
316,0,57
317,1,143
318,0,57
319,2,286
320,1,171
321,2,284
322,6,755
323,2,254
324,1,172
325,1,143
326,1,143
327,1,143
328,0,57
329,2,284
330,1,143
331,0,48
332,1,171
333,1,143
334,1,143
335,0,57
336,1,171
337,2,239
338,1,143
339,1,144
340,1,143
341,1,143
342,0,48
343,0,57
344,1,212
345,12,339
346,2,239
347,2,239
348,2,239
349,1,143
350,1,143
351,1,172
352,2,252
353,1,143
354,3,335
355,3,215
356,1,171
357,2,239
358,1,171
359,6,282
360,1,143
361,3,335
362,2,239
363,2,239
364,2,284
365,2,239
366,1,143
367,0,57
368,4,319
369,1,143
370,2,239
371,0,57
372,4,525
373,24,877
374,1,143
375,5,385
376,3,335
377,2,239
378,1,171
379,2,239
380,2,239
381,4,434
382,3,337
383,2,288
384,1,143
385,1,143
386,2,284
387,2,284
388,1,171
389,2,284
390,5,353
391,5,534
392,4,257
393,2,252
394,2,240
395,3,335
396,3,344
397,2,286
398,1,143
399,3,335
400,2,239
401,2,240
402,2,239
403,1,171
404,1,143
405,3,335
406,2,284
407,1,143
408,1,171
409,4,328
410,0,57
411,1,172
412,3,206
413,8,731
414,1,143
415,1,171
416,2,299
417,3,335
418,5,553
419,1,143
420,1,171
421,6,320
422,5,353
423,1,171
424,4,431
425,3,348
426,3,432
427,2,239
428,3,348
429,5,351
430,2,284
431,4,524
432,2,294
433,3,348
434,2,289
435,2,239
436,2,239
437,2,284
438,2,239
439,4,529
440,1,143
441,3,348
442,3,344
443,3,348
444,2,239
445,1,143
446,3,335
447,1,171
448,2,239
449,4,445
450,5,540
451,15,416
452,1,143
453,33,1216
454,3,399
455,28,813
456,2,239
457,1,171
458,3,421
459,7,579
460,1,171
461,4,447
462,1,143
463,2,239
464,3,335
465,25,588
466,3,335
467,2,408
468,2,241
469,28,813
470,2,239
471,2,312
472,2,239
473,3,335
474,5,355
475,2,239
476,4,312
477,2,284
478,2,289
479,0,57
480,1,147
481,3,339
482,9,597
483,7,594
484,2,239
485,8,554
486,0,48
487,2,239
488,3,412
489,6,564
490,2,284
491,3,215
492,3,348
493,2,284
494,3,215
495,2,293
496,3,398
497,2,284
498,4,444
499,3,335
500,3,348
501,3,348
502,0,57
503,5,362
504,2,239
505,4,453
506,2,240
507,4,446
508,4,263
509,3,348
510,5,175
511,3,215
512,2,239
513,4,263
514,2,241
515,5,174
516,4,433
517,2,239
518,5,176
519,3,215
520,1,171
521,9,890
522,1,143
523,2,286
524,4,268
525,2,241
526,30,670
527,2,284
528,3,335
529,1,171
530,4,525
531,10,539
532,6,665
533,0,48
534,3,350
535,1,143
536,1,148
537,1,171
538,1,145
539,2,239
540,1,143
541,0,48
542,5,176
543,1,143
544,30,919
545,2,239
546,2,239
547,5,174
548,3,335
549,3,335
550,3,397
551,0,48
552,0,48
553,1,143
554,1,143
555,6,479
556,1,143
557,2,243
558,2,241
559,2,284
560,3,230
561,1,171
562,2,240
563,1,143
564,7,664
565,1,143
566,4,310
567,3,230
568,1,171
569,3,412
570,1,146
571,2,284
572,1,172
573,3,335
574,4,261
575,1,143
576,2,239
577,1,143
578,1,143
579,2,239
580,11,661
581,3,399
582,5,623
583,0,48
584,1,143
585,1,143
586,4,328
587,2,239
588,5,372
589,1,143
590,1,171
591,4,530
592,3,348
593,1,143
594,0,57
595,1,171
596,2,240
597,28,1010
598,3,397
599,4,448
600,6,649
601,3,335
602,4,444
603,2,239
604,3,348
605,1,171
606,4,444
607,1,171
608,1,171
609,1,143
610,1,172
611,4,333
612,3,397
613,25,959
614,0,72
615,39,1471
616,9,960
617,2,284
618,0,48
619,1,171
620,1,143
621,2,239
622,28,1658
623,2,284
624,1,143
625,1,143
626,1,143
627,3,401
628,5,351
629,5,554
630,4,444
631,3,215
632,4,431
633,4,261
634,4,534
635,2,284
636,6,457
637,3,406
638,0,57
639,2,242
640,3,345
641,2,246
642,3,337
643,4,438
644,4,301
645,2,239
646,7,658
647,2,239
648,3,352
649,0,48
650,8,296
651,3,348
652,1,171
653,4,533
654,2,239
655,1,143
656,4,377
657,1,143
658,2,239
659,6,533
660,4,260
661,2,240
662,5,647
663,2,239
664,2,253
665,2,239
666,21,654
667,1,143
668,3,414
669,3,335
670,5,558
671,30,1201
672,5,174
673,4,514
674,0,48
675,6,455
676,1,143
677,1,143
678,3,335
679,0,48
680,1,143
681,1,143
682,5,419
683,11,405
684,0,48
685,3,398
686,4,470
687,5,542
688,2,242
689,2,284
690,5,383
691,2,239
692,4,447
693,1,143
694,3,348
695,3,348
696,2,239
697,1,143
698,4,444
699,4,272
700,8,312
701,3,348
702,3,397
703,1,143
704,2,239
705,1,143
706,2,241
707,1,143
708,31,698
709,5,354
710,3,345
711,2,239
712,0,57
713,5,355
714,3,348
715,1,146
716,2,267
717,5,187
718,34,615
719,1,145
720,34,1140
721,8,684
722,10,895
723,1,145
724,2,239
725,0,57
726,0,48
727,2,243
728,31,763
729,0,57
730,1,143
731,2,240
732,2,239
733,4,431
734,1,171
735,7,412
736,2,252
737,6,818
738,6,274
739,3,504
740,1,143
741,9,605
742,3,397
743,7,412
744,2,239
745,2,252
746,1,171
747,0,57
748,2,409
749,0,48
750,3,337
751,1,143
752,5,669
753,2,284
754,3,337
755,2,243
756,5,540
757,3,335
758,3,399
759,4,444
760,3,347
761,7,368
762,2,284
763,3,336
764,2,239
765,2,288
766,6,532
767,3,335
768,2,284
769,2,239
770,5,178
771,39,1640
772,2,243
773,4,328
774,3,352
775,5,443
776,3,348
777,8,332
778,4,525
779,10,675
780,0,48
781,6,270
782,7,901
783,8,500
784,3,397
785,0,48
786,3,335
787,1,171
788,8,669
789,1,143
790,11,967
791,3,335
792,4,470
793,2,239
794,5,178
795,2,239
796,2,289
797,1,146
798,3,348
799,2,284
800,5,623
801,3,337
802,2,239
803,2,284
804,2,241
805,5,638
806,19,1022
807,2,239
808,2,239
809,2,239
810,36,854
811,26,493
812,2,242
813,3,335
814,4,512
815,5,174
816,5,178
817,1,171
818,1,143
819,9,605
820,3,397
821,3,399
822,3,412
823,3,338
824,2,239
825,6,452
826,3,397
827,12,751
828,2,239
829,3,339
830,3,338
831,5,187
832,5,532
833,1,143
834,23,284
835,1,171
836,5,356
837,6,478
838,4,513
839,0,48
840,3,351
841,3,412
842,2,239
843,6,270
844,4,446
845,1,171
846,1,146
847,2,239
848,0,57
849,5,629
850,1,143
851,3,206
852,2,239
853,1,171
854,2,239
855,5,529
856,3,335
857,1,143
858,0,48
859,1,146
860,3,335
861,5,616
862,0,57
863,1,143
864,27,607
865,3,336
866,0,48
867,2,242
868,4,510
869,1,143
870,1,143
871,2,241
872,12,501
873,4,511
874,3,335
875,3,348
876,2,284
877,3,335
878,2,239
879,2,241
880,3,336
881,1,143
882,6,636
883,6,328
884,1,171
885,4,510
886,3,349
887,2,242
888,2,408
889,1,143
890,39,1640
891,8,946
892,1,143
893,4,449
894,3,335
895,3,504
896,3,341
897,20,618
898,3,336
899,4,306
900,1,143
901,0,57
902,1,143
903,5,540
904,1,143
905,2,242
906,2,239
907,0,57
908,1,143
909,0,57
910,1,145
911,3,352
912,2,239
913,1,145
914,1,179
915,8,311
916,3,335
917,3,337
918,2,408
919,2,240
920,5,540
921,2,239
922,2,250
923,3,339
924,12,571
925,5,528
926,2,239
927,2,485
928,2,485
929,1,143
930,2,239
931,2,239
932,2,239
933,2,284
934,6,639
935,1,146
936,1,146
937,1,143
938,4,444
939,2,239
940,0,48
941,1,144
942,9,605
943,1,174
944,0,48
945,6,269
946,1,146
947,1,143
948,1,171
949,5,350
950,5,431
951,1,143
952,2,288
953,4,433
954,1,174
955,2,284
956,1,171
957,1,143
958,0,48
959,0,57
960,3,344
961,0,48
962,3,400
963,2,252
964,8,585
965,1,171
966,6,754
967,1,171
968,2,239
969,1,143
970,2,239
971,2,239
972,1,143
973,2,244
974,1,143
975,1,179
976,3,206
977,2,485
978,1,143
979,2,240
980,6,636
981,2,252
982,0,48
983,0,57
984,2,284
985,2,239
986,1,143
987,5,174
988,2,239
989,39,927
990,3,335
991,6,639
992,5,640
993,0,48
994,35,591
995,2,239
996,4,262
997,2,239
998,2,286
999,1,146
1000,1,143
1001,1,171
1002,1,144
1003,3,336
1004,5,386
1005,3,338
1006,4,271
1007,1,145
1008,3,335
1009,1,171
1010,0,48
1011,1,174
1012,5,540
1013,2,239
1014,3,412
1015,5,558
1016,1,143
1017,3,335
1018,2,239
1019,1,147
1020,1,143
1021,1,175
1022,1,143
1023,1,143
1024,3,348
1025,1,313
1026,1,143
1027,0,57
1028,2,243
1029,1,143
1030,1,143
1031,6,452
1032,2,284
1033,1,143
1034,3,215
1035,2,284
1036,1,143
1037,2,241
1038,1,171
1039,1,171
1040,3,348
1041,2,243
1042,26,550
1043,1,171
1044,1,171
1045,1,145
1046,2,239
1047,1,174
1048,1,143
1049,2,239
1050,2,239
1051,4,258
1052,5,533
1053,0,48
1054,0,48
1055,1,172
1056,1,143
1057,1,145
1058,2,239
1059,1,143
1060,5,430
1061,1,143
1062,1,171
1063,2,241
1064,3,397
1065,1,171
1066,4,261
1067,2,284
1068,0,48
1069,24,477
1070,1,143
1071,2,239
1072,0,57
1073,1,171
1074,2,240
1075,3,348
1076,3,335
1077,2,241
1078,2,243
1079,1,143
1080,0,57
1081,1,143
1082,1,143
1083,0,57
1084,3,345
1085,3,412
1086,3,338
1087,2,284
1088,5,178
1089,0,48
1090,6,282
1091,0,72
1092,3,343
1093,4,257
1094,4,470
1095,1,143
1096,3,338
1097,4,444
1098,5,187
1099,0,48
1100,0,57
1101,2,352
1102,1,143
1103,0,57
1104,1,172
1105,3,398
1106,2,239
1107,1,143
1108,2,239
1109,0,48
1110,0,48
1111,2,284
1112,3,398
1113,3,348
1114,4,432
1115,1,172
1116,3,336
1117,4,260
1118,2,254
1119,6,451
1120,3,335
1121,2,485
1122,1,143
1123,1,143
1124,2,243
1125,3,337
1126,2,243
1127,1,143
1128,1,174
1129,1,143
1130,3,335
1131,2,239
1132,5,543
1133,4,444
1134,1,144
1135,0,57
1136,2,239
1137,2,239
1138,2,239
1139,1,143
1140,1,143
1141,1,171
1142,2,284
1143,3,338
1144,1,143
1145,1,143
1146,0,48
1147,1,172
1148,13,423
1149,1,143
1150,4,510
1151,2,284
1152,3,348
1153,4,303
1154,1,172
1155,2,252
1156,5,553
1157,4,514
1158,8,496
1159,1,143
1160,1,143
1161,1,143
1162,2,240
1163,2,253
1164,2,239
1165,5,527
1166,4,510
1167,0,48
1168,4,258
1169,1,172
1170,2,239
1171,1,144
1172,2,252
1173,1,171
1174,1,143
1175,1,143
1176,1,143
1177,1,174
1178,2,239
1179,0,48
1180,6,283
1181,1,172
1182,2,408
1183,0,57
1184,0,48
1185,0,57
1186,2,239
1187,2,239
1188,3,215
1189,1,144
1190,5,425
1191,2,242
1192,1,143
1193,2,239
1194,2,239
1195,3,348
1196,0,57
1197,2,248
1198,1,146
1199,1,143
1200,3,335
1201,4,446
1202,5,187
1203,1,145
1204,4,470
1205,0,57
1206,1,171
1207,1,143
1208,5,178
1209,2,252
1210,2,241
1211,1,143
1212,1,146
1213,0,48
1214,7,368
1215,0,48
1216,34,568
1217,0,48
1218,0,48
1219,2,248
1220,0,57
1221,0,72
1222,2,239
1223,4,446
1224,0,57
1225,2,284
1226,2,256
1227,6,282
1228,7,750
1229,2,240
1230,1,171
1231,2,255
1232,7,773
1233,0,48
1234,1,143
1235,3,339
1236,3,346
1237,2,239
1238,1,143
1239,1,143
1240,4,445
1241,2,284
1242,1,212
1243,2,239
1244,1,171
1245,2,239
1246,3,348
1247,4,555
1248,1,143
1249,5,429
1250,2,243
1251,1,143
1252,1,143
1253,2,285
1254,2,243
1255,1,143
1256,1,171
1257,2,239
1258,1,171
1259,1,143
1260,1,143
1261,1,143
1262,2,243
1263,1,143
1264,3,398
1265,1,171
1266,1,143
1267,2,239
1268,1,171
1269,10,708
1270,2,284
1271,1,143
1272,1,171
1273,2,241
1274,2,239
1275,1,143
1276,1,172
1277,0,57
1278,0,48
1279,3,338
1280,1,143
1281,1,171
1282,30,496
1283,5,174
1284,4,434
1285,3,335
1286,1,171
1287,2,239
1288,2,284
1289,13,1000
1290,1,143
1291,2,240
1292,29,518
1293,4,312
1294,24,877
1295,1,179
1296,0,57
1297,0,57
1298,5,379
1299,1,171
1300,0,57
1301,2,239
1302,3,335
1303,3,337
1304,23,285
1305,0,48
1306,2,239
1307,1,143
1308,0,48
1309,1,143
1310,0,48
1311,1,143
1312,2,239
1313,7,560
1314,7,555
1315,3,348
1316,2,239
1317,1,143
1318,0,48
1319,1,143
1320,3,335
1321,1,146
1322,2,239
1323,2,239
1324,1,171
1325,4,435
1326,3,349
1327,2,252
1328,1,143
1329,3,335
1330,1,143
1331,0,48
1332,0,48
1333,0,48
1334,1,143
1335,3,398
1336,0,57
1337,1,143
1338,0,48
1339,5,559
1340,1,143
1341,1,143
1342,1,147
1343,1,143
1344,4,457
1345,2,239
1346,3,348
1347,0,57
1348,38,1349
1349,3,414
1350,1,171
1351,0,57
1352,0,48
1353,8,291
1354,1,175
1355,1,144
1356,1,143
1357,4,265
1358,3,339
1359,0,48
1360,5,178
1361,0,48
1362,3,338
1363,5,187
1364,5,178
1365,2,239
1366,3,336
1367,1,175
1368,1,143
1369,1,143
1370,2,284
1371,2,284
1372,1,143
1373,0,57
1374,3,348
1375,3,348
1376,4,651
1377,1,175
1378,1,143
1379,4,432
1380,1,171
1381,5,372
1382,2,284
1383,4,310
1384,2,239
1385,1,143
1386,4,456
1387,1,171
1388,2,284
1389,1,172
1390,2,284
1391,1,143
1392,3,339
1393,0,48
1394,4,434
1395,1,143
1396,2,240
1397,0,57
1398,1,171
1399,0,57
1400,0,48
1401,2,408
1402,27,678
1403,1,143
1404,1,143
1405,1,143
1406,2,239
1407,5,423
1408,1,171
1409,11,671
1410,3,335
1411,2,256
1412,3,335
1413,3,335
1414,5,187
1415,3,337
1416,0,57
1417,4,258
1418,2,288
1419,1,143
1420,1,143
1421,3,397
1422,2,357
1423,4,431
1424,0,57
1425,1,175
1426,1,171
1427,1,171
1428,0,48
1429,1,145
1430,3,335
1431,5,174
1432,1,171
1433,15,489
1434,0,48
1435,1,144
1436,0,48
1437,1,171
1438,0,48
1439,1,147
1440,4,386
1441,1,143
1442,1,146
1443,0,48
1444,0,57
1445,5,354
1446,1,146
1447,1,171
1448,1,143
1449,0,57
1450,0,57
1451,0,48
1452,2,239
1453,0,72
1454,2,241
1455,2,239
1456,1,143
1457,5,178
1458,0,48
1459,0,48
1460,4,600
1461,0,57
1462,0,57
1463,0,57
1464,1,171
1465,0,57
1466,1,145
1467,0,48
1468,1,143
1469,0,48
1470,0,57
1471,1,171
1472,1,171
1473,1,171
1474,1,143
1475,2,241
1476,3,417
1477,1,143
1478,2,239
1479,0,48
1480,0,48
1481,6,269
1482,1,143
1483,0,57
1484,1,171
1485,0,57
1486,1,179
1487,0,48
1488,1,172
1489,2,284
1490,1,143
1491,1,143
1492,36,853
1493,1,143
1494,0,57
1495,1,143
1496,0,48
1497,5,187
1498,1,143
1499,9,759
1500,0,57
1501,1,143
1502,0,57
1503,1,143
1504,0,57
1505,2,239
1506,1,143
1507,0,57
1508,0,57
1509,4,255
1510,3,335
1511,1,143
1512,6,448
1513,3,335
1514,1,143
1515,1,143
1516,0,57
1517,1,143
1518,3,348
1519,0,57
1520,4,258
1521,1,171
1522,1,143
1523,0,48
1524,0,48
1525,1,171
1526,0,48
1527,2,239
1528,5,549
1529,2,243
1530,2,239
1531,1,143
1532,1,171
1533,2,239
1534,2,239
1535,0,48
1536,3,348
1537,2,239
1538,2,239
1539,6,757
1540,1,171
1541,1,143
1542,1,171
1543,2,284
1544,2,299
1545,14,317
1546,1,145
1547,6,457
1548,1,172
1549,1,143
1550,2,239
1551,1,143
1552,3,348
1553,2,242
1554,5,176
1555,0,57
1556,1,143
1557,26,546
1558,2,252
1559,4,263
1560,1,143
1561,1,143
1562,1,143
1563,5,187
1564,2,239
1565,1,143
1566,0,57
1567,1,143
1568,1,143
1569,2,243
1570,4,263
1571,1,171
1572,2,239
1573,2,239
1574,5,187
1575,0,57
1576,1,145
1577,1,147
1578,3,412
1579,0,57
1580,2,239
1581,0,72
1582,1,144
1583,1,145
1584,2,239
1585,1,145
1586,0,57
1587,4,510
1588,0,48
1589,1,171
1590,2,253
1591,2,239
1592,1,143
1593,0,48
1594,4,325
1595,4,261
1596,1,143
1597,3,338
1598,0,57
1599,2,242
1600,1,143
1601,0,48
1602,1,143
1603,0,57
1604,0,48
1605,1,143
1606,2,239
1607,0,57
1608,1,175
1609,6,459
1610,0,48
1611,1,147
1612,1,147
1613,0,48
1614,1,171
1615,0,48
1616,0,57
1617,0,57
1618,2,241
1619,3,354
1620,0,48
1621,1,143
1622,0,48
1623,3,337
1624,1,146
1625,2,241
1626,3,404
1627,6,569
1628,1,143
1629,6,274
1630,2,239
1631,1,143
1632,1,143
1633,2,286
1634,3,341
1635,6,311
1636,4,257
1637,0,48
1638,0,48
1639,5,174
1640,7,383
1641,2,243
1642,1,143
1643,3,335
1644,1,143
1645,2,421
1646,2,240
1647,1,146
1648,5,359
1649,1,143
1650,0,48
1651,18,560
1652,0,57
1653,2,239
1654,0,57
1655,32,530
1656,2,243
1657,1,143
1658,0,48
1659,2,239
1660,0,57
1661,19,861
1662,1,171
1663,2,284
1664,2,239
1665,0,57
1666,1,143
1667,2,239
1668,2,243
1669,0,57
1670,1,143
1671,4,319
1672,4,261
1673,1,371
1674,1,143
1675,1,171
1676,0,48
1677,2,239
1678,3,406
1679,1,143
1680,1,143
1681,2,288
1682,1,143
1683,1,144
1684,3,510
1685,1,143
1686,1,171
1687,2,239
1688,2,291
1689,1,143
1690,4,257
1691,3,345
1692,3,337
1693,3,352
1694,3,335
1695,1,143
1696,4,433
1697,0,57
1698,3,335
1699,5,178
1700,1,171
1701,0,57
1702,1,145
1703,1,143
1704,3,335
1705,3,335
1706,1,144
1707,1,171
1708,3,215
1709,3,336
1710,0,57
1711,4,431
1712,2,239
1713,1,171
1714,1,146
1715,5,363
1716,1,146
1717,2,239
1718,4,540
1719,1,143
1720,0,57
1721,5,363
1722,2,243
1723,0,48
1724,1,143
1725,3,335
1726,0,57
1727,0,48
1728,0,57
1729,0,57
1730,0,57
1731,1,143
1732,2,239
1733,1,143
1734,2,241
1735,0,57
1736,1,313
1737,2,239
1738,1,143
1739,0,48
1740,0,48
1741,1,143
1742,5,187
1743,2,239
1744,2,299
1745,0,48
1746,1,143
1747,1,146
1748,2,256
1749,0,57
1750,0,48
1751,2,239
1752,1,171
1753,1,171
1754,0,57
1755,0,57
1756,1,143
1757,2,239
1758,0,48
1759,0,57
1760,5,174
1761,18,560
1762,1,143
1763,3,408
1764,1,143
1765,3,504
1766,0,57
1767,0,48
1768,1,143
1769,3,338
1770,2,241
1771,2,299
1772,3,413
1773,5,357
1774,4,257
1775,1,171
1776,2,239
1777,0,48
1778,0,48
1779,1,171
1780,1,143
1781,1,143
1782,0,57
1783,0,57
1784,3,335
1785,3,504
1786,3,348
1787,0,57
1788,8,462
1789,3,335
1790,2,239
1791,2,239
1792,1,171
1793,1,171
1794,3,335
1795,1,143
1796,10,481
1797,1,143
1798,1,143
1799,3,337
1800,1,143
1801,2,241
1802,32,1317
1803,1,171
1804,2,408
1805,2,284
1806,1,143
1807,2,239
1808,2,239
1809,0,48
1810,0,48
1811,1,143
1812,2,239
1813,2,284
1814,1,144
1815,0,57
1816,1,145
1817,1,171
1818,3,206
1819,1,143
1820,0,48
1821,1,171
1822,3,400
1823,0,57
1824,1,143
1825,2,239
1826,0,48
1827,1,143
1828,0,48
1829,3,215
1830,0,48
1831,3,335
1832,3,336
1833,1,143
1834,2,285
1835,0,57
1836,2,284
1837,4,451
1838,1,143
1839,2,239
1840,3,397
1841,0,57
1842,2,239
1843,0,48
1844,13,400
1845,1,143
1846,1,143
1847,2,239
1848,2,239
1849,0,57
1850,5,352
1851,3,335
1852,0,48
1853,3,335
1854,0,57
1855,1,143
1856,0,57
1857,0,48
1858,0,57
1859,1,143
1860,1,143
1861,0,57
1862,1,171
1863,1,143
1864,1,143
1865,1,143
1866,1,143
1867,1,143
1868,2,239
1869,2,284
1870,3,397
1871,2,239
1872,0,48
1873,0,48
1874,1,146
1875,2,241
1876,1,144
1877,0,48
1878,0,48
1879,1,171
1880,3,418
1881,0,57
1882,3,351
1883,2,239
1884,0,57
1885,2,239
1886,2,240
1887,2,239
1888,2,239
1889,2,284
1890,1,145
1891,2,239
1892,3,355
1893,1,143
1894,2,240
1895,1,143
1896,3,352
1897,2,421
1898,2,239
1899,1,143
1900,3,335
1901,2,239
1902,2,239
1903,1,143
1904,1,143
1905,2,284
1906,2,284
1907,2,241
1908,5,544
1909,6,650
1910,2,239
1911,1,143
1912,3,335
1913,3,402
1914,2,284
1915,2,239
1916,1,143
1917,2,284
1918,3,397
1919,3,350
1920,1,143
1921,1,144
1922,5,423
1923,2,239
1924,0,48
1925,3,335
1926,1,171
1927,0,72
1928,2,408
1929,1,145
1930,1,171
1931,1,172
1932,3,335
1933,0,48
1934,2,239
1935,4,626
1936,1,145
1937,0,48
1938,34,755
1939,2,239
1940,0,48
1941,0,48
1942,2,239
1943,0,48
1944,2,299
1945,1,143
1946,3,336
1947,3,397
1948,3,397
1949,1,313
1950,0,57
1951,1,143
1952,2,239
1953,1,143
1954,1,143
1955,0,48
1956,1,143
1957,3,348
1958,30,840
1959,24,656
1960,1,143
1961,10,479
1962,0,48
1963,8,677
1964,0,57
1965,5,187
1966,19,655
1967,4,431
1968,1,143
1969,8,814
1970,3,215
1971,0,57
1972,1,144
1973,4,444
1974,1,143
1975,2,239
1976,2,239
1977,1,171
1978,1,171
1979,1,143
1980,1,171
1981,5,544
1982,0,57
1983,4,444
1984,2,239
1985,3,350
1986,1,143
1987,6,272
1988,24,431
1989,3,335
1990,24,910
1991,2,239
1992,6,483
1993,2,286
1994,2,252
1995,1,175
1996,2,239
1997,3,335
1998,1,143
1999,0,48
2000,3,336
2001,1,171
2002,2,239
2003,2,408
2004,1,172
2005,3,504
2006,3,336
2007,9,439
2008,3,335
2009,1,171
2010,2,242
2011,2,243
2012,3,338
2013,1,143
2014,1,171
2015,32,683
2016,2,285
2017,2,241
2018,2,239
2019,1,171
2020,4,431
2021,3,353
2022,3,348
2023,2,284
2024,1,143
2025,0,48
2026,2,284
2027,1,145
2028,1,143
2029,3,335
2030,3,397
2031,1,143
2032,1,179
2033,2,284
2034,1,171
2035,1,171
2036,1,143
2037,1,171
2038,2,239
2039,8,779
2040,1,143
2041,1,143
2042,37,1586
2043,2,241
2044,0,48
2045,2,239
2046,1,143
2047,0,57
2048,0,48
2049,1,143
2050,1,143
2051,1,146
2052,2,242
2053,0,48
2054,1,143
2055,1,143
2056,1,179
2057,2,239
2058,5,541
2059,0,48
2060,0,48
2061,0,57
2062,1,143
2063,0,48
2064,0,57
2065,23,285
2066,2,239
2067,0,57
2068,0,48
2069,23,284
2070,0,48
2071,2,285
2072,1,171
2073,1,172
2074,0,48
2075,2,243
2076,0,57
2077,2,253
2078,0,48
2079,1,143
2080,2,241
2081,5,358
2082,2,243
2083,1,172
2084,1,143
2085,0,57
2086,0,48
2087,1,143
2088,4,433
2089,1,171
2090,2,239
2091,4,432
2092,1,172
2093,4,447
2094,2,239
2095,7,391
2096,0,48
2097,3,348
2098,6,319
2099,1,143
2100,1,143
2101,0,57
2102,2,239
2103,1,143
2104,3,339
2105,0,48
2106,1,143
2107,2,252
2108,0,48
2109,1,148
2110,6,269
2111,0,57
2112,6,539
2113,0,57
2114,1,171
2115,2,252
2116,1,171
2117,3,348
2118,0,57
2119,1,143
2120,0,57
2121,1,143
2122,6,274
2123,23,284
2124,1,143
2125,2,239
2126,2,248
2127,2,240
2128,2,239
2129,2,290
2130,0,57
2131,3,215
2132,2,287
2133,2,284
2134,1,143
2135,3,335
2136,1,171
2137,15,413
2138,1,148
2139,2,239
2140,1,212
2141,3,348
2142,2,284
2143,3,335
2144,4,514
2145,1,143
2146,0,57
2147,0,57
2148,4,431
2149,1,143
2150,2,284
2151,2,239
2152,1,143
2153,2,239
2154,3,337
2155,1,143
2156,1,171
2157,2,239
2158,4,255
2159,1,143
2160,1,143
2161,1,171
2162,2,286
2163,2,248
2164,2,299
2165,2,239
2166,3,348
2167,2,252
2168,2,239
2169,2,239
2170,1,143
2171,1,143
2172,3,215
2173,3,415
2174,2,244
2175,3,346
2176,2,239
2177,3,349
2178,1,175
2179,7,385
2180,2,239
2181,1,143
2182,2,241
2183,5,360
2184,3,352
2185,2,239
2186,2,239
2187,3,517
2188,1,143
2189,0,57
2190,2,252
2191,0,57
2192,3,348
2193,1,143
2194,0,57
2195,3,336
2196,8,474
2197,1,171
2198,5,383
2199,1,171
2200,2,287
2201,2,284
2202,2,239
2203,2,245
2204,2,239
2205,3,335
2206,3,504
2207,3,335
2208,4,432
2209,2,408
2210,4,432
2211,2,239
2212,5,455
2213,1,143
2214,3,215
2215,3,492
2216,4,515
2217,0,57
2218,1,143
2219,6,651
2220,0,57
2221,5,527
2222,0,57
2223,2,284
2224,0,57
2225,1,146
2226,0,72
2227,2,239
2228,9,443
2229,1,144
2230,3,348
2231,1,143
2232,3,350
2233,1,143
2234,3,397
2235,3,348
2236,0,57
2237,2,284
2238,5,525
2239,3,504
2240,1,171
2241,1,172
2242,1,143
2243,3,339
2244,4,444
2245,17,835
2246,1,143
2247,1,143
2248,5,352
2249,1,143
2250,1,313
2251,1,171
2252,5,540
2253,4,517
2254,3,339
2255,4,301
2256,1,171
2257,4,265
2258,0,57
2259,5,577
2260,6,317
2261,1,143
2262,4,450
2263,2,284
2264,3,397
2265,2,239
2266,2,239
2267,4,272
2268,1,143
2269,2,239
2270,2,252
2271,7,649
2272,1,143
2273,7,454
2274,3,397
2275,1,171
2276,1,143
2277,1,143
2278,2,239
2279,1,143
2280,2,292
2281,1,143
2282,1,143
2283,3,349
2284,0,57
2285,2,239
2286,1,143
2287,3,344
2288,1,143
2289,1,171
2290,1,143
2291,2,239
2292,2,239
2293,2,239
2294,0,57
2295,6,451
2296,3,350
2297,3,344
2298,3,348
2299,1,143
2300,2,239
2301,2,239
2302,3,493
2303,12,511
2304,0,57
2305,1,143
2306,1,143
2307,27,845
2308,0,57
2309,3,335
2310,1,143
2311,2,284
2312,0,57
2313,2,239
2314,2,239
2315,6,319
2316,0,57
2317,0,57
2318,1,143
2319,1,143
2320,18,753
2321,5,175
2322,2,286
2323,1,171
2324,2,239
2325,1,143
2326,0,48
2327,2,290
2328,3,416
2329,0,48
2330,4,511
2331,1,171
2332,0,57
2333,1,143
2334,5,174
2335,2,242
2336,1,171
2337,1,172
2338,4,525
2339,2,288
2340,3,374
2341,2,285
2342,2,239
2343,0,48
2344,1,171
2345,0,48
2346,3,397
2347,1,143
2348,1,171
2349,0,48
2350,2,239
2351,0,57
2352,6,647
2353,4,276
2354,2,293
2355,34,615
2356,4,435
2357,1,143
2358,0,48
2359,4,431
2360,0,57
2361,0,57
2362,2,239
2363,0,57
2364,2,248
2365,1,143
2366,2,239
2367,4,511
2368,0,57
2369,5,540
2370,2,239
2371,1,143
2372,3,335
2373,0,48
2374,2,285
2375,0,72
2376,2,239
2377,3,335
2378,2,284
2379,0,57
2380,0,48
2381,2,244
2382,1,143
2383,0,48
2384,3,348
2385,2,239
2386,1,143
2387,31,1192
2388,1,143
2389,1,143
2390,0,57
2391,1,143
2392,2,241
2393,2,239
2394,1,171
2395,0,57
2396,2,239
2397,23,284
2398,0,57
2399,2,285
2400,2,239
2401,2,408
2402,5,178
2403,0,48
2404,2,239
2405,8,478
2406,1,174
2407,2,256
2408,2,248
2409,1,145
2410,1,143
2411,2,352
2412,1,171
2413,1,143
2414,4,460
2415,0,57
2416,0,57
2417,2,284
2418,2,239
2419,0,48
2420,1,143
2421,6,638
2422,1,143
2423,2,297
2424,2,243
2425,1,171
2426,3,348
2427,0,57
2428,1,143
2429,4,445
2430,1,171
2431,4,531
2432,1,143
2433,1,214
2434,1,146
2435,0,48
2436,0,48
2437,6,653
2438,3,335
2439,1,143
2440,33,924
2441,2,239
2442,0,57
2443,0,48
2444,1,172
2445,0,48
2446,24,380
2447,1,143
2448,1,146
2449,0,57
2450,2,239
2451,1,143
2452,0,57
2453,2,239
2454,0,48
2455,0,48
2456,1,143
2457,2,239
2458,2,284
2459,2,239
2460,0,48
2461,2,239
2462,3,400
2463,0,48
2464,7,392
2465,5,641
2466,1,143
2467,1,171
2468,0,48
2469,0,48
2470,1,143
2471,2,252
2472,0,48
2473,1,143
2474,2,284
2475,3,348
2476,6,455
2477,2,240
2478,2,248
2479,3,412
2480,2,253
2481,1,143
2482,2,284
2483,3,345
2484,7,570
2485,3,348
2486,1,143
2487,2,239
2488,3,397
2489,30,748
2490,7,1015
2491,2,239
2492,1,143
2493,2,299
2494,4,474
2495,3,397
2496,1,143
2497,2,239
2498,1,143
2499,0,57
2500,2,239
2501,1,143
2502,2,239
2503,0,57
2504,0,48
2505,3,338
2506,1,143
2507,1,143
2508,3,335
2509,1,143
2510,1,143
2511,2,239
2512,2,240
2513,3,335
2514,2,239
2515,2,241
2516,1,143
2517,0,57
2518,3,348
2519,5,425
2520,2,485
2521,2,239
2522,0,57
2523,1,143
2524,3,348
2525,1,143
2526,4,448
2527,2,239
2528,2,239
2529,3,335
2530,2,485
2531,2,239
2532,4,510
2533,2,284
2534,2,284
2535,2,239
2536,0,57
2537,2,242
2538,1,143
2539,1,143
2540,1,143
2541,1,171
2542,1,143
2543,1,171
2544,1,171
2545,2,239
2546,1,143
2547,1,143
2548,5,187
2549,3,348
2550,1,143
2551,2,239
2552,2,239
2553,0,48
2554,0,57
2555,4,263
2556,1,143
2557,3,350
2558,1,143
2559,0,48
2560,0,57
2561,0,57
2562,4,431
2563,1,143
2564,4,445
2565,2,239
2566,1,148
2567,1,143
2568,1,143
2569,1,143
2570,1,146
2571,1,143
2572,2,240
2573,1,143
2574,5,187
2575,1,143
2576,1,148
2577,0,57
2578,4,431
2579,1,144
2580,1,143
2581,1,171
2582,1,171
2583,1,144
2584,1,143
2585,1,143
2586,2,290
2587,1,171
2588,0,57
2589,0,57
2590,4,257
2591,2,239
2592,3,339
2593,5,357
2594,3,348
2595,1,143
2596,1,171
2597,0,57
2598,5,187
2599,2,239
2600,1,171
2601,0,57
2602,1,143
2603,2,240
2604,0,57
2605,0,57
2606,6,457
2607,0,57
2608,2,239
2609,2,252
2610,1,143
2611,1,143
2612,1,172
2613,3,345
2614,0,48
2615,2,239
2616,1,143
2617,2,252
2618,1,143
2619,0,48
2620,0,48
2621,2,285
2622,0,57
2623,0,57
2624,1,143
2625,1,145
2626,2,239
2627,34,615
2628,1,143
2629,2,239
2630,12,320
2631,3,421
2632,0,48
2633,1,143
2634,6,885
2635,0,57
2636,34,802
2637,1,143
2638,0,57
2639,2,284
2640,2,239
2641,2,239
2642,4,259
2643,5,366
2644,2,239
2645,1,143
2646,1,143
2647,3,374
2648,3,422
2649,0,57
2650,1,212
2651,1,143
2652,0,57
2653,1,143
2654,1,171
2655,1,143
2656,1,143
2657,1,143
2658,3,348
2659,3,335
2660,2,239
2661,2,241
2662,2,239
2663,2,240
2664,1,143
2665,2,299
2666,30,546
2667,1,143
2668,0,57
2669,2,239
2670,5,178
2671,2,252
2672,3,400
2673,0,57
2674,3,338
2675,1,143
2676,5,722
2677,1,143
2678,1,143
2679,2,239
2680,1,143
2681,3,335
2682,0,57
2683,1,143
2684,1,143
2685,2,408
2686,1,171
2687,3,348
2688,1,171
2689,30,546
2690,1,175
2691,2,239
2692,0,57
2693,25,634
2694,2,240
2695,0,48
2696,2,241
2697,0,48
2698,0,48
2699,2,284
2700,2,239
2701,1,143
2702,0,48
2703,1,143
2704,5,178
2705,0,57
2706,0,48
2707,2,241
2708,4,431
2709,1,143
2710,2,285
2711,0,57
2712,2,239
2713,3,348
2714,1,313
2715,1,144
2716,2,284
2717,23,284
2718,1,145
2719,8,311
2720,2,252
2721,1,171
2722,2,239
2723,1,143
2724,1,171
2725,2,239
2726,1,171
2727,1,171
2728,1,172
2729,3,335
2730,1,143
2731,23,284
2732,2,252
2733,4,310
2734,2,239
2735,5,364
2736,0,48
2737,15,419
2738,0,57
2739,1,143
2740,1,143
2741,2,239
2742,1,212
2743,1,143
2744,2,288
2745,1,172
2746,0,57
2747,0,57
2748,2,248
2749,0,48
2750,2,243
2751,1,143
2752,2,239
2753,0,57
2754,1,171
2755,0,57
2756,0,57
2757,1,143
2758,0,48
2759,1,171
2760,0,57
2761,1,172
2762,2,239
2763,2,239
2764,1,179
2765,3,412
2766,1,143
2767,1,143
2768,0,48
2769,1,143
2770,0,57
2771,0,57
2772,0,48
2773,1,143
2774,1,143
2775,1,143
2776,0,57
2777,1,143
2778,5,373
2779,2,253
2780,0,57
2781,4,308
2782,1,143
2783,5,359
2784,0,48
2785,3,338
2786,1,171
2787,3,346
2788,2,284
2789,3,348
2790,2,239
2791,2,284
2792,1,148
2793,1,171
2794,1,171
2795,15,430
2796,1,143
2797,1,171
2798,1,171
2799,2,250
2800,4,268
2801,2,239
2802,2,239
2803,3,338
2804,0,48
2805,2,284
2806,1,143
2807,1,143
2808,0,48
2809,0,48
2810,2,239
2811,3,335
2812,0,48
2813,1,143
2814,1,143
2815,0,48
2816,0,48
2817,1,143
2818,2,239
2819,1,171
2820,4,525
2821,5,187
2822,4,265
2823,5,175
2824,1,179
2825,2,286
2826,2,239
2827,3,335
2828,6,470
2829,4,434
2830,1,171
2831,1,171
2832,1,143
2833,2,284
2834,1,143
2835,1,143
2836,4,525
2837,2,242
2838,2,239
2839,2,239
2840,2,239
2841,1,143
2842,2,239
2843,1,143
2844,2,244
2845,34,615
2846,2,286
2847,3,335
2848,2,239
2849,1,143
2850,0,57
2851,2,284
2852,0,57
2853,1,171
2854,3,355
2855,1,143
2856,3,517
2857,0,57
2858,2,284
2859,3,335
2860,0,57
2861,3,504
2862,1,171
2863,29,518
2864,3,335
2865,1,143
2866,2,239
2867,1,171
2868,1,143
2869,1,171
2870,2,239
2871,1,146
2872,2,239
2873,3,335
2874,3,401
2875,3,336
2876,2,421
2877,5,178
2878,1,172
2879,3,347
2880,2,285
2881,2,239
2882,0,57
2883,4,311
2884,1,171
2885,1,143
2886,6,274
2887,3,402
2888,3,348
2889,1,171
2890,0,48
2891,0,57
2892,3,351
2893,0,48
2894,2,241
2895,3,397
2896,1,174
2897,2,284
2898,0,57
2899,2,239
2900,6,529
2901,9,560
2902,2,240
2903,1,143
2904,1,171
2905,1,171
2906,1,143
2907,2,285
2908,1,143
2909,2,239
2910,2,284
2911,2,239
2912,1,143
2913,1,171
2914,1,145
2915,2,288
2916,3,335
2917,1,174
2918,1,171
2919,3,335
2920,1,143
2921,5,187
2922,0,57
2923,1,212
2924,1,143
2925,23,284
2926,2,239
2927,1,143
2928,4,265
2929,0,48
2930,1,143
2931,0,48
2932,3,215
2933,2,485
2934,1,143
2935,4,263
2936,2,284
2937,1,171
2938,3,335
2939,0,48
2940,1,143
2941,1,171
2942,1,143
2943,3,348
2944,2,239
2945,1,171
2946,4,444
2947,2,239
2948,1,146
2949,2,408
2950,0,48
2951,2,239
2952,4,263
2953,0,48
2954,1,171
2955,1,143
2956,2,239
2957,1,172
2958,3,412
2959,0,57
2960,1,143
2961,1,175
2962,2,299
2963,6,319
2964,2,284
2965,1,143
2966,2,241
2967,1,146
2968,0,48
2969,4,308
2970,1,143
2971,3,346
2972,1,143
2973,0,48
2974,2,295
2975,31,663
2976,2,284
2977,2,242
2978,2,240
2979,0,57
2980,1,143
2981,2,284
2982,0,57
2983,2,287
2984,1,143
2985,4,370
2986,1,143
2987,5,540
2988,2,284
2989,2,241
2990,0,48
2991,1,143
2992,2,408
2993,1,143
2994,1,143
2995,0,57
2996,1,143
2997,3,337
2998,0,57
2999,2,252
3000,1,143
3001,3,215
3002,8,472
3003,2,421
3004,0,48
3005,1,145
3006,0,57
3007,1,143
3008,5,350
3009,0,57
3010,30,919
3011,1,143
3012,0,57
3013,0,48
3014,2,252
3015,5,362
3016,2,408
3017,1,145
3018,1,179
3019,1,171
3020,4,444
3021,1,143
3022,2,485
3023,7,367
3024,1,143
3025,0,48
3026,2,239
3027,1,143
3028,6,457
3029,6,282
3030,0,48
3031,2,284
3032,2,239
3033,5,374
3034,0,57
3035,1,145
3036,0,48
3037,0,48
3038,1,171
3039,2,239
3040,0,57
3041,1,143
3042,2,239
3043,2,252
3044,3,336
3045,1,143
3046,19,659
3047,2,239
3048,1,172
3049,3,339
3050,1,143
3051,6,475
3052,0,57
3053,0,57
3054,0,57
3055,0,48
3056,0,48
3057,0,57
3058,1,143
3059,2,242
3060,2,239
3061,0,57
3062,0,48
3063,1,143
3064,1,143
3065,2,286
3066,1,171
3067,1,313
3068,0,48
3069,0,57
3070,4,435
3071,6,527
3072,1,147
3073,1,143
3074,3,398
3075,4,510
3076,2,241
3077,1,143
3078,24,644
3079,1,171
3080,2,284
3081,1,171
3082,3,347
3083,5,175
3084,1,171
3085,1,143
3086,1,143
3087,1,143
3088,35,573
3089,3,350
3090,0,57
3091,5,638
3092,0,57
3093,1,143
3094,1,143
3095,1,143
3096,1,143
3097,5,187
3098,2,252
3099,1,143
3100,1,143
3101,0,57
3102,1,143
3103,1,171
3104,1,171
3105,2,239
3106,2,239
3107,0,57
3108,2,239
3109,0,57
3110,1,143
3111,3,348
3112,1,143
3113,2,239
3114,1,143
3115,1,143
3116,2,239
3117,0,57
3118,1,143
3119,0,48
3120,2,408
3121,0,57
3122,1,143
3123,2,241
3124,0,48
3125,1,146
3126,1,144
3127,2,239
3128,1,143
3129,2,285
3130,1,174
3131,3,349
3132,1,143
3133,1,143
3134,2,485
3135,2,239
3136,1,171
3137,2,239
3138,4,470
3139,1,143
3140,2,239
3141,2,289
3142,3,397
3143,2,239
3144,2,239
3145,3,337
3146,1,174
3147,2,239
3148,27,745
3149,5,176
3150,16,603
3151,3,345
3152,2,239
3153,1,143
3154,1,143
3155,1,143
3156,2,284
3157,3,335
3158,1,143
3159,4,444
3160,2,239
3161,5,176
3162,1,143
3163,0,57
3164,0,48
3165,5,174
3166,4,395
3167,1,171
3168,2,244
3169,2,241
3170,3,335
3171,4,444
3172,0,48
3173,1,171
3174,2,284
3175,1,143
3176,0,48
3177,2,239
3178,2,239
3179,0,48
3180,0,57
3181,2,239
3182,2,299
3183,0,48
3184,1,143
3185,2,241
3186,0,48
3187,0,57
3188,1,171
3189,0,57
3190,8,311
3191,1,171
3192,1,146
3193,0,48
3194,4,470
3195,0,48
3196,1,143
3197,0,57
3198,1,143
3199,2,284
3200,0,57
3201,0,48
3202,5,178
3203,1,175
3204,1,145
3205,2,408
3206,2,242
3207,1,143
3208,4,308
3209,1,143
3210,1,146
3211,3,335
3212,1,146
3213,1,143
3214,0,57
3215,2,408
3216,0,48
3217,1,143
3218,2,248
3219,2,239
3220,1,143
3221,5,638
3222,0,48
3223,1,143
3224,1,143
3225,3,415
3226,2,239
3227,1,144
3228,3,338
3229,2,284
3230,1,171
3231,1,171
3232,2,239
3233,4,444
3234,1,146
3235,1,143
3236,2,239
3237,0,57
3238,2,239
3239,15,430
3240,3,348
3241,1,171
3242,2,408
3243,0,48
3244,2,239
3245,1,143
3246,1,171
3247,2,240
3248,1,143
3249,1,172
3250,2,284
3251,1,143
3252,3,335
3253,1,143
3254,3,339
3255,1,143
3256,1,143
3257,1,143
3258,1,143
3259,0,57
3260,2,239
3261,4,470
3262,1,143
3263,2,239
3264,1,143
3265,0,57
3266,2,239
3267,1,143
3268,1,171
3269,1,171
3270,2,239
3271,2,248
3272,3,335
3273,2,239
3274,3,335
3275,2,252
3276,5,187
3277,2,240
3278,1,148
3279,2,421
3280,2,248
3281,1,171
3282,1,143
3283,3,335
3284,34,738
3285,1,143
3286,5,357
3287,2,248
3288,2,239
3289,2,239
3290,4,276
3291,1,143
3292,1,171
3293,2,239
3294,2,248
3295,3,406
3296,1,143
3297,2,292
3298,2,239
3299,2,252
3300,1,172
3301,1,145
3302,1,174
3303,2,239
3304,0,57
3305,0,48
3306,0,48
3307,1,143
3308,0,48
3309,3,412
3310,2,284
3311,3,335
3312,19,438
3313,0,48
3314,0,57
3315,2,252
3316,4,431
3317,1,143
3318,2,485
3319,1,175
3320,1,143
3321,2,242
3322,2,239
3323,1,171
3324,2,294
3325,1,143
3326,2,239
3327,0,57
3328,0,57
3329,1,171
3330,3,335
3331,1,171
3332,1,143
3333,1,143
3334,2,239
3335,2,284
3336,2,294
3337,2,244
3338,1,143
3339,2,239
3340,1,143
3341,2,284
3342,3,398
3343,3,206
3344,3,338
3345,5,414
3346,32,530
3347,1,143
3348,4,470
3349,2,239
3350,3,348
3351,1,146
3352,1,143
3353,2,239
3354,1,143
3355,0,57
3356,2,244
3357,0,48
3358,1,143
3359,0,57
3360,0,48
3361,1,143
3362,0,48
3363,1,143
3364,1,171
3365,6,322
3366,2,239
3367,1,143
3368,1,147
3369,12,697
3370,1,147
3371,2,284
3372,1,172
3373,1,143
3374,1,144
3375,1,144
3376,2,289
3377,2,239
3378,4,307
3379,3,335
3380,0,57
3381,1,143
3382,2,284
3383,1,143
3384,0,57
3385,3,215
3386,2,239
3387,1,143
3388,3,348
3389,3,412
3390,3,347
3391,2,243
3392,1,172
3393,1,174
3394,0,48
3395,1,145
3396,3,348
3397,2,239
3398,0,57
3399,2,239
3400,1,143
3401,2,239
3402,0,57
3403,1,175
3404,2,284
3405,1,174
3406,1,174
3407,3,398
3408,1,143
3409,2,239
3410,1,143
3411,2,299
3412,3,348
3413,0,57
3414,5,414
3415,2,284
3416,1,143
3417,0,72
3418,2,240
3419,3,397
3420,2,243
3421,1,143
3422,1,174
3423,3,335
3424,0,57
3425,3,345
3426,5,359
3427,2,243
3428,1,171
3429,8,651
3430,1,143
3431,1,143
3432,1,171
3433,1,145
3434,1,145
3435,1,143
3436,1,143
3437,1,143
3438,1,148
3439,4,510
3440,2,239
3441,5,187
3442,2,408
3443,4,434
3444,3,337
3445,2,239
3446,1,145
3447,0,48
3448,1,146
3449,0,57
3450,1,143
3451,1,172
3452,1,146
3453,1,212
3454,1,171
3455,5,540
3456,0,48
3457,1,212
3458,0,57
3459,1,171
3460,0,48
3461,4,529
3462,2,239
3463,0,57
3464,1,175
3465,10,309
3466,1,143
3467,0,48
3468,0,57
3469,0,57
3470,0,48
3471,0,48
3472,0,57
3473,0,57
3474,30,494
3475,0,57
3476,2,243
3477,1,143
3478,2,239
3479,0,48
3480,1,143
3481,1,179
3482,2,284
3483,0,57
3484,1,171
3485,9,576
3486,1,143
3487,2,253
3488,1,143
3489,1,143
3490,1,171
3491,1,143
3492,1,143
3493,0,57
3494,3,401
3495,0,57
3496,1,144
3497,1,143
3498,0,57
3499,2,239
3500,1,147
3501,1,147
3502,2,284
3503,9,406
3504,2,284
3505,3,206
3506,3,348
3507,1,143
3508,3,206
3509,1,144
3510,5,178
3511,2,243
3512,3,406
3513,3,350
3514,4,328
3515,3,215
3516,1,171
3517,1,145
3518,3,406
3519,1,143
3520,1,143
3521,2,239
3522,1,143
3523,1,143
3524,2,241
3525,2,239
3526,5,178
3527,1,371
3528,1,143
3529,1,143
3530,1,143
3531,0,57
3532,5,362
3533,1,143
3534,6,274
3535,2,240
3536,2,239
3537,9,392
3538,5,187
3539,3,335
3540,1,171
3541,2,241
3542,1,171
3543,1,143
3544,1,143
3545,0,57
3546,1,171
3547,1,143
3548,4,328
3549,4,510
3550,6,319
3551,2,286
3552,1,145
3553,0,57
3554,1,143
3555,9,382
3556,0,57
3557,2,243
3558,1,143
3559,30,731
3560,5,629
3561,2,244
3562,2,288
3563,0,57
3564,3,335
3565,4,301
3566,1,143
3567,1,143
3568,2,239
3569,2,239
3570,0,48
3571,3,335
3572,34,567
3573,4,444
3574,4,600
3575,1,143
3576,0,57
3577,1,171
3578,0,57
3579,1,143
3580,19,849
3581,2,352
3582,2,255
3583,2,239
3584,1,144
3585,1,143
3586,1,143
3587,0,57
3588,0,57
3589,2,239
3590,7,573
3591,4,470
3592,1,143
3593,3,335
3594,0,57
3595,5,579
3596,0,57
3597,1,143
3598,2,239
3599,3,335
3600,1,143
3601,1,171
3602,1,143
3603,2,239
3604,3,336
3605,3,348
3606,0,57
3607,3,402
3608,1,143
3609,2,284
3610,1,143
3611,1,171
3612,1,143
3613,2,239
3614,2,239
3615,3,352
3616,5,178
3617,1,172
3618,3,335
3619,0,57
3620,2,239
3621,1,143
3622,1,171
3623,1,143
3624,1,172
3625,1,143
3626,0,57
3627,1,143
3628,2,239
3629,2,245
3630,2,239
3631,2,239
3632,3,410
3633,2,485
3634,1,143
3635,1,143
3636,2,239
3637,8,311
3638,1,143
3639,2,239
3640,1,143
3641,0,48
3642,2,284
3643,3,206
3644,2,239
3645,1,143
3646,2,239
3647,1,143
3648,2,239
3649,2,299
3650,0,57
3651,2,244
3652,3,215
3653,0,57
3654,1,171
3655,4,261
3656,2,239
3657,2,485
3658,1,212
3659,5,355
3660,7,551
3661,2,241
3662,2,284
3663,1,143
3664,0,57
3665,2,284
3666,2,239
3667,0,57
3668,5,430
3669,1,145
3670,2,241
3671,2,239
3672,33,679
3673,1,171
3674,3,397
3675,3,348
3676,1,146
3677,2,239
3678,1,143
3679,1,171
3680,2,421
3681,1,143
3682,2,239
3683,4,526
3684,1,174
3685,5,187
3686,1,143
3687,2,284
3688,1,143
3689,0,48
3690,2,485
3691,1,143
3692,0,57
3693,1,171
3694,4,314
3695,3,215
3696,0,48
3697,1,143
3698,0,48
3699,4,265
3700,5,178
3701,1,143
3702,0,57
3703,0,48
3704,0,57
3705,0,48
3706,1,147
3707,0,48
3708,3,215
3709,1,143
3710,1,171
3711,0,48
3712,1,143
3713,2,239
3714,0,48
3715,0,57
3716,1,143
3717,5,178
3718,0,48
3719,0,57
3720,0,48
3721,2,243
3722,2,239
3723,4,510
3724,0,57
3725,0,57
3726,0,48
3727,0,57
3728,3,215
3729,1,143
3730,2,242
3731,0,48
3732,0,48
3733,12,1050
3734,1,148
3735,2,239
3736,1,171
3737,1,143
3738,1,143
3739,1,143
3740,0,48
3741,4,268
3742,1,147
3743,2,284
3744,0,57
3745,3,335
3746,0,48
3747,0,57
3748,2,284
3749,1,313
3750,1,212
3751,1,171
3752,1,171
3753,6,455
3754,2,255
3755,1,143
3756,1,144
3757,1,143
3758,0,57
3759,1,143
3760,1,143
3761,2,284
3762,0,57
3763,0,57
3764,0,48
3765,1,143
3766,32,530
3767,2,288
3768,7,657
3769,1,147
3770,0,72
3771,0,48
3772,1,147
3773,2,243
3774,1,143
3775,1,143
3776,1,171
3777,1,171
3778,2,288
3779,0,48
3780,1,145
3781,0,48
3782,5,644
3783,2,239
3784,0,57
3785,0,48
3786,3,339
3787,1,143
3788,4,276
3789,0,57
3790,1,143
3791,2,284
3792,1,145
3793,2,243
3794,2,239
3795,2,284
3796,3,215
3797,3,335
3798,3,337
3799,6,282
3800,0,57
3801,3,348
3802,1,143
3803,3,504
3804,1,171
3805,0,57
3806,3,348
3807,1,171
3808,1,171
3809,3,397
3810,2,239
3811,1,172
3812,25,634
3813,5,712
3814,1,143
3815,2,284
3816,1,171
3817,1,143
3818,5,565
3819,3,338
3820,1,146
3821,2,284
3822,2,284
3823,4,479
3824,1,171
3825,30,919
3826,3,335
3827,1,171
3828,1,171
3829,2,246
3830,9,420
3831,3,215
3832,2,252
3833,1,171
3834,1,143
3835,1,143
3836,2,239
3837,1,143
3838,2,239
3839,2,285
3840,0,48
3841,0,57
3842,4,714
3843,2,284
3844,3,598
3845,1,143
3846,1,143
3847,2,239
3848,1,143
3849,2,239
3850,4,257
3851,1,143
3852,1,171
3853,0,48
3854,2,242
3855,2,239
3856,2,284
3857,1,143
3858,2,252
3859,1,171
3860,1,143
3861,1,143
3862,1,143
3863,4,303
3864,0,57
3865,1,143
3866,1,143
3867,2,239
3868,0,48
3869,1,143
3870,34,971
3871,4,613
3872,0,57
3873,2,239
3874,0,57
3875,5,174
3876,1,143
3877,4,447
3878,1,143
3879,1,143
3880,2,239
3881,1,143
3882,1,171
3883,2,408
3884,18,753
3885,1,144
3886,3,397
3887,1,143
3888,3,335
3889,1,143
3890,1,171
3891,2,244
3892,1,172
3893,1,143
3894,1,172
3895,3,335
3896,2,239
3897,1,174
3898,1,145
3899,1,143
3900,2,239
3901,2,284
3902,2,289
3903,2,239
3904,2,284
3905,1,143
3906,4,525
3907,5,540
3908,4,301
3909,2,239
3910,8,662
3911,1,143
3912,2,239
3913,3,335
3914,1,157
3915,1,144
3916,1,143
3917,1,143
3918,2,243
3919,2,239
3920,0,57
3921,2,284
3922,4,433
3923,1,171
3924,1,143
3925,4,600
3926,2,239
3927,8,464
3928,1,143
3929,6,309
3930,0,48
3931,3,398
3932,3,348
3933,3,412
3934,3,397
3935,5,351
3936,2,239
3937,2,240
3938,6,308
3939,1,143
3940,5,176
3941,2,242
3942,1,171
3943,0,48
3944,3,350
3945,1,143
3946,1,143
3947,1,171
3948,5,363
3949,5,176
3950,3,348
3951,0,57
3952,1,143
3953,27,678
3954,2,239
3955,1,171
3956,3,335
3957,1,147
3958,4,259
3959,15,478
3960,1,145
3961,1,143
3962,0,48
3963,2,248
3964,3,335
3965,5,364
3966,4,461
3967,1,145
3968,1,171
3969,2,239
3970,1,143
3971,1,144
3972,1,147
3973,1,145
3974,3,335
3975,1,143
3976,2,239
3977,2,239
3978,3,335
3979,2,287
3980,1,143
3981,2,252
3982,0,48
3983,1,171
3984,1,143
3985,14,484
3986,1,143
3987,1,143
3988,2,302
3989,35,876
3990,4,444
3991,2,285
3992,1,212
3993,0,57
3994,1,145
3995,3,206
3996,14,513
3997,2,252
3998,1,172
3999,1,143
4000,3,517
4001,2,284
4002,4,301
4003,4,431
4004,2,239
4005,0,57
4006,1,143
4007,1,143
4008,4,444
4009,1,143
4010,0,57
4011,5,529
4012,1,143
4013,1,143
4014,1,143
4015,1,143
4016,1,145
4017,2,239
4018,1,143
4019,7,430
4020,1,143
4021,6,751
4022,2,239
4023,1,147
4024,1,143
4025,0,48
4026,2,252
4027,0,57
4028,0,48
4029,3,215
4030,1,171
4031,2,241
4032,3,335
4033,1,171
4034,35,1067
4035,5,543
4036,2,239
4037,8,1034
4038,1,171
4039,1,171
4040,2,239
4041,4,530
4042,1,171
4043,4,303
4044,1,147
4045,2,252
4046,2,241
4047,2,239
4048,1,143
4049,1,143
4050,3,215
4051,1,143
4052,14,335
4053,1,171
4054,1,143
4055,0,48
4056,0,57
4057,2,239
4058,1,171
4059,1,143
4060,1,143
4061,3,351
4062,1,143
4063,0,48
4064,5,175
4065,1,172
4066,4,257
4067,2,239
4068,3,363
4069,1,147
4070,2,239
4071,2,252
4072,6,270
4073,0,48
4074,0,48
4075,1,143
4076,0,48
4077,0,48
4078,2,239
4079,1,171
4080,1,171
4081,4,431
4082,2,284
4083,8,821
4084,2,239
4085,6,624
4086,1,143
4087,1,143
4088,29,1026
4089,1,143
4090,1,143
4091,2,239
4092,2,242
4093,1,143
4094,1,171
4095,0,57
4096,2,286
4097,2,239
4098,3,215
4099,1,174
4100,0,57
4101,3,335
4102,1,171
4103,1,179
4104,1,143
4105,1,179
4106,0,48
4107,0,57
4108,1,143
4109,2,243
4110,1,143
4111,1,143
4112,1,171
4113,5,566
4114,1,171
4115,1,179
4116,5,603
4117,1,143
4118,1,171
4119,2,241
4120,1,143
4121,4,328
4122,1,171
4123,6,662
4124,3,520
4125,5,444
4126,1,179
4127,3,397
4128,7,369
4129,1,171
4130,1,143
4131,1,171
4132,3,335
4133,1,171
4134,1,143
4135,3,215
4136,1,171
4137,6,775
4138,1,143
4139,2,485
4140,2,252
4141,3,504
4142,4,444
4143,1,172
4144,1,171
4145,1,145
4146,4,444
4147,2,299
4148,3,335
4149,30,733
4150,6,269
4151,1,143
4152,1,171
4153,1,171
4154,2,240
4155,4,328
4156,1,143
4157,1,143
4158,2,284
4159,5,593
4160,1,143
4161,5,178
4162,3,405
4163,2,240
4164,1,143
4165,3,335
4166,1,146
4167,5,178
4168,1,171
4169,1,144
4170,2,252
4171,5,512
4172,1,143
4173,2,408
4174,1,143
4175,1,171
4176,1,143
4177,1,143
4178,1,171
4179,4,516
4180,1,171
4181,3,230
4182,3,598
4183,1,143
4184,1,143
4185,2,284
4186,1,143
4187,1,143
4188,2,239
4189,1,143
4190,1,143
4191,1,143
4192,4,448
4193,5,174
4194,2,289
4195,1,143
4196,1,143
4197,1,143
4198,4,259
4199,1,143
4200,1,143
4201,1,143
4202,31,667
4203,2,239
4204,1,147
4205,2,285
4206,2,240
4207,2,284
4208,1,143
4209,2,239
4210,7,647
4211,1,143
4212,2,252
4213,1,143
4214,2,239
4215,21,462
4216,2,239
4217,3,206
4218,1,171
4219,1,143
4220,4,454
4221,4,267
4222,1,171
4223,5,178
4224,3,338
4225,2,284
4226,2,241
4227,5,178
4228,1,171
4229,5,178
4230,1,144
4231,1,143
4232,2,408
4233,1,171
4234,2,287
4235,1,143
4236,1,143
4237,3,335
4238,6,536
4239,1,143
4240,30,670
4241,2,246
4242,3,412
4243,5,178
4244,1,147
4245,3,335
4246,1,143
4247,4,431
4248,1,143
4249,1,148
4250,1,143
4251,5,175
4252,2,299
4253,6,456
4254,11,607
4255,0,48
4256,1,143
4257,4,445
4258,3,335
4259,18,845
4260,2,242
4261,5,178
4262,3,397
4263,1,143
4264,36,1071
4265,1,171
4266,2,239
4267,1,171
4268,0,57
4269,4,555
4270,2,260
4271,1,143
4272,1,171
4273,1,143
4274,2,239
4275,4,458
4276,2,285
4277,3,399
4278,1,171
4279,1,172
4280,0,48
4281,2,284
4282,0,48
4283,3,412
4284,5,175
4285,37,943
4286,1,143
4287,4,433
4288,11,960
4289,1,143
4290,1,143
4291,1,171
4292,1,143
4293,5,174
4294,3,215
4295,2,240
4296,1,171
4297,2,299
4298,0,48
4299,1,143
4300,2,292
4301,0,48
4302,3,348
4303,0,48
4304,1,171
4305,2,239
4306,2,284
4307,5,735
4308,0,48
4309,0,48
4310,2,239
4311,1,171
4312,0,48
4313,0,48
4314,2,284
4315,4,525
4316,3,350
4317,1,145
4318,0,48
4319,1,146
4320,2,241
4321,1,143
4322,9,630
4323,1,143
4324,1,147
4325,0,48
4326,0,57
4327,1,143
4328,1,145
4329,0,48
4330,1,171
4331,1,179
4332,0,57
4333,3,351
4334,0,48
4335,0,57
4336,1,144
4337,1,143
4338,1,143
4339,2,245
4340,1,146
4341,0,57
4342,1,147
4343,2,284
4344,0,48
4345,2,485
4346,1,212
4347,0,48
4348,1,171
4349,2,243
4350,2,284
4351,29,513
4352,1,143
4353,2,242
4354,1,147
4355,2,485
4356,0,57
4357,1,171
4358,1,143
4359,2,248
4360,4,525
4361,1,143
4362,6,649
4363,33,1176
4364,0,57
4365,1,173
4366,2,239
4367,2,257
4368,0,48
4369,1,171
4370,1,143
4371,1,143
4372,1,143
4373,1,144
4374,2,284
4375,1,143
4376,1,143
4377,1,143
4378,1,146
4379,1,172
4380,0,48
4381,2,284
4382,1,144
4383,1,143
4384,4,308
4385,2,242
4386,1,143
4387,2,239
4388,1,143
4389,5,540
4390,1,143
4391,1,143
4392,1,144
4393,6,666
4394,3,335
4395,1,146
4396,3,342
4397,5,176
4398,1,143
4399,0,48
4400,1,143
4401,1,143
4402,0,48
4403,1,143
4404,2,284
4405,30,919
4406,1,143
4407,1,212
4408,2,299
4409,1,171
4410,3,337
4411,4,303
4412,2,288
4413,4,711
4414,1,143
4415,1,143
4416,1,143
4417,1,143
4418,1,171
4419,3,335
4420,2,239
4421,1,143
4422,0,48
4423,4,308
4424,1,143
4425,1,143
4426,2,239
4427,1,143
4428,1,171
4429,2,243
4430,1,171
4431,0,57
4432,1,143
4433,1,143
4434,29,1105
4435,2,239
4436,3,335
4437,3,412
4438,1,145
4439,1,171
4440,1,143
4441,2,284
4442,1,143
4443,4,522
4444,2,284
4445,4,457
4446,0,57
4447,0,48
4448,1,143
4449,1,143
4450,11,932
4451,2,239
4452,4,444
4453,1,143
4454,1,143
4455,1,171
4456,1,143
4457,2,239
4458,1,143
4459,1,171
4460,2,239
4461,0,72
4462,1,171
4463,0,57
4464,1,143
4465,1,143
4466,2,284
4467,1,143
4468,1,171
4469,1,143
4470,3,339
4471,0,48
4472,2,239
4473,3,399
4474,1,143
4475,2,239
4476,10,309
4477,1,143
4478,0,57
4479,3,335
4480,1,172
4481,1,143
4482,2,288
4483,1,143
4484,1,143
4485,1,143
4486,1,146
4487,2,256
4488,2,284
4489,1,143
4490,3,215
4491,2,284
4492,1,143
4493,25,658
4494,1,143
4495,1,143
4496,0,72
4497,1,147
4498,1,143
4499,2,239
4500,2,284
4501,1,143
4502,7,577
4503,1,143
4504,1,143
4505,2,284
4506,1,143
4507,1,143
4508,1,143
4509,3,348
4510,1,143
4511,3,215
4512,2,240
4513,1,171
4514,3,400
4515,4,426
4516,1,143
4517,1,143
4518,1,143
4519,1,143
4520,6,1088
4521,9,608
4522,5,531
4523,1,171
4524,2,239
4525,1,171
4526,1,171
4527,2,243
4528,1,313
4529,5,187
4530,1,143
4531,0,48
4532,1,143
4533,5,178
4534,1,171
4535,2,241
4536,6,271
4537,1,171
4538,3,402
4539,2,300
4540,1,143
4541,3,338
4542,1,144
4543,38,1365
4544,6,5000
4545,2,284
4546,0,57
4547,1,171
4548,0,48
4549,0,48
4550,2,239
4551,2,241
4552,1,171
4553,4,268
4554,2,286
4555,2,239
4556,4,446
4557,5,655
4558,2,241
4559,6,5000
4560,2,252
4561,8,462
4562,1,171
4563,1,144
4564,1,144
4565,1,143
4566,1,144
4567,3,335
4568,1,145
4569,2,239
4570,2,285
4571,28,1186
4572,2,239
4573,1,171
4574,7,373
4575,1,143
4576,2,239
4577,1,143
4578,1,143
4579,38,1349
4580,5,642
4581,2,240
4582,1,143
4583,1,171
4584,2,293
4585,2,284
4586,31,1016
4587,2,242
4588,6,269
4589,7,758
4590,2,408
4591,1,171
4592,1,146
4593,1,171
4594,18,563
4595,2,244
4596,8,311
4597,1,143
4598,2,284
4599,1,144
4600,1,217
4601,9,2232
4602,5,178
4603,1,171
4604,1,143
4605,0,48
4606,2,288
4607,2,408
4608,4,431
4609,3,412
4610,3,215
4611,0,48
4612,1,171
4613,0,48
4614,1,143
4615,1,171
4616,0,48
4617,6,307
4618,1,172
4619,5,178
4620,5,178
4621,3,348
4622,6,474
4623,2,485
4624,1,175
4625,2,287
4626,1,143
4627,1,143
4628,1,143
4629,4,517
4630,1,171
4631,2,239
4632,17,428
4633,1,143
4634,0,57
4635,1,145
4636,1,143
4637,1,146
4638,1,143
4639,5,351
4640,4,266
4641,8,462
4642,1,143
4643,23,284
4644,0,57
4645,1,143
4646,1,143
4647,4,446
4648,1,171
4649,6,882
4650,0,57
4651,2,239
4652,2,284
4653,5,176
4654,1,143
4655,1,144
4656,2,239
4657,0,57
4658,0,57
4659,1,147
4660,1,143
4661,3,352
4662,3,397
4663,3,335
4664,1,143
4665,3,206
4666,3,338
4667,3,397
4668,2,241
4669,1,171
4670,3,215
4671,1,143
4672,2,258
4673,1,171
4674,1,172
4675,0,48
4676,0,48
4677,0,48
4678,6,536
4679,2,253
4680,1,146
4681,1,143
4682,1,171
4683,1,143
4684,0,57
4685,1,143
4686,1,146
4687,2,239
4688,23,284
4689,1,143
4690,4,447
4691,5,176
4692,0,48
4693,1,147
4694,23,285
4695,1,143
4696,1,143
4697,2,252
4698,1,143
4699,1,171
4700,1,143
4701,1,146
4702,1,143
4703,1,172
4704,2,243
4705,2,288
4706,4,511
4707,2,243
4708,1,144
4709,4,277
4710,1,171
4711,9,584
4712,4,451
4713,2,424
4714,4,257
4715,2,239
4716,1,171
4717,3,351
4718,1,148
4719,7,1352
4720,3,351
4721,0,57
4722,3,348
4723,0,48
4724,2,252
4725,1,171
4726,1,143
4727,1,172
4728,1,171
4729,1,143
4730,4,311
4731,1,171
4732,0,48
4733,1,143
4734,3,413
4735,1,148
4736,4,431
4737,5,432
4738,0,57
4739,1,143
4740,3,504
4741,1,145
4742,3,350
4743,3,397
4744,1,143
4745,0,48
4746,1,143
4747,0,57
4748,2,287
4749,5,174
4750,2,361
4751,3,400
4752,1,143
4753,1,143
4754,1,143
4755,1,143
4756,2,239
4757,2,239
4758,0,57
4759,2,239
4760,1,143
4761,2,239
4762,3,422
4763,1,175
4764,1,172
4765,2,252
4766,1,143
4767,1,171
4768,3,412
4769,4,470
4770,4,555
4771,1,143
4772,1,172
4773,4,449
4774,1,143
4775,1,143
4776,2,239
4777,2,284
4778,5,175
4779,2,239
4780,1,171
4781,0,57
4782,1,145
4783,0,57
4784,5,669
4785,0,57
4786,0,48
4787,3,350
4788,3,397
4789,1,143
4790,11,401
4791,2,241
4792,8,1800
4793,4,310
4794,1,146
4795,1,171
4796,3,356
4797,2,299
4798,1,145
4799,4,265
4800,1,143
4801,3,348
4802,1,171
4803,1,171
4804,0,57
4805,1,171
4806,2,284
4807,0,57
4808,1,171
4809,2,239
4810,3,335
4811,0,57
4812,1,143
4813,1,143
4814,1,143
4815,2,239
4816,1,143
4817,1,143
4818,1,171
4819,6,455
4820,1,143
4821,2,252
4822,2,239
4823,1,143
4824,1,171
4825,0,57
4826,1,143
4827,1,143
4828,1,143
4829,2,286
4830,37,844
4831,3,335
4832,3,215
4833,1,143
4834,2,408
4835,1,212
4836,1,143
4837,1,143
4838,0,72
4839,1,171
4840,1,143
4841,11,1851
4842,6,319
4843,2,284
4844,25,697
4845,1,215
4846,2,241
4847,2,239
4848,1,143
4849,2,284
4850,1,172
4851,2,239
4852,2,242
4853,5,178
4854,1,171
4855,1,171
4856,1,144
4857,1,171
4858,1,174
4859,3,336
4860,2,243
4861,2,299
4862,1,143
4863,3,335
4864,1,172
4865,1,143
4866,2,242
4867,0,57
4868,2,239
4869,5,175
4870,1,143
4871,1,143
4872,2,284
4873,0,48
4874,1,143
4875,1,143
4876,2,241
4877,0,48
4878,6,310
4879,0,48
4880,1,147
4881,2,242
4882,1,147
4883,3,215
4884,1,143
4885,5,530
4886,0,57
4887,2,241
4888,2,239
4889,1,143
4890,1,143
4891,1,143
4892,1,143
4893,2,239
4894,1,143
4895,4,301
4896,1,171
4897,1,143
4898,26,882
4899,0,57
4900,2,485
4901,1,143
4902,0,57
4903,5,355
4904,6,481
4905,1,172
4906,1,156
4907,7,642
4908,1,143
4909,1,143
4910,2,239
4911,2,284
4912,0,57
4913,1,143
4914,6,1257
4915,1,145
4916,1,143
4917,0,57
4918,0,57
4919,0,57
4920,5,534
4921,2,239
4922,0,48
4923,0,57
4924,1,172
4925,1,143
4926,1,143
4927,1,171
4928,4,444
4929,2,248
4930,1,171
4931,0,57
4932,1,174
4933,0,57
4934,7,721
4935,0,48
4936,2,239
4937,0,57
4938,4,301
4939,1,143
4940,1,143
4941,7,373
4942,1,143
4943,1,171
4944,2,240
4945,3,348
4946,1,143
4947,23,285
4948,1,143
4949,1,143
4950,1,172
4951,2,284
4952,1,143
4953,2,240
4954,3,335
4955,1,172
4956,0,57
4957,1,143
4958,1,171
4959,2,284
4960,0,57
4961,0,57
4962,1,143
4963,3,338
4964,2,252
4965,2,239
4966,1,143
4967,1,144
4968,1,146
4969,9,570
4970,2,284
4971,1,144
4972,0,48
4973,0,48
4974,0,48
4975,1,146
4976,1,171
4977,0,48
4978,1,143
4979,1,171
4980,4,262
4981,2,409
4982,2,239
4983,0,57
4984,1,147
4985,1,144
4986,1,143
4987,2,252
4988,3,335
4989,1,171
4990,2,421
4991,1,143
4992,1,171
4993,2,421
4994,1,171
4995,2,248
4996,1,175
4997,1,143
4998,1,143
4999,2,242
5000,1,143
5001,1,143
5002,1,174
5003,5,187
5004,2,252
5005,3,353
5006,3,350
5007,6,548
5008,0,57
5009,5,174
5010,25,603
5011,1,143
5012,2,284
5013,1,172
5014,6,271
5015,0,48
5016,2,241
5017,1,147
5018,0,57
5019,1,143
5020,1,171
5021,3,335
5022,0,57
5023,1,143
5024,3,598
5025,1,143
5026,2,239
5027,4,530
5028,1,143
5029,2,242
5030,9,568
5031,0,57
5032,1,143
5033,3,349
5034,0,48
5035,0,57
5036,1,171
5037,0,57
5038,4,516
5039,3,338
5040,1,143
5041,1,171
5042,3,215
5043,1,171
5044,1,143
5045,2,239
5046,2,292
5047,5,174
5048,2,294
5049,2,408
5050,1,143
5051,3,351
5052,5,540
5053,2,485
5054,2,241
5055,0,57
5056,2,242
5057,1,171
5058,3,339
5059,2,286
5060,3,215
5061,2,252
5062,0,57
5063,2,242
5064,4,452
5065,1,143
5066,6,455
5067,1,143
5068,1,147
5069,2,252
5070,19,770
5071,1,143
5072,6,274
5073,6,448
5074,2,256
5075,3,215
5076,2,239
5077,2,239
5078,1,143
5079,1,146
5080,2,239
5081,5,361
5082,1,143
5083,0,48
5084,2,241
5085,1,171
5086,2,241
5087,1,143
5088,1,171
5089,2,254
5090,2,284
5091,1,171
5092,1,143
5093,1,143
5094,2,239
5095,1,171
5096,1,143
5097,1,172
5098,2,239
5099,0,57
5100,0,48
5101,3,336
5102,1,143
5103,6,667
5104,1,143
5105,2,239
5106,1,212
5107,1,172
5108,0,57
5109,5,547
5110,3,335
5111,1,171
5112,0,57
5113,1,179
5114,0,57
5115,6,449
5116,0,57
5117,1,171
5118,1,171
5119,15,500
5120,3,397
5121,1,371
5122,2,241
5123,0,72
5124,6,311
5125,2,239
5126,3,351
5127,5,553
5128,0,72
5129,1,143
5130,2,252
5131,3,504
5132,6,662
5133,0,57
5134,2,249
5135,1,143
5136,0,57
5137,2,239
5138,3,335
5139,2,241
5140,2,284
5141,1,143
5142,0,57
5143,19,862
5144,0,48
5145,5,553
5146,1,171
5147,1,143
5148,0,57
5149,4,455
5150,2,242
5151,14,534
5152,2,299
5153,5,178
5154,8,5000
5155,4,512
5156,0,57
5157,1,171
5158,2,239
5159,1,143
5160,2,239
5161,2,242
5162,1,143
5163,2,241
5164,0,48
5165,1,143
5166,10,688
5167,1,371
5168,2,284
5169,8,486
5170,20,1591
5171,1,313
5172,2,239
5173,0,48
5174,6,269
5175,1,143
5176,1,143
5177,1,171
5178,2,239
5179,6,461
5180,2,239
5181,2,299
5182,3,417
5183,3,352
5184,0,48
5185,2,239
5186,1,171
5187,2,239
5188,3,346
5189,2,239
5190,25,658
5191,1,143
5192,3,335
5193,0,48
5194,0,48
5195,0,48
5196,2,243
5197,0,48
5198,0,48
5199,0,48
5200,3,337
5201,0,57
5202,3,348
5203,15,419
5204,5,432
5205,2,239
5206,1,143
5207,29,1122
5208,18,753
5209,2,284
5210,5,527
5211,1,171
5212,2,239
5213,2,252
5214,8,648
5215,1,143
5216,2,252
5217,1,212
5218,1,143
5219,1,171
5220,3,337
5221,0,57
5222,4,328
5223,1,143
5224,2,290
5225,4,471
5226,0,57
5227,0,57
5228,0,57
5229,1,145
5230,0,57
5231,2,252
5232,6,341
5233,4,257
5234,2,241
5235,6,871
5236,4,431
5237,4,444
5238,2,285
5239,0,48
5240,23,663
5241,6,274
5242,2,285
5243,3,335
5244,1,171
5245,4,328
5246,2,408
5247,3,352
5248,2,239
5249,3,206
5250,4,457
5251,3,414
5252,1,143
5253,1,143
5254,2,239
5255,0,72
5256,7,370
5257,2,239
5258,1,143
5259,1,143
5260,6,274
5261,0,57
5262,3,339
5263,1,143
5264,6,770
5265,1,143
5266,2,239
5267,1,143
5268,18,753
5269,3,338
5270,3,215
5271,1,143
5272,1,143
5273,2,284
5274,1,171
5275,1,143
5276,6,653
5277,7,1703
5278,30,670
5279,1,143
5280,2,284
5281,2,239
5282,0,57
5283,2,239
5284,1,143
5285,1,143
5286,5,533
5287,7,454
5288,0,57
5289,1,146
5290,1,143
5291,7,433
5292,2,284
5293,4,438
5294,22,2584
5295,3,215
5296,2,242
5297,2,242
5298,1,171
5299,3,352
5300,34,935
5301,4,338
5302,1,143
5303,4,328
5304,0,57
5305,2,239
5306,1,145
5307,1,147
5308,3,397
5309,5,175
5310,3,506
5311,5,174
5312,2,240
5313,1,171
5314,3,215
5315,1,143
5316,1,147
5317,3,342
5318,5,176
5319,0,48
5320,0,48
5321,1,171
5322,1,143
5323,1,171
5324,2,242
5325,0,57
5326,1,143
5327,1,171
5328,1,171
5329,1,216
5330,2,239
5331,2,299
5332,3,335
5333,2,239
5334,3,397
5335,7,377
5336,1,143
5337,1,143
5338,6,269
5339,3,230
5340,4,261
5341,2,239
5342,2,284
5343,4,332
5344,1,143
5345,1,143
5346,1,175
5347,3,335
5348,2,242
5349,1,143
5350,1,143
5351,1,171
5352,3,338
5353,2,243
5354,0,48
5355,3,335
5356,7,484
5357,29,1026
5358,1,171
5359,2,299
5360,7,723
5361,5,668
5362,3,517
5363,1,143
5364,0,48
5365,0,57
5366,2,408
5367,0,57
5368,2,239
5369,2,284
5370,1,171
5371,1,143
5372,1,143
5373,1,143
5374,6,643
5375,3,397
5376,0,72
5377,0,57
5378,1,143
5379,3,338
5380,0,57
5381,1,171
5382,3,401
5383,6,749
5384,5,542
5385,0,57
5386,6,311
5387,1,144
5388,2,256
5389,2,239
5390,2,239
5391,0,48
5392,3,357
5393,1,143
5394,3,351
5395,4,527
5396,8,651
5397,0,48
5398,6,453
5399,2,239
5400,2,241
5401,3,412
5402,1,171
5403,0,48
5404,0,48
5405,1,143
5406,2,242
5407,0,57
5408,0,48
5409,0,48
5410,2,290
5411,2,252
5412,2,243
5413,2,284
5414,3,397
5415,2,284
5416,1,313
5417,1,144
5418,2,239
5419,1,171
5420,1,143
5421,2,239
5422,1,171
5423,2,252
5424,0,57
5425,3,397
5426,0,57
5427,2,242
5428,2,284
5429,5,368
5430,1,171
5431,0,48
5432,2,239
5433,6,270
5434,4,525
5435,2,284
5436,2,241
5437,0,48
5438,2,239
5439,2,299
5440,5,709
5441,3,348
5442,2,239
5443,0,48
5444,29,578
5445,7,4238
5446,2,285
5447,2,248
5448,2,239
5449,2,239
5450,8,479
5451,1,171
5452,1,143
5453,0,57
5454,3,335
5455,1,172
5456,3,397
5457,1,171
5458,0,48
5459,18,757
5460,3,335
5461,2,239
5462,1,171
5463,4,435
5464,1,143
5465,1,143
5466,1,143
5467,2,299
5468,8,481
5469,3,350
5470,5,417
5471,1,173
5472,1,146
5473,2,241
5474,2,252
5475,28,548
5476,2,284
5477,1,171
5478,2,287
5479,2,241
5480,2,239
5481,3,336
5482,1,143
5483,1,174
5484,5,527
5485,0,48
5486,1,143
5487,0,48
5488,1,174
5489,2,284
5490,1,143
5491,1,171
5492,2,485
5493,3,397
5494,1,171
5495,2,352
5496,2,239
5497,2,239
5498,2,284
5499,2,239
5500,1,143
5501,15,489
5502,2,239
5503,1,143
5504,2,241
5505,1,143
5506,2,239
5507,3,517
5508,1,174
5509,1,143
5510,2,239
5511,1,143
5512,1,144
5513,1,171
5514,1,171
5515,0,57
5516,3,397
5517,1,143
5518,1,143
5519,3,335
5520,1,143
5521,1,143
5522,2,284
5523,1,171
5524,2,286
5525,3,335
5526,14,376
5527,1,143
5528,2,288
5529,32,770
5530,2,240
5531,1,171
5532,1,171
5533,2,239
5534,6,664
5535,1,143
5536,1,143
5537,4,272
5538,1,171
5539,3,335
5540,4,431
5541,1,172
5542,4,263
5543,3,348
5544,2,239
5545,5,359
5546,2,239
5547,2,239
5548,3,348
5549,4,600
5550,5,175
5551,2,239
5552,5,425
5553,2,239
5554,1,143
5555,1,143
5556,1,143
5557,2,252
5558,8,479
5559,1,143
5560,1,143
5561,5,174
5562,3,335
5563,2,284
5564,30,534
5565,2,241
5566,1,143
5567,5,603
5568,1,144
5569,3,215
5570,1,143
5571,1,144
5572,2,243
5573,5,553
5574,1,143
5575,1,171
5576,1,143
5577,2,241
5578,1,173
5579,2,239
5580,1,143
5581,1,143
5582,2,240
5583,7,405
5584,2,241
5585,1,171
5586,1,143
5587,2,239
5588,0,57
5589,1,171
5590,0,57
5591,1,171
5592,4,431
5593,1,143
5594,6,676
5595,0,57
5596,0,48
5597,0,57
5598,4,444
5599,2,284
5600,5,174
5601,2,241
5602,2,239
5603,0,57
5604,4,510
5605,3,348
5606,2,284
5607,1,144
5608,3,339
5609,1,171
5610,1,145
5611,4,454
5612,1,174
5613,2,239
5614,1,148
5615,0,48
5616,0,48
5617,2,239
5618,2,243
5619,1,172
5620,3,340
5621,3,348
5622,1,143
5623,1,147
5624,0,48
5625,1,144
5626,1,146
5627,1,145
5628,3,341
5629,1,212
5630,4,448
5631,5,546
5632,2,284
5633,2,284
5634,5,385
5635,18,845
5636,4,266
5637,3,337
5638,3,215
5639,3,335
5640,2,239
5641,4,301
5642,0,48
5643,1,143
5644,0,48
5645,30,670
5646,1,143
5647,0,48
5648,4,434
5649,1,171
5650,1,171
5651,1,171
5652,2,287
5653,2,239
5654,1,143
5655,2,243
5656,1,171
5657,1,143
5658,2,287
5659,2,241
5660,2,239
5661,4,446
5662,30,1329
5663,5,579
5664,2,239
5665,9,443
5666,30,919
5667,0,57
5668,2,239
5669,2,239
5670,7,552
5671,1,171
5672,0,57
5673,2,408
5674,3,348
5675,2,239
5676,1,143
5677,7,745
5678,2,421
5679,4,431
5680,6,664
5681,3,412
5682,1,171
5683,2,239
5684,3,402
5685,18,754
5686,1,143
5687,2,239
5688,2,239
5689,1,172
5690,1,171
5691,4,435
5692,30,577
5693,4,257
5694,1,171
5695,1,171
5696,1,143
5697,2,254
5698,2,239
5699,2,239
5700,1,143
5701,6,637
5702,3,335
5703,1,143
5704,9,683
5705,15,478
5706,1,146
5707,0,57
5708,4,431
5709,0,57
5710,1,143
5711,1,143
5712,3,335
5713,2,241
5714,2,239
5715,2,239
5716,4,372
5717,0,57
5718,1,143
5719,3,340
5720,2,248
5721,2,240
5722,1,143
5723,2,239
5724,2,240
5725,5,363
5726,4,301
5727,2,287
5728,5,540
5729,2,241
5730,2,239
5731,0,57
5732,1,143
5733,2,286
5734,3,354
5735,2,239
5736,2,289
5737,1,175
5738,2,284
5739,1,143
5740,5,559
5741,1,143
5742,3,335
5743,1,143
5744,2,241
5745,1,143
5746,4,444
5747,4,328
5748,2,284
5749,1,171
5750,0,48
5751,1,143
5752,1,143
5753,1,143
5754,2,239
5755,1,172
5756,2,408
5757,1,171
5758,1,143
5759,1,171
5760,1,143
5761,2,239
5762,2,284
5763,3,336
5764,0,48
5765,2,239
5766,1,143
5767,1,172
5768,1,143
5769,0,57
5770,8,660
5771,4,334
5772,2,239
5773,2,239
5774,3,215
5775,0,48
5776,1,143
5777,1,171
5778,4,444
5779,3,348
5780,1,171
5781,1,172
5782,2,239
5783,1,143
5784,6,283
5785,2,284
5786,1,146
5787,4,268
5788,1,143
5789,3,504
5790,2,253
5791,0,48
5792,1,143
5793,2,485
5794,2,239
5795,3,335
5796,4,301
5797,1,171
5798,18,753
5799,2,255
5800,9,392
5801,1,171
5802,1,143
5803,3,598
5804,3,348
5805,1,143
5806,4,328
5807,1,146
5808,2,289
5809,1,143
5810,1,143
5811,1,143
5812,1,171
5813,5,175
5814,4,435
5815,3,335
5816,3,338
5817,3,335
5818,2,252
5819,3,351
5820,4,451
5821,4,531
5822,4,444
5823,35,591
5824,1,143
5825,1,143
5826,4,306
5827,19,431
5828,2,284
5829,2,284
5830,2,239
5831,3,335
5832,2,284
5833,2,239
5834,2,284
5835,0,57
5836,2,242
5837,0,57
5838,3,335
5839,5,385
5840,2,239
5841,6,455
5842,8,856
5843,7,548
5844,3,335
5845,3,399
5846,2,248
5847,5,178
5848,3,337
5849,3,215
5850,1,371
5851,3,338
5852,3,397
5853,1,143
5854,0,48
5855,1,143
5856,1,143
5857,1,144
5858,2,248
5859,1,143
5860,1,143
5861,2,239
5862,3,397
5863,2,239
5864,1,179
5865,2,284
5866,1,144
5867,1,143
5868,3,339
5869,5,355
5870,1,143
5871,1,143
5872,0,48
5873,1,143
5874,8,494
5875,2,284
5876,2,239
5877,0,57
5878,7,366
5879,3,206
5880,10,978
5881,2,239
5882,29,506
5883,2,239
5884,1,143
5885,3,342
5886,1,145
5887,2,299
5888,2,239
5889,1,143
5890,3,413
5891,2,252
5892,1,143
5893,1,143
5894,3,407
5895,2,239
5896,2,239
5897,1,171
5898,2,239
5899,0,57
5900,1,143
5901,2,408
5902,2,245
5903,3,338
5904,1,171
5905,3,352
5906,2,252
5907,3,335
5908,0,48
5909,12,1804
5910,2,248
5911,5,827
5912,4,470
5913,2,252
5914,1,146
5915,1,171
5916,5,368
5917,1,143
5918,2,286
5919,4,257
5920,1,146
5921,2,239
5922,0,48
5923,27,824
5924,5,174
5925,2,239
5926,1,171
5927,1,174
5928,2,239
5929,16,589
5930,2,241
5931,2,239
5932,3,348
5933,1,171
5934,2,284
5935,2,293
5936,3,351
5937,1,171
5938,4,334
5939,6,322
5940,3,351
5941,4,257
5942,2,254
5943,3,336
5944,1,143
5945,3,336
5946,1,143
5947,1,143
5948,1,143
5949,0,48
5950,1,143
5951,1,147
5952,1,171
5953,3,337
5954,1,172
5955,1,143
5956,0,48
5957,16,372
5958,5,420
5959,2,239
5960,0,57
5961,3,335
5962,6,534
5963,1,143
5964,16,739
5965,3,412
5966,2,239
5967,1,172
5968,5,355
5969,1,143
5970,2,254
5971,1,143
5972,1,171
5973,1,143
5974,1,171
5975,2,258
5976,30,495
5977,1,147
5978,0,48
5979,2,240
5980,1,147
5981,0,48
5982,0,48
5983,2,243
5984,0,48
5985,2,421
5986,3,348
5987,2,408
5988,2,239
5989,30,496
5990,18,560
5991,2,239
5992,2,244
5993,5,174
5994,1,143
5995,4,446
5996,8,512
5997,2,240
5998,1,171
5999,1,146
6000,0,48
6001,1,143
6002,2,248
6003,5,175
6004,11,496
6005,2,284
6006,1,171
6007,1,171
6008,1,143
6009,0,57
6010,3,335
6011,1,143
6012,13,626
6013,1,171
6014,2,284
6015,2,485
6016,1,143
6017,1,143
6018,3,344
6019,1,143
6020,1,171
6021,2,358
6022,1,143
6023,2,284
6024,6,812
6025,1,171
6026,2,284
6027,30,603
6028,1,171
6029,4,432
6030,3,335
6031,4,434
6032,2,284
6033,2,239
6034,2,239
6035,1,171
6036,3,335
6037,4,260
6038,0,48
6039,4,265
6040,5,356
6041,39,1471
6042,2,284
6043,13,463
6044,1,143
6045,2,284
6046,1,143
6047,1,171
6048,2,239
6049,1,143
6050,2,239
6051,2,252
6052,3,335
6053,2,353
6054,1,143
6055,4,534
6056,1,143
6057,4,431
6058,3,335
6059,2,246
6060,2,239
6061,2,239
6062,1,171
6063,3,348
6064,14,376
6065,4,613
6066,4,600
6067,1,143
6068,7,454
6069,3,374
6070,1,143
6071,1,143
6072,4,444
6073,2,252
6074,3,397
6075,1,171
6076,2,239
6077,1,143
6078,6,454
6079,1,171
6080,1,143
6081,3,412
6082,1,171
6083,11,470
6084,1,143
6085,1,143
6086,1,143
6087,2,239
6088,5,362
6089,2,247
6090,6,269
6091,1,143
6092,3,352
6093,2,244
6094,1,143
6095,2,239
6096,2,284
6097,1,143
6098,1,171
6099,3,352
6100,6,272
6101,1,144
6102,0,57
6103,1,145
6104,2,284
6105,2,242
6106,3,359
6107,2,352
6108,3,398
6109,5,638
6110,1,143
6111,30,733
6112,3,397
6113,1,143
6114,1,143
6115,2,287
6116,2,287
6117,1,143
6118,1,143
6119,1,143
6120,5,176
6121,1,171
6122,1,171
6123,30,496
6124,0,48
6125,5,175
6126,3,414
6127,1,143
6128,4,510
6129,0,57
6130,1,143
6131,1,171
6132,3,335
6133,1,171
6134,1,172
6135,0,48
6136,0,72
6137,3,335
6138,1,171
6139,1,147
6140,1,143
6141,30,579
6142,1,147
6143,1,147
6144,3,336
6145,1,146
6146,1,143
6147,6,269
6148,1,145
6149,1,143
6150,1,146
6151,2,284
6152,0,57
6153,0,57
6154,1,143
6155,1,174
6156,1,143
6157,0,57
6158,1,172
6159,0,48
6160,4,470
6161,1,143
6162,0,57
6163,0,48
6164,0,48
6165,1,171
6166,1,146
6167,2,291
6168,5,527
6169,8,292
6170,1,144
6171,1,143
6172,1,171
6173,3,412
6174,2,239
6175,5,621
6176,1,171
6177,2,243
6178,3,335
6179,2,239
6180,1,145
6181,3,341
6182,1,143
6183,2,239
6184,5,522
6185,2,252
6186,1,143
6187,1,143
6188,1,143
6189,4,431
6190,4,434
6191,0,48
6192,4,319
6193,2,284
6194,7,588
6195,2,284
6196,5,638
6197,1,143
6198,2,408
6199,6,271
6200,2,239
6201,5,423
6202,1,171
6203,2,240
6204,3,338
6205,2,284
6206,2,239
6207,3,338
6208,0,48
6209,1,171
6210,1,146
6211,0,48
6212,6,699
6213,2,241
6214,1,143
6215,1,145
6216,3,352
6217,5,385
6218,2,240
6219,3,215
6220,1,172
6221,5,175
6222,1,172
6223,1,143
6224,1,171
6225,2,485
6226,1,146
6227,5,550
6228,1,171
6229,2,284
6230,0,48
6231,5,178
6232,2,239
6233,3,335
6234,1,147
6235,2,245
6236,1,143
6237,0,48
6238,29,570
6239,4,447
6240,3,338
6241,7,366
6242,1,171
6243,0,48
6244,5,174
6245,0,57
6246,0,48
6247,3,397
6248,2,239
6249,1,174
6250,1,143
6251,2,239
6252,0,57
6253,2,242
6254,3,338
6255,6,640
6256,3,349
6257,1,143
6258,2,241
6259,1,179
6260,2,284
6261,1,171
6262,2,242
6263,1,171
6264,2,241
6265,6,686
6266,1,171
6267,3,335
6268,0,48
6269,3,353
6270,0,48
6271,4,525
6272,2,252
6273,5,178
6274,3,342
6275,2,239
6276,2,253
6277,0,48
6278,3,335
6279,1,146
6280,2,243
6281,3,504
6282,2,239
6283,3,348
6284,2,242
6285,3,336
6286,0,48
6287,0,57
6288,4,431
6289,2,239
6290,1,171
6291,3,348
6292,7,393
6293,2,252
6294,2,252
6295,3,337
6296,1,144
6297,0,57
6298,0,57
6299,4,517
6300,1,171
6301,2,239
6302,1,171
6303,1,212
6304,4,328
6305,3,335
6306,1,179
6307,2,246
6308,1,212
6309,7,366
6310,3,336
6311,1,143
6312,1,171
6313,3,335
6314,1,143
6315,10,479
6316,3,447
6317,8,311
6318,1,171
6319,3,335
6320,4,431
6321,1,143
6322,1,143
6323,2,284
6324,7,579
6325,1,171
6326,6,686
6327,2,243
6328,2,248
6329,4,444
6330,2,240
6331,1,171
6332,2,239
6333,3,355
6334,0,57
6335,3,504
6336,3,398
6337,6,269
6338,6,749
6339,2,284
6340,8,703
6341,1,143
6342,1,143
6343,0,57
6344,2,285
6345,2,239
6346,8,311
6347,1,171
6348,1,143
6349,2,241
6350,6,270
6351,6,269
6352,2,252
6353,2,284
6354,0,57
6355,3,348
6356,2,284
6357,2,285
6358,2,284
6359,3,412
6360,2,241
6361,2,284
6362,2,284
6363,2,239
6364,3,505
6365,1,144
6366,8,485
6367,1,143
6368,4,445
6369,3,348
6370,1,171
6371,2,239
6372,1,171
6373,1,174
6374,1,171
6375,3,335
6376,2,239
6377,1,145
6378,2,284
6379,1,143
6380,3,335
6381,4,431
6382,1,143
6383,3,411
6384,1,143
6385,0,48
6386,3,348
6387,4,536
6388,2,284
6389,6,646
6390,2,284
6391,3,335
6392,4,600
6393,2,239
6394,4,448
6395,2,239
6396,2,239
6397,6,282
6398,3,397
6399,3,397
6400,1,145
6401,2,239
6402,2,284
6403,26,546
6404,1,171
6405,1,143
6406,1,171
6407,2,252
6408,1,179
6409,1,143
6410,2,284
6411,3,336
6412,1,143
6413,4,604
6414,1,143
6415,3,504
6416,2,485
6417,1,172
6418,2,239
6419,11,709
6420,1,171
6421,2,252
6422,2,239
6423,5,540
6424,1,143
6425,4,463
6426,0,48
6427,1,212
6428,3,339
6429,2,239
6430,2,241
6431,2,239
6432,1,179
6433,1,143
6434,2,239
6435,1,171
6436,1,171
6437,3,335
6438,1,171
6439,1,143
6440,1,171
6441,4,433
6442,2,239
6443,2,297
6444,2,239
6445,3,335
6446,1,143
6447,5,175
6448,2,239
6449,1,145
6450,1,143
6451,1,145
6452,2,241
6453,1,171
6454,2,239
6455,2,246
6456,1,172
6457,1,146
6458,3,341
6459,5,174
6460,11,841
6461,3,335
6462,3,215
6463,0,57
6464,4,618
6465,1,212
6466,4,525
6467,0,48
6468,3,397
6469,1,171
6470,7,391
6471,1,143
6472,1,147
6473,1,146
6474,0,48
6475,0,48
6476,1,171
6477,1,143
6478,0,57
6479,2,243
6480,0,48
6481,0,57
6482,3,335
6483,2,239
6484,7,366
6485,0,72
6486,26,493
6487,6,831
6488,1,172
6489,0,48
6490,1,173
6491,2,248
6492,0,48
6493,0,48
6494,0,48
6495,1,145
6496,6,668
6497,0,57
6498,7,860
6499,1,173
6500,2,284
6501,1,171
6502,3,337
6503,2,245
6504,1,143
6505,1,143
6506,4,326
6507,0,57
6508,29,506
6509,2,239
6510,0,57
6511,0,72
6512,0,57
6513,0,57
6514,3,397
6515,1,143
6516,0,57
6517,1,143
6518,0,48
6519,0,48
6520,0,57
6521,0,48
6522,0,57
6523,0,57
6524,4,446
6525,1,144
6526,1,171
6527,1,144
6528,2,245
6529,0,57
6530,3,335
6531,1,143
6532,6,676
6533,1,143
6534,5,175
6535,4,431
6536,0,48
6537,2,239
6538,1,171
6539,2,285
6540,1,143
6541,12,304
6542,5,544
6543,1,143
6544,2,239
6545,0,57
6546,1,143
6547,1,143
6548,0,57
6549,3,338
6550,0,57
6551,1,143
6552,6,455
6553,2,239
6554,0,57
6555,1,143
6556,1,143
6557,1,143
6558,1,171
6559,1,143
6560,3,400
6561,3,337
6562,6,484
6563,2,239
6564,4,445
6565,33,656
6566,13,611
6567,2,240
6568,5,352
6569,3,336
6570,2,284
6571,1,143
6572,16,372
6573,28,1010
6574,1,143
6575,28,548
6576,1,171
6577,1,143
6578,2,241
6579,1,171
6580,1,143
6581,4,260
6582,5,638
6583,4,445
6584,1,171
6585,1,175
6586,2,485
6587,6,751
6588,4,306
6589,2,286
6590,0,57
6591,5,361
6592,3,344
6593,3,421
6594,2,299
6595,2,252
6596,1,171
6597,1,143
6598,3,406
6599,2,409
6600,2,354
6601,1,171
6602,2,239
6603,1,143
6604,3,397
6605,1,143
6606,1,143
6607,1,143
6608,2,239
6609,4,445
6610,4,258
6611,1,143
6612,1,143
6613,3,598
6614,1,143
6615,1,171
6616,2,285
6617,0,57
6618,1,171
6619,0,48
6620,1,143
6621,1,171
6622,1,143
6623,3,348
6624,4,600
6625,4,602
6626,1,171
6627,1,143
6628,0,48
6629,0,48
6630,1,143
6631,5,531
6632,1,143
6633,0,57
6634,0,57
6635,5,566
6636,1,143
6637,2,284
6638,0,48
6639,4,455
6640,18,757
6641,1,143
6642,1,143
6643,1,171
6644,3,397
6645,2,239
6646,1,179
6647,7,1083
6648,3,336
6649,5,723
6650,2,239
6651,2,239
6652,2,239
6653,3,348
6654,1,143
6655,1,143
6656,2,248
6657,1,143
6658,2,239
6659,2,284
6660,2,299
6661,4,453
6662,5,716
6663,1,143
6664,3,336
6665,2,284
6666,1,212
6667,1,143
6668,3,351
6669,4,338
6670,1,179
6671,2,240
6672,1,175
6673,4,328
6674,37,1367
6675,3,350
6676,2,241
6677,1,144
6678,3,335
6679,3,352
6680,0,48
6681,3,355
6682,2,239
6683,3,598
6684,1,143
6685,0,48
6686,2,239
6687,3,348
6688,4,311
6689,1,171
6690,2,288
6691,1,143
6692,2,239
6693,3,350
6694,1,147
6695,1,143
6696,1,143
6697,6,274
6698,2,285
6699,3,349
6700,38,850
6701,1,143
6702,32,1005
6703,3,215
6704,5,178
6705,0,48
6706,0,48
6707,1,143
6708,4,444
6709,2,240
6710,2,241
6711,2,286
6712,2,299
6713,4,310
6714,1,171
6715,3,206
6716,2,239
6717,4,445
6718,1,143
6719,6,277
6720,3,517
6721,6,749
6722,1,143
6723,1,147
6724,1,171
6725,5,178
6726,3,335
6727,2,239
6728,0,48
6729,2,285
6730,3,346
6731,4,426
6732,1,171
6733,1,144
6734,0,57
6735,1,143
6736,0,48
6737,4,711
6738,26,620
6739,4,615
6740,0,57
6741,1,143
6742,2,284
6743,1,171
6744,1,143
6745,4,605
6746,1,143
6747,3,335
6748,9,599
6749,5,178
6750,23,1297
6751,2,284
6752,2,239
6753,2,239
6754,2,254
6755,1,143
6756,2,284
6757,1,143
6758,1,143
6759,1,143
6760,3,335
6761,3,520
6762,1,171
6763,2,284
6764,4,613
6765,2,239
6766,2,239
6767,2,284
6768,0,57
6769,2,421
6770,2,240
6771,2,239
6772,2,239
6773,2,239
6774,2,284
6775,5,542
6776,2,243
6777,1,171
6778,3,206
6779,2,239
6780,6,453
6781,4,525
6782,5,438
6783,0,57
6784,0,48
6785,2,288
6786,2,241
6787,0,57
6788,2,241
6789,0,48
6790,6,675
6791,1,146
6792,1,143
6793,2,285
6794,1,143
6795,1,143
6796,1,147
6797,1,171
6798,3,405
6799,6,761
6800,2,239
6801,25,727
6802,2,239
6803,2,248
6804,2,285
6805,4,437
6806,2,242
6807,1,143
6808,6,649
6809,1,143
6810,4,440
6811,1,143
6812,2,248
6813,1,143
6814,3,335
6815,2,239
6816,1,143
6817,4,263
6818,0,57
6819,1,143
6820,1,143
6821,1,179
6822,0,57
6823,1,143
6824,2,284
6825,1,143
6826,2,485
6827,2,284
6828,2,242
6829,23,284
6830,1,143
6831,0,57
6832,3,413
6833,1,143
6834,2,252
6835,2,284
6836,3,350
6837,5,187
6838,3,336
6839,1,143
6840,3,338
6841,3,341
6842,2,243
6843,2,242
6844,2,242
6845,3,351
6846,1,171
6847,1,143
6848,6,274
6849,36,907
6850,1,143
6851,0,57
6852,2,287
6853,3,341
6854,1,171
6855,4,431
6856,0,57
6857,2,239
6858,0,57
6859,3,337
6860,2,239
6861,1,143
6862,8,509
6863,2,241
6864,1,143
6865,2,284
6866,0,48
6867,0,72
6868,0,48
6869,1,171
6870,0,48
6871,1,143
6872,2,242
6873,2,284
6874,1,171
6875,2,243
6876,4,448
6877,1,143
6878,2,239
6879,31,589
6880,6,536
6881,6,529
6882,2,285
6883,1,171
6884,3,349
6885,2,255
6886,2,241
6887,3,412
6888,2,239
6889,1,171
6890,1,171
6891,1,143
6892,1,171
6893,2,248
6894,1,143
6895,2,408
6896,1,143
6897,2,239
6898,1,147
6899,9,609
6900,1,172
6901,3,397
6902,4,715
6903,1,143
6904,1,171
6905,9,1222
6906,2,239
6907,1,143
6908,1,143
6909,1,143
6910,0,48
6911,2,255
6912,1,143
6913,0,48
6914,0,57
6915,2,241
6916,3,339
6917,1,171
6918,1,147
6919,1,143
6920,1,143
6921,0,48
6922,4,468
6923,8,313
6924,4,534
6925,3,397
6926,2,239
6927,2,239
6928,1,143
6929,7,396
6930,2,256
6931,10,561
6932,1,143
6933,4,308
6934,1,172
6935,1,171
6936,4,268
6937,8,479
6938,0,48
6939,2,284
6940,1,171
6941,1,171
6942,0,48
6943,3,397
6944,0,48
6945,3,347
6946,1,171
6947,1,172
6948,0,48
6949,2,258
6950,1,171
6951,0,48
6952,0,48
6953,0,48
6954,1,143
6955,0,57
6956,1,171
6957,0,48
6958,1,171
6959,5,174
6960,1,147
6961,7,1600
6962,9,939
6963,2,252
6964,2,284
6965,2,252
6966,1,171
6967,1,171
6968,2,239
6969,2,239
6970,1,143
6971,1,143
6972,5,541
6973,1,171
6974,1,143
6975,2,240
6976,6,274
6977,1,171
6978,27,1326
6979,2,284
6980,1,143
6981,2,239
6982,0,72
6983,1,143
6984,0,57
6985,2,242
6986,3,397
6987,2,239
6988,1,143
6989,2,239
6990,4,319
6991,1,143
6992,5,355
6993,1,143
6994,0,57
6995,10,558
6996,3,397
6997,0,57
6998,2,239
6999,3,338
7000,3,335
7001,1,143
7002,3,335
7003,2,242
7004,1,143
7005,4,457
7006,1,143
7007,4,328
7008,2,239
7009,2,241
7010,1,143
7011,3,397
7012,2,241
7013,1,143
7014,2,240
7015,0,57
7016,2,239
7017,1,143
7018,4,440
7019,3,335
7020,3,335
7021,1,171
7022,2,284
7023,4,263
7024,7,642
7025,3,412
7026,3,335
7027,4,510
7028,1,147
7029,1,143
7030,1,143
7031,1,143
7032,6,449
7033,3,215
7034,3,598
7035,1,143
7036,5,414
7037,2,252
7038,4,444
7039,2,288
7040,2,239
7041,0,48
7042,4,263
7043,3,337
7044,2,239
7045,9,558
7046,29,681
7047,10,677
7048,2,239
7049,2,239
7050,1,143
7051,3,352
7052,1,143
7053,5,372
7054,0,48
7055,1,313
7056,4,257
7057,2,284
7058,2,284
7059,2,239
7060,3,337
7061,7,796
7062,4,324
7063,7,647
7064,1,171
7065,3,335
7066,2,240
7067,0,48
7068,1,171
7069,3,348
7070,2,284
7071,2,239
7072,2,286
7073,6,270
7074,1,143
7075,3,517
7076,2,239
7077,1,146
7078,6,475
7079,3,230
7080,3,413
7081,5,521
7082,1,143
7083,3,339
7084,2,239
7085,1,147
7086,3,338
7087,1,171
7088,6,269
7089,1,147
7090,2,239
7091,3,339
7092,3,338
7093,3,338
7094,25,1089
7095,1,143
7096,3,504
7097,4,444
7098,3,348
7099,30,770
7100,0,48
7101,1,143
7102,2,284
7103,2,421
7104,4,433
7105,2,408
7106,1,171
7107,3,215
7108,1,143
7109,7,585
7110,2,239
7111,1,171
7112,2,284
7113,2,284
7114,1,171
7115,0,72
7116,3,349
7117,2,284
7118,1,143
7119,9,925
7120,2,241
7121,1,143
7122,6,270
7123,1,212
7124,1,143
7125,1,143
7126,5,178
7127,8,764
7128,0,57
7129,3,350
7130,2,421
7131,3,349
7132,1,143
7133,0,57
7134,0,48
7135,1,143
7136,5,359
7137,0,48
7138,4,511
7139,2,252
7140,1,143
7141,3,353
7142,3,336
7143,2,284
7144,6,753
7145,2,239
7146,4,527
7147,1,143
7148,3,403
7149,5,174
7150,1,145
7151,0,48
7152,2,239
7153,2,284
7154,2,241
7155,3,349
7156,1,143
7157,0,57
7158,3,335
7159,6,274
7160,1,145
7161,8,495
7162,0,57
7163,5,176
7164,1,148
7165,1,143
7166,7,660
7167,1,175
7168,1,143
7169,2,239
7170,4,434
7171,1,172
7172,2,242
7173,0,48
7174,4,444
7175,1,171
7176,21,485
7177,0,48
7178,1,143
7179,7,415
7180,0,57
7181,1,171
7182,3,350
7183,2,241
7184,3,335
7185,2,241
7186,3,412
7187,0,57
7188,3,206
7189,2,239
7190,3,598
7191,2,239
7192,2,408
7193,3,335
7194,0,48
7195,20,510
7196,16,1771
7197,6,640
7198,1,144
7199,2,485
7200,1,146
7201,1,174
7202,1,144
7203,1,174
7204,0,57
7205,3,397
7206,0,57
7207,3,398
7208,2,243
7209,1,143
7210,0,48
7211,0,48
7212,2,239
7213,1,143
7214,0,48
7215,4,449
7216,0,57
7217,2,240
7218,2,239
7219,6,701
7220,21,642
7221,1,171
7222,4,613
7223,2,239
7224,1,171
7225,5,351
7226,1,143
7227,3,738
7228,3,397
7229,0,48
7230,0,57
7231,2,242
7232,1,143
7233,4,525
7234,2,284
7235,1,171
7236,2,284
7237,2,239
7238,1,143
7239,3,397
7240,1,171
7241,3,397
7242,4,272
7243,25,1699
7244,3,335
7245,4,525
7246,1,174
7247,0,48
7248,1,146
7249,0,48
7250,1,171
7251,3,337
7252,27,711
7253,1,146
7254,2,239
7255,6,269
7256,1,146
7257,2,239
7258,1,171
7259,2,242
7260,0,57
7261,23,686
7262,3,339
7263,2,299
7264,1,143
7265,3,337
7266,6,567
7267,1,171
7268,4,517
7269,35,711
7270,0,57
7271,1,171
7272,1,144
7273,2,242
7274,1,143
7275,2,239
7276,0,48
7277,1,171
7278,20,551
7279,4,301
7280,3,403
7281,1,171
7282,1,143
7283,0,48
7284,0,48
7285,0,48
7286,3,348
7287,1,171
7288,5,364
7289,2,284
7290,1,143
7291,1,171
7292,33,819
7293,2,248
7294,1,146
7295,1,143
7296,3,504
7297,2,239
7298,2,239
7299,3,363
7300,3,215
7301,2,239
7302,1,148
7303,35,660
7304,0,48
7305,2,239
7306,2,239
7307,4,613
7308,0,57
7309,2,239
7310,1,175
7311,2,239
7312,0,57
7313,1,171
7314,2,239
7315,0,48
7316,1,172
7317,0,57
7318,1,143
7319,0,57
7320,1,171
7321,4,432
7322,1,171
7323,1,179
7324,1,143
7325,1,171
7326,2,239
7327,2,240
7328,2,239
7329,4,308
7330,2,239
7331,2,239
7332,1,143
7333,1,143
7334,1,143
7335,2,239
7336,4,263
7337,1,171
7338,1,179
7339,1,175
7340,5,187
7341,1,179
7342,2,241
7343,5,174
7344,0,57
7345,1,143
7346,1,143
7347,2,242
7348,1,143
7349,3,335
7350,1,171
7351,1,143
7352,1,171
7353,2,239
7354,3,335
7355,2,239
7356,2,284
7357,3,348
7358,3,397
7359,2,256
7360,5,566
7361,3,335
7362,1,175
7363,1,174
7364,16,613
7365,0,48
7366,3,206
7367,8,582
7368,1,143
7369,1,171
7370,0,57
7371,2,243
7372,2,243
7373,1,143
7374,1,175
7375,4,525
7376,1,143
7377,2,485
7378,2,239
7379,1,172
7380,3,348
7381,1,144
7382,1,171
7383,1,143
7384,2,239
7385,1,145
7386,2,252
7387,3,348
7388,1,143
7389,1,143
7390,1,143
7391,1,157
7392,0,48
7393,1,143
7394,0,48
7395,1,146
7396,2,239
7397,1,143
7398,0,57
7399,1,143
7400,1,143
7401,1,143
7402,0,48
7403,1,171
7404,1,175
7405,1,143
7406,1,179
7407,0,48
7408,1,143
7409,0,48
7410,2,284
7411,2,252
7412,1,143
7413,1,143
7414,2,239
7415,0,48
7416,0,48
7417,1,143
7418,1,146
7419,1,171
7420,3,335
7421,5,174
7422,1,143
7423,3,598
7424,1,172
7425,1,143
7426,3,335
7427,6,646
7428,1,145
7429,0,48
7430,5,178
7431,1,143
7432,3,342
7433,6,320
7434,1,143
7435,2,239
7436,3,351
7437,1,143
7438,4,431
7439,1,143
7440,1,143
7441,6,282
7442,3,352
7443,4,426
7444,2,239
7445,1,143
7446,0,57
7447,1,144
7448,1,171
7449,3,337
7450,1,143
7451,1,171
7452,1,147
7453,1,171
7454,3,598
7455,1,171
7456,1,143
7457,3,335
7458,1,143
7459,0,72
7460,2,239
7461,3,397
7462,1,171
7463,2,485
7464,1,143
7465,1,171
7466,6,472
7467,3,335
7468,3,397
7469,2,288
7470,6,317
7471,1,143
7472,2,421
7473,2,286
7474,2,243
7475,1,172
7476,1,171
7477,1,143
7478,1,171
7479,4,711
7480,1,171
7481,1,143
7482,1,143
7483,4,431
7484,3,335
7485,3,599
7486,5,174
7487,1,217
7488,1,143
7489,2,289
7490,4,263
7491,3,335
7492,2,240
7493,0,48
7494,0,48
7495,3,339
7496,1,174
7497,1,172
7498,1,147
7499,0,48
7500,0,48
7501,0,57
7502,1,148
7503,0,48
7504,30,594
7505,2,242
7506,1,143
7507,3,517
7508,2,284
7509,1,171
7510,1,143
7511,1,172
7512,2,289
7513,1,143
7514,2,239
7515,0,48
7516,1,147
7517,2,239
7518,1,143
7519,6,274
7520,3,335
7521,2,287
7522,3,344
7523,3,337
7524,18,845
7525,0,57
7526,2,239
7527,1,171
7528,1,143
7529,4,267
7530,1,143
7531,3,335
7532,1,145
7533,5,540
7534,4,338
7535,3,504
7536,1,143
7537,3,339
7538,2,284
7539,2,239
7540,5,175
7541,1,143
7542,1,143
7543,1,143
7544,1,143
7545,1,143
7546,1,143
7547,2,239
7548,3,335
7549,1,171
7550,2,284
7551,3,415
7552,5,178
7553,1,143
7554,0,48
7555,6,649
7556,1,145
7557,1,143
7558,1,171
7559,1,147
7560,1,143
7561,2,239
7562,1,143
7563,3,398
7564,1,143
7565,2,246
7566,2,239
7567,4,301
7568,1,144
7569,1,144
7570,3,348
7571,1,143
7572,1,143
7573,1,146
7574,1,143
7575,2,239
7576,3,412
7577,2,239
7578,1,143
7579,6,271
7580,2,284
7581,2,239
7582,3,397
7583,1,143
7584,1,144
7585,3,504
7586,3,337
7587,4,301
7588,1,144
7589,3,442
7590,1,171
7591,1,143
7592,1,143
7593,3,348
7594,5,357
7595,1,143
7596,5,178
7597,0,57
7598,1,172
7599,2,284
7600,3,348
7601,1,143
7602,2,239
7603,1,171
7604,2,239
7605,1,143
7606,1,171
7607,1,143
7608,1,143
7609,2,408
7610,4,511
7611,3,348
7612,1,143
7613,1,171
7614,1,143
7615,4,613
7616,1,143
7617,4,439
7618,1,147
7619,1,146
7620,29,506
7621,4,446
7622,1,143
7623,1,212
7624,2,241
7625,4,431
7626,1,313
7627,1,172
7628,2,242
7629,2,239
7630,5,455
7631,3,348
7632,28,807
7633,3,335
7634,6,485
7635,1,143
7636,1,172
7637,2,286
7638,1,143
7639,1,148
7640,2,239
7641,4,263
7642,2,255
7643,1,143
7644,2,243
7645,0,48
7646,1,143
7647,1,313
7648,1,143
7649,3,348
7650,1,171
7651,1,143
7652,2,239
7653,2,289
7654,4,480
7655,0,48
7656,0,48
7657,8,661
7658,1,143
7659,4,319
7660,2,241
7661,1,143
7662,1,212
7663,3,412
7664,14,320
7665,1,171
7666,1,174
7667,1,143
7668,1,143
7669,5,548
7670,1,143
7671,1,145
7672,2,252
7673,1,143
7674,1,143
7675,1,171
7676,2,239
7677,2,239
7678,1,143
7679,1,143
7680,1,144
7681,3,335
7682,5,361
7683,4,431
7684,1,171
7685,2,239
7686,1,143
7687,1,171
7688,1,143
7689,2,239
7690,2,240
7691,2,248
7692,1,143
7693,1,146
7694,6,274
7695,2,252
7696,1,143
7697,1,143
7698,1,143
7699,4,431
7700,1,143
7701,2,284
7702,1,143
7703,2,261
7704,1,143
7705,1,171
7706,3,338
7707,8,609
7708,1,171
7709,7,665
7710,2,241
7711,1,143
7712,0,48
7713,1,171
7714,1,172
7715,1,143
7716,6,455
7717,4,261
7718,1,171
7719,2,248
7720,1,143
7721,2,239
7722,1,143
7723,1,143
7724,1,143
7725,1,173
7726,1,171
7727,1,143
7728,1,143
7729,1,143
7730,1,174
7731,1,143
7732,2,239
7733,2,239
7734,5,423
7735,2,242
7736,2,239
7737,3,335
7738,8,686
7739,1,143
7740,1,143
7741,2,239
7742,2,287
7743,1,313
7744,3,517
7745,5,175
7746,1,143
7747,3,397
7748,1,148
7749,2,241
7750,4,259
7751,0,48
7752,1,143
7753,0,57
7754,1,143
7755,1,172
7756,6,451
7757,1,174
7758,2,241
7759,0,48
7760,2,239
7761,3,335
7762,1,145
7763,1,143
7764,2,284
7765,1,143
7766,39,1930
7767,6,629
7768,1,143
7769,1,172
7770,3,338
7771,5,178
7772,1,171
7773,1,171
7774,0,57
7775,0,57
7776,0,48
7777,1,143
7778,2,239
7779,1,146
7780,9,404
7781,3,492
7782,6,274
7783,1,143
7784,0,48
7785,3,348
7786,1,171
7787,1,143
7788,1,171
7789,9,471
7790,0,48
7791,1,147
7792,2,288
7793,4,470
7794,1,145
7795,3,335
7796,9,387
7797,0,48
7798,1,143
7799,1,143
7800,7,406
7801,1,147
7802,3,348
7803,1,171
7804,2,239
7805,1,171
7806,6,274
7807,1,146
7808,1,171
7809,1,172
7810,5,178
7811,2,239
7812,1,143
7813,2,242
7814,1,143
7815,1,171
7816,1,146
7817,7,378
7818,2,239
7819,2,243
7820,4,334
7821,2,239
7822,3,206
7823,2,248
7824,5,542
7825,3,504
7826,1,179
7827,1,171
7828,1,144
7829,2,239
7830,1,143
7831,2,408
7832,2,284
7833,2,299
7834,2,289
7835,1,143
7836,1,143
7837,2,284
7838,2,239
7839,2,286
7840,4,470
7841,2,284
7842,1,143
7843,6,672
7844,3,336
7845,24,877
7846,1,171
7847,1,143
7848,24,877
7849,2,242
7850,0,57
7851,1,143
7852,1,143
7853,1,143
7854,2,242
7855,1,143
7856,2,239
7857,1,143
7858,4,328
7859,1,174
7860,2,252
7861,1,148
7862,2,239
7863,0,48
7864,22,788
7865,1,143
7866,1,143
7867,2,239
7868,0,48
7869,1,143
7870,5,583
7871,5,176
7872,1,143
7873,2,285
7874,1,146
7875,1,146
7876,1,143
7877,0,57
7878,2,310
7879,0,57
7880,8,474
7881,2,408
7882,5,438
7883,0,48
7884,3,348
7885,1,144
7886,3,352
7887,2,257
7888,1,143
7889,0,57
7890,1,143
7891,2,242
7892,0,57
7893,0,48
7894,2,243
7895,4,470
7896,1,179
7897,6,270
7898,3,414
7899,9,448
7900,4,600
7901,5,178
7902,3,338
7903,1,171
7904,3,215
7905,3,412
7906,3,351
7907,2,241
7908,4,431
7909,0,48
7910,1,143
7911,22,551
7912,6,331
7913,2,248
7914,3,335
7915,1,143
7916,0,48
7917,2,241
7918,2,408
7919,2,239
7920,5,358
7921,1,143
7922,2,408
7923,2,239
7924,1,145
7925,0,57
7926,2,284
7927,2,284
7928,2,239
7929,5,646
7930,4,259
7931,9,448
7932,1,143
7933,6,736
7934,2,285
7935,1,147
7936,1,171
7937,1,171
7938,2,485
7939,0,57
7940,3,336
7941,1,171
7942,2,252
7943,5,427
7944,2,239
7945,1,143
7946,3,215
7947,1,171
7948,2,239
7949,3,336
7950,1,143
7951,2,243
7952,4,431
7953,3,398
7954,2,239
7955,1,143
7956,1,143
7957,1,143
7958,1,147
7959,1,171
7960,1,171
7961,3,598
7962,1,171
7963,2,284
7964,2,241
7965,2,245
7966,2,239
7967,1,145
7968,3,351
7969,1,145
7970,7,806
7971,2,239
7972,2,408
7973,2,239
7974,1,143
7975,4,265
7976,1,171
7977,1,144
7978,4,510
7979,1,171
7980,2,284
7981,34,1056
7982,3,397
7983,0,48
7984,3,504
7985,0,48
7986,6,652
7987,7,367
7988,1,143
7989,2,284
7990,4,303
7991,1,212
7992,1,143
7993,1,143
7994,0,57
7995,1,143
7996,0,48
7997,2,284
7998,4,525
7999,3,352
8000,14,1009
8001,1,143
8002,2,239
8003,2,239
8004,3,335
8005,2,239
8006,1,171
8007,1,143
8008,1,143
8009,4,372
8010,1,145
8011,1,143
8012,3,348
8013,2,408
8014,3,349
8015,1,143
8016,25,489
8017,1,212
8018,1,179
8019,2,242
8020,1,179
8021,1,171
8022,1,143
8023,3,337
8024,2,239
8025,1,171
8026,1,143
8027,1,173
8028,2,286
8029,4,536
8030,1,144
8031,4,458
8032,1,143
8033,0,57
8034,2,299
8035,1,143
8036,1,143
8037,2,248
8038,1,143
8039,1,171
8040,1,143
8041,2,248
8042,1,143
8043,1,143
8044,0,48
8045,2,308
8046,1,171
8047,2,284
8048,1,143
8049,1,143
8050,1,143
8051,2,284
8052,1,143
8053,5,566
8054,3,517
8055,1,143
8056,2,239
8057,14,324
8058,2,284
8059,1,143
8060,2,241
8061,1,143
8062,4,729
8063,1,143
8064,3,337
8065,2,239
8066,3,397
8067,4,446
8068,3,352
8069,2,239
8070,1,144
8071,1,171
8072,1,143
8073,2,284
8074,1,143
8075,1,143
8076,1,143
8077,1,143
8078,2,284
8079,6,474
8080,3,350
8081,1,143
8082,2,239
8083,2,284
8084,1,143
8085,1,143
8086,1,143
8087,1,144
8088,1,171
8089,2,485
8090,2,240
8091,1,143
8092,1,143
8093,2,294
8094,4,470
8095,3,402
8096,1,143
8097,4,307
8098,5,178
8099,1,171
8100,1,143
8101,1,171
8102,2,239
8103,24,877
8104,1,143
8105,4,457
8106,1,143
8107,2,239
8108,1,171
8109,4,444
8110,4,444
8111,6,471
8112,5,439
8113,1,171
8114,2,239
8115,3,336
8116,2,239
8117,1,171
8118,2,289
8119,6,786
8120,1,143
8121,15,491
8122,2,256
8123,2,299
8124,1,146
8125,2,284
8126,2,254
8127,3,335
8128,1,144
8129,0,48
8130,3,420
8131,8,856
8132,3,400
8133,1,146
8134,5,175
8135,1,175
8136,1,143
8137,0,48
8138,0,48
8139,2,239
8140,2,239
8141,1,175
8142,2,244
8143,2,284
8144,6,453
8145,1,171
8146,1,145
8147,1,146
8148,6,322
8149,2,239
8150,3,337
8151,1,147
8152,1,179
8153,2,241
8154,2,284
8155,2,239
8156,7,407
8157,3,397
8158,1,143
8159,3,397
8160,1,174
8161,3,397
8162,28,1010
8163,1,171
8164,1,143
8165,1,143
8166,4,435
8167,1,146
8168,1,212
8169,1,171
8170,1,147
8171,1,143
8172,4,555
8173,38,1349
8174,2,239
8175,1,143
8176,0,48
8177,2,408
8178,5,603
8179,5,485
8180,23,285
8181,5,543
8182,18,950
8183,1,143
8184,1,143
8185,1,143
8186,1,143
8187,1,145
8188,2,243
8189,2,408
8190,2,284
8191,1,143
8192,2,239
8193,5,357
8194,3,336
8195,1,147
8196,1,171
8197,3,339
8198,5,603
8199,2,239
8200,1,171
8201,1,143
8202,2,239
8203,2,252
8204,1,143
8205,1,172
8206,7,745
8207,2,288
8208,3,335
8209,1,145
8210,31,589
8211,5,176
8212,1,171
8213,2,239
8214,5,544
8215,2,239
8216,2,284
8217,2,239
8218,2,239
8219,2,239
8220,1,172
8221,3,397
8222,2,244
8223,5,174
8224,1,144
8225,2,239
8226,2,239
8227,2,239
8228,1,145
8229,0,48
8230,1,146
8231,3,341
8232,1,143
8233,1,143
8234,1,171
8235,1,143
8236,1,171
8237,1,143
8238,33,626
8239,2,284
8240,4,600
8241,1,146
8242,3,600
8243,0,48
8244,1,143
8245,23,991
8246,1,143
8247,4,444
8248,2,239
8249,1,143
8250,5,351
8251,5,176
8252,1,143
8253,3,376
8254,0,57
8255,2,252
8256,4,431
8257,3,337
8258,2,284
8259,1,143
8260,2,253
8261,2,254
8262,2,299
8263,2,240
8264,1,143
8265,5,551
8266,2,485
8267,4,444
8268,1,143
8269,1,143
8270,2,240
8271,2,239
8272,3,355
8273,38,5000
8274,1,143
8275,2,239
8276,0,48
8277,1,179
8278,1,143
8279,1,143
8280,4,339
8281,3,337
8282,1,143
8283,6,307
8284,1,143
8285,1,171
8286,0,48
8287,2,250
8288,1,143
8289,1,143
8290,0,57
8291,2,243
8292,0,48
8293,33,1111
8294,5,352
8295,1,171
8296,0,57
8297,1,143
8298,2,352
8299,2,241
8300,1,143
8301,5,374
8302,3,398
8303,1,171
8304,1,143
8305,0,57
8306,1,179
8307,1,212
8308,1,143
8309,0,48
8310,4,457
8311,1,143
8312,1,144
8313,1,146
8314,1,143
8315,2,239
8316,1,143
8317,1,171
8318,1,171
8319,1,171
8320,2,239
8321,0,48
8322,3,335
8323,1,143
8324,1,171
8325,1,143
8326,1,147
8327,2,285
8328,0,57
8329,1,171
8330,1,179
8331,2,239
8332,1,143
8333,4,444
8334,1,171
8335,1,174
8336,0,72
8337,2,239
8338,0,57
8339,1,143
8340,27,680
8341,1,143
8342,0,48
8343,5,175
8344,4,264
8345,2,284
8346,1,143
8347,3,215
8348,3,335
8349,1,172
8350,1,143
8351,2,239
8352,1,144
8353,1,143
8354,1,173
8355,3,412
8356,5,176
8357,2,243
8358,5,359
8359,2,239
8360,1,147
8361,2,239
8362,3,344
8363,17,431
8364,0,48
8365,12,396
8366,2,286
8367,1,145
8368,5,187
8369,1,146
8370,3,397
8371,5,174
8372,1,143
8373,2,299
8374,3,397
8375,2,408
8376,1,171
8377,2,408
8378,4,435
8379,5,176
8380,2,241
8381,1,171
8382,2,240
8383,1,171
8384,1,143
8385,2,284
8386,1,143
8387,2,241
8388,1,143
8389,4,448
8390,1,143
8391,3,335
8392,1,148
8393,1,143
8394,1,146
8395,0,48
8396,5,187
8397,1,143
8398,1,143
8399,0,48
8400,1,144
8401,0,48
8402,0,48
8403,1,143
8404,1,171
8405,2,286
8406,2,284
8407,1,143
8408,0,57
8409,32,1115
8410,1,144
8411,1,171
8412,6,308
8413,1,171
8414,6,269
8415,1,146
8416,2,240
8417,1,146
8418,3,335
8419,2,239
8420,3,348
8421,1,171
8422,2,239
8423,1,143
8424,1,143
8425,2,243
8426,2,241
8427,2,252
8428,2,248
8429,3,519
8430,2,261
8431,2,288
8432,1,143
8433,1,143
8434,1,143
8435,2,239
8436,1,143
8437,1,171
8438,3,335
8439,2,425
8440,1,171
8441,2,242
8442,3,337
8443,2,239
8444,4,470
8445,2,408
8446,8,848
8447,2,242
8448,1,147
8449,1,143
8450,1,145
8451,0,48
8452,4,268
8453,1,171
8454,3,339
8455,1,143
8456,1,171
8457,0,48
8458,0,48
8459,1,171
8460,1,171
8461,1,145
8462,1,171
8463,2,239
8464,1,143
8465,1,143
8466,6,274
8467,2,239
8468,1,371
8469,1,144
8470,6,478
8471,2,292
8472,1,143
8473,1,143
8474,5,187
8475,1,171
8476,1,171
8477,1,171
8478,6,699
8479,2,250
8480,0,48
8481,1,143
8482,4,510
8483,2,239
8484,8,339
8485,2,239
8486,2,242
8487,1,143
8488,1,144
8489,1,143
8490,1,143
8491,4,434
8492,4,303
8493,6,653
8494,7,545
8495,1,143
8496,2,241
8497,0,57
8498,4,510
8499,2,239
8500,5,175
8501,1,143
8502,1,171
8503,28,774
8504,4,436
8505,1,171
8506,2,254
8507,2,421
8508,12,788
8509,1,144
8510,4,431
8511,1,171
8512,6,650
8513,4,521
8514,1,171
8515,2,239
8516,0,57
8517,3,335
8518,9,918
8519,1,171
8520,1,171
8521,2,239
8522,3,336
8523,1,143
8524,1,143
8525,3,415
8526,2,239
8527,34,1045
8528,1,143
8529,1,143
8530,2,239
8531,3,397
8532,1,145
8533,18,845
8534,1,143
8535,2,288
8536,2,239
8537,1,143
8538,3,507
8539,5,357
8540,2,239
8541,13,509
8542,1,143
8543,5,178
8544,1,143
8545,2,287
8546,1,147
8547,1,143
8548,3,397
8549,2,241
8550,0,48
8551,0,48
8552,2,239
8553,3,340
8554,1,171
8555,0,48
8556,1,143
8557,3,336
8558,0,57
8559,1,143
8560,1,143
8561,2,299
8562,4,445
8563,3,215
8564,0,48
8565,2,239
8566,3,338
8567,2,239
8568,1,143
8569,1,143
8570,0,48
8571,0,57
8572,1,147
8573,0,57
8574,2,239
8575,1,175
8576,2,284
8577,1,143
8578,4,431
8579,5,174
8580,2,239
8581,0,48
8582,1,171
8583,1,143
8584,1,172
8585,5,178
8586,1,143
8587,1,313
8588,2,239
8589,0,57
8590,0,57
8591,3,336
8592,2,284
8593,2,239
8594,2,284
8595,4,448
8596,1,146
8597,1,144
8598,1,143
8599,2,239
8600,1,143
8601,2,239
8602,3,400
8603,4,255
8604,5,178
8605,2,239
8606,2,287
8607,1,143
8608,2,353
8609,1,143
8610,1,143
8611,2,239
8612,3,357
8613,23,284
8614,3,335
8615,3,348
8616,2,239
8617,2,287
8618,1,147
8619,18,600
8620,4,518
8621,1,143
8622,2,294
8623,2,239
8624,4,525
8625,1,143
8626,3,215
8627,1,143
8628,2,239
8629,2,252
8630,2,239
8631,1,212
8632,2,239
8633,1,143
8634,2,284
8635,3,397
8636,2,239
8637,0,48
8638,2,284
8639,1,143
8640,1,143
8641,1,143
8642,2,284
8643,5,540
8644,4,257
8645,4,265
8646,3,335
8647,1,171
8648,1,172
8649,1,143
8650,1,143
8651,2,284
8652,4,267
8653,2,284
8654,1,143
8655,0,57
8656,1,143
8657,1,171
8658,1,171
8659,6,463
8660,1,143
8661,2,239
8662,2,239
8663,2,241
8664,2,239
8665,1,171
8666,1,171
8667,2,239
8668,1,143
8669,3,335
8670,2,241
8671,3,348
8672,3,397
8673,0,48
8674,1,143
8675,3,598
8676,1,143
8677,1,171
8678,1,143
8679,4,446
8680,2,240
8681,1,143
8682,2,239
8683,3,335
8684,0,48
8685,1,143
8686,1,143
8687,1,143
8688,0,57
8689,2,293
8690,1,143
8691,1,143
8692,5,187
8693,1,146
8694,1,143
8695,3,335
8696,3,337
8697,4,265
8698,2,252
8699,1,212
8700,1,143
8701,1,143
8702,1,143
8703,1,148
8704,2,239
8705,3,338
8706,3,598
8707,2,242
8708,1,143
8709,4,328
8710,0,48
8711,3,339
8712,2,239
8713,1,171
8714,23,285
8715,1,143
8716,2,287
8717,2,239
8718,4,470
8719,2,242
8720,8,678
8721,2,408
8722,2,239
8723,3,351
8724,2,239
8725,1,143
8726,2,241
8727,1,143
8728,1,171
8729,2,243
8730,4,601
8731,5,566
8732,4,517
8733,4,614
8734,1,146
8735,0,57
8736,3,402
8737,3,335
8738,2,240
8739,2,239
8740,1,145
8741,5,175
8742,6,271
8743,1,171
8744,2,239
8745,3,335
8746,1,144
8747,2,284
8748,2,239
8749,1,171
8750,2,285
8751,2,239
8752,1,171
8753,1,143
8754,2,239
8755,21,734
8756,4,525
8757,4,525
8758,3,335
8759,1,171
8760,2,241
8761,9,400
8762,2,239
8763,1,172
8764,15,476
8765,3,335
8766,1,143
8767,3,336
8768,1,143
8769,1,171
8770,1,143
8771,4,444
8772,2,239
8773,1,143
8774,1,171
8775,3,340
8776,2,485
8777,3,335
8778,2,240
8779,2,239
8780,2,239
8781,2,286
8782,3,337
8783,1,171
8784,4,264
8785,4,432
8786,0,57
8787,1,174
8788,6,560
8789,3,215
8790,3,335
8791,1,212
8792,4,334
8793,0,48
8794,1,171
8795,5,624
8796,2,408
8797,1,171
8798,1,143
8799,2,284
8800,7,368
8801,2,239
8802,1,143
8803,1,143
8804,1,143
8805,2,239
8806,3,335
8807,1,171
8808,2,239
8809,1,171
8810,1,143
8811,4,440
8812,1,143
8813,21,734
8814,5,178
8815,4,447
8816,2,284
8817,2,239
8818,2,239
8819,4,432
8820,30,964
8821,6,516
8822,1,143
8823,4,600
8824,1,143
8825,1,175
8826,2,241
8827,1,143
8828,1,147
8829,7,385
8830,1,143
8831,3,400
8832,2,242
8833,3,348
8834,4,711
8835,3,348
8836,2,239
8837,2,242
8838,1,171
8839,5,539
8840,3,338
8841,3,335
8842,1,143
8843,1,143
8844,2,239
8845,4,444
8846,5,187
8847,1,171
8848,20,391
8849,2,284
8850,5,541
8851,2,239
8852,3,337
8853,2,239
8854,2,284
8855,1,171
8856,1,143
8857,1,171
8858,1,143
8859,1,143
8860,2,243
8861,1,143
8862,1,144
8863,3,335
8864,5,372
8865,5,174
8866,1,143
8867,2,241
8868,3,406
8869,2,241
8870,2,239
8871,2,239
8872,4,514
8873,2,260
8874,1,171
8875,2,239
8876,7,642
8877,3,397
8878,2,243
8879,1,143
8880,1,143
8881,1,143
8882,1,171
8883,23,284
8884,1,171
8885,3,337
8886,2,299
8887,3,397
8888,1,143
8889,2,239
8890,1,143
8891,4,328
8892,1,171
8893,3,335
8894,4,444
8895,1,171
8896,1,143
8897,2,239
8898,1,143
8899,1,143
8900,2,239
8901,1,143
8902,1,145
8903,2,284
8904,2,284
8905,2,239
8906,1,143
8907,1,143
8908,1,143
8909,2,239
8910,0,48
8911,3,412
8912,1,171
8913,2,285
8914,1,143
8915,1,143
8916,1,143
8917,3,598
8918,1,143
8919,1,143
8920,1,171
8921,2,408
8922,3,348
8923,1,171
8924,1,143
8925,5,533
8926,1,143
8927,5,175
8928,0,48
8929,1,145
8930,1,143
8931,3,230
8932,3,335
8933,1,143
8934,5,358
8935,2,284
8936,2,239
8937,4,543
8938,0,57
8939,1,143
8940,0,48
8941,1,143
8942,6,657
8943,1,174
8944,2,239
8945,3,504
8946,1,171
8947,4,431
8948,2,239
8949,1,171
8950,1,146
8951,1,143
8952,6,270
8953,0,48
8954,1,146
8955,2,284
8956,1,143
8957,1,171
8958,3,335
8959,2,284
8960,3,335
8961,0,57
8962,0,48
8963,0,48
8964,0,48
8965,1,143
8966,0,57
8967,2,239
8968,2,239
8969,1,143
8970,1,179
8971,1,212
8972,31,818
8973,2,284
8974,23,285
8975,1,143
8976,2,284
8977,2,292
8978,3,397
8979,1,171
8980,0,57
8981,23,285
8982,2,239
8983,5,579
8984,2,252
8985,5,357
8986,4,451
8987,1,212
8988,5,187
8989,2,284
8990,2,243
8991,1,143
8992,1,143
8993,2,284
8994,4,431
8995,2,310
8996,1,143
8997,2,239
8998,1,143
8999,2,284
9000,6,755
9001,2,239
9002,14,516
9003,0,48
9004,30,670
9005,1,143
9006,0,57
9007,3,504
9008,1,143
9009,2,239
9010,36,966
9011,1,143
9012,2,252
9013,23,285
9014,3,335
9015,6,483
9016,2,239
9017,1,143
9018,2,244
9019,2,250
9020,0,48
9021,2,284
9022,3,351
9023,11,487
9024,1,143
9025,3,336
9026,6,371
9027,0,57
9028,3,750
9029,1,143
9030,2,243
9031,1,171
9032,2,239
9033,1,157
9034,1,143
9035,0,57
9036,1,171
9037,4,303
9038,3,598
9039,6,5000
9040,1,143
9041,5,551
9042,1,146
9043,2,239
9044,3,335
9045,29,535
9046,18,753
9047,1,143
9048,0,57
9049,2,242
9050,2,284
9051,1,171
9052,2,239
9053,1,146
9054,0,57
9055,30,919
9056,4,515
9057,4,520
9058,3,339
9059,1,171
9060,2,239
9061,2,239
9062,5,175
9063,1,146
9064,1,145
9065,2,244
9066,2,284
9067,2,239
9068,7,378
9069,7,569
9070,2,239
9071,2,239
9072,0,57
9073,2,284
9074,2,241
9075,4,445
9076,3,342
9077,2,284
9078,7,675
9079,1,171
9080,7,771
9081,3,335
9082,1,145
9083,3,517
9084,1,171
9085,2,284
9086,1,143
9087,2,241
9088,4,446
9089,22,757
9090,3,397
9091,1,143
9092,3,348
9093,0,48
9094,4,517
9095,1,143
9096,2,239
9097,3,598
9098,0,48
9099,6,319
9100,1,143
9101,2,239
9102,0,48
9103,1,143
9104,1,143
9105,2,354
9106,4,878
9107,0,48
9108,1,143
9109,2,285
9110,2,239
9111,1,143
9112,1,145
9113,4,613
9114,2,243
9115,1,174
9116,3,335
9117,1,171
9118,2,239
9119,1,143
9120,1,143
9121,0,48
9122,0,57
9123,1,143
9124,1,171
9125,2,285
9126,1,147
9127,1,171
9128,2,288
9129,5,638
9130,6,269
9131,2,239
9132,2,284
9133,1,143
9134,1,143
9135,1,171
9136,1,171
9137,0,48
9138,6,308
9139,4,447
9140,0,57
9141,2,242
9142,1,143
9143,4,510
9144,2,250
9145,4,434
9146,2,239
9147,3,410
9148,1,144
9149,1,171
9150,5,631
9151,0,48
9152,0,57
9153,1,143
9154,1,143
9155,1,171
9156,1,146
9157,1,143
9158,0,57
9159,9,572
9160,1,143
9161,0,57
9162,16,655
9163,0,48
9164,2,239
9165,1,143
9166,1,147
9167,2,240
9168,0,57
9169,8,804
9170,0,57
9171,17,721
9172,0,48
9173,2,239
9174,0,57
9175,1,143
9176,4,431
9177,6,274
9178,2,240
9179,0,57
9180,1,143
9181,33,736
9182,7,861
9183,0,48
9184,8,465
9185,2,239
9186,5,174
9187,2,239
9188,0,48
9189,18,560
9190,3,335
9191,0,57
9192,28,548
9193,0,48
9194,4,445
9195,0,48
9196,0,57
9197,2,243
9198,5,551
9199,8,775
9200,2,252
9201,1,147
9202,0,57
9203,4,431
9204,1,143
9205,1,143
9206,0,48
9207,4,444
9208,1,212
9209,2,241
9210,2,285
9211,0,48
9212,1,143
9213,0,48
9214,2,239
9215,0,48
9216,2,239
9217,0,57
9218,1,143
9219,2,239
9220,0,48
9221,1,143
9222,2,241
9223,2,241
9224,1,143
9225,5,628
9226,1,143
9227,3,352
9228,1,147
9229,5,176
9230,2,240
9231,3,335
9232,0,57
9233,2,239
9234,2,284
9235,2,241
9236,2,240
9237,0,57
9238,2,240
9239,1,179
9240,2,239
9241,2,239
9242,4,619
9243,6,311
9244,2,284
9245,24,1235
9246,1,143
9247,1,172
9248,2,239
9249,1,143
9250,4,431
9251,0,48
9252,1,143
9253,1,313
9254,3,338
9255,1,143
9256,5,187
9257,1,143
9258,2,239
9259,1,143
9260,4,431
9261,0,57
9262,1,143
9263,1,143
9264,1,171
9265,2,284
9266,2,408
9267,1,143
9268,1,143
9269,2,284
9270,2,239
9271,1,143
9272,3,206
9273,2,239
9274,3,421
9275,2,284
9276,1,143
9277,4,435
9278,1,143
9279,0,57
9280,3,340
9281,2,239
9282,0,57
9283,0,57
9284,1,171
9285,0,57
9286,1,143
9287,2,602
9288,1,143
9289,2,252
9290,5,653
9291,1,143
9292,1,143
9293,2,241
9294,0,57
9295,0,48
9296,0,48
9297,1,171
9298,2,239
9299,1,143
9300,3,335
9301,2,241
9302,1,143
9303,1,143
9304,1,147
9305,6,426
9306,3,352
9307,1,143
9308,1,171
9309,2,284
9310,0,57
9311,2,284
9312,9,1049
9313,1,174
9314,1,143
9315,0,48
9316,4,306
9317,1,143
9318,1,147
9319,2,239
9320,1,143
9321,1,143
9322,4,468
9323,1,148
9324,2,352
9325,3,397
9326,2,352
9327,23,285
9328,1,143
9329,1,143
9330,2,284
9331,1,172
9332,1,147
9333,3,507
9334,1,143
9335,1,212
9336,3,348
9337,1,145
9338,5,387
9339,0,57
9340,6,311
9341,23,285
9342,1,143
9343,3,506
9344,1,143
9345,2,239
9346,1,143
9347,9,714
9348,6,459
9349,1,143
9350,3,335
9351,1,156
9352,0,57
9353,4,301
9354,1,171
9355,0,57
9356,1,148
9357,4,261
9358,4,434
9359,1,175
9360,2,242
9361,2,239
9362,1,212
9363,1,146
9364,1,143
9365,18,627
9366,2,239
9367,2,239
9368,0,57
9369,1,146
9370,0,48
9371,3,517
9372,2,239
9373,1,143
9374,1,143
9375,1,143
9376,18,563
9377,2,254
9378,1,148
9379,3,335
9380,1,143
9381,1,143
9382,1,175
9383,1,171
9384,1,143
9385,1,171
9386,3,339
9387,2,242
9388,2,239
9389,1,143
9390,4,431
9391,5,541
9392,2,239
9393,2,242
9394,8,839
9395,2,287
9396,1,171
9397,1,143
9398,2,241
9399,3,339
9400,3,348
9401,0,48
9402,2,242
9403,0,48
9404,0,57
9405,1,143
9406,2,239
9407,0,57
9408,2,284
9409,1,143
9410,1,143
9411,0,48
9412,1,143
9413,5,175
9414,1,143
9415,0,48
9416,2,408
9417,2,408
9418,1,171
9419,1,174
9420,2,239
9421,2,239
9422,1,143
9423,4,301
9424,1,143
9425,1,143
9426,1,175
9427,1,143
9428,4,447
9429,2,284
9430,23,284
9431,0,48
9432,2,287
9433,4,261
9434,0,48
9435,1,143
9436,0,48
9437,2,239
9438,4,515
9439,4,431
9440,3,339
9441,1,143
9442,1,143
9443,1,143
9444,4,257
9445,2,239
9446,2,239
9447,4,431
9448,2,289
9449,3,215
9450,0,48
9451,1,147
9452,4,261
9453,1,172
9454,3,517
9455,2,239
9456,24,433
9457,1,143
9458,1,144
9459,1,143
9460,1,143
9461,0,57
9462,1,172
9463,0,57
9464,2,357
9465,1,179
9466,1,144
9467,2,239
9468,2,286
9469,3,346
9470,3,397
9471,2,240
9472,1,144
9473,1,143
9474,6,477
9475,2,239
9476,0,57
9477,1,143
9478,3,415
9479,3,335
9480,1,143
9481,1,143
9482,2,239
9483,0,57
9484,1,143
9485,1,143
9486,1,143
9487,1,171
9488,1,143
9489,1,143
9490,1,143
9491,2,242
9492,2,285
9493,1,171
9494,10,558
9495,3,348
9496,1,171
9497,23,285
9498,1,143
9499,1,143
9500,2,239
9501,3,335
9502,0,57
9503,1,143
9504,3,350
9505,0,57
9506,0,48
9507,2,257
9508,1,175
9509,0,72
9510,1,143
9511,1,171
9512,2,239
9513,3,356
9514,0,57
9515,1,143
9516,0,57
9517,2,239
9518,1,144
9519,3,498
9520,3,353
9521,0,57
9522,23,284
9523,1,147
9524,1,143
9525,1,143
9526,1,147
9527,1,143
9528,6,269
9529,3,335
9530,2,239
9531,1,143
9532,1,171
9533,2,239
9534,0,48
9535,0,48
9536,3,335
9537,0,57
9538,1,143
9539,0,48
9540,4,444
9541,1,143
9542,2,239
9543,4,444
9544,0,57
9545,1,143
9546,2,284
9547,1,179
9548,1,143
9549,1,143
9550,1,143
9551,2,299
9552,10,698
9553,0,57
9554,0,57
9555,1,147
9556,1,143
9557,1,171
9558,2,240
9559,1,143
9560,0,48
9561,4,437
9562,0,57
9563,1,143
9564,0,48
9565,0,48
9566,0,48
9567,1,171
9568,0,72
9569,3,410
9570,2,239
9571,2,239
9572,2,239
9573,1,143
9574,5,176
9575,2,239
9576,0,48
9577,1,143
9578,0,48
9579,0,48
9580,0,48
9581,3,336
9582,1,145
9583,0,48
9584,4,265
9585,4,474
9586,0,57
9587,1,171
9588,1,146
9589,3,351
9590,2,243
9591,1,143
9592,1,171
9593,3,348
9594,1,143
9595,1,143
9596,1,147
9597,1,147
9598,1,171
9599,1,143
9600,1,171
9601,1,144
9602,20,510
9603,1,143
9604,5,419
9605,1,143
9606,0,57
9607,1,171
9608,2,239
9609,1,143
9610,1,144
9611,1,143
9612,1,147
9613,6,274
9614,23,285
9615,1,143
9616,1,143
9617,3,335
9618,0,48
9619,1,143
9620,0,48
9621,0,57
9622,1,143
9623,4,270
9624,5,174
9625,1,171
9626,4,255
9627,2,284
9628,3,339
9629,0,57
9630,5,444
9631,2,284
9632,2,252
9633,1,171
9634,26,2187
9635,3,335
9636,1,172
9637,1,143
9638,2,239
9639,0,48
9640,8,515
9641,2,239
9642,0,48
9643,0,48
9644,0,57
9645,2,239
9646,1,171
9647,4,440
9648,6,319
9649,1,171
9650,1,171
9651,1,143
9652,1,143
9653,4,431
9654,2,239
9655,39,927
9656,7,601
9657,3,338
9658,0,48
9659,0,57
9660,3,339
9661,2,284
9662,3,412
9663,1,146
9664,6,274
9665,1,143
9666,0,48
9667,1,171
9668,0,57
9669,1,143
9670,2,284
9671,2,244
9672,1,143
9673,2,239
9674,0,57
9675,0,57
9676,1,145
9677,2,239
9678,2,239
9679,2,239
9680,3,337
9681,2,299
9682,0,48
9683,1,171
9684,1,146
9685,3,335
9686,1,147
9687,2,284
9688,2,285
9689,9,443
9690,0,48
9691,2,240
9692,0,48
9693,0,48
9694,1,143
9695,3,354
9696,2,252
9697,4,334
9698,1,143
9699,1,174
9700,6,311
9701,1,179
9702,1,143
9703,5,178
9704,1,143
9705,1,175
9706,4,636
9707,4,444
9708,4,258
9709,2,284
9710,0,72
9711,1,148
9712,2,239
9713,1,143
9714,2,240
9715,1,143
9716,1,143
9717,1,143
9718,1,143
9719,2,256
9720,2,239
9721,5,357
9722,0,57
9723,1,171
9724,2,284
9725,1,143
9726,1,143
9727,0,48
9728,4,442
9729,2,239
9730,0,57
9731,2,239
9732,2,241
9733,1,171
9734,1,143
9735,1,171
9736,0,57
9737,1,143
9738,0,48
9739,2,284
9740,1,143
9741,1,143
9742,1,146
9743,3,421
9744,1,171
9745,0,48
9746,1,143
9747,0,57
9748,5,187
9749,2,239
9750,1,143
9751,8,311
9752,0,57
9753,1,143
9754,1,146
9755,1,171
9756,1,143
9757,3,335
9758,1,171
9759,1,171
9760,2,239
9761,0,57
9762,0,57
9763,2,253
9764,1,179
9765,0,48
9766,1,179
9767,3,342
9768,2,293
9769,0,57
9770,1,171
9771,10,668
9772,0,57
9773,1,143
9774,2,284
9775,1,171
9776,2,242
9777,2,302
9778,2,239
9779,1,147
9780,1,171
9781,2,242
9782,1,171
9783,1,143
9784,1,143
9785,2,239
9786,3,348
9787,0,57
9788,1,143
9789,5,175
9790,1,143
9791,2,239
9792,3,398
9793,4,470
9794,1,143
9795,1,143
9796,2,239
9797,1,143
9798,1,144
9799,1,146
9800,1,143
9801,2,241
9802,1,143
9803,2,408
9804,1,171
9805,1,171
9806,2,287
9807,7,795
9808,2,248
9809,1,171
9810,1,146
9811,2,286
9812,2,296
9813,0,48
9814,1,143
9815,2,284
9816,0,48
9817,2,240
9818,6,547
9819,0,57
9820,2,239
9821,1,143
9822,2,288
9823,3,335
9824,5,603
9825,0,57
9826,5,539
9827,1,143
9828,0,57
9829,2,239
9830,1,146
9831,0,57
9832,1,143
9833,0,57
9834,2,239
9835,2,293
9836,2,239
9837,6,650
9838,0,57
9839,5,176
9840,3,412
9841,2,239
9842,1,143
9843,2,284
9844,1,147
9845,2,239
9846,3,338
9847,0,57
9848,1,146
9849,1,143
9850,5,352
9851,2,288
9852,1,146
9853,4,626
9854,1,143
9855,2,239
9856,3,412
9857,1,145
9858,2,239
9859,1,212
9860,0,57
9861,0,57
9862,6,653
9863,1,173
9864,1,143
9865,1,143
9866,2,284
9867,2,285
9868,6,637
9869,0,57
9870,1,145
9871,1,147
9872,3,402
9873,33,626
9874,4,448
9875,3,338
9876,2,243
9877,1,171
9878,1,143
9879,5,394
9880,0,57
9881,2,239
9882,3,348
9883,1,143
9884,33,566
9885,1,143
9886,1,143
9887,1,171
9888,3,338
9889,1,143
9890,1,171
9891,3,335
9892,1,143
9893,2,243
9894,1,143
9895,0,48
9896,1,143
9897,0,57
9898,2,239
9899,1,143
9900,1,171
9901,5,187
9902,3,337
9903,1,179
9904,2,239
9905,1,172
9906,1,146
9907,4,255
9908,2,240
9909,1,175
9910,1,171
9911,1,147
9912,1,143
9913,0,48
9914,1,143
9915,1,172
9916,5,174
9917,1,171
9918,1,143
9919,1,171
9920,1,144
9921,2,241
9922,1,143
9923,3,337
9924,3,338
9925,4,446
9926,1,143
9927,3,351
9928,1,143
9929,1,143
9930,10,482
9931,0,57
9932,26,585
9933,2,239
9934,1,143
9935,2,284
9936,9,443
9937,1,212
9938,1,174
9939,2,239
9940,1,143
9941,30,546
9942,3,348
9943,4,442
9944,2,252
9945,1,143
9946,13,475
9947,6,269
9948,1,143
9949,1,147
9950,2,252
9951,1,143
9952,0,48
9953,1,143
9954,3,335
9955,1,143
9956,1,143
9957,1,143
9958,1,143
9959,0,57
9960,2,243
9961,1,145
9962,0,48
9963,3,397
9964,0,57
9965,3,215
9966,1,143
9967,1,174
9968,3,406
9969,1,146
9970,22,757
9971,2,240
9972,1,171
9973,1,144
9974,0,48
9975,1,143
9976,1,145
9977,2,248
9978,1,171
9979,0,48
9980,4,261
9981,2,284
9982,1,143
9983,1,143
9984,30,497
9985,7,581
9986,1,172
9987,1,144
9988,0,57
9989,5,178
9990,3,348
9991,3,335
9992,1,172
9993,2,299
9994,0,48
9995,0,72
9996,5,176
9997,0,57
9998,1,143
9999,2,239
