Episodio,Score,Passos
0,11,165
1,6,97
2,8,168
3,11,158
4,5,101
5,17,239
6,10,127
7,10,226
8,6,74
9,21,272
10,10,200
11,12,228
12,25,407
13,24,342
14,16,255
15,3,40
16,3,76
17,6,71
18,0,17
19,21,309
20,8,148
21,9,145
22,18,275
23,7,111
24,7,120
25,28,422
26,25,339
27,14,193
28,4,50
29,30,422
30,13,253
31,17,240
32,6,113
33,18,284
34,18,325
35,23,322
36,26,379
37,2,31
38,2,53
39,28,314
40,3,52
41,5,88
42,20,229
43,10,117
44,7,93
45,3,59
46,15,231
47,27,439
48,4,59
49,4,95
50,12,221
51,14,189
52,7,131
53,18,296
54,14,225
55,22,319
56,10,153
57,14,190
58,10,180
59,9,182
60,21,398
61,11,153
62,16,241
63,19,358
64,12,181
65,10,141
66,23,281
67,23,398
68,13,234
69,23,370
70,31,487
71,16,219
72,12,251
73,10,153
74,8,87
75,18,236
76,7,105
77,29,404
78,7,126
79,2,17
80,6,130
81,11,198
82,9,124
83,8,107
84,17,252
85,8,142
86,19,307
87,3,53
88,23,376
89,8,130
90,11,161
91,13,224
92,20,310
93,32,516
94,15,212
95,21,361
96,16,209
97,3,31
98,13,245
99,15,249
100,15,266
101,5,95
102,8,114
103,30,466
104,2,40
105,11,166
106,17,281
107,14,220
108,7,83
109,21,317
110,11,152
111,23,410
112,25,347
113,2,38
114,21,313
115,7,103
116,15,241
117,3,60
118,11,177
119,6,57
120,10,137
121,7,151
122,19,304
123,22,315
124,22,317
125,24,372
126,23,315
127,25,415
128,16,231
129,3,73
130,10,195
131,5,109
132,5,96
133,10,196
134,1,28
135,11,150
136,26,355
137,11,110
138,6,123
139,8,104
140,14,182
141,10,168
142,16,198
143,10,136
144,13,199
145,5,88
146,20,265
147,8,156
148,11,139
149,21,297
150,10,143
151,25,389
152,10,173
153,11,212
154,25,286
155,4,76
156,18,244
157,12,162
158,6,86
159,19,277
160,18,336
161,4,90
162,20,297
163,21,404
164,25,404
165,7,126
166,23,365
167,15,212
168,1,12
169,10,114
170,14,219
171,28,332
172,24,373
173,6,95
174,1,25
175,7,105
176,4,72
177,7,91
178,1,20
179,17,308
180,18,317
181,2,37
182,20,284
183,2,48
184,25,297
185,6,59
186,13,246
187,23,276
188,15,267
189,4,75
190,16,246
191,8,138
192,0,18
193,3,17
194,12,139
195,18,264
196,23,319
197,15,243
198,14,153
199,8,138
200,8,127
201,26,381
202,13,170
203,21,305
204,25,444
205,34,547
206,5,71
207,22,319
208,16,242
209,19,324
210,14,195
211,4,73
212,19,295
213,11,199
214,19,320
215,7,127
216,7,123
217,7,107
218,25,369
219,0,9
220,11,154
221,25,363
222,18,252
223,14,245
224,4,63
225,18,324
226,8,121
227,7,103
228,18,327
229,5,75
230,12,210
231,7,107
232,22,385
233,23,322
234,5,69
235,15,255
236,8,142
237,19,291
238,30,471
239,11,164
240,9,148
241,12,189
242,0,9
243,13,226
244,8,150
245,12,189
246,13,183
247,6,82
248,7,151
249,13,171
250,2,28
251,0,14
252,20,334
253,13,185
254,5,77
255,4,76
256,18,319
257,29,384
258,13,188
259,18,237
260,10,152
261,8,83
262,20,341
263,6,64
264,8,126
265,5,100
266,25,337
267,23,316
268,17,291
269,17,268
270,26,358
271,17,222
272,6,89
273,13,197
274,2,64
275,16,235
276,12,218
277,28,358
278,26,321
279,17,252
280,8,158
281,11,113
282,31,435
283,10,122
284,8,73
285,10,151
286,3,39
287,16,253
288,6,57
289,3,42
290,2,29
291,13,193
292,4,78
293,11,188
294,13,186
295,7,119
296,10,146
297,8,110
298,12,221
299,10,144
300,12,148
301,29,481
302,9,108
303,13,187
304,21,313
305,15,246
306,16,267
307,13,190
308,17,211
309,7,112
310,12,129
311,12,140
312,1,11
313,26,305
314,34,603
315,20,272
316,28,412
317,8,122
318,7,82
319,7,70
320,23,403
321,2,19
322,6,107
323,26,370
324,6,92
325,18,215
326,10,145
327,29,485
328,32,405
329,6,95
330,7,70
331,4,75
332,14,179
333,16,215
334,9,114
335,29,534
336,25,304
337,1,20
338,22,360
339,8,74
340,11,124
341,11,184
342,6,92
343,15,237
344,28,427
345,22,336
346,18,272
347,10,162
348,2,20
349,26,337
350,26,405
351,4,42
352,3,20
353,22,305
354,4,63
355,1,34
356,1,33
357,7,123
358,19,321
359,3,46
360,2,29
361,13,224
362,8,141
363,34,469
364,8,136
365,24,358
366,14,251
367,13,211
368,18,231
369,25,330
370,8,120
371,6,103
372,6,150
373,16,239
374,23,324
375,14,212
376,26,353
377,16,214
378,3,76
379,8,110
380,6,84
381,28,407
382,13,180
383,11,132
384,14,226
385,10,112
386,23,357
387,2,34
388,9,125
389,20,310
390,4,31
391,28,422
392,4,71
393,21,299
394,4,83
395,7,98
396,27,351
397,11,148
398,10,129
399,8,124
400,19,295
401,19,287
402,14,179
403,24,426
404,30,420
405,23,367
406,19,281
407,11,202
408,25,404
409,1,23
410,12,192
411,14,231
412,25,298
413,24,397
414,10,186
415,21,275
416,17,208
417,28,428
418,12,203
419,10,163
420,2,22
421,11,188
422,17,242
423,21,289
424,24,345
425,16,225
426,22,308
427,21,291
428,21,213
429,14,220
430,0,18
431,11,164
432,22,316
433,12,170
434,11,167
435,24,340
436,19,255
437,15,246
438,22,315
439,13,192
440,8,153
441,14,185
442,22,342
443,3,53
444,16,283
445,16,272
446,25,384
447,27,399
448,16,244
449,5,91
450,28,416
451,15,220
452,1,18
453,16,246
454,12,166
455,15,294
456,5,68
457,12,174
458,15,265
459,16,228
460,0,19
461,8,135
462,9,106
463,12,147
464,28,524
465,3,49
466,12,147
467,2,48
468,29,389
469,10,137
470,21,331
471,15,245
472,24,369
473,6,98
474,4,64
475,3,33
476,27,366
477,22,324
478,33,427
479,14,160
480,10,139
481,18,302
482,7,121
483,28,389
484,4,79
485,22,333
486,18,335
487,20,308
488,20,236
489,15,214
490,18,324
491,11,124
492,24,293
493,33,435
494,19,293
495,7,133
496,13,195
497,3,64
498,19,306
499,2,28
500,7,101
501,5,54
502,17,226
503,7,103
504,8,137
505,30,462
506,17,216
507,21,314
508,13,155
509,25,336
510,19,296
511,7,125
512,27,330
513,10,123
514,26,418
515,16,263
516,31,480
517,1,39
518,14,178
519,3,34
520,11,200
521,13,190
522,8,159
523,18,249
524,6,76
525,24,321
526,18,329
527,25,368
528,17,207
529,23,319
530,8,119
531,2,21
532,8,123
533,21,268
534,19,297
535,20,340
536,25,354
537,16,268
538,8,94
539,17,299
540,4,66
541,16,266
542,15,217
543,3,43
544,16,273
545,13,178
546,11,222
547,16,252
548,9,128
549,23,370
550,7,132
551,14,203
552,21,267
553,4,70
554,8,117
555,11,186
556,25,320
557,1,27
558,24,371
559,10,142
560,21,332
561,8,138
562,1,16
563,17,288
564,21,297
565,6,92
566,17,230
567,9,150
568,21,243
569,9,143
570,2,40
571,4,54
572,20,283
573,22,303
574,14,242
575,28,392
576,3,55
577,1,20
578,23,365
579,12,135
580,24,372
581,14,229
582,16,238
583,21,332
584,15,215
585,9,162
586,4,63
587,18,294
588,14,262
589,12,179
590,22,309
591,6,75
592,8,135
593,14,265
594,7,113
595,30,510
596,20,315
597,23,389
598,13,178
599,5,55
600,9,156
601,3,60
602,18,235
603,9,149
604,7,109
605,23,339
606,28,521
607,12,210
608,22,355
609,26,345
610,17,273
611,8,130
612,36,548
613,22,278
614,10,144
615,17,225
616,1,24
617,9,93
618,25,365
619,15,187
620,22,306
621,8,131
622,21,289
623,25,330
624,23,394
625,12,141
626,8,103
627,20,323
628,18,289
629,27,340
630,19,212
631,9,118
632,9,107
633,2,39
634,24,345
635,13,142
636,10,145
637,20,299
638,18,269
639,27,399
640,8,102
641,4,55
642,26,371
643,9,135
644,12,264
645,23,348
646,15,261
647,17,247
648,9,175
649,10,95
650,5,64
651,29,399
652,19,265
653,32,484
654,21,297
655,22,359
656,7,102
657,3,51
658,0,20
659,14,226
660,19,291
661,10,135
662,19,278
663,27,349
664,18,326
665,17,247
666,23,352
667,19,255
668,16,245
669,7,93
670,13,177
671,19,260
672,15,140
673,33,438
674,11,169
675,1,24
676,12,176
677,13,159
678,23,424
679,30,535
680,18,285
681,17,248
682,11,133
683,5,95
684,19,279
685,7,110
686,11,125
687,8,94
688,1,21
689,27,420
690,20,373
691,25,313
692,12,225
693,21,301
694,6,59
695,5,69
696,14,212
697,19,296
698,13,173
699,35,620
700,13,201
701,3,58
702,22,260
703,11,158
704,6,91
705,25,361
706,14,235
707,23,348
708,6,130
709,12,213
710,33,539
711,34,410
712,26,323
713,23,356
714,20,287
715,16,207
716,15,260
717,2,29
718,15,257
719,9,129
720,22,350
721,16,206
722,2,12
723,1,24
724,18,238
725,18,271
726,15,221
727,26,319
728,9,104
729,12,149
730,12,195
731,11,177
732,33,484
733,2,19
734,16,210
735,24,338
736,19,287
737,23,305
738,13,225
739,38,588
740,8,151
741,30,445
742,10,128
743,21,376
744,10,187
745,16,273
746,20,240
747,1,13
748,10,69
749,22,312
750,3,43
751,12,175
752,18,245
753,11,174
754,17,250
755,14,215
756,20,268
757,27,352
758,29,434
759,17,207
760,24,383
761,14,243
762,2,56
763,11,172
764,4,77
765,20,317
766,11,120
767,29,376
768,18,220
769,13,217
770,13,230
771,19,323
772,3,26
773,5,87
774,15,209
775,10,178
776,11,181
777,16,216
778,22,333
779,20,257
780,23,402
781,24,412
782,29,370
783,20,323
784,23,390
785,3,37
786,14,169
787,10,157
788,28,450
789,15,204
790,19,269
791,22,341
792,28,439
793,21,281
794,20,254
795,28,392
796,15,242
797,28,431
798,28,411
799,9,151
800,9,133
801,18,277
802,18,233
803,11,160
804,9,150
805,5,64
806,18,317
807,17,288
808,21,382
809,26,363
810,8,131
811,18,328
812,9,159
813,14,186
814,28,415
815,11,169
816,1,27
817,18,263
818,29,436
819,19,246
820,16,237
821,19,236
822,8,105
823,18,326
824,13,211
825,10,168
826,22,323
827,13,186
828,12,166
829,21,299
830,19,286
831,12,171
832,26,315
833,24,346
834,23,367
835,27,395
836,7,85
837,10,147
838,12,151
839,21,269
840,3,24
841,26,387
842,15,184
843,5,102
844,2,29
845,18,254
846,9,121
847,14,230
848,29,375
849,23,317
850,15,235
851,8,135
852,6,121
853,8,109
854,7,125
855,15,233
856,0,9
857,7,102
858,8,152
859,19,271
860,8,81
861,18,297
862,6,96
863,9,123
864,23,371
865,10,185
866,1,24
867,22,274
868,14,177
869,10,163
870,16,261
871,17,273
872,8,118
873,17,292
874,13,206
875,18,181
876,12,182
877,4,44
878,24,343
879,19,243
880,8,119
881,17,176
882,22,314
883,13,174
884,31,398
885,18,250
886,16,246
887,6,95
888,34,550
889,11,182
890,22,354
891,4,60
892,20,277
893,0,12
894,15,214
895,11,117
896,19,300
897,22,292
898,11,177
899,11,177
900,12,180
901,19,296
902,20,324
903,9,146
904,20,283
905,12,140
906,15,239
907,5,51
908,13,189
909,12,170
910,20,272
911,10,174
912,6,100
913,7,100
914,14,193
915,6,127
916,8,127
917,21,325
918,8,113
919,12,164
920,12,163
921,11,121
922,8,110
923,24,299
924,0,19
925,19,288
926,4,71
927,2,21
928,14,258
929,25,370
930,13,153
931,22,298
932,28,441
933,26,332
934,27,510
935,16,244
936,5,92
937,21,308
938,16,259
939,27,496
940,4,59
941,23,317
942,15,201
943,16,222
944,32,452
945,19,218
946,17,175
947,6,112
948,10,137
949,22,357
950,28,437
951,24,249
952,21,282
953,7,84
954,28,353
955,5,95
956,18,221
957,9,144
958,18,254
959,25,328
960,11,170
961,30,449
962,23,323
963,9,140
964,23,332
965,15,256
966,4,82
967,24,329
968,33,508
969,31,477
970,3,80
971,9,119
972,17,247
973,5,74
974,6,110
975,28,389
976,12,141
977,30,398
978,17,304
979,9,144
980,25,312
981,16,279
982,35,520
983,22,338
984,3,66
985,5,80
986,13,242
987,20,271
988,25,326
989,5,68
990,27,434
991,20,264
992,12,188
993,14,223
994,13,158
995,10,113
996,11,146
997,20,291
998,25,351
999,29,401
1000,24,326
1001,3,50
1002,19,315
1003,23,397
1004,9,113
1005,26,328
1006,13,156
1007,21,266
1008,26,386
1009,11,195
1010,14,255
1011,4,67
1012,30,494
1013,32,537
1014,1,21
1015,33,517
1016,19,307
1017,20,268
1018,8,87
1019,14,227
1020,29,459
1021,11,172
1022,21,298
1023,17,233
1024,22,290
1025,5,53
1026,26,394
1027,15,192
1028,20,244
1029,30,437
1030,17,195
1031,22,321
1032,21,296
1033,19,266
1034,16,238
1035,20,243
1036,15,184
1037,11,105
1038,23,350
1039,8,89
1040,19,277
1041,25,329
1042,16,203
1043,2,22
1044,18,312
1045,30,470
1046,20,303
1047,23,291
1048,16,249
1049,13,187
1050,35,500
1051,2,48
1052,19,272
1053,22,311
1054,21,285
1055,13,187
1056,20,258
1057,29,429
1058,8,99
1059,16,275
1060,19,238
1061,24,371
1062,5,81
1063,22,307
1064,5,69
1065,7,106
1066,27,431
1067,24,367
1068,31,422
1069,20,321
1070,3,37
1071,18,257
1072,18,277
1073,15,231
1074,16,227
1075,29,459
1076,11,143
1077,24,359
1078,15,189
1079,3,43
1080,18,316
1081,13,195
1082,7,90
1083,23,335
1084,26,398
1085,23,291
1086,6,103
1087,5,91
1088,22,344
1089,16,208
1090,27,349
1091,13,220
1092,28,422
1093,27,343
1094,20,223
1095,26,299
1096,17,294
1097,20,306
1098,18,246
1099,8,100
1100,18,252
1101,18,272
1102,9,135
1103,16,209
1104,20,274
1105,18,250
1106,7,81
1107,17,228
1108,26,374
1109,11,167
1110,16,183
1111,2,43
1112,4,63
1113,2,38
1114,20,316
1115,14,156
1116,2,42
1117,25,343
1118,29,409
1119,9,128
1120,4,46
1121,16,266
1122,23,290
1123,8,77
1124,24,332
1125,10,161
1126,16,271
1127,32,342
1128,29,447
1129,18,283
1130,24,338
1131,5,60
1132,27,391
1133,16,213
1134,24,343
1135,18,206
1136,23,343
1137,12,181
1138,21,299
1139,15,252
1140,21,277
1141,19,271
1142,19,264
1143,25,384
1144,12,198
1145,21,325
1146,13,224
1147,26,400
1148,14,228
1149,11,207
1150,10,111
1151,18,208
1152,14,154
1153,4,52
1154,26,371
1155,30,383
1156,12,135
1157,21,291
1158,1,21
1159,12,210
1160,11,176
1161,26,379
1162,25,317
1163,20,312
1164,13,175
1165,18,283
1166,13,178
1167,25,371
1168,20,258
1169,11,181
1170,17,273
1171,14,220
1172,13,169
1173,17,269
1174,24,306
1175,19,244
1176,29,436
1177,7,75
1178,27,445
1179,41,639
1180,22,323
1181,13,189
1182,16,264
1183,19,335
1184,6,77
1185,18,256
1186,8,145
1187,11,174
1188,19,284
1189,30,477
1190,4,57
1191,16,217
1192,1,38
1193,14,225
1194,26,382
1195,15,213
1196,11,179
1197,10,170
1198,21,290
1199,3,83
1200,21,356
1201,18,289
1202,17,275
1203,23,339
1204,7,104
1205,4,72
1206,27,420
1207,20,330
1208,25,398
1209,25,350
1210,17,182
1211,15,205
1212,17,237
1213,19,304
1214,10,169
1215,18,259
1216,23,346
1217,32,424
1218,13,171
1219,12,189
1220,21,353
1221,16,252
1222,15,197
1223,25,310
1224,9,142
1225,22,333
1226,15,204
1227,32,504
1228,20,308
1229,13,140
1230,13,160
1231,10,145
1232,19,217
1233,21,275
1234,16,208
1235,21,356
1236,28,403
1237,17,323
1238,10,157
1239,21,319
1240,7,75
1241,30,432
1242,16,243
1243,14,197
1244,32,418
1245,7,116
1246,22,325
1247,4,53
1248,21,312
1249,17,213
1250,16,239
1251,4,82
1252,13,194
1253,8,122
1254,25,309
1255,24,255
1256,9,105
1257,3,37
1258,4,58
1259,16,210
1260,4,39
1261,23,313
1262,15,228
1263,11,183
1264,20,242
1265,8,122
1266,15,266
1267,15,138
1268,18,260
1269,18,249
1270,12,182
1271,16,231
1272,40,526
1273,22,330
1274,21,248
1275,25,334
1276,23,304
1277,15,232
1278,37,560
1279,21,231
1280,21,263
1281,12,166
1282,1,12
1283,25,396
1284,17,205
1285,31,457
1286,21,296
1287,23,332
1288,13,219
1289,14,186
1290,10,148
1291,26,333
1292,8,85
1293,18,265
1294,15,229
1295,13,164
1296,21,304
1297,10,162
1298,19,290
1299,6,96
1300,0,8
1301,32,522
1302,22,336
1303,15,213
1304,18,194
1305,25,369
1306,19,299
1307,19,247
1308,18,277
1309,29,401
1310,9,120
1311,5,69
1312,8,112
1313,12,201
1314,28,366
1315,4,35
1316,20,255
1317,13,200
1318,22,349
1319,19,329
1320,21,302
1321,7,83
1322,16,250
1323,16,180
1324,11,173
1325,21,368
1326,7,74
1327,27,384
1328,24,378
1329,17,199
1330,8,118
1331,5,63
1332,12,150
1333,6,57
1334,11,147
1335,6,71
1336,24,295
1337,10,170
1338,16,203
1339,25,368
1340,15,235
1341,32,451
1342,9,131
1343,28,342
1344,13,154
1345,23,329
1346,9,131
1347,15,242
1348,17,225
1349,25,297
1350,25,359
1351,11,113
1352,21,331
1353,25,382
1354,13,198
1355,27,419
1356,32,429
1357,4,47
1358,8,128
1359,20,270
1360,7,106
1361,5,71
1362,24,356
1363,7,124
1364,12,193
1365,21,336
1366,17,237
1367,28,410
1368,12,143
1369,15,246
1370,16,256
1371,18,308
1372,21,286
1373,31,447
1374,16,203
1375,10,138
1376,28,392
1377,5,84
1378,23,307
1379,15,244
1380,13,237
1381,30,477
1382,21,263
1383,9,103
1384,30,404
1385,21,295
1386,15,221
1387,17,242
1388,11,146
1389,18,249
1390,28,380
1391,23,321
1392,18,232
1393,20,287
1394,30,440
1395,24,347
1396,17,182
1397,21,338
1398,11,127
1399,24,351
1400,21,279
1401,12,165
1402,5,58
1403,19,225
1404,38,471
1405,17,200
1406,22,367
1407,14,176
1408,13,163
1409,18,264
1410,33,492
1411,28,321
1412,11,142
1413,14,175
1414,22,233
1415,7,113
1416,26,378
1417,27,397
1418,24,330
1419,27,403
1420,20,301
1421,12,166
1422,10,148
1423,15,221
1424,20,333
1425,11,169
1426,25,386
1427,18,258
1428,15,264
1429,2,22
1430,11,164
1431,8,131
1432,21,271
1433,2,42
1434,22,279
1435,14,200
1436,25,373
1437,13,170
1438,15,226
1439,17,173
1440,25,352
1441,12,172
1442,6,83
1443,27,378
1444,7,129
1445,16,236
1446,24,328
1447,8,104
1448,12,168
1449,31,503
1450,33,495
1451,2,16
1452,13,196
1453,22,384
1454,19,257
1455,26,331
1456,13,157
1457,23,343
1458,13,174
1459,21,284
1460,19,262
1461,17,238
1462,28,393
1463,12,173
1464,12,163
1465,9,99
1466,14,157
1467,26,364
1468,22,342
1469,21,235
1470,9,124
1471,23,329
1472,31,429
1473,31,385
1474,23,343
1475,14,202
1476,7,129
1477,17,233
1478,15,223
1479,14,242
1480,20,245
1481,29,422
1482,20,274
1483,5,67
1484,27,401
1485,19,278
1486,21,284
1487,33,540
1488,28,354
1489,39,511
1490,28,357
1491,16,223
1492,29,419
1493,15,251
1494,43,556
1495,15,219
1496,16,178
1497,19,284
1498,26,385
1499,17,240
1500,27,372
1501,25,326
1502,36,494
1503,24,311
1504,11,183
1505,8,154
1506,14,186
1507,15,187
1508,30,324
1509,8,115
1510,24,334
1511,24,324
1512,5,73
1513,24,339
1514,18,282
1515,15,209
1516,28,445
1517,24,366
1518,15,214
1519,14,181
1520,26,384
1521,22,336
1522,13,228
1523,31,423
1524,33,412
1525,22,287
1526,4,90
1527,11,128
1528,29,478
1529,21,288
1530,23,299
1531,22,282
1532,24,350
1533,15,199
1534,25,289
1535,23,349
1536,8,111
1537,24,325
1538,21,337
1539,5,100
1540,13,225
1541,4,67
1542,9,129
1543,20,270
1544,13,138
1545,9,111
1546,21,329
1547,24,402
1548,24,376
1549,2,39
1550,23,347
1551,12,186
1552,19,262
1553,27,462
1554,14,181
1555,18,248
1556,11,183
1557,33,569
1558,25,382
1559,14,231
1560,13,177
1561,24,352
1562,19,282
1563,20,282
1564,6,67
1565,20,262
1566,25,321
1567,16,225
1568,23,272
1569,10,107
1570,31,465
1571,23,303
1572,29,368
1573,19,231
1574,15,156
1575,34,459
1576,15,212
1577,19,266
1578,13,192
1579,8,112
1580,19,260
1581,16,242
1582,34,515
1583,14,223
1584,8,102
1585,19,291
1586,20,310
1587,8,104
1588,27,409
1589,23,255
1590,21,289
1591,20,298
1592,11,128
1593,14,180
1594,7,112
1595,8,104
1596,10,154
1597,18,264
1598,22,285
1599,3,47
1600,31,463
1601,16,195
1602,15,243
1603,28,390
1604,10,158
1605,11,168
1606,19,265
1607,23,350
1608,9,157
1609,27,350
1610,11,141
1611,4,59
1612,14,208
1613,16,186
1614,22,334
1615,25,343
1616,7,124
1617,5,87
1618,21,329
1619,7,103
1620,19,246
1621,27,337
1622,23,369
1623,5,90
1624,1,29
1625,31,429
1626,25,350
1627,30,476
1628,22,344
1629,26,384
1630,17,199
1631,11,172
1632,25,301
1633,17,281
1634,7,99
1635,35,537
1636,3,46
1637,1,22
1638,11,145
1639,23,286
1640,5,67
1641,5,73
1642,16,205
1643,18,221
1644,5,63
1645,33,405
1646,11,167
1647,36,432
1648,15,234
1649,15,187
1650,31,469
1651,16,174
1652,31,456
1653,6,59
1654,20,265
1655,9,103
1656,7,107
1657,18,245
1658,28,397
1659,22,346
1660,20,308
1661,26,374
1662,25,348
1663,23,393
1664,22,311
1665,13,176
1666,28,375
1667,8,92
1668,18,271
1669,31,416
1670,10,122
1671,22,339
1672,16,243
1673,29,353
1674,14,198
1675,12,148
1676,2,40
1677,22,332
1678,12,164
1679,21,231
1680,2,20
1681,32,500
1682,34,509
1683,15,219
1684,24,277
1685,31,400
1686,23,274
1687,12,159
1688,24,283
1689,14,215
1690,23,272
1691,27,403
1692,19,237
1693,13,250
1694,12,181
1695,27,322
1696,13,128
1697,27,355
1698,11,162
1699,7,96
1700,2,38
1701,6,75
1702,20,253
1703,25,329
1704,34,478
1705,16,198
1706,32,336
1707,27,399
1708,28,333
1709,10,154
1710,17,230
1711,19,254
1712,13,193
1713,23,338
1714,16,166
1715,16,272
1716,16,189
1717,32,391
1718,16,203
1719,14,176
1720,25,317
1721,29,381
1722,23,338
1723,29,392
1724,25,379
1725,13,200
1726,31,464
1727,21,303
1728,18,250
1729,37,523
1730,11,145
1731,10,163
1732,26,451
1733,14,249
1734,16,235
1735,25,289
1736,19,255
1737,4,45
1738,13,193
1739,12,129
1740,7,94
1741,25,264
1742,27,405
1743,18,217
1744,8,103
1745,15,191
1746,28,374
1747,9,132
1748,18,306
1749,15,190
1750,14,172
1751,30,447
1752,22,287
1753,22,325
1754,11,135
1755,4,56
1756,16,244
1757,13,143
1758,22,311
1759,28,401
1760,21,310
1761,17,269
1762,5,78
1763,12,172
1764,16,174
1765,19,284
1766,26,336
1767,18,195
1768,5,71
1769,25,290
1770,23,299
1771,18,205
1772,12,180
1773,16,264
1774,22,292
1775,38,612
1776,23,348
1777,17,261
1778,23,356
1779,29,424
1780,17,220
1781,25,346
1782,32,605
1783,11,187
1784,3,63
1785,3,51
1786,15,239
1787,19,287
1788,25,404
1789,25,491
1790,21,266
1791,32,478
1792,17,299
1793,10,140
1794,20,337
1795,28,370
1796,22,348
1797,26,360
1798,23,383
1799,25,425
1800,26,470
1801,13,222
1802,32,543
1803,23,350
1804,19,352
1805,18,234
1806,35,571
1807,18,328
1808,16,281
1809,15,223
1810,18,305
1811,27,435
1812,9,91
1813,19,281
1814,21,315
1815,23,381
1816,21,262
1817,26,401
1818,27,465
1819,38,611
1820,17,277
1821,11,133
1822,17,255
1823,27,470
1824,12,161
1825,8,119
1826,24,381
1827,13,165
1828,21,321
1829,23,313
1830,18,257
1831,9,120
1832,14,219
1833,24,381
1834,12,180
1835,12,182
1836,26,404
1837,10,203
1838,23,339
1839,8,186
1840,12,142
1841,10,168
1842,26,291
1843,21,312
1844,32,417
1845,30,367
1846,23,327
1847,26,411
1848,21,259
1849,23,303
1850,16,231
1851,15,219
1852,21,292
1853,27,378
1854,33,430
1855,24,340
1856,32,474
1857,26,328
1858,27,417
1859,18,187
1860,33,414
1861,17,271
1862,19,288
1863,20,249
1864,31,458
1865,3,51
1866,31,441
1867,11,169
1868,27,371
1869,26,417
1870,28,398
1871,23,240
1872,26,380
1873,20,289
1874,6,78
1875,24,350
1876,19,235
1877,11,149
1878,25,283
1879,27,349
1880,21,345
1881,22,301
1882,34,504
1883,13,226
1884,16,275
1885,4,89
1886,20,214
1887,24,338
1888,25,373
1889,14,246
1890,26,355
1891,10,171
1892,15,238
1893,14,179
1894,12,208
1895,19,309
1896,20,261
1897,24,355
1898,24,320
1899,24,435
1900,22,303
1901,36,540
1902,23,354
1903,26,440
1904,5,106
1905,28,460
1906,4,65
1907,21,313
1908,15,204
1909,25,468
1910,9,117
1911,15,227
1912,31,462
1913,18,265
1914,33,513
1915,15,244
1916,21,332
1917,17,244
1918,27,380
1919,14,247
1920,30,437
1921,25,418
1922,18,304
1923,8,107
1924,9,115
1925,9,115
1926,18,229
1927,31,458
1928,17,199
1929,22,348
1930,5,91
1931,33,438
1932,30,386
1933,8,173
1934,28,376
1935,19,282
1936,19,321
1937,23,336
1938,16,267
1939,21,317
1940,29,522
1941,28,484
1942,27,478
1943,35,703
1944,8,122
1945,25,373
1946,13,198
1947,33,506
1948,11,139
1949,24,359
1950,33,523
1951,27,394
1952,2,52
1953,30,476
1954,23,333
1955,15,295
1956,24,354
1957,30,472
1958,24,328
1959,9,109
1960,26,425
1961,8,104
1962,11,145
1963,31,458
1964,16,307
1965,24,330
1966,36,496
1967,24,350
1968,23,336
1969,34,460
1970,8,97
1971,20,295
1972,26,383
1973,15,198
1974,2,20
1975,38,598
1976,22,347
1977,10,147
1978,21,336
1979,23,342
1980,23,390
1981,25,360
1982,22,292
1983,26,373
1984,42,613
1985,9,109
1986,27,487
1987,25,359
1988,15,207
1989,10,162
1990,23,336
1991,18,283
1992,31,436
1993,8,90
1994,26,356
1995,9,129
1996,21,338
1997,19,215
1998,29,373
1999,22,395
2000,28,471
2001,12,150
2002,19,253
2003,23,351
2004,14,191
2005,8,114
2006,31,548
2007,26,332
2008,23,317
2009,1,18
2010,22,267
2011,18,255
2012,21,277
2013,11,189
2014,19,281
2015,1,22
2016,6,90
2017,23,317
2018,10,156
2019,13,192
2020,28,336
2021,6,61
2022,8,96
2023,14,210
2024,28,397
2025,20,294
2026,18,202
2027,28,395
2028,28,432
2029,14,187
2030,16,224
2031,11,165
2032,21,301
2033,22,328
2034,8,113
2035,23,301
2036,15,211
2037,34,541
2038,9,119
2039,18,246
2040,14,241
2041,20,265
2042,23,420
2043,18,254
2044,14,230
2045,3,35
2046,22,323
2047,17,245
2048,20,271
2049,21,324
2050,27,419
2051,26,371
2052,34,449
2053,21,334
2054,26,325
2055,28,405
2056,26,337
2057,29,391
2058,27,384
2059,20,294
2060,28,377
2061,34,455
2062,24,370
2063,12,148
2064,8,103
2065,15,185
2066,8,117
2067,26,310
2068,5,91
2069,17,200
2070,13,194
2071,18,207
2072,13,204
2073,29,474
2074,37,503
2075,10,149
2076,19,240
2077,15,211
2078,18,270
2079,17,200
2080,28,343
2081,24,343
2082,16,222
2083,26,301
2084,11,159
2085,28,341
2086,24,310
2087,27,362
2088,5,73
2089,23,359
2090,7,101
2091,19,281
2092,23,392
2093,22,283
2094,6,77
2095,16,229
2096,11,156
2097,18,237
2098,32,517
2099,31,479
2100,17,241
2101,13,186
2102,15,196
2103,14,224
2104,18,241
2105,8,135
2106,38,505
2107,30,358
2108,12,165
2109,5,80
2110,18,236
2111,33,468
2112,15,202
2113,30,439
2114,21,304
2115,20,265
2116,30,415
2117,10,141
2118,17,216
2119,28,462
2120,17,232
2121,36,477
2122,6,81
2123,25,323
2124,33,457
2125,26,342
2126,9,127
2127,29,419
2128,29,401
2129,21,297
2130,23,361
2131,16,196
2132,28,443
2133,24,373
2134,18,246
2135,24,290
2136,14,155
2137,18,231
2138,20,285
2139,18,306
2140,17,226
2141,27,390
2142,16,221
2143,28,359
2144,25,339
2145,22,333
2146,12,177
2147,10,95
2148,15,190
2149,17,219
2150,16,265
2151,21,291
2152,12,198
2153,20,263
2154,21,261
2155,18,282
2156,24,328
2157,25,386
2158,24,313
2159,31,375
2160,24,250
2161,1,9
2162,41,576
2163,10,177
2164,37,533
2165,15,173
2166,18,321
2167,35,538
2168,28,403
2169,17,225
2170,33,449
2171,24,365
2172,19,324
2173,28,376
2174,15,195
2175,22,246
2176,29,400
2177,22,275
2178,41,553
2179,24,363
2180,16,175
2181,17,260
2182,33,445
2183,21,270
2184,11,141
2185,33,472
2186,32,455
2187,23,297
2188,3,63
2189,19,225
2190,30,372
2191,26,429
2192,29,403
2193,22,221
2194,22,330
2195,29,362
2196,21,311
2197,25,422
2198,15,197
2199,21,249
2200,12,203
2201,24,302
2202,4,93
2203,25,382
2204,25,362
2205,26,403
2206,31,502
2207,4,78
2208,14,152
2209,28,380
2210,30,429
2211,16,249
2212,23,283
2213,16,250
2214,20,273
2215,14,236
2216,4,63
2217,18,280
2218,24,341
2219,15,208
2220,12,190
2221,18,241
2222,10,146
2223,10,123
2224,24,341
2225,21,293
2226,26,445
2227,13,186
2228,6,68
2229,21,276
2230,20,235
2231,32,444
2232,22,341
2233,16,245
2234,23,352
2235,18,264
2236,24,379
2237,12,181
2238,27,312
2239,27,388
2240,21,268
2241,18,290
2242,31,441
2243,11,160
2244,18,242
2245,20,259
2246,17,275
2247,18,244
2248,29,397
2249,13,231
2250,16,180
2251,22,303
2252,20,298
2253,26,332
2254,12,142
2255,26,389
2256,22,349
2257,10,136
2258,20,215
2259,27,401
2260,10,129
2261,14,184
2262,11,139
2263,25,373
2264,17,204
2265,16,238
2266,16,236
2267,10,150
2268,31,439
2269,19,289
2270,10,151
2271,23,328
2272,28,384
2273,30,395
2274,12,99
2275,10,141
2276,18,260
2277,17,244
2278,17,220
2279,25,337
2280,27,333
2281,21,283
2282,9,145
2283,24,348
2284,29,481
2285,11,135
2286,19,227
2287,19,290
2288,27,329
2289,23,350
2290,12,133
2291,20,283
2292,21,358
2293,7,86
2294,23,299
2295,35,441
2296,33,474
2297,28,421
2298,26,326
2299,22,329
2300,23,296
2301,19,221
2302,20,309
2303,16,261
2304,20,275
2305,16,197
2306,29,450
2307,8,106
2308,23,316
2309,14,160
2310,14,227
2311,19,286
2312,12,197
2313,21,275
2314,11,185
2315,4,56
2316,9,93
2317,22,314
2318,27,383
2319,25,331
2320,33,418
2321,3,32
2322,18,271
2323,24,316
2324,23,314
2325,28,431
2326,5,50
2327,14,166
2328,17,210
2329,35,527
2330,17,245
2331,14,161
2332,22,293
2333,10,130
2334,31,432
2335,21,269
2336,26,356
2337,28,413
2338,1,21
2339,28,397
2340,24,363
2341,17,196
2342,23,340
2343,5,60
2344,29,443
2345,20,220
2346,17,241
2347,4,37
2348,23,338
2349,26,337
2350,20,245
2351,2,35
2352,20,272
2353,12,163
2354,24,419
2355,15,183
2356,26,340
2357,34,538
2358,14,180
2359,12,161
2360,19,251
2361,24,240
2362,23,327
2363,21,268
2364,23,294
2365,24,346
2366,21,246
2367,21,298
2368,25,303
2369,19,216
2370,12,217
2371,15,190
2372,29,443
2373,10,155
2374,6,93
2375,16,240
2376,28,357
2377,21,291
2378,18,208
2379,11,144
2380,25,362
2381,18,281
2382,13,156
2383,26,377
2384,20,231
2385,13,188
2386,28,427
2387,21,279
2388,13,186
2389,2,32
2390,21,322
2391,33,527
2392,25,368
2393,17,215
2394,15,155
2395,33,446
2396,29,379
2397,18,260
2398,23,300
2399,21,277
2400,32,486
2401,19,275
2402,16,199
2403,19,264
2404,19,259
2405,3,55
2406,24,384
2407,21,335
2408,5,57
2409,19,235
2410,16,202
2411,23,320
2412,30,432
2413,29,370
2414,11,230
2415,3,54
2416,26,348
2417,6,80
2418,22,318
2419,30,343
2420,30,358
2421,23,381
2422,19,243
2423,20,392
2424,25,386
2425,13,161
2426,28,359
2427,19,241
2428,25,340
2429,24,351
2430,16,213
2431,11,192
2432,28,475
2433,9,113
2434,16,140
2435,18,223
2436,21,236
2437,6,84
2438,27,425
2439,23,323
2440,10,121
2441,22,258
2442,26,325
2443,39,608
2444,21,320
2445,15,207
2446,31,392
2447,25,359
2448,25,396
2449,21,295
2450,19,290
2451,29,429
2452,15,179
2453,29,474
2454,17,265
2455,22,297
2456,14,165
2457,27,284
2458,20,259
2459,24,314
2460,26,340
2461,13,172
2462,17,228
2463,9,118
2464,20,333
2465,17,221
2466,13,215
2467,23,428
2468,5,75
2469,27,420
2470,26,550
2471,35,489
2472,24,363
2473,14,173
2474,24,412
2475,23,322
2476,25,410
2477,29,382
2478,20,289
2479,27,441
2480,23,372
2481,24,392
2482,27,440
2483,31,496
2484,24,284
2485,26,487
2486,16,204
2487,13,223
2488,22,338
2489,25,348
2490,29,463
2491,25,373
2492,33,507
2493,25,301
2494,20,268
2495,32,450
2496,6,96
2497,17,257
2498,0,8
2499,20,227
2500,0,8
2501,8,131
2502,12,149
2503,32,532
2504,28,438
2505,28,505
2506,23,311
2507,15,221
2508,23,315
2509,18,331
2510,13,297
2511,24,341
2512,24,361
2513,8,143
2514,14,183
2515,23,369
2516,24,340
2517,7,142
2518,21,293
2519,31,462
2520,27,380
2521,28,441
2522,31,418
2523,24,321
2524,21,332
2525,19,267
2526,28,418
2527,22,340
2528,15,199
2529,22,330
2530,29,432
2531,12,185
2532,29,365
2533,17,315
2534,31,438
2535,33,393
2536,15,252
2537,12,172
2538,24,320
2539,13,180
2540,28,408
2541,26,341
2542,18,181
2543,7,127
2544,23,386
2545,4,73
2546,28,395
2547,22,327
2548,24,246
2549,20,281
2550,21,327
2551,27,421
2552,31,442
2553,10,116
2554,27,414
2555,23,296
2556,27,366
2557,20,227
2558,24,397
2559,25,309
2560,25,310
2561,15,234
2562,29,392
2563,34,458
2564,22,341
2565,24,365
2566,3,35
2567,19,265
2568,21,309
2569,22,310
2570,25,365
2571,29,429
2572,20,304
2573,21,259
2574,28,383
2575,26,361
2576,12,187
2577,15,196
2578,27,349
2579,45,651
2580,21,263
2581,20,263
2582,23,276
2583,20,296
2584,15,184
2585,9,85
2586,16,193
2587,7,112
2588,22,302
2589,12,175
2590,29,399
2591,12,163
2592,29,495
2593,11,181
2594,30,442
2595,13,150
2596,17,271
2597,18,253
2598,36,484
2599,7,95
2600,20,316
2601,27,363
2602,31,496
2603,1,12
2604,24,321
2605,25,355
2606,22,286
2607,26,378
2608,30,523
2609,20,280
2610,17,254
2611,16,210
2612,13,199
2613,34,546
2614,20,259
2615,25,357
2616,19,282
2617,24,286
2618,5,74
2619,18,264
2620,5,74
2621,34,500
2622,33,551
2623,32,453
2624,12,154
2625,36,517
2626,24,299
2627,24,372
2628,28,395
2629,25,302
2630,22,344
2631,18,257
2632,11,156
2633,22,272
2634,26,342
2635,11,150
2636,18,216
2637,21,229
2638,25,356
2639,28,463
2640,19,259
2641,14,236
2642,21,392
2643,9,126
2644,13,182
2645,22,317
2646,26,356
2647,11,149
2648,24,332
2649,11,126
2650,17,213
2651,18,228
2652,17,174
2653,21,284
2654,34,521
2655,11,182
2656,27,399
2657,18,229
2658,13,204
2659,18,279
2660,14,202
2661,16,181
2662,16,171
2663,11,116
2664,16,213
2665,35,456
2666,17,238
2667,18,259
2668,13,175
2669,5,105
2670,10,109
2671,12,187
2672,23,305
2673,29,363
2674,20,326
2675,14,167
2676,27,340
2677,29,430
2678,24,363
2679,17,246
2680,27,349
2681,21,227
2682,16,231
2683,24,346
2684,22,329
2685,30,386
2686,32,474
2687,25,339
2688,31,380
2689,21,320
2690,15,233
2691,18,233
2692,35,523
2693,17,216
2694,17,252
2695,1,14
2696,13,195
2697,23,347
2698,19,249
2699,29,481
2700,10,122
2701,23,322
2702,26,406
2703,21,307
2704,23,358
2705,26,315
2706,23,327
2707,32,424
2708,19,250
2709,22,347
2710,37,505
2711,17,243
2712,21,250
2713,25,444
2714,28,372
2715,7,121
2716,9,99
2717,24,335
2718,23,343
2719,14,207
2720,15,214
2721,31,483
2722,19,333
2723,25,413
2724,26,403
2725,23,285
2726,21,236
2727,32,467
2728,19,246
2729,18,253
2730,21,268
2731,19,312
2732,23,367
2733,20,239
2734,34,481
2735,10,146
2736,11,187
2737,21,251
2738,25,397
2739,26,407
2740,11,159
2741,14,190
2742,20,245
2743,43,572
2744,36,595
2745,21,261
2746,5,73
2747,4,70
2748,6,82
2749,20,317
2750,35,490
2751,17,205
2752,20,285
2753,27,332
2754,19,296
2755,22,320
2756,8,117
2757,16,221
2758,36,505
2759,16,240
2760,29,446
2761,15,200
2762,17,308
2763,22,312
2764,14,239
2765,21,310
2766,11,172
2767,20,268
2768,27,487
2769,23,343
2770,7,142
2771,28,443
2772,31,415
2773,25,353
2774,23,374
2775,28,361
2776,29,473
2777,12,149
2778,20,319
2779,4,68
2780,19,266
2781,20,271
2782,15,222
2783,25,337
2784,2,29
2785,28,351
2786,27,389
2787,32,427
2788,14,245
2789,24,445
2790,24,339
2791,27,432
2792,25,330
2793,9,138
2794,20,357
2795,25,418
2796,17,230
2797,9,90
2798,22,309
2799,24,368
2800,10,142
2801,27,470
2802,20,268
2803,22,376
2804,34,527
2805,19,314
2806,23,373
2807,25,435
2808,28,406
2809,19,221
2810,17,276
2811,18,198
2812,17,328
2813,11,154
2814,22,348
2815,23,380
2816,19,283
2817,30,475
2818,20,252
2819,32,450
2820,31,464
2821,26,389
2822,35,526
2823,18,282
2824,16,214
2825,21,319
2826,10,125
2827,18,318
2828,33,553
2829,10,127
2830,20,243
2831,14,229
2832,39,524
2833,30,503
2834,12,170
2835,14,214
2836,25,365
2837,21,368
2838,28,424
2839,27,402
2840,37,585
2841,27,337
2842,14,180
2843,31,374
2844,18,257
2845,31,425
2846,21,304
2847,23,327
2848,14,162
2849,32,467
2850,32,479
2851,31,423
2852,22,275
2853,22,267
2854,20,291
2855,18,247
2856,26,349
2857,19,209
2858,17,204
2859,12,155
2860,32,437
2861,16,216
2862,8,84
2863,38,552
2864,22,306
2865,20,266
2866,25,310
2867,25,331
2868,13,195
2869,28,411
2870,20,300
2871,20,285
2872,25,307
2873,24,280
2874,23,311
2875,23,312
2876,24,300
2877,7,93
2878,20,271
2879,23,317
2880,16,278
2881,29,465
2882,25,277
2883,24,388
2884,18,228
2885,22,348
2886,18,258
2887,25,361
2888,22,330
2889,13,206
2890,35,520
2891,8,101
2892,21,329
2893,25,300
2894,23,321
2895,17,215
2896,8,128
2897,26,392
2898,20,322
2899,21,233
2900,27,350
2901,24,318
2902,23,260
2903,32,404
2904,35,449
2905,12,144
2906,6,85
2907,7,108
2908,22,282
2909,16,216
2910,19,256
2911,27,422
2912,9,122
2913,19,226
2914,3,59
2915,12,147
2916,33,473
2917,28,420
2918,24,314
2919,22,292
2920,16,211
2921,26,375
2922,22,354
2923,4,75
2924,24,343
2925,2,43
2926,8,115
2927,16,224
2928,23,289
2929,19,212
2930,15,216
2931,26,351
2932,8,84
2933,22,304
2934,10,120
2935,19,281
2936,2,42
2937,11,126
2938,26,309
2939,22,306
2940,3,37
2941,29,360
2942,8,85
2943,23,228
2944,22,335
2945,35,456
2946,13,163
2947,22,312
2948,20,245
2949,34,454
2950,32,379
2951,24,357
2952,20,290
2953,19,291
2954,23,336
2955,20,246
2956,22,308
2957,31,470
2958,25,315
2959,19,243
2960,12,159
2961,24,345
2962,13,152
2963,10,136
2964,28,382
2965,21,338
2966,31,481
2967,22,290
2968,21,274
2969,21,233
2970,29,430
2971,22,274
2972,20,218
2973,25,381
2974,21,288
2975,24,282
2976,19,288
2977,14,147
2978,3,55
2979,4,42
2980,33,476
2981,19,201
2982,17,213
2983,13,151
2984,25,325
2985,22,311
2986,20,317
2987,16,277
2988,14,154
2989,22,298
2990,14,156
2991,20,239
2992,20,254
2993,19,256
2994,18,282
2995,22,279
2996,1,16
2997,5,89
2998,14,180
2999,28,450
3000,30,441
3001,14,182
3002,28,377
3003,24,263
3004,27,443
3005,36,459
3006,23,336
3007,11,104
3008,19,236
3009,33,422
3010,16,196
3011,14,170
3012,20,277
3013,25,302
3014,28,332
3015,19,243
3016,17,209
3017,16,211
3018,16,167
3019,14,213
3020,24,311
3021,27,334
3022,36,528
3023,2,31
3024,14,215
3025,28,316
3026,27,336
3027,30,406
3028,16,230
3029,26,399
3030,21,248
3031,20,202
3032,22,266
3033,5,53
3034,19,327
3035,27,351
3036,31,465
3037,32,435
3038,33,469
3039,10,137
3040,15,224
3041,22,281
3042,6,101
3043,23,275
3044,23,314
3045,15,201
3046,33,467
3047,16,252
3048,17,225
3049,30,429
3050,7,97
3051,29,428
3052,26,336
3053,24,282
3054,27,446
3055,33,366
3056,20,227
3057,22,307
3058,5,54
3059,10,157
3060,8,106
3061,14,177
3062,28,406
3063,20,261
3064,12,175
3065,21,316
3066,23,281
3067,24,332
3068,34,494
3069,24,333
3070,23,340
3071,15,154
3072,18,218
3073,19,257
3074,11,135
3075,23,324
3076,16,160
3077,30,474
3078,20,314
3079,8,87
3080,34,478
3081,23,303
3082,19,240
3083,24,259
3084,25,379
3085,11,136
3086,12,154
3087,22,281
3088,23,359
3089,21,323
3090,17,240
3091,18,222
3092,20,251
3093,8,99
3094,22,308
3095,29,429
3096,27,407
3097,10,157
3098,15,168
3099,38,473
3100,5,76
3101,34,466
3102,25,254
3103,11,153
3104,7,133
3105,40,519
3106,20,304
3107,17,172
3108,31,311
3109,9,121
3110,26,327
3111,21,288
3112,10,136
3113,23,293
3114,23,285
3115,15,191
3116,19,257
3117,21,249
3118,11,141
3119,17,175
3120,29,379
3121,24,395
3122,18,263
3123,21,344
3124,20,259
3125,19,245
3126,26,354
3127,23,250
3128,26,340
3129,19,285
3130,17,238
3131,21,249
3132,14,198
3133,15,241
3134,32,465
3135,6,46
3136,25,339
3137,14,147
3138,23,345
3139,12,140
3140,8,132
3141,12,185
3142,11,108
3143,8,79
3144,26,272
3145,18,229
3146,21,268
3147,26,360
3148,11,148
3149,17,245
3150,16,201
3151,11,151
3152,20,245
3153,27,304
3154,21,249
3155,27,379
3156,19,241
3157,32,429
3158,14,183
3159,18,236
3160,30,367
3161,23,259
3162,16,218
3163,13,144
3164,16,225
3165,16,222
3166,20,213
3167,23,300
3168,29,363
3169,5,56
3170,19,317
3171,31,493
3172,22,306
3173,27,342
3174,32,454
3175,16,231
3176,13,147
3177,21,292
3178,4,56
3179,12,153
3180,31,393
3181,12,156
3182,27,399
3183,11,166
3184,29,410
3185,23,323
3186,12,172
3187,19,245
3188,30,379
3189,23,271
3190,18,201
3191,13,208
3192,19,273
3193,14,179
3194,10,137
3195,17,250
3196,23,362
3197,24,318
3198,5,78
3199,13,167
3200,34,496
3201,10,139
3202,18,268
3203,25,291
3204,14,180
3205,18,227
3206,22,299
3207,33,557
3208,18,288
3209,13,187
3210,6,97
3211,32,483
3212,28,393
3213,17,246
3214,16,168
3215,35,515
3216,27,355
3217,4,49
3218,15,216
3219,27,441
3220,18,309
3221,32,492
3222,21,310
3223,24,374
3224,37,459
3225,33,470
3226,33,401
3227,23,303
3228,22,361
3229,23,308
3230,30,399
3231,27,421
3232,16,231
3233,16,244
3234,33,331
3235,23,360
3236,31,412
3237,16,277
3238,30,421
3239,35,481
3240,22,280
3241,28,451
3242,28,366
3243,24,356
3244,16,245
3245,29,391
3246,19,287
3247,10,125
3248,19,299
3249,23,310
3250,28,277
3251,23,346
3252,22,339
3253,26,359
3254,26,354
3255,28,401
3256,28,411
3257,17,278
3258,23,274
3259,16,263
3260,16,220
3261,3,69
3262,28,427
3263,9,127
3264,25,352
3265,18,186
3266,20,303
3267,29,417
3268,36,443
3269,24,322
3270,22,325
3271,22,289
3272,23,253
3273,34,368
3274,32,418
3275,21,281
3276,31,454
3277,17,242
3278,28,475
3279,22,313
3280,16,201
3281,21,307
3282,29,410
3283,29,401
3284,6,69
3285,29,482
3286,21,308
3287,23,268
3288,18,254
3289,28,406
3290,26,302
3291,16,246
3292,16,227
3293,8,106
3294,22,366
3295,18,270
3296,17,251
3297,16,253
3298,38,540
3299,9,112
3300,34,394
3301,29,399
3302,13,181
3303,5,94
3304,24,328
3305,34,530
3306,4,77
3307,24,360
3308,21,274
3309,34,542
3310,21,310
3311,4,55
3312,13,222
3313,10,121
3314,16,217
3315,13,175
3316,18,303
3317,30,416
3318,21,327
3319,11,139
3320,22,291
3321,12,169
3322,21,267
3323,16,225
3324,30,351
3325,30,368
3326,19,281
3327,6,82
3328,21,288
3329,21,293
3330,24,351
3331,34,509
3332,11,175
3333,19,280
3334,25,379
3335,8,129
3336,20,314
3337,10,150
3338,4,61
3339,33,466
3340,24,288
3341,28,370
3342,22,320
3343,10,116
3344,0,12
3345,28,359
3346,9,144
3347,9,103
3348,13,222
3349,31,447
3350,29,409
3351,37,423
3352,10,148
3353,34,417
3354,11,149
3355,28,436
3356,24,321
3357,36,478
3358,28,406
3359,21,311
3360,22,269
3361,25,334
3362,15,149
3363,21,249
3364,26,344
3365,23,276
3366,17,179
3367,11,153
3368,40,559
3369,29,402
3370,12,194
3371,6,82
3372,17,235
3373,16,219
3374,14,171
3375,29,385
3376,1,8
3377,24,353
3378,24,342
3379,12,148
3380,25,358
3381,32,417
3382,19,306
3383,21,275
3384,10,133
3385,30,344
3386,17,208
3387,16,217
3388,31,419
3389,30,360
3390,15,201
3391,18,261
3392,25,345
3393,17,231
3394,4,83
3395,10,115
3396,23,317
3397,27,366
3398,21,305
3399,21,253
3400,15,163
3401,24,295
3402,31,490
3403,27,295
3404,6,83
3405,3,56
3406,28,365
3407,16,198
3408,31,444
3409,13,191
3410,17,259
3411,10,144
3412,11,128
3413,18,202
3414,16,237
3415,19,282
3416,24,310
3417,14,171
3418,20,226
3419,20,275
3420,29,356
3421,26,317
3422,30,433
3423,17,213
3424,26,314
3425,26,403
3426,23,352
3427,21,302
3428,30,431
3429,26,317
3430,20,225
3431,27,353
3432,9,102
3433,27,369
3434,32,431
3435,24,288
3436,23,354
3437,22,308
3438,35,401
3439,19,316
3440,30,394
3441,37,489
3442,25,360
3443,12,159
3444,25,379
3445,24,297
3446,24,364
3447,6,87
3448,26,305
3449,22,343
3450,24,438
3451,30,439
3452,23,376
3453,28,436
3454,33,540
3455,13,229
3456,32,460
3457,23,378
3458,20,316
3459,18,255
3460,24,357
3461,29,426
3462,21,334
3463,23,372
3464,16,214
3465,11,213
3466,24,364
3467,16,231
3468,40,563
3469,23,337
3470,1,15
3471,15,168
3472,28,457
3473,19,206
3474,22,307
3475,32,565
3476,21,358
3477,42,690
3478,34,466
3479,13,165
3480,13,178
3481,36,608
3482,19,289
3483,8,114
3484,14,185
3485,18,254
3486,25,429
3487,31,500
3488,29,492
3489,2,19
3490,29,534
3491,18,271
3492,21,275
3493,24,395
3494,29,475
3495,2,27
3496,24,375
3497,27,468
3498,33,528
3499,17,271
3500,30,360
3501,21,349
3502,26,355
3503,31,479
3504,23,363
3505,22,286
3506,10,147
3507,33,518
3508,1,12
3509,20,316
3510,24,321
3511,36,529
3512,27,390
3513,33,489
3514,28,451
3515,19,279
3516,25,381
3517,26,381
3518,40,662
3519,29,419
3520,11,157
3521,38,610
3522,10,127
3523,11,205
3524,30,385
3525,1,9
3526,18,217
3527,23,283
3528,26,329
3529,20,244
3530,15,179
3531,27,416
3532,10,131
3533,17,228
3534,25,353
3535,29,366
3536,33,501
3537,30,441
3538,25,299
3539,18,263
3540,33,393
3541,21,269
3542,17,268
3543,31,435
3544,10,124
3545,21,265
3546,42,565
3547,36,491
3548,14,203
3549,23,287
3550,26,342
3551,45,720
3552,11,138
3553,16,153
3554,36,475
3555,15,236
3556,12,209
3557,21,348
3558,38,490
3559,22,311
3560,32,462
3561,23,258
3562,32,478
3563,19,262
3564,14,183
3565,29,431
3566,22,207
3567,26,348
3568,20,202
3569,19,280
3570,8,87
3571,12,180
3572,27,420
3573,16,179
3574,30,375
3575,14,166
3576,27,317
3577,12,151
3578,27,331
3579,7,109
3580,18,253
3581,21,222
3582,5,73
3583,21,267
3584,11,147
3585,20,283
3586,5,81
3587,45,579
3588,15,188
3589,26,293
3590,9,117
3591,5,84
3592,7,77
3593,2,18
3594,18,197
3595,8,129
3596,29,417
3597,15,141
3598,23,322
3599,17,283
3600,10,159
3601,17,164
3602,8,99
3603,20,259
3604,28,381
3605,17,228
3606,33,426
3607,25,385
3608,20,242
3609,22,270
3610,16,223
3611,23,333
3612,8,131
3613,18,228
3614,14,185
3615,18,248
3616,28,346
3617,2,17
3618,8,128
3619,25,309
3620,19,256
3621,32,483
3622,28,374
3623,10,99
3624,13,143
3625,33,398
3626,30,397
3627,31,423
3628,24,328
3629,23,270
3630,2,26
3631,27,350
3632,20,237
3633,4,47
3634,16,176
3635,21,287
3636,38,463
3637,31,395
3638,14,229
3639,23,299
3640,14,185
3641,14,203
3642,14,188
3643,24,307
3644,6,74
3645,10,146
3646,11,165
3647,29,459
3648,18,213
3649,18,253
3650,18,317
3651,35,474
3652,18,218
3653,25,430
3654,24,376
3655,18,248
3656,21,327
3657,16,154
3658,12,149
3659,24,337
3660,22,329
3661,24,332
3662,15,187
3663,12,165
3664,19,284
3665,20,287
3666,37,506
3667,22,291
3668,19,266
3669,22,287
3670,38,469
3671,21,290
3672,28,373
3673,29,313
3674,20,328
3675,12,162
3676,18,199
3677,24,304
3678,16,178
3679,24,361
3680,35,434
3681,18,218
3682,18,245
3683,20,285
3684,29,392
3685,14,176
3686,32,460
3687,21,265
3688,39,561
3689,28,373
3690,26,356
3691,11,153
3692,19,304
3693,17,213
3694,26,346
3695,11,127
3696,24,369
3697,33,551
3698,9,107
3699,8,99
3700,10,152
3701,23,319
3702,30,435
3703,42,605
3704,10,122
3705,32,522
3706,13,161
3707,32,437
3708,31,458
3709,19,238
3710,18,287
3711,20,286
3712,32,506
3713,32,457
3714,23,305
3715,31,422
3716,24,373
3717,20,253
3718,22,292
3719,26,327
3720,27,413
3721,27,386
3722,34,444
3723,30,452
3724,29,364
3725,26,357
3726,33,484
3727,10,129
3728,17,279
3729,3,43
3730,21,309
3731,40,589
3732,30,340
3733,23,309
3734,25,370
3735,18,228
3736,34,454
3737,16,185
3738,12,156
3739,9,123
3740,20,270
3741,27,384
3742,37,528
3743,17,226
3744,33,522
3745,26,362
3746,31,431
3747,12,151
3748,28,458
3749,32,436
3750,21,274
3751,26,387
3752,5,99
3753,24,334
3754,11,134
3755,32,444
3756,28,348
3757,21,266
3758,26,367
3759,28,369
3760,26,362
3761,33,483
3762,18,186
3763,11,132
3764,26,354
3765,25,314
3766,27,405
3767,12,135
3768,13,197
3769,26,371
3770,25,339
3771,34,449
3772,25,340
3773,18,198
3774,23,333
3775,8,105
3776,28,417
3777,34,457
3778,19,250
3779,30,374
3780,24,351
3781,22,302
3782,13,151
3783,26,337
3784,10,116
3785,26,344
3786,22,297
3787,17,250
3788,16,237
3789,19,249
3790,31,449
3791,15,237
3792,21,250
3793,32,440
3794,19,306
3795,30,385
3796,29,406
3797,20,305
3798,24,314
3799,32,463
3800,16,207
3801,21,271
3802,18,258
3803,20,253
3804,18,205
3805,20,259
3806,27,375
3807,7,81
3808,22,311
3809,32,357
3810,19,267
3811,4,48
3812,22,321
3813,29,448
3814,27,344
3815,17,217
3816,9,133
3817,29,332
3818,8,133
3819,12,185
3820,27,412
3821,4,65
3822,14,211
3823,21,284
3824,28,338
3825,37,558
3826,24,328
3827,13,144
3828,14,211
3829,14,136
3830,16,262
3831,25,365
3832,22,267
3833,21,354
3834,18,211
3835,35,566
3836,34,435
3837,25,346
3838,12,176
3839,25,325
3840,17,208
3841,29,446
3842,12,160
3843,29,411
3844,34,409
3845,24,340
3846,31,426
3847,25,320
3848,22,225
3849,17,229
3850,19,207
3851,29,379
3852,26,388
3853,27,348
3854,9,106
3855,19,216
3856,21,320
3857,14,196
3858,27,384
3859,27,317
3860,28,422
3861,26,360
3862,16,220
3863,29,411
3864,14,173
3865,30,426
3866,42,520
3867,11,154
3868,22,256
3869,14,179
3870,18,194
3871,31,365
3872,34,489
3873,20,251
3874,30,407
3875,33,429
3876,30,399
3877,10,131
3878,3,39
3879,29,400
3880,22,274
3881,27,419
3882,17,219
3883,30,381
3884,34,514
3885,25,267
3886,29,430
3887,19,250
3888,28,436
3889,7,102
3890,13,152
3891,25,413
3892,26,344
3893,4,59
3894,5,81
3895,22,349
3896,25,368
3897,26,259
3898,19,247
3899,15,167
3900,16,218
3901,13,218
3902,29,369
3903,22,257
3904,25,398
3905,33,415
3906,24,298
3907,24,279
3908,18,193
3909,16,208
3910,32,487
3911,18,278
3912,12,101
3913,24,299
3914,19,250
3915,7,123
3916,17,203
3917,20,236
3918,11,155
3919,18,231
3920,14,214
3921,18,245
3922,22,351
3923,27,382
3924,17,246
3925,33,489
3926,13,158
3927,12,142
3928,24,308
3929,20,280
3930,24,376
3931,12,141
3932,28,339
3933,16,263
3934,25,374
3935,11,116
3936,23,247
3937,17,238
3938,24,291
3939,41,578
3940,32,497
3941,21,249
3942,16,239
3943,24,347
3944,26,288
3945,28,371
3946,9,109
3947,16,206
3948,21,346
3949,30,447
3950,18,210
3951,28,410
3952,9,85
3953,19,248
3954,13,171
3955,6,84
3956,26,386
3957,31,421
3958,29,416
3959,27,383
3960,29,400
3961,27,407
3962,28,406
3963,38,535
3964,20,299
3965,29,370
3966,22,297
3967,12,134
3968,19,237
3969,23,311
3970,34,449
3971,14,196
3972,29,357
3973,29,459
3974,26,224
3975,27,412
3976,30,443
3977,23,253
3978,33,448
3979,2,17
3980,13,195
3981,28,419
3982,7,93
3983,27,402
3984,26,409
3985,35,458
3986,28,326
3987,23,296
3988,32,378
3989,6,82
3990,18,215
3991,4,67
3992,28,393
3993,31,441
3994,27,335
3995,30,374
3996,36,502
3997,30,456
3998,23,314
3999,16,201
4000,19,272
4001,21,320
4002,28,424
4003,25,332
4004,18,227
4005,19,204
4006,21,281
4007,24,404
4008,28,401
4009,22,278
4010,23,328
4011,22,263
4012,31,451
4013,27,386
4014,19,237
4015,25,360
4016,36,550
4017,20,271
4018,18,255
4019,22,276
4020,17,248
4021,21,315
4022,33,452
4023,31,444
4024,28,395
4025,15,232
4026,13,165
4027,38,515
4028,19,243
4029,16,236
4030,30,384
4031,20,257
4032,26,386
4033,13,139
4034,23,314
4035,28,413
4036,21,284
4037,22,334
4038,17,219
4039,18,270
4040,30,401
4041,22,370
4042,16,201
4043,20,215
4044,8,78
4045,8,126
4046,20,287
4047,16,165
4048,32,397
4049,27,317
4050,16,187
4051,25,294
4052,26,310
4053,17,227
4054,18,183
4055,15,199
4056,30,397
4057,4,67
4058,24,315
4059,20,305
4060,23,290
4061,20,320
4062,9,121
4063,15,236
4064,38,560
4065,18,253
4066,34,486
4067,24,340
4068,21,296
4069,22,285
4070,33,492
4071,12,160
4072,24,390
4073,3,76
4074,11,184
4075,18,214
4076,19,229
4077,34,421
4078,14,175
4079,26,342
4080,13,230
4081,29,408
4082,29,328
4083,20,251
4084,34,440
4085,26,339
4086,28,358
4087,11,126
4088,27,343
4089,22,302
4090,10,131
4091,33,469
4092,29,464
4093,25,316
4094,18,208
4095,19,283
4096,17,230
4097,13,167
4098,29,433
4099,21,223
4100,16,233
4101,8,108
4102,25,360
4103,14,181
4104,17,302
4105,27,362
4106,4,47
4107,6,82
4108,11,103
4109,30,360
4110,13,152
4111,24,344
4112,16,216
4113,12,141
4114,9,148
4115,27,338
4116,12,160
4117,32,508
4118,15,210
4119,8,92
4120,28,390
4121,26,362
4122,25,332
4123,12,159
4124,22,269
4125,16,170
4126,7,140
4127,14,233
4128,33,487
4129,29,428
4130,17,249
4131,11,175
4132,11,194
4133,16,259
4134,23,262
4135,24,292
4136,29,357
4137,7,76
4138,12,135
4139,29,408
4140,41,636
4141,24,340
4142,16,230
4143,16,297
4144,26,367
4145,19,281
4146,9,133
4147,18,253
4148,16,205
4149,17,226
4150,16,205
4151,28,378
4152,25,339
4153,15,211
4154,14,155
4155,13,205
4156,10,121
4157,6,79
4158,11,177
4159,13,203
4160,36,502
4161,17,254
4162,30,375
4163,25,307
4164,17,178
4165,11,153
4166,19,270
4167,20,286
4168,12,139
4169,26,352
4170,2,47
4171,14,205
4172,21,232
4173,32,488
4174,7,127
4175,17,225
4176,10,124
4177,26,317
4178,13,157
4179,13,184
4180,11,188
4181,19,250
4182,9,121
4183,9,101
4184,15,173
4185,12,168
4186,19,308
4187,12,177
4188,10,118
4189,16,191
4190,32,459
4191,9,100
4192,14,211
4193,13,187
4194,24,314
4195,11,152
4196,24,289
4197,5,86
4198,7,90
4199,16,191
4200,20,222
4201,25,365
4202,12,144
4203,19,245
4204,33,468
4205,23,329
4206,15,203
4207,28,370
4208,28,317
4209,8,123
4210,29,375
4211,28,357
4212,23,334
4213,22,301
4214,12,148
4215,25,324
4216,11,136
4217,26,389
4218,17,231
4219,16,250
4220,23,317
4221,28,333
4222,20,265
4223,8,119
4224,17,241
4225,10,149
4226,24,355
4227,25,301
4228,23,324
4229,20,257
4230,26,343
4231,13,165
4232,20,241
4233,22,303
4234,20,309
4235,34,377
4236,31,425
4237,9,130
4238,24,273
4239,26,361
4240,10,149
4241,20,267
4242,14,180
4243,31,435
4244,35,493
4245,6,105
4246,28,525
4247,33,486
4248,5,103
4249,24,350
4250,22,281
4251,10,125
4252,26,409
4253,30,441
4254,22,301
4255,17,263
4256,23,320
4257,33,428
4258,22,269
4259,15,240
4260,9,103
4261,34,478
4262,23,310
4263,21,211
4264,24,291
4265,27,307
4266,20,252
4267,24,347
4268,27,417
4269,24,365
4270,11,159
4271,5,75
4272,17,216
4273,18,267
4274,21,231
4275,25,411
4276,36,495
4277,33,453
4278,8,125
4279,21,271
4280,20,294
4281,33,421
4282,28,453
4283,9,141
4284,14,181
4285,28,403
4286,25,361
4287,24,363
4288,17,230
4289,16,192
4290,8,105
4291,17,201
4292,26,394
4293,15,241
4294,22,253
4295,16,197
4296,24,315
4297,17,203
4298,15,194
4299,28,365
4300,37,632
4301,25,361
4302,20,274
4303,20,254
4304,19,277
4305,9,144
4306,19,257
4307,26,305
4308,23,383
4309,21,262
4310,36,532
4311,14,190
4312,31,436
4313,26,331
4314,30,400
4315,35,550
4316,14,162
4317,23,295
4318,19,207
4319,37,551
4320,33,446
4321,27,359
4322,13,176
4323,30,369
4324,25,316
4325,26,343
4326,29,430
4327,30,407
4328,14,192
4329,22,344
4330,19,190
4331,4,58
4332,34,454
4333,21,261
4334,14,196
4335,21,298
4336,24,348
4337,4,72
4338,23,324
4339,26,352
4340,12,140
4341,23,313
4342,28,428
4343,20,248
4344,19,254
4345,30,488
4346,24,259
4347,33,373
4348,24,354
4349,20,290
4350,22,360
4351,20,246
4352,19,229
4353,32,413
4354,13,145
4355,11,158
4356,26,344
4357,17,194
4358,34,503
4359,21,318
4360,1,13
4361,24,317
4362,21,277
4363,29,415
4364,20,264
4365,30,372
4366,34,443
4367,23,364
4368,26,410
4369,24,361
4370,13,181
4371,24,326
4372,27,380
4373,37,544
4374,5,68
4375,31,376
4376,25,312
4377,21,299
4378,29,319
4379,26,388
4380,39,615
4381,28,405
4382,15,188
4383,45,615
4384,8,81
4385,23,264
4386,19,279
4387,27,381
4388,28,419
4389,22,254
4390,21,278
4391,17,208
4392,6,105
4393,26,305
4394,11,128
4395,26,338
4396,12,204
4397,38,506
4398,24,313
4399,28,363
4400,34,448
4401,23,331
4402,31,416
4403,35,441
4404,26,400
4405,16,182
4406,16,210
4407,16,214
4408,21,287
4409,15,233
4410,23,311
4411,25,316
4412,27,310
4413,26,392
4414,33,461
4415,19,265
4416,23,306
4417,28,380
4418,19,227
4419,38,530
4420,21,250
4421,33,453
4422,28,402
4423,16,173
4424,14,179
4425,33,506
4426,15,228
4427,34,499
4428,27,358
4429,27,365
4430,23,278
4431,23,298
4432,26,341
4433,21,256
4434,28,432
4435,29,391
4436,23,354
4437,21,260
4438,5,67
4439,24,405
4440,36,504
4441,24,317
4442,26,380
4443,29,389
4444,18,239
4445,35,474
4446,16,183
4447,26,322
4448,29,413
4449,20,264
4450,35,465
4451,19,246
4452,26,424
4453,30,480
4454,26,334
4455,28,396
4456,26,391
4457,34,442
4458,24,282
4459,18,259
4460,37,543
4461,29,369
4462,11,125
4463,24,290
4464,24,341
4465,32,403
4466,32,449
4467,30,380
4468,20,252
4469,18,268
4470,34,517
4471,20,257
4472,36,525
4473,35,486
4474,19,238
4475,28,439
4476,30,425
4477,18,295
4478,31,466
4479,25,376
4480,7,75
4481,27,463
4482,25,377
4483,30,422
4484,24,280
4485,23,378
4486,15,218
4487,21,355
4488,27,344
4489,21,262
4490,19,256
4491,29,385
4492,23,300
4493,20,278
4494,23,311
4495,19,262
4496,25,324
4497,33,442
4498,13,151
4499,28,342
4500,20,197
4501,31,419
4502,26,276
4503,23,278
4504,31,427
4505,33,403
4506,33,437
4507,18,196
4508,29,423
4509,26,383
4510,34,434
4511,39,557
4512,39,501
4513,23,292
4514,28,396
4515,39,480
4516,35,494
4517,33,420
4518,23,320
4519,44,616
4520,30,443
4521,17,232
4522,35,452
4523,29,415
4524,27,389
4525,29,392
4526,13,176
4527,8,104
4528,30,476
4529,28,406
4530,19,257
4531,14,183
4532,17,196
4533,27,426
4534,17,244
4535,23,340
4536,25,386
4537,32,457
4538,15,241
4539,29,333
4540,15,189
4541,14,181
4542,27,370
4543,15,226
4544,32,403
4545,35,522
4546,22,311
4547,29,369
4548,34,496
4549,25,305
4550,21,307
4551,16,200
4552,28,328
4553,32,469
4554,17,180
4555,20,245
4556,30,466
4557,30,435
4558,35,445
4559,30,473
4560,24,325
4561,13,159
4562,29,418
4563,24,265
4564,23,337
4565,22,259
4566,25,321
4567,27,364
4568,17,221
4569,29,358
4570,27,397
4571,27,415
4572,21,236
4573,22,348
4574,34,531
4575,16,172
4576,21,317
4577,29,334
4578,29,437
4579,32,396
4580,30,469
4581,29,321
4582,22,323
4583,30,420
4584,29,420
4585,38,510
4586,27,342
4587,31,453
4588,28,384
4589,19,296
4590,32,387
4591,29,307
4592,21,311
4593,24,317
4594,26,331
4595,15,224
4596,20,301
4597,40,572
4598,25,275
4599,17,204
4600,23,344
4601,28,400
4602,28,322
4603,13,235
4604,25,311
4605,26,329
4606,16,188
4607,22,255
4608,26,410
4609,29,387
4610,27,388
4611,36,488
4612,29,421
4613,18,238
4614,26,369
4615,32,423
4616,47,657
4617,32,470
4618,34,517
4619,19,243
4620,30,358
4621,16,230
4622,16,190
4623,27,362
4624,35,537
4625,25,305
4626,17,243
4627,30,411
4628,31,353
4629,27,375
4630,14,222
4631,27,335
4632,29,464
4633,25,349
4634,27,355
4635,21,245
4636,25,331
4637,26,325
4638,14,176
4639,27,424
4640,25,385
4641,31,439
4642,23,293
4643,22,346
4644,30,413
4645,16,245
4646,23,332
4647,17,299
4648,28,405
4649,33,441
4650,20,268
4651,27,393
4652,24,334
4653,21,330
4654,24,365
4655,24,286
4656,10,108
4657,36,486
4658,37,482
4659,25,318
4660,21,267
4661,23,268
4662,20,273
4663,17,210
4664,26,349
4665,24,345
4666,26,293
4667,23,358
4668,32,423
4669,30,411
4670,20,271
4671,12,181
4672,26,412
4673,21,257
4674,19,289
4675,29,459
4676,34,510
4677,8,100
4678,23,302
4679,12,144
4680,24,338
4681,25,370
4682,25,378
4683,33,509
4684,15,185
4685,22,309
4686,23,368
4687,30,419
4688,17,251
4689,18,222
4690,23,354
4691,30,407
4692,32,428
4693,17,256
4694,16,185
4695,25,317
4696,30,402
4697,28,354
4698,21,256
4699,36,494
4700,12,185
4701,3,41
4702,23,311
4703,31,424
4704,30,393
4705,33,532
4706,32,440
4707,28,418
4708,27,386
4709,18,201
4710,25,371
4711,30,411
4712,27,426
4713,26,381
4714,25,328
4715,36,486
4716,8,83
4717,32,495
4718,12,136
4719,31,398
4720,28,445
4721,27,285
4722,24,343
4723,20,207
4724,29,378
4725,32,503
4726,32,464
4727,23,273
4728,21,235
4729,17,206
4730,33,356
4731,26,390
4732,30,369
4733,19,289
4734,22,309
4735,20,231
4736,4,61
4737,32,434
4738,23,330
4739,30,428
4740,25,350
4741,29,450
4742,31,377
4743,29,407
4744,43,544
4745,33,537
4746,22,243
4747,36,552
4748,15,206
4749,36,567
4750,24,332
4751,26,360
4752,31,330
4753,29,382
4754,26,385
4755,20,304
4756,11,114
4757,43,609
4758,26,338
4759,26,346
4760,21,265
4761,37,490
4762,21,257
4763,17,226
4764,25,288
4765,24,323
4766,31,339
4767,22,266
4768,20,267
4769,22,287
4770,19,312
4771,23,272
4772,25,315
4773,31,410
4774,33,505
4775,31,435
4776,41,539
4777,21,308
4778,41,525
4779,26,349
4780,11,106
4781,23,340
4782,29,397
4783,26,385
4784,8,103
4785,19,251
4786,29,450
4787,22,321
4788,19,194
4789,27,393
4790,27,362
4791,18,254
4792,27,326
4793,26,416
4794,35,525
4795,27,345
4796,38,550
4797,24,330
4798,25,267
4799,10,155
4800,32,397
4801,29,369
4802,24,299
4803,20,294
4804,25,302
4805,36,539
4806,11,195
4807,25,306
4808,20,307
4809,23,285
4810,34,444
4811,23,302
4812,37,546
4813,38,485
4814,25,383
4815,28,331
4816,27,322
4817,19,220
4818,29,319
4819,23,383
4820,28,452
4821,24,349
4822,29,359
4823,6,57
4824,11,179
4825,31,507
4826,34,410
4827,30,368
4828,24,300
4829,32,461
4830,19,203
4831,34,480
4832,25,414
4833,21,313
4834,25,389
4835,27,359
4836,27,410
4837,26,334
4838,20,293
4839,24,353
4840,16,180
4841,32,442
4842,19,218
4843,14,188
4844,32,399
4845,29,405
4846,31,447
4847,29,401
4848,18,255
4849,24,355
4850,32,395
4851,31,449
4852,16,159
4853,17,206
4854,12,156
4855,16,213
4856,25,422
4857,19,307
4858,27,422
4859,21,341
4860,26,336
4861,35,492
4862,22,267
4863,32,419
4864,33,464
4865,28,410
4866,26,378
4867,26,292
4868,21,272
4869,28,348
4870,31,423
4871,40,592
4872,20,275
4873,12,150
4874,35,463
4875,28,400
4876,36,520
4877,36,503
4878,22,291
4879,17,266
4880,22,324
4881,17,220
4882,21,289
4883,37,532
4884,16,178
4885,31,432
4886,17,253
4887,36,527
4888,34,507
4889,40,612
4890,23,314
4891,23,328
4892,17,230
4893,32,343
4894,30,358
4895,5,47
4896,11,158
4897,28,439
4898,24,375
4899,26,406
4900,33,410
4901,33,448
4902,25,332
4903,34,473
4904,25,318
4905,13,181
4906,9,92
4907,23,302
4908,33,453
4909,25,334
4910,9,107
4911,19,305
4912,20,244
4913,29,384
4914,28,389
4915,20,223
4916,9,103
4917,22,319
4918,25,316
4919,22,346
4920,28,297
4921,23,257
4922,26,318
4923,14,201
4924,40,570
4925,29,424
4926,21,259
4927,12,189
4928,17,193
4929,35,444
4930,21,252
4931,26,350
4932,22,303
4933,26,382
4934,21,247
4935,19,282
4936,22,343
4937,26,292
4938,26,350
4939,25,357
4940,8,122
4941,19,279
4942,29,402
4943,26,297
4944,29,453
4945,5,91
4946,27,388
4947,19,248
4948,34,485
4949,27,402
4950,36,472
4951,28,344
4952,19,259
4953,26,365
4954,10,125
4955,24,271
4956,28,362
4957,23,345
4958,26,351
4959,27,439
4960,38,446
4961,23,346
4962,29,381
4963,33,531
4964,11,168
4965,32,449
4966,16,197
4967,17,251
4968,19,205
4969,26,327
4970,33,418
4971,11,172
4972,29,477
4973,29,448
4974,15,195
4975,22,271
4976,33,409
4977,17,239
4978,41,577
4979,39,541
4980,22,251
4981,37,536
4982,26,361
4983,27,358
4984,26,319
4985,22,294
4986,37,585
4987,28,414
4988,31,444
4989,31,430
4990,26,371
4991,23,293
4992,34,477
4993,16,196
4994,13,164
4995,22,285
4996,15,205
4997,18,265
4998,27,324
4999,17,246
5000,35,549
5001,34,479
5002,29,339
5003,23,325
5004,11,141
5005,22,331
5006,27,269
5007,36,431
5008,29,429
5009,34,507
5010,27,389
5011,29,485
5012,21,286
5013,21,345
5014,27,394
5015,33,438
5016,10,144
5017,27,351
5018,12,137
5019,22,276
5020,12,122
5021,16,221
5022,22,338
5023,29,303
5024,29,371
5025,23,352
5026,9,97
5027,36,532
5028,24,335
5029,24,357
5030,29,402
5031,23,304
5032,28,426
5033,28,426
5034,36,419
5035,28,412
5036,33,483
5037,16,243
5038,42,515
5039,27,441
5040,36,463
5041,9,113
5042,13,167
5043,21,291
5044,35,518
5045,28,409
5046,33,450
5047,35,566
5048,23,351
5049,38,505
5050,6,91
5051,18,284
5052,28,420
5053,23,344
5054,21,258
5055,34,458
5056,25,335
5057,9,136
5058,27,291
5059,34,415
5060,25,321
5061,37,598
5062,24,336
5063,24,321
5064,18,190
5065,17,226
5066,23,295
5067,18,240
5068,19,258
5069,22,272
5070,33,500
5071,27,336
5072,33,499
5073,9,140
5074,27,401
5075,31,496
5076,28,356
5077,26,373
5078,36,561
5079,41,514
5080,21,311
5081,30,374
5082,26,416
5083,36,478
5084,29,367
5085,31,474
5086,26,378
5087,29,378
5088,28,415
5089,26,356
5090,21,284
5091,31,416
5092,26,406
5093,27,283
5094,31,471
5095,30,423
5096,20,243
5097,23,317
5098,0,8
5099,16,240
5100,12,187
5101,26,340
5102,28,364
5103,39,553
5104,25,378
5105,18,294
5106,12,149
5107,22,303
5108,22,287
5109,28,428
5110,24,353
5111,16,166
5112,29,395
5113,23,372
5114,16,201
5115,27,346
5116,26,385
5117,19,227
5118,31,459
5119,28,345
5120,14,159
5121,24,294
5122,33,471
5123,23,274
5124,25,331
5125,35,470
5126,34,500
5127,19,257
5128,21,245
5129,27,303
5130,19,271
5131,27,325
5132,31,386
5133,20,240
5134,26,332
5135,27,405
5136,28,416
5137,36,406
5138,36,477
5139,17,229
5140,13,142
5141,13,169
5142,28,375
5143,28,342
5144,20,280
5145,22,311
5146,23,373
5147,20,292
5148,6,62
5149,30,418
5150,34,429
5151,24,273
5152,25,364
5153,27,367
5154,19,258
5155,20,283
5156,33,427
5157,27,415
5158,14,161
5159,26,400
5160,36,536
5161,26,377
5162,31,416
5163,42,590
5164,31,426
5165,23,319
5166,13,198
5167,22,265
5168,31,399
5169,31,416
5170,22,302
5171,32,510
5172,34,457
5173,19,244
5174,32,447
5175,8,85
5176,32,416
5177,19,238
5178,34,452
5179,32,341
5180,21,321
5181,26,358
5182,16,241
5183,20,279
5184,17,264
5185,32,427
5186,8,129
5187,21,240
5188,24,304
5189,30,339
5190,32,401
5191,33,421
5192,36,543
5193,25,319
5194,25,267
5195,26,323
5196,20,285
5197,33,438
5198,32,408
5199,21,282
5200,24,316
5201,32,479
5202,23,316
5203,29,368
5204,16,221
5205,21,255
5206,17,240
5207,24,350
5208,33,534
5209,17,220
5210,26,406
5211,22,320
5212,26,414
5213,35,503
5214,30,400
5215,19,274
5216,25,291
5217,16,218
5218,19,198
5219,15,188
5220,21,305
5221,27,316
5222,19,239
5223,19,269
5224,19,261
5225,26,366
5226,19,244
5227,31,383
5228,25,325
5229,23,288
5230,42,488
5231,24,306
5232,22,285
5233,35,540
5234,26,353
5235,29,408
5236,31,419
5237,27,400
5238,21,289
5239,23,302
5240,31,440
5241,34,433
5242,33,404
5243,29,307
5244,21,262
5245,24,353
5246,32,394
5247,23,305
5248,34,477
5249,24,330
5250,20,257
5251,25,304
5252,27,367
5253,18,252
5254,35,517
5255,23,321
5256,31,468
5257,23,300
5258,28,445
5259,35,489
5260,24,332
5261,20,292
5262,31,389
5263,37,497
5264,35,487
5265,21,300
5266,33,447
5267,36,475
5268,17,248
5269,20,304
5270,21,319
5271,14,193
5272,4,69
5273,31,447
5274,28,381
5275,22,271
5276,27,320
5277,39,486
5278,29,350
5279,34,424
5280,27,373
5281,13,160
5282,39,499
5283,23,281
5284,34,476
5285,5,68
5286,29,311
5287,32,399
5288,20,210
5289,31,445
5290,30,378
5291,35,457
5292,25,340
5293,20,253
5294,34,448
5295,38,529
5296,21,271
5297,31,378
5298,19,242
5299,5,87
5300,37,540
5301,31,409
5302,26,346
5303,25,377
5304,27,394
5305,11,123
5306,31,394
5307,24,321
5308,22,330
5309,25,356
5310,27,365
5311,34,473
5312,39,527
5313,16,167
5314,5,63
5315,24,351
5316,17,262
5317,27,325
5318,29,442
5319,22,261
5320,12,133
5321,0,8
5322,27,385
5323,18,247
5324,26,371
5325,28,439
5326,28,372
5327,19,272
5328,18,260
5329,16,215
5330,29,390
5331,11,167
5332,32,510
5333,29,449
5334,28,449
5335,25,380
5336,33,452
5337,16,210
5338,20,296
5339,15,185
5340,27,375
5341,16,260
5342,29,414
5343,29,409
5344,15,220
5345,27,409
5346,28,351
5347,39,549
5348,21,258
5349,21,262
5350,33,432
5351,16,217
5352,43,599
5353,23,330
5354,34,539
5355,32,481
5356,26,361
5357,25,362
5358,26,325
5359,31,441
5360,28,356
5361,33,459
5362,17,293
5363,15,176
5364,32,469
5365,16,188
5366,26,321
5367,15,282
5368,26,356
5369,31,413
5370,34,513
5371,38,495
5372,6,95
5373,19,248
5374,23,221
5375,24,339
5376,29,454
5377,32,352
5378,35,471
5379,21,283
5380,41,682
5381,20,314
5382,26,356
5383,29,378
5384,5,68
5385,22,304
5386,24,301
5387,37,501
5388,29,448
5389,36,539
5390,14,162
5391,25,384
5392,29,379
5393,20,268
5394,18,266
5395,19,288
5396,29,355
5397,12,138
5398,13,188
5399,2,30
5400,33,475
5401,24,342
5402,28,385
5403,31,479
5404,31,431
5405,19,289
5406,26,337
5407,28,382
5408,19,232
5409,29,348
5410,24,331
5411,35,509
5412,30,361
5413,42,550
5414,32,446
5415,20,245
5416,34,506
5417,29,389
5418,25,379
5419,21,274
5420,29,316
5421,23,341
5422,24,297
5423,33,450
5424,23,324
5425,33,462
5426,26,377
5427,3,35
5428,23,313
5429,26,375
5430,36,515
5431,27,379
5432,18,222
5433,23,291
5434,23,272
5435,19,270
5436,22,300
5437,24,317
5438,21,285
5439,23,347
5440,29,375
5441,26,328
5442,23,294
5443,15,177
5444,18,239
5445,24,359
5446,20,264
5447,33,414
5448,25,373
5449,25,369
5450,18,326
5451,28,404
5452,37,512
5453,40,562
5454,27,352
5455,5,92
5456,31,389
5457,34,364
5458,19,259
5459,13,195
5460,30,498
5461,27,334
5462,19,244
5463,29,391
5464,26,327
5465,28,375
5466,26,289
5467,21,222
5468,29,397
5469,10,135
5470,24,397
5471,21,222
5472,23,317
5473,36,487
5474,24,378
5475,15,267
5476,36,441
5477,44,654
5478,13,137
5479,26,323
5480,32,455
5481,23,327
5482,24,338
5483,25,345
5484,31,449
5485,27,352
5486,30,401
5487,22,273
5488,20,238
5489,14,148
5490,31,447
5491,18,240
5492,30,422
5493,22,321
5494,22,296
5495,32,485
5496,34,503
5497,24,326
5498,27,387
5499,27,410
5500,18,223
5501,28,394
5502,30,409
5503,25,339
5504,26,391
5505,35,450
5506,37,481
5507,30,428
5508,37,511
5509,22,332
5510,38,527
5511,25,361
5512,15,144
5513,33,448
5514,27,346
5515,31,454
5516,32,441
5517,24,355
5518,25,331
5519,21,259
5520,30,425
5521,33,419
5522,18,232
5523,27,397
5524,21,341
5525,22,259
5526,26,373
5527,29,408
5528,18,283
5529,27,385
5530,20,311
5531,28,329
5532,14,201
5533,23,264
5534,33,492
5535,23,275
5536,29,408
5537,30,458
5538,11,172
5539,40,572
5540,28,416
5541,25,349
5542,21,298
5543,21,245
5544,25,298
5545,14,194
5546,20,269
5547,20,233
5548,32,401
5549,22,304
5550,31,444
5551,28,318
5552,16,226
5553,32,510
5554,15,207
5555,13,119
5556,35,554
5557,31,408
5558,24,367
5559,14,196
5560,22,369
5561,25,330
5562,29,395
5563,22,339
5564,20,268
5565,30,419
5566,27,439
5567,24,340
5568,33,409
5569,40,488
5570,24,357
5571,27,379
5572,29,413
5573,25,371
5574,27,338
5575,16,264
5576,37,502
5577,20,253
5578,30,392
5579,39,483
5580,30,506
5581,23,333
5582,31,459
5583,23,320
5584,27,366
5585,26,331
5586,31,374
5587,34,487
5588,16,228
5589,32,456
5590,32,423
5591,24,319
5592,42,547
5593,42,603
5594,30,463
5595,26,333
5596,29,374
5597,25,323
5598,31,493
5599,27,377
5600,31,418
5601,18,244
5602,9,121
5603,36,469
5604,33,496
5605,31,320
5606,38,617
5607,35,459
5608,28,316
5609,10,159
5610,28,324
5611,18,215
5612,42,579
5613,24,302
5614,27,343
5615,35,518
5616,23,285
5617,33,528
5618,35,442
5619,27,398
5620,20,275
5621,25,399
5622,23,366
5623,18,195
5624,30,333
5625,28,362
5626,27,389
5627,26,317
5628,24,334
5629,17,225
5630,19,240
5631,25,279
5632,14,235
5633,9,129
5634,29,389
5635,26,388
5636,29,389
5637,20,237
5638,25,348
5639,29,403
5640,31,379
5641,33,431
5642,17,289
5643,20,269
5644,30,362
5645,24,263
5646,22,248
5647,34,462
5648,27,344
5649,28,329
5650,37,414
5651,29,339
5652,25,381
5653,34,513
5654,34,366
5655,32,497
5656,30,424
5657,21,247
5658,36,434
5659,32,481
5660,26,298
5661,38,532
5662,25,336
5663,26,325
5664,26,361
5665,19,228
5666,16,194
5667,34,415
5668,32,419
5669,41,575
5670,9,104
5671,30,474
5672,26,329
5673,24,275
5674,30,391
5675,16,211
5676,17,194
5677,22,323
5678,23,310
5679,30,381
5680,22,337
5681,24,352
5682,23,375
5683,23,302
5684,26,345
5685,13,176
5686,40,545
5687,31,412
5688,13,188
5689,28,347
5690,19,257
5691,26,398
5692,21,265
5693,36,528
5694,33,547
5695,25,387
5696,20,229
5697,19,245
5698,33,408
5699,21,279
5700,27,354
5701,23,278
5702,21,215
5703,24,314
5704,30,406
5705,27,379
5706,27,340
5707,32,380
5708,18,215
5709,25,347
5710,26,295
5711,7,113
5712,38,536
5713,12,152
5714,29,370
5715,30,477
5716,35,478
5717,17,203
5718,28,347
5719,22,265
5720,5,52
5721,23,307
5722,12,168
5723,30,387
5724,28,358
5725,23,272
5726,32,466
5727,28,417
5728,27,422
5729,22,299
5730,27,415
5731,27,337
5732,36,534
5733,35,509
5734,24,317
5735,32,429
5736,21,299
5737,26,331
5738,13,147
5739,30,482
5740,18,221
5741,8,106
5742,19,233
5743,19,260
5744,33,469
5745,16,177
5746,28,445
5747,12,160
5748,17,288
5749,25,308
5750,22,278
5751,20,300
5752,29,437
5753,32,448
5754,23,312
5755,37,484
5756,25,367
5757,26,366
5758,34,435
5759,28,391
5760,27,363
5761,20,290
5762,20,284
5763,33,478
5764,29,390
5765,24,349
5766,42,567
5767,21,347
5768,5,73
5769,26,325
5770,1,9
5771,25,362
5772,23,318
5773,28,388
5774,31,411
5775,31,424
5776,23,329
5777,22,277
5778,28,399
5779,11,158
5780,27,391
5781,8,106
5782,39,557
5783,31,373
5784,25,298
5785,21,301
5786,38,518
5787,17,168
5788,15,223
5789,22,262
5790,34,542
5791,22,306
5792,27,342
5793,25,330
5794,32,434
5795,40,567
5796,30,403
5797,32,452
5798,32,408
5799,38,593
5800,26,332
5801,28,349
5802,26,355
5803,34,546
5804,30,393
5805,32,464
5806,21,318
5807,49,650
5808,30,391
5809,23,330
5810,17,234
5811,43,537
5812,29,367
5813,37,546
5814,32,499
5815,16,216
5816,32,426
5817,31,387
5818,22,355
5819,38,597
5820,35,556
5821,33,418
5822,13,138
5823,20,242
5824,19,283
5825,17,259
5826,15,190
5827,28,381
5828,21,275
5829,22,244
5830,41,566
5831,35,386
5832,33,403
5833,29,343
5834,16,253
5835,16,221
5836,26,319
5837,28,396
5838,39,591
5839,27,366
5840,16,233
5841,32,412
5842,34,408
5843,25,314
5844,35,488
5845,33,460
5846,42,641
5847,32,453
5848,24,330
5849,21,282
5850,25,318
5851,21,291
5852,24,331
5853,30,416
5854,26,424
5855,29,363
5856,33,515
5857,30,442
5858,18,288
5859,34,455
5860,23,353
5861,21,293
5862,33,442
5863,26,335
5864,31,477
5865,37,482
5866,18,233
5867,18,220
5868,33,472
5869,28,385
5870,37,499
5871,36,573
5872,21,306
5873,31,406
5874,20,223
5875,15,186
5876,34,392
5877,18,251
5878,24,325
5879,31,424
5880,24,308
5881,20,303
5882,18,264
5883,30,392
5884,33,490
5885,20,248
5886,26,390
5887,25,320
5888,35,496
5889,27,381
5890,34,503
5891,39,517
5892,13,165
5893,12,178
5894,26,365
5895,29,401
5896,27,410
5897,37,578
5898,30,372
5899,31,375
5900,20,295
5901,34,452
5902,12,152
5903,25,323
5904,14,204
5905,30,292
5906,18,250
5907,42,582
5908,12,174
5909,28,379
5910,33,477
5911,32,431
5912,18,290
5913,18,228
5914,31,456
5915,21,244
5916,24,322
5917,25,354
5918,24,319
5919,24,311
5920,13,193
5921,21,291
5922,6,95
5923,24,365
5924,17,244
5925,23,310
5926,22,284
5927,27,360
5928,26,419
5929,42,585
5930,7,117
5931,40,634
5932,7,61
5933,32,408
5934,31,427
5935,30,339
5936,36,477
5937,16,236
5938,11,115
5939,12,202
5940,22,325
5941,7,129
5942,37,560
5943,25,283
5944,27,368
5945,18,265
5946,29,386
5947,5,97
5948,32,478
5949,23,282
5950,15,209
5951,31,421
5952,25,357
5953,15,228
5954,43,680
5955,46,685
5956,37,498
5957,34,487
5958,22,300
5959,33,537
5960,14,199
5961,21,371
5962,28,355
5963,18,216
5964,27,323
5965,18,224
5966,31,466
5967,24,372
5968,22,288
5969,44,568
5970,20,359
5971,20,276
5972,18,303
5973,22,249
5974,32,505
5975,22,339
5976,15,197
5977,27,391
5978,29,470
5979,27,336
5980,29,410
5981,28,426
5982,30,449
5983,24,406
5984,30,423
5985,28,450
5986,29,453
5987,27,428
5988,24,392
5989,30,406
5990,24,339
5991,25,369
5992,31,439
5993,35,490
5994,24,370
5995,22,310
5996,15,170
5997,28,378
5998,26,383
5999,27,347
6000,19,290
6001,22,283
6002,31,516
6003,32,418
6004,33,442
6005,14,188
6006,35,458
6007,28,395
6008,24,319
6009,30,443
6010,18,222
6011,30,428
6012,22,345
6013,24,298
6014,14,180
6015,32,469
6016,27,406
6017,17,213
6018,17,198
6019,17,264
6020,37,570
6021,18,236
6022,23,376
6023,18,244
6024,34,556
6025,29,377
6026,35,553
6027,29,371
6028,30,429
6029,9,159
6030,35,496
6031,22,323
6032,27,424
6033,30,446
6034,32,467
6035,28,319
6036,24,312
6037,20,275
6038,24,355
6039,28,405
6040,25,328
6041,35,433
6042,21,273
6043,18,208
6044,34,439
6045,26,338
6046,23,339
6047,32,433
6048,27,369
6049,33,409
6050,24,269
6051,16,209
6052,24,343
6053,28,427
6054,22,361
6055,39,554
6056,22,277
6057,21,283
6058,35,511
6059,33,410
6060,31,466
6061,29,364
6062,37,516
6063,8,111
6064,26,345
6065,26,366
6066,29,397
6067,28,356
6068,29,363
6069,22,314
6070,28,364
6071,32,432
6072,22,329
6073,29,390
6074,25,356
6075,23,327
6076,29,422
6077,25,333
6078,13,185
6079,32,390
6080,19,257
6081,32,370
6082,45,558
6083,38,505
6084,35,396
6085,21,321
6086,25,315
6087,21,297
6088,23,287
6089,22,322
6090,38,553
6091,28,350
6092,13,162
6093,13,141
6094,27,387
6095,21,255
6096,32,406
6097,29,380
6098,15,145
6099,31,465
6100,26,444
6101,9,125
6102,31,436
6103,26,349
6104,25,364
6105,23,291
6106,8,117
6107,23,296
6108,35,530
6109,22,299
6110,38,402
6111,26,396
6112,38,582
6113,19,235
6114,32,433
6115,39,602
6116,34,466
6117,21,317
6118,32,402
6119,19,308
6120,19,251
6121,24,365
6122,31,377
6123,21,269
6124,35,463
6125,30,406
6126,35,469
6127,14,203
6128,15,189
6129,26,392
6130,28,310
6131,22,378
6132,14,179
6133,2,17
6134,36,506
6135,25,313
6136,30,383
6137,18,250
6138,34,466
6139,18,254
6140,20,297
6141,35,438
6142,29,375
6143,25,327
6144,39,630
6145,21,292
6146,27,329
6147,30,411
6148,26,385
6149,27,356
6150,29,360
6151,24,359
6152,24,331
6153,36,568
6154,30,459
6155,28,410
6156,15,171
6157,43,580
6158,4,53
6159,7,73
6160,26,341
6161,17,223
6162,29,468
6163,28,399
6164,20,235
6165,39,557
6166,28,408
6167,23,320
6168,22,288
6169,39,490
6170,18,229
6171,32,460
6172,30,343
6173,36,484
6174,28,357
6175,12,172
6176,27,381
6177,28,406
6178,38,622
6179,18,263
6180,17,243
6181,21,292
6182,31,410
6183,31,366
6184,31,495
6185,22,313
6186,31,469
6187,22,349
6188,36,452
6189,30,395
6190,21,256
6191,28,363
6192,31,427
6193,31,402
6194,21,248
6195,46,624
6196,19,331
6197,19,253
6198,31,386
6199,32,378
6200,39,605
6201,24,291
6202,22,280
6203,16,241
6204,31,430
6205,34,453
6206,22,314
6207,40,541
6208,31,489
6209,22,241
6210,20,246
6211,36,497
6212,30,439
6213,23,297
6214,30,439
6215,35,479
6216,33,397
6217,29,422
6218,25,356
6219,30,466
6220,21,280
6221,38,564
6222,2,31
6223,29,414
6224,6,67
6225,37,541
6226,37,512
6227,20,209
6228,31,387
6229,18,286
6230,36,492
6231,10,157
6232,20,246
6233,22,312
6234,27,396
6235,41,589
6236,27,312
6237,39,501
6238,11,161
6239,27,408
6240,26,301
6241,25,352
6242,40,459
6243,38,543
6244,10,128
6245,27,410
6246,22,353
6247,43,632
6248,15,201
6249,16,227
6250,31,442
6251,36,509
6252,27,346
6253,15,207
6254,30,449
6255,27,385
6256,34,446
6257,18,236
6258,20,271
6259,30,428
6260,24,349
6261,34,568
6262,27,396
6263,39,604
6264,31,466
6265,29,510
6266,26,443
6267,31,419
6268,26,340
6269,30,414
6270,25,289
6271,21,283
6272,29,395
6273,24,280
6274,30,472
6275,14,163
6276,41,625
6277,31,414
6278,15,190
6279,36,493
6280,10,117
6281,28,380
6282,20,277
6283,32,452
6284,30,385
6285,22,304
6286,20,238
6287,23,376
6288,36,507
6289,17,251
6290,33,518
6291,30,388
6292,21,293
6293,35,502
6294,31,391
6295,24,376
6296,14,193
6297,28,322
6298,30,480
6299,22,328
6300,38,495
6301,20,244
6302,14,195
6303,23,282
6304,27,297
6305,45,657
6306,21,257
6307,15,159
6308,23,274
6309,28,374
6310,27,326
6311,24,345
6312,23,323
6313,28,405
6314,23,337
6315,19,270
6316,16,250
6317,21,247
6318,35,500
6319,44,457
6320,37,578
6321,27,409
6322,35,561
6323,31,391
6324,45,706
6325,26,300
6326,26,362
6327,18,276
6328,33,481
6329,10,135
6330,15,231
6331,26,305
6332,32,473
6333,34,512
6334,24,329
6335,24,319
6336,20,250
6337,17,231
6338,33,424
6339,13,229
6340,27,349
6341,25,310
6342,41,582
6343,14,153
6344,24,331
6345,29,378
6346,22,311
6347,31,438
6348,21,238
6349,46,658
6350,20,275
6351,12,179
6352,23,291
6353,6,99
6354,25,328
6355,37,464
6356,28,395
6357,26,318
6358,28,440
6359,25,323
6360,30,450
6361,31,484
6362,29,371
6363,32,420
6364,35,460
6365,31,422
6366,28,357
6367,43,779
6368,20,279
6369,33,444
6370,19,272
6371,23,295
6372,23,298
6373,22,254
6374,25,349
6375,40,474
6376,29,364
6377,31,419
6378,23,284
6379,20,231
6380,33,461
6381,41,503
6382,22,264
6383,28,395
6384,28,383
6385,22,316
6386,25,333
6387,19,231
6388,25,413
6389,31,441
6390,42,722
6391,23,282
6392,37,536
6393,30,396
6394,33,449
6395,38,457
6396,22,331
6397,40,530
6398,43,573
6399,36,484
6400,33,443
6401,36,504
6402,28,351
6403,29,362
6404,33,481
6405,31,389
6406,32,458
6407,27,404
6408,15,227
6409,27,401
6410,26,406
6411,32,463
6412,39,561
6413,26,405
6414,14,216
6415,26,387
6416,30,490
6417,22,257
6418,30,426
6419,28,336
6420,29,444
6421,40,578
6422,22,340
6423,28,419
6424,43,622
6425,4,62
6426,40,629
6427,27,399
6428,35,444
6429,31,486
6430,27,400
6431,20,344
6432,15,198
6433,27,351
6434,28,347
6435,28,389
6436,30,395
6437,48,663
6438,37,484
6439,26,416
6440,38,511
6441,13,166
6442,15,174
6443,24,321
6444,23,316
6445,37,525
6446,18,242
6447,25,359
6448,25,359
6449,28,368
6450,34,448
6451,25,379
6452,40,638
6453,21,336
6454,28,395
6455,27,424
6456,32,383
6457,30,410
6458,25,413
6459,29,441
6460,25,338
6461,31,371
6462,24,284
6463,31,423
6464,30,360
6465,15,185
6466,39,601
6467,20,315
6468,33,428
6469,28,316
6470,28,408
6471,31,389
6472,18,203
6473,33,449
6474,19,256
6475,43,608
6476,27,290
6477,19,239
6478,15,228
6479,44,710
6480,2,17
6481,32,479
6482,27,378
6483,35,504
6484,28,460
6485,16,217
6486,16,177
6487,19,331
6488,29,405
6489,38,479
6490,35,480
6491,30,468
6492,22,319
6493,30,388
6494,30,413
6495,19,199
6496,22,259
6497,28,342
6498,32,434
6499,27,366
6500,17,270
6501,29,412
6502,30,454
6503,22,314
6504,37,437
6505,48,726
6506,28,356
6507,28,332
6508,40,621
6509,23,285
6510,18,237
6511,31,399
6512,27,406
6513,20,229
6514,25,271
6515,30,465
6516,29,390
6517,14,192
6518,22,272
6519,32,515
6520,19,306
6521,36,504
6522,36,466
6523,28,347
6524,27,370
6525,17,246
6526,29,392
6527,34,483
6528,17,219
6529,33,427
6530,32,498
6531,17,292
6532,27,335
6533,19,220
6534,36,510
6535,34,457
6536,21,268
6537,31,472
6538,23,291
6539,22,273
6540,27,322
6541,19,256
6542,42,658
6543,34,519
6544,15,171
6545,27,393
6546,25,376
6547,25,377
6548,36,490
6549,33,473
6550,33,489
6551,24,332
6552,23,343
6553,27,390
6554,25,322
6555,27,422
6556,27,450
6557,24,346
6558,53,790
6559,36,440
6560,26,385
6561,25,362
6562,22,274
6563,33,392
6564,13,173
6565,34,452
6566,35,521
6567,32,420
6568,38,497
6569,26,316
6570,36,523
6571,33,423
6572,29,444
6573,28,386
6574,32,380
6575,28,330
6576,18,232
6577,24,321
6578,24,310
6579,25,381
6580,23,313
6581,32,487
6582,28,403
6583,26,358
6584,40,533
6585,30,402
6586,28,384
6587,28,441
6588,23,255
6589,31,491
6590,24,367
6591,32,429
6592,29,389
6593,38,566
6594,41,622
6595,11,152
6596,28,332
6597,22,352
6598,29,378
6599,25,372
6600,39,521
6601,33,458
6602,20,246
6603,34,494
6604,37,567
6605,24,302
6606,15,157
6607,47,629
6608,19,215
6609,32,478
6610,33,399
6611,30,454
6612,22,307
6613,16,216
6614,8,119
6615,20,272
6616,23,287
6617,23,307
6618,28,394
6619,8,123
6620,29,383
6621,33,474
6622,7,103
6623,30,353
6624,45,649
6625,26,371
6626,35,461
6627,16,231
6628,36,459
6629,20,329
6630,23,312
6631,34,434
6632,36,497
6633,20,338
6634,12,129
6635,29,386
6636,20,220
6637,26,394
6638,15,190
6639,34,473
6640,28,394
6641,22,256
6642,30,400
6643,16,173
6644,28,357
6645,31,491
6646,25,310
6647,25,361
6648,37,558
6649,30,432
6650,21,257
6651,22,243
6652,23,303
6653,30,465
6654,18,192
6655,15,173
6656,16,158
6657,23,312
6658,23,274
6659,29,400
6660,34,487
6661,18,248
6662,13,175
6663,29,409
6664,18,231
6665,26,414
6666,22,316
6667,29,362
6668,23,320
6669,20,240
6670,40,625
6671,23,316
6672,19,319
6673,33,458
6674,35,465
6675,32,431
6676,22,271
6677,29,364
6678,26,397
6679,31,431
6680,24,369
6681,27,435
6682,40,599
6683,21,258
6684,29,391
6685,27,375
6686,19,279
6687,41,628
6688,33,452
6689,26,333
6690,39,574
6691,22,287
6692,23,351
6693,28,370
6694,24,309
6695,21,291
6696,16,208
6697,35,486
6698,22,306
6699,19,228
6700,27,383
6701,19,288
6702,32,446
6703,20,299
6704,27,360
6705,10,153
6706,33,516
6707,25,362
6708,34,502
6709,29,359
6710,9,129
6711,25,324
6712,36,477
6713,27,338
6714,16,231
6715,22,231
6716,20,242
6717,22,322
6718,27,343
6719,21,282
6720,24,330
6721,32,468
6722,27,443
6723,24,360
6724,29,347
6725,7,62
6726,22,326
6727,29,469
6728,20,240
6729,13,137
6730,36,513
6731,22,296
6732,25,338
6733,21,295
6734,26,340
6735,26,317
6736,27,385
6737,20,290
6738,40,521
6739,29,396
6740,27,400
6741,25,330
6742,35,547
6743,30,371
6744,32,403
6745,34,528
6746,30,411
6747,21,302
6748,20,296
6749,20,274
6750,41,581
6751,27,365
6752,11,163
6753,37,500
6754,31,411
6755,34,431
6756,7,97
6757,28,382
6758,28,445
6759,35,473
6760,19,256
6761,26,318
6762,26,383
6763,36,561
6764,13,170
6765,42,607
6766,25,310
6767,32,469
6768,43,576
6769,14,141
6770,30,406
6771,24,351
6772,24,318
6773,26,358
6774,28,307
6775,30,443
6776,23,292
6777,31,437
6778,7,78
6779,25,336
6780,14,194
6781,26,326
6782,29,367
6783,27,353
6784,18,204
6785,31,390
6786,35,507
6787,26,296
6788,15,229
6789,39,587
6790,35,425
6791,26,358
6792,26,338
6793,24,305
6794,37,548
6795,26,408
6796,31,471
6797,34,492
6798,26,337
6799,37,483
6800,12,204
6801,13,144
6802,35,448
6803,37,522
6804,29,283
6805,27,308
6806,33,482
6807,33,428
6808,33,378
6809,18,276
6810,31,436
6811,22,274
6812,15,169
6813,20,253
6814,38,568
6815,29,368
6816,17,263
6817,23,364
6818,27,396
6819,21,258
6820,33,433
6821,31,463
6822,29,380
6823,24,285
6824,26,305
6825,16,226
6826,11,178
6827,25,320
6828,28,395
6829,37,410
6830,43,643
6831,30,431
6832,38,482
6833,39,534
6834,37,448
6835,40,561
6836,22,257
6837,4,85
6838,32,385
6839,7,88
6840,27,324
6841,30,423
6842,13,115
6843,32,425
6844,36,539
6845,30,419
6846,22,247
6847,29,419
6848,17,215
6849,31,492
6850,22,305
6851,27,329
6852,33,445
6853,27,334
6854,31,464
6855,26,283
6856,38,535
6857,27,349
6858,31,353
6859,18,238
6860,19,300
6861,17,198
6862,13,179
6863,29,353
6864,32,467
6865,18,261
6866,39,503
6867,25,307
6868,4,49
6869,3,53
6870,19,235
6871,18,210
6872,18,238
6873,32,453
6874,15,239
6875,40,643
6876,16,158
6877,29,332
6878,24,275
6879,42,536
6880,28,386
6881,19,277
6882,17,221
6883,27,351
6884,28,390
6885,41,619
6886,24,258
6887,27,327
6888,41,535
6889,29,421
6890,28,400
6891,40,544
6892,37,533
6893,42,540
6894,23,293
6895,28,362
6896,13,169
6897,24,349
6898,38,526
6899,29,391
6900,23,324
6901,26,342
6902,23,313
6903,26,292
6904,42,593
6905,28,385
6906,16,167
6907,44,571
6908,36,510
6909,24,286
6910,26,371
6911,16,158
6912,25,331
6913,25,310
6914,21,269
6915,17,188
6916,17,209
6917,27,339
6918,40,572
6919,28,374
6920,23,309
6921,25,331
6922,21,271
6923,24,373
6924,33,360
6925,28,382
6926,23,284
6927,37,567
6928,25,323
6929,28,370
6930,23,267
6931,21,250
6932,26,364
6933,39,579
6934,23,294
6935,22,251
6936,38,570
6937,22,322
6938,32,480
6939,19,255
6940,15,178
6941,29,400
6942,31,384
6943,26,356
6944,21,293
6945,29,391
6946,22,296
6947,36,485
6948,30,387
6949,30,470
6950,33,487
6951,15,160
6952,18,230
6953,27,375
6954,19,286
6955,27,353
6956,37,565
6957,24,300
6958,22,286
6959,30,391
6960,37,475
6961,22,265
6962,16,197
6963,32,456
6964,4,32
6965,24,370
6966,20,296
6967,25,371
6968,28,388
6969,20,269
6970,35,534
6971,24,335
6972,8,75
6973,33,468
6974,23,294
6975,25,344
6976,23,277
6977,28,417
6978,29,320
6979,29,389
6980,33,434
6981,30,412
6982,25,396
6983,42,606
6984,19,231
6985,19,275
6986,25,398
6987,30,405
6988,25,344
6989,40,504
6990,26,396
6991,21,282
6992,16,207
6993,13,168
6994,29,406
6995,28,419
6996,12,129
6997,38,581
6998,12,176
6999,28,396
7000,26,373
7001,30,382
7002,33,427
7003,19,292
7004,26,352
7005,18,265
7006,34,484
7007,42,517
7008,33,484
7009,24,293
7010,19,311
7011,18,291
7012,21,346
7013,25,329
7014,35,520
7015,33,426
7016,33,475
7017,18,220
7018,33,467
7019,23,290
7020,25,353
7021,29,355
7022,14,177
7023,16,244
7024,13,173
7025,33,446
7026,17,246
7027,24,385
7028,26,388
7029,22,325
7030,35,504
7031,26,342
7032,41,606
7033,46,753
7034,21,312
7035,30,449
7036,29,329
7037,45,568
7038,27,361
7039,22,346
7040,36,570
7041,27,360
7042,22,376
7043,23,357
7044,31,413
7045,31,417
7046,36,545
7047,26,346
7048,23,223
7049,30,405
7050,22,303
7051,36,517
7052,21,277
7053,31,411
7054,34,542
7055,13,128
7056,28,422
7057,24,336
7058,37,518
7059,22,387
7060,19,271
7061,28,349
7062,29,404
7063,25,380
7064,32,480
7065,12,175
7066,40,491
7067,10,130
7068,33,443
7069,34,549
7070,10,147
7071,13,206
7072,34,481
7073,19,256
7074,16,196
7075,42,623
7076,7,97
7077,30,501
7078,13,148
7079,29,413
7080,36,592
7081,34,471
7082,19,230
7083,34,562
7084,19,238
7085,29,414
7086,35,490
7087,24,295
7088,26,389
7089,29,359
7090,25,391
7091,24,332
7092,26,322
7093,19,217
7094,23,273
7095,43,670
7096,20,250
7097,31,444
7098,16,194
7099,41,586
7100,23,371
7101,22,288
7102,39,542
7103,10,119
7104,33,530
7105,18,249
7106,15,226
7107,23,354
7108,24,324
7109,40,630
7110,25,346
7111,31,402
7112,40,560
7113,28,420
7114,26,438
7115,35,545
7116,34,448
7117,34,505
7118,29,377
7119,3,51
7120,31,340
7121,36,569
7122,43,712
7123,22,367
7124,33,482
7125,24,342
7126,21,305
7127,25,326
7128,23,278
7129,29,412
7130,30,369
7131,13,143
7132,5,79
7133,26,385
7134,22,357
7135,32,447
7136,24,404
7137,23,321
7138,22,261
7139,20,309
7140,24,299
7141,31,391
7142,20,314
7143,20,260
7144,30,471
7145,31,407
7146,31,436
7147,18,206
7148,30,358
7149,34,413
7150,14,161
7151,38,548
7152,28,429
7153,35,545
7154,24,354
7155,24,342
7156,11,155
7157,18,255
7158,24,318
7159,22,327
7160,29,356
7161,30,411
7162,23,291
7163,22,311
7164,33,507
7165,28,366
7166,17,281
7167,24,321
7168,30,387
7169,37,537
7170,30,378
7171,34,614
7172,18,189
7173,47,678
7174,32,418
7175,20,304
7176,34,517
7177,21,301
7178,33,491
7179,44,571
7180,30,371
7181,31,487
7182,31,428
7183,20,316
7184,31,435
7185,18,293
7186,33,496
7187,9,144
7188,40,532
7189,32,401
7190,20,189
7191,31,350
7192,45,535
7193,25,325
7194,24,297
7195,25,285
7196,19,243
7197,38,545
7198,24,324
7199,21,203
7200,14,227
7201,39,505
7202,31,444
7203,32,490
7204,42,582
7205,30,473
7206,37,489
7207,33,417
7208,24,328
7209,26,342
7210,27,305
7211,37,598
7212,35,455
7213,16,214
7214,28,338
7215,25,281
7216,23,290
7217,31,490
7218,27,316
7219,35,459
7220,22,270
7221,37,531
7222,30,418
7223,19,241
7224,39,630
7225,26,337
7226,44,662
7227,27,330
7228,22,296
7229,34,497
7230,25,354
7231,43,665
7232,30,394
7233,41,508
7234,23,310
7235,39,589
7236,8,78
7237,26,304
7238,31,364
7239,38,613
7240,29,421
7241,31,404
7242,26,319
7243,23,311
7244,31,458
7245,27,334
7246,38,570
7247,36,387
7248,19,233
7249,30,363
7250,26,331
7251,22,276
7252,18,232
7253,30,376
7254,19,218
7255,38,487
7256,22,270
7257,27,361
7258,27,324
7259,47,671
7260,12,161
7261,45,628
7262,18,244
7263,30,453
7264,42,643
7265,26,358
7266,34,431
7267,18,240
7268,15,173
7269,22,284
7270,36,500
7271,19,275
7272,42,556
7273,43,587
7274,18,222
7275,12,135
7276,34,459
7277,26,341
7278,42,624
7279,31,321
7280,29,389
7281,27,349
7282,23,314
7283,33,423
7284,28,336
7285,35,420
7286,18,210
7287,36,567
7288,31,357
7289,12,174
7290,19,234
7291,26,365
7292,13,172
7293,39,512
7294,32,405
7295,19,269
7296,23,345
7297,26,363
7298,34,530
7299,32,454
7300,24,287
7301,26,369
7302,37,472
7303,22,264
7304,36,499
7305,46,605
7306,19,304
7307,33,403
7308,17,205
7309,40,625
7310,20,297
7311,32,416
7312,30,413
7313,30,429
7314,26,336
7315,24,363
7316,22,282
7317,19,238
7318,35,420
7319,30,447
7320,7,86
7321,33,500
7322,39,547
7323,38,501
7324,33,422
7325,24,313
7326,32,431
7327,27,450
7328,18,254
7329,17,235
7330,9,100
7331,26,358
7332,12,145
7333,30,376
7334,30,343
7335,36,567
7336,18,198
7337,30,359
7338,39,585
7339,29,424
7340,26,363
7341,36,540
7342,40,541
7343,27,376
7344,13,189
7345,28,405
7346,32,440
7347,13,178
7348,32,432
7349,29,438
7350,29,404
7351,25,323
7352,23,345
7353,26,327
7354,36,516
7355,45,710
7356,33,481
7357,27,378
7358,27,400
7359,25,322
7360,20,262
7361,29,365
7362,10,135
7363,38,534
7364,39,522
7365,19,235
7366,13,168
7367,23,295
7368,34,417
7369,39,444
7370,16,207
7371,22,276
7372,14,174
7373,20,277
7374,34,433
7375,31,379
7376,30,356
7377,30,396
7378,19,215
7379,24,253
7380,17,223
7381,43,562
7382,30,437
7383,23,286
7384,27,352
7385,30,449
7386,20,237
7387,32,418
7388,26,322
7389,25,338
7390,22,319
7391,37,470
7392,22,262
7393,41,591
7394,20,263
7395,19,261
7396,20,260
7397,45,575
7398,26,345
7399,30,393
7400,8,107
7401,24,313
7402,1,8
7403,31,415
7404,39,538
7405,27,389
7406,29,409
7407,20,222
7408,37,436
7409,31,448
7410,20,233
7411,20,252
7412,24,281
7413,31,471
7414,38,512
7415,25,285
7416,28,391
7417,35,441
7418,30,406
7419,28,406
7420,39,493
7421,31,405
7422,30,463
7423,39,528
7424,42,657
7425,40,427
7426,26,354
7427,46,670
7428,17,216
7429,30,427
7430,38,619
7431,24,350
7432,32,411
7433,14,131
7434,29,386
7435,20,281
7436,21,212
7437,45,628
7438,30,351
7439,29,417
7440,27,438
7441,17,231
7442,35,471
7443,36,513
7444,37,524
7445,35,517
7446,34,450
7447,21,297
7448,26,349
7449,13,172
7450,26,326
7451,29,372
7452,25,389
7453,30,371
7454,26,330
7455,28,319
7456,31,447
7457,33,456
7458,48,693
7459,31,414
7460,22,345
7461,23,262
7462,43,704
7463,18,209
7464,21,335
7465,39,559
7466,34,466
7467,27,402
7468,16,146
7469,43,594
7470,49,755
7471,33,574
7472,31,367
7473,15,201
7474,32,440
7475,44,641
7476,36,456
7477,37,494
7478,22,295
7479,34,516
7480,20,243
7481,31,367
7482,36,444
7483,20,226
7484,36,567
7485,28,461
7486,31,436
7487,28,449
7488,41,572
7489,30,403
7490,19,273
7491,37,559
7492,18,241
7493,25,311
7494,41,664
7495,34,479
7496,39,581
7497,26,308
7498,29,420
7499,35,429
7500,41,593
7501,25,342
7502,29,451
7503,18,270
7504,35,509
7505,22,306
7506,25,310
7507,31,494
7508,42,608
7509,25,373
7510,34,581
7511,6,90
7512,18,238
7513,22,247
7514,40,592
7515,33,472
7516,21,281
7517,45,666
7518,32,443
7519,36,526
7520,51,711
7521,22,320
7522,26,396
7523,15,158
7524,38,470
7525,34,455
7526,27,378
7527,21,250
7528,32,415
7529,34,477
7530,23,337
7531,54,757
7532,22,304
7533,22,269
7534,28,373
7535,24,286
7536,30,397
7537,27,384
7538,41,648
7539,36,487
7540,42,695
7541,24,302
7542,44,621
7543,26,428
7544,30,378
7545,43,620
7546,39,547
7547,29,360
7548,33,479
7549,41,633
7550,9,115
7551,29,346
7552,18,230
7553,34,517
7554,49,788
7555,41,568
7556,28,417
7557,25,345
7558,29,334
7559,26,266
7560,23,281
7561,37,495
7562,22,287
7563,30,496
7564,31,446
7565,37,506
7566,30,470
7567,28,443
7568,37,526
7569,14,187
7570,34,493
7571,31,429
7572,29,401
7573,25,310
7574,29,447
7575,47,713
7576,44,665
7577,35,426
7578,34,539
7579,30,390
7580,36,542
7581,19,290
7582,27,431
7583,31,420
7584,24,332
7585,47,644
7586,28,345
7587,27,379
7588,41,604
7589,32,437
7590,18,259
7591,27,369
7592,45,629
7593,33,452
7594,43,713
7595,23,342
7596,45,643
7597,26,419
7598,29,402
7599,28,393
7600,45,683
7601,44,763
7602,28,374
7603,28,330
7604,19,283
7605,25,350
7606,29,434
7607,27,431
7608,22,277
7609,34,559
7610,37,504
7611,25,334
7612,33,484
7613,31,454
7614,22,311
7615,28,366
7616,45,609
7617,30,417
7618,26,375
7619,41,539
7620,43,702
7621,19,288
7622,31,416
7623,41,681
7624,34,468
7625,12,137
7626,28,378
7627,31,428
7628,34,475
7629,43,655
7630,37,571
7631,36,612
7632,18,202
7633,17,200
7634,37,478
7635,39,676
7636,27,345
7637,36,486
7638,24,257
7639,23,298
7640,32,429
7641,16,248
7642,25,331
7643,31,437
7644,41,657
7645,1,13
7646,22,313
7647,36,425
7648,30,411
7649,37,543
7650,40,544
7651,46,695
7652,41,614
7653,23,339
7654,33,494
7655,24,310
7656,37,532
7657,27,383
7658,46,800
7659,39,604
7660,28,347
7661,17,257
7662,44,576
7663,27,361
7664,34,480
7665,29,418
7666,27,325
7667,31,434
7668,30,408
7669,31,384
7670,38,496
7671,21,282
7672,15,199
7673,35,458
7674,29,386
7675,30,484
7676,25,381
7677,27,348
7678,18,247
7679,20,295
7680,23,277
7681,31,396
7682,34,568
7683,40,641
7684,39,632
7685,20,308
7686,21,317
7687,32,419
7688,15,190
7689,51,754
7690,38,574
7691,31,426
7692,40,598
7693,42,638
7694,34,500
7695,30,411
7696,42,571
7697,30,419
7698,23,353
7699,23,311
7700,40,595
7701,51,802
7702,20,221
7703,39,549
7704,41,571
7705,19,262
7706,30,511
7707,40,590
7708,18,236
7709,17,248
7710,39,666
7711,40,528
7712,29,447
7713,42,634
7714,34,521
7715,37,539
7716,34,487
7717,38,563
7718,29,445
7719,32,434
7720,21,314
7721,33,425
7722,35,541
7723,22,303
7724,17,213
7725,34,505
7726,28,471
7727,24,377
7728,35,430
7729,31,376
7730,28,405
7731,39,545
7732,27,325
7733,22,286
7734,26,320
7735,21,221
7736,25,266
7737,34,473
7738,37,497
7739,43,659
7740,36,533
7741,41,555
7742,50,746
7743,33,477
7744,33,429
7745,33,425
7746,32,365
7747,33,322
7748,35,567
7749,29,325
7750,28,399
7751,24,320
7752,40,494
7753,17,259
7754,35,453
7755,37,481
7756,28,387
7757,26,355
7758,33,477
7759,44,675
7760,26,295
7761,41,637
7762,15,133
7763,32,464
7764,38,504
7765,46,667
7766,26,341
7767,40,564
7768,30,343
7769,31,450
7770,26,347
7771,51,709
7772,35,452
7773,29,360
7774,25,309
7775,31,404
7776,39,502
7777,16,194
7778,38,443
7779,31,453
7780,23,321
7781,31,449
7782,41,588
7783,27,378
7784,33,450
7785,33,472
7786,29,335
7787,33,394
7788,25,348
7789,29,353
7790,33,488
7791,32,412
7792,32,428
7793,28,408
7794,28,347
7795,24,323
7796,31,396
7797,39,476
7798,27,379
7799,47,694
7800,34,528
7801,40,575
7802,36,577
7803,37,498
7804,34,495
7805,22,240
7806,30,402
7807,39,573
7808,20,249
7809,29,452
7810,43,509
7811,27,321
7812,18,254
7813,30,387
7814,33,445
7815,27,366
7816,44,705
7817,36,488
7818,33,406
7819,42,568
7820,32,495
7821,43,658
7822,49,726
7823,49,758
7824,32,410
7825,19,233
7826,29,421
7827,24,333
7828,37,485
7829,45,617
7830,35,543
7831,25,307
7832,29,431
7833,31,454
7834,35,493
7835,26,467
7836,56,983
7837,34,528
7838,37,502
7839,36,569
7840,46,674
7841,41,660
7842,31,461
7843,35,475
7844,38,561
7845,42,548
7846,25,382
7847,31,421
7848,33,483
7849,40,558
7850,30,378
7851,38,569
7852,30,357
7853,27,395
7854,31,456
7855,36,455
7856,44,642
7857,28,342
7858,22,328
7859,38,519
7860,17,230
7861,28,419
7862,31,458
7863,35,512
7864,28,411
7865,38,599
7866,25,310
7867,44,551
7868,27,344
7869,26,315
7870,42,635
7871,27,408
7872,29,364
7873,28,416
7874,31,448
7875,32,469
7876,37,558
7877,35,594
7878,26,345
7879,43,582
7880,28,430
7881,33,490
7882,29,365
7883,37,549
7884,31,501
7885,22,292
7886,48,706
7887,42,574
7888,22,354
7889,28,324
7890,36,526
7891,44,635
7892,37,580
7893,22,307
7894,32,462
7895,35,474
7896,21,278
7897,32,428
7898,42,680
7899,40,613
7900,20,214
7901,38,632
7902,27,366
7903,36,488
7904,40,543
7905,36,559
7906,26,400
7907,40,551
7908,29,433
7909,42,650
7910,34,467
7911,23,268
7912,41,608
7913,39,570
7914,17,265
7915,26,322
7916,30,411
7917,31,470
7918,52,765
7919,19,250
7920,28,387
7921,15,164
7922,38,579
7923,31,403
7924,24,388
7925,38,459
7926,39,625
7927,20,236
7928,41,589
7929,18,238
7930,24,309
7931,44,684
7932,35,526
7933,28,354
7934,28,366
7935,32,439
7936,38,572
7937,31,408
7938,56,739
7939,34,494
7940,20,231
7941,35,469
7942,25,364
7943,32,442
7944,38,516
7945,38,523
7946,37,613
7947,22,331
7948,36,517
7949,24,318
7950,26,358
7951,26,381
7952,29,408
7953,47,746
7954,29,346
7955,29,371
7956,21,266
7957,32,442
7958,41,633
7959,22,287
7960,42,577
7961,40,600
7962,22,277
7963,41,567
7964,39,536
7965,28,391
7966,36,489
7967,38,517
7968,38,438
7969,47,684
7970,25,347
7971,32,497
7972,42,620
7973,24,362
7974,29,408
7975,34,502
7976,43,613
7977,30,418
7978,17,260
7979,25,322
7980,22,264
7981,39,592
7982,47,750
7983,46,654
7984,36,443
7985,29,394
7986,33,417
7987,20,267
7988,25,386
7989,22,297
7990,52,673
7991,28,367
7992,38,458
7993,39,527
7994,41,594
7995,31,374
7996,11,142
7997,52,760
7998,37,480
7999,23,286
8000,23,293
8001,33,409
8002,32,457
8003,38,577
8004,31,390
8005,36,442
8006,29,368
8007,19,265
8008,38,581
8009,29,482
8010,21,286
8011,36,551
8012,32,398
8013,49,743
8014,32,439
8015,29,469
8016,31,462
8017,12,128
8018,29,390
8019,15,162
8020,41,616
8021,24,325
8022,25,326
8023,37,504
8024,41,656
8025,36,504
8026,24,266
8027,44,535
8028,19,230
8029,32,432
8030,16,188
8031,27,440
8032,39,529
8033,34,569
8034,43,583
8035,37,507
8036,37,605
8037,45,723
8038,43,654
8039,55,757
8040,45,704
8041,18,219
8042,31,405
8043,36,434
8044,19,224
8045,31,405
8046,39,540
8047,23,337
8048,40,559
8049,15,167
8050,31,383
8051,39,598
8052,25,347
8053,34,474
8054,14,174
8055,30,457
8056,29,338
8057,42,619
8058,18,263
8059,35,533
8060,45,660
8061,33,472
8062,47,651
8063,39,621
8064,32,457
8065,19,228
8066,41,620
8067,36,535
8068,28,368
8069,37,541
8070,25,287
8071,29,381
8072,45,685
8073,38,477
8074,30,429
8075,36,563
8076,22,267
8077,25,326
8078,29,421
8079,31,431
8080,26,348
8081,27,330
8082,26,378
8083,6,74
8084,32,392
8085,27,357
8086,26,397
8087,43,630
8088,20,229
8089,38,530
8090,32,498
8091,37,466
8092,37,465
8093,29,421
8094,39,570
8095,30,408
8096,28,353
8097,53,665
8098,27,336
8099,26,369
8100,22,319
8101,25,325
8102,33,467
8103,16,194
8104,40,550
8105,33,488
8106,31,513
8107,26,383
8108,27,401
8109,37,492
8110,31,542
8111,44,599
8112,24,310
8113,41,611
8114,24,326
8115,41,621
8116,38,553
8117,33,452
8118,34,448
8119,30,392
8120,26,387
8121,34,507
8122,30,434
8123,47,715
8124,40,625
8125,33,513
8126,44,661
8127,25,318
8128,28,356
8129,31,366
8130,42,587
8131,39,515
8132,39,553
8133,33,475
8134,39,527
8135,13,199
8136,38,518
8137,37,489
8138,45,661
8139,19,232
8140,30,354
8141,38,548
8142,39,562
8143,22,310
8144,30,408
8145,39,606
8146,26,352
8147,37,479
8148,20,227
8149,29,435
8150,17,213
8151,43,675
8152,31,422
8153,31,394
8154,29,368
8155,34,408
8156,26,305
8157,34,450
8158,37,531
8159,45,654
8160,27,325
8161,44,654
8162,18,207
8163,25,272
8164,31,440
8165,22,293
8166,11,138
8167,33,460
8168,61,870
8169,26,379
8170,35,577
8171,30,449
8172,23,267
8173,39,555
8174,26,339
8175,36,458
8176,36,486
8177,30,385
8178,20,290
8179,12,184
8180,44,584
8181,33,469
8182,19,279
8183,39,583
8184,30,348
8185,26,337
8186,26,340
8187,38,503
8188,30,451
8189,33,440
8190,20,222
8191,19,265
8192,34,458
8193,29,436
8194,31,472
8195,34,413
8196,17,283
8197,21,340
8198,30,408
8199,41,582
8200,46,710
8201,40,491
8202,39,462
8203,24,330
8204,31,400
8205,32,559
8206,26,299
8207,43,563
8208,19,260
8209,26,351
8210,25,352
8211,41,551
8212,28,364
8213,9,125
8214,16,247
8215,47,721
8216,38,486
8217,2,17
8218,18,222
8219,15,207
8220,25,392
8221,27,360
8222,26,318
8223,36,542
8224,33,487
8225,42,574
8226,43,611
8227,39,563
8228,31,341
8229,25,344
8230,24,269
8231,40,644
8232,15,180
8233,31,520
8234,32,452
8235,36,539
8236,43,622
8237,32,372
8238,8,125
8239,28,380
8240,25,355
8241,30,443
8242,27,407
8243,32,385
8244,33,512
8245,43,630
8246,20,236
8247,41,590
8248,43,546
8249,48,704
8250,31,386
8251,44,642
8252,24,301
8253,36,511
8254,19,271
8255,32,462
8256,21,260
8257,31,372
8258,35,444
8259,35,543
8260,10,123
8261,40,554
8262,41,709
8263,47,785
8264,28,346
8265,20,235
8266,11,172
8267,38,519
8268,37,448
8269,15,210
8270,33,420
8271,43,556
8272,3,47
8273,32,474
8274,13,153
8275,40,574
8276,16,228
8277,34,452
8278,9,123
8279,32,454
8280,41,635
8281,19,219
8282,25,365
8283,37,556
8284,30,433
8285,46,659
8286,26,325
8287,45,753
8288,24,265
8289,29,417
8290,30,390
8291,34,471
8292,35,411
8293,40,650
8294,40,554
8295,39,551
8296,39,552
8297,42,588
8298,32,464
8299,22,295
8300,23,320
8301,26,363
8302,26,312
8303,27,297
8304,34,493
8305,28,301
8306,39,544
8307,27,331
8308,47,724
8309,25,344
8310,32,461
8311,36,481
8312,24,273
8313,30,416
8314,39,567
8315,23,310
8316,33,493
8317,38,455
8318,27,408
8319,16,193
8320,31,379
8321,17,224
8322,30,416
8323,35,528
8324,47,702
8325,27,395
8326,27,303
8327,51,656
8328,36,460
8329,38,632
8330,35,449
8331,35,450
8332,22,293
8333,34,480
8334,22,329
8335,23,288
8336,36,508
8337,38,517
8338,34,421
8339,18,188
8340,36,450
8341,33,494
8342,29,304
8343,25,307
8344,43,656
8345,25,336
8346,43,682
8347,18,261
8348,21,291
8349,39,584
8350,31,440
8351,27,388
8352,34,490
8353,30,395
8354,32,370
8355,18,234
8356,34,499
8357,33,427
8358,37,526
8359,30,424
8360,28,419
8361,38,486
8362,33,444
8363,24,309
8364,35,504
8365,39,498
8366,56,809
8367,42,571
8368,47,644
8369,32,490
8370,31,428
8371,24,298
8372,40,653
8373,52,823
8374,23,273
8375,26,360
8376,18,234
8377,27,393
8378,34,428
8379,24,270
8380,28,438
8381,39,481
8382,26,322
8383,24,296
8384,28,403
8385,19,278
8386,54,857
8387,35,501
8388,10,101
8389,34,386
8390,13,149
8391,24,370
8392,38,546
8393,36,486
8394,26,337
8395,30,390
8396,26,231
8397,30,425
8398,35,463
8399,40,550
8400,44,746
8401,40,548
8402,24,303
8403,33,408
8404,24,348
8405,37,569
8406,49,693
8407,24,261
8408,47,712
8409,47,591
8410,31,402
8411,23,261
8412,38,553
8413,40,535
8414,17,221
8415,39,565
8416,32,482
8417,33,487
8418,24,280
8419,16,205
8420,24,329
8421,42,534
8422,45,643
8423,20,249
8424,23,337
8425,17,186
8426,37,549
8427,35,541
8428,31,417
8429,35,461
8430,40,558
8431,35,507
8432,32,400
8433,30,428
8434,8,119
8435,22,275
8436,16,243
8437,16,203
8438,9,154
8439,27,324
8440,29,383
8441,36,452
8442,35,555
8443,20,271
8444,13,179
8445,32,437
8446,21,272
8447,44,556
8448,18,232
8449,33,519
8450,25,361
8451,35,486
8452,33,487
8453,24,275
8454,21,296
8455,26,367
8456,36,488
8457,6,69
8458,43,657
8459,44,627
8460,35,475
8461,41,611
8462,14,213
8463,34,453
8464,33,425
8465,40,637
8466,19,262
8467,26,341
8468,36,445
8469,27,388
8470,39,516
8471,33,487
8472,9,141
8473,30,425
8474,38,461
8475,33,426
8476,24,339
8477,22,277
8478,22,321
8479,29,372
8480,39,600
8481,25,287
8482,35,547
8483,25,355
8484,10,156
8485,39,505
8486,47,617
8487,30,427
8488,44,709
8489,38,540
8490,33,452
8491,39,539
8492,36,459
8493,25,309
8494,34,468
8495,34,456
8496,42,577
8497,19,281
8498,49,763
8499,49,650
8500,28,348
8501,40,457
8502,22,264
8503,32,468
8504,27,415
8505,26,375
8506,17,223
8507,21,280
8508,30,386
8509,36,527
8510,46,713
8511,18,188
8512,47,654
8513,29,418
8514,39,537
8515,34,370
8516,26,349
8517,24,350
8518,29,310
8519,39,512
8520,19,240
8521,31,395
8522,43,622
8523,36,479
8524,32,411
8525,53,729
8526,36,435
8527,46,589
8528,30,388
8529,46,685
8530,21,301
8531,20,294
8532,32,440
8533,37,442
8534,28,393
8535,50,759
8536,2,10
8537,37,580
8538,23,304
8539,26,276
8540,36,525
8541,42,629
8542,43,559
8543,23,312
8544,32,480
8545,12,127
8546,35,487
8547,41,557
8548,34,434
8549,36,541
8550,11,159
8551,52,723
8552,40,561
8553,22,340
8554,43,638
8555,27,418
8556,28,371
8557,38,482
8558,34,411
8559,19,221
8560,44,763
8561,52,813
8562,39,585
8563,32,373
8564,35,507
8565,24,358
8566,42,576
8567,36,563
8568,21,291
8569,11,128
8570,41,640
8571,36,561
8572,34,435
8573,37,533
8574,29,383
8575,38,478
8576,30,384
8577,22,285
8578,11,131
8579,23,316
8580,19,268
8581,39,547
8582,39,579
8583,50,747
8584,48,749
8585,22,238
8586,25,358
8587,24,390
8588,28,382
8589,31,392
8590,49,681
8591,37,471
8592,23,366
8593,27,387
8594,26,416
8595,28,396
8596,46,660
8597,39,594
8598,18,235
8599,35,486
8600,31,323
8601,22,328
8602,44,714
8603,20,254
8604,36,516
8605,32,456
8606,35,488
8607,35,501
8608,11,166
8609,28,415
8610,36,523
8611,37,472
8612,22,346
8613,28,385
8614,20,242
8615,44,734
8616,37,472
8617,53,757
8618,27,365
8619,26,391
8620,35,577
8621,40,606
8622,24,318
8623,30,400
8624,18,197
8625,19,226
8626,15,227
8627,28,446
8628,29,393
8629,19,324
8630,23,277
8631,36,571
8632,40,582
8633,36,522
8634,32,439
8635,47,713
8636,27,384
8637,20,296
8638,19,234
8639,24,308
8640,34,524
8641,33,432
8642,31,429
8643,49,892
8644,35,476
8645,63,901
8646,55,921
8647,29,366
8648,25,345
8649,44,733
8650,41,637
8651,8,111
8652,45,631
8653,37,531
8654,37,454
8655,31,422
8656,17,240
8657,32,476
8658,23,297
8659,26,369
8660,32,404
8661,38,559
8662,24,339
8663,38,552
8664,37,444
8665,35,530
8666,31,414
8667,4,49
8668,44,667
8669,32,448
8670,34,537
8671,34,455
8672,50,817
8673,43,544
8674,56,837
8675,31,364
8676,33,497
8677,27,317
8678,38,624
8679,26,320
8680,34,435
8681,39,550
8682,35,505
8683,33,460
8684,28,344
8685,48,843
8686,40,564
8687,28,438
8688,35,528
8689,36,484
8690,27,317
8691,22,298
8692,48,659
8693,44,594
8694,35,455
8695,25,346
8696,14,182
8697,39,502
8698,32,489
8699,26,355
8700,18,238
8701,32,478
8702,35,518
8703,35,470
8704,26,431
8705,31,445
8706,21,295
8707,36,512
8708,39,523
8709,24,343
8710,27,303
8711,36,525
8712,38,574
8713,21,290
8714,43,600
8715,35,537
8716,34,437
8717,45,598
8718,36,432
8719,36,509
8720,40,506
8721,26,376
8722,25,391
8723,16,169
8724,33,423
8725,32,410
8726,33,453
8727,36,471
8728,30,392
8729,39,608
8730,38,497
8731,44,676
8732,49,716
8733,49,707
8734,42,582
8735,26,428
8736,39,600
8737,42,560
8738,45,767
8739,24,309
8740,42,616
8741,31,351
8742,48,663
8743,41,589
8744,55,959
8745,20,257
8746,37,515
8747,51,793
8748,29,376
8749,19,270
8750,44,546
8751,25,345
8752,23,353
8753,36,445
8754,31,392
8755,52,884
8756,35,487
8757,31,455
8758,29,378
8759,49,714
8760,34,458
8761,36,532
8762,26,330
8763,24,345
8764,23,363
8765,24,302
8766,34,544
8767,44,597
8768,39,552
8769,28,349
8770,37,589
8771,42,653
8772,41,540
8773,24,338
8774,35,471
8775,47,653
8776,49,782
8777,24,339
8778,33,499
8779,18,282
8780,2,19
8781,54,744
8782,29,362
8783,33,442
8784,14,210
8785,46,656
8786,34,539
8787,16,211
8788,28,416
8789,29,458
8790,40,596
8791,32,402
8792,35,521
8793,38,461
8794,22,283
8795,40,560
8796,35,424
8797,22,295
8798,20,266
8799,8,123
8800,24,335
8801,32,432
8802,26,403
8803,32,377
8804,30,398
8805,22,301
8806,32,381
8807,19,309
8808,40,538
8809,33,389
8810,19,224
8811,33,481
8812,25,299
8813,29,410
8814,28,359
8815,45,678
8816,25,346
8817,57,849
8818,40,540
8819,27,384
8820,22,279
8821,33,458
8822,15,202
8823,46,710
8824,27,398
8825,37,606
8826,40,627
8827,55,867
8828,36,532
8829,28,297
8830,39,466
8831,44,675
8832,36,541
8833,33,461
8834,53,842
8835,39,571
8836,36,514
8837,49,729
8838,50,764
8839,37,497
8840,44,584
8841,26,312
8842,37,417
8843,32,398
8844,33,435
8845,48,826
8846,45,601
8847,36,500
8848,34,459
8849,44,589
8850,42,575
8851,30,389
8852,30,453
8853,31,434
8854,43,580
8855,20,297
8856,41,590
8857,49,637
8858,45,566
8859,24,294
8860,29,479
8861,36,557
8862,37,459
8863,34,440
8864,30,413
8865,39,601
8866,35,479
8867,26,330
8868,33,494
8869,32,429
8870,33,468
8871,25,328
8872,29,453
8873,43,579
8874,28,307
8875,4,45
8876,29,407
8877,1,14
8878,27,319
8879,5,93
8880,37,490
8881,28,385
8882,42,600
8883,17,234
8884,21,238
8885,32,408
8886,18,203
8887,43,589
8888,41,546
8889,43,579
8890,31,419
8891,28,374
8892,37,516
8893,29,369
8894,30,448
8895,29,396
8896,35,488
8897,32,444
8898,38,537
8899,35,547
8900,37,498
8901,23,287
8902,29,337
8903,36,472
8904,8,87
8905,36,517
8906,42,494
8907,40,599
8908,22,226
8909,23,336
8910,38,532
8911,34,431
8912,35,490
8913,18,206
8914,34,417
8915,43,543
8916,31,402
8917,17,246
8918,34,500
8919,31,427
8920,26,340
8921,49,735
8922,39,523
8923,28,324
8924,27,344
8925,33,455
8926,44,648
8927,36,546
8928,35,454
8929,44,772
8930,40,554
8931,8,146
8932,34,468
8933,33,440
8934,25,290
8935,33,442
8936,37,496
8937,34,429
8938,48,728
8939,20,218
8940,31,441
8941,32,420
8942,26,303
8943,33,446
8944,36,496
8945,28,358
8946,30,379
8947,37,478
8948,17,226
8949,24,371
8950,36,485
8951,29,369
8952,34,445
8953,32,445
8954,40,659
8955,23,252
8956,36,560
8957,24,246
8958,50,727
8959,28,372
8960,23,296
8961,40,557
8962,23,335
8963,36,515
8964,27,287
8965,41,670
8966,46,636
8967,33,466
8968,34,424
8969,26,362
8970,31,319
8971,19,190
8972,43,636
8973,18,205
8974,42,640
8975,28,342
8976,51,719
8977,23,332
8978,39,592
8979,35,407
8980,25,326
8981,37,496
8982,36,453
8983,40,636
8984,21,272
8985,37,534
8986,33,424
8987,25,311
8988,41,554
8989,46,721
8990,32,401
8991,23,376
8992,39,535
8993,32,435
8994,32,445
8995,41,703
8996,31,442
8997,36,495
8998,40,548
8999,27,411
9000,29,359
9001,33,469
9002,25,348
9003,29,393
9004,31,363
9005,41,560
9006,30,390
9007,38,522
9008,35,498
9009,38,439
9010,25,366
9011,40,545
9012,18,188
9013,21,280
9014,17,197
9015,38,537
9016,45,640
9017,19,236
9018,45,722
9019,22,292
9020,30,397
9021,31,357
9022,29,355
9023,26,311
9024,2,33
9025,31,403
9026,32,476
9027,45,682
9028,21,266
9029,49,775
9030,34,507
9031,34,444
9032,35,470
9033,19,243
9034,35,437
9035,16,180
9036,24,387
9037,28,357
9038,35,471
9039,51,768
9040,26,331
9041,29,410
9042,39,583
9043,41,542
9044,44,619
9045,21,266
9046,28,345
9047,39,560
9048,31,451
9049,43,632
9050,15,191
9051,49,815
9052,23,321
9053,26,355
9054,39,564
9055,25,341
9056,32,448
9057,27,434
9058,35,552
9059,30,412
9060,29,393
9061,38,531
9062,41,609
9063,17,229
9064,41,639
9065,42,551
9066,34,547
9067,24,290
9068,42,636
9069,36,469
9070,35,435
9071,30,425
9072,32,386
9073,31,374
9074,39,555
9075,38,507
9076,32,431
9077,31,359
9078,18,254
9079,43,622
9080,30,355
9081,40,483
9082,34,448
9083,30,432
9084,33,471
9085,31,438
9086,53,861
9087,33,453
9088,38,496
9089,29,420
9090,19,189
9091,37,496
9092,16,181
9093,34,440
9094,37,591
9095,29,326
9096,40,539
9097,34,410
9098,34,495
9099,28,381
9100,42,542
9101,21,264
9102,28,401
9103,45,536
9104,33,499
9105,37,517
9106,33,489
9107,42,716
9108,24,344
9109,42,663
9110,37,545
9111,20,277
9112,39,553
9113,20,247
9114,30,321
9115,35,434
9116,39,520
9117,42,577
9118,33,398
9119,23,310
9120,43,602
9121,23,243
9122,35,443
9123,43,504
9124,37,477
9125,39,581
9126,37,509
9127,35,495
9128,39,487
9129,47,665
9130,41,515
9131,32,400
9132,48,836
9133,33,450
9134,18,251
9135,23,313
9136,24,353
9137,42,610
9138,23,294
9139,41,547
9140,37,549
9141,40,486
9142,35,502
9143,43,673
9144,32,461
9145,50,707
9146,34,433
9147,26,333
9148,26,363
9149,46,552
9150,31,397
9151,26,380
9152,25,340
9153,13,182
9154,29,357
9155,37,526
9156,33,460
9157,26,372
9158,34,536
9159,24,326
9160,24,254
9161,31,399
9162,36,529
9163,28,454
9164,15,196
9165,33,400
9166,27,415
9167,23,312
9168,26,339
9169,20,284
9170,29,467
9171,33,474
9172,29,371
9173,26,397
9174,27,249
9175,36,455
9176,44,607
9177,42,556
9178,34,489
9179,25,342
9180,45,644
9181,33,425
9182,14,217
9183,25,291
9184,30,317
9185,27,348
9186,38,508
9187,31,431
9188,34,449
9189,33,445
9190,29,400
9191,17,179
9192,28,404
9193,39,478
9194,47,579
9195,24,339
9196,22,252
9197,32,407
9198,27,378
9199,29,456
9200,43,568
9201,37,523
9202,46,620
9203,19,203
9204,22,293
9205,20,303
9206,27,348
9207,29,413
9208,31,461
9209,23,319
9210,31,406
9211,34,505
9212,41,601
9213,33,462
9214,36,509
9215,32,502
9216,28,348
9217,38,489
9218,41,617
9219,35,431
9220,38,564
9221,30,360
9222,46,634
9223,24,268
9224,27,337
9225,26,329
9226,37,504
9227,28,411
9228,33,433
9229,37,491
9230,24,376
9231,42,584
9232,31,392
9233,50,855
9234,44,640
9235,40,562
9236,46,687
9237,30,456
9238,39,510
9239,28,359
9240,37,524
9241,39,582
9242,39,588
9243,37,502
9244,30,456
9245,36,474
9246,41,654
9247,38,601
9248,27,396
9249,38,566
9250,31,401
9251,24,267
9252,40,611
9253,38,477
9254,26,326
9255,38,505
9256,23,353
9257,35,408
9258,26,376
9259,28,340
9260,35,463
9261,22,296
9262,33,386
9263,37,513
9264,20,231
9265,26,354
9266,46,686
9267,26,346
9268,35,394
9269,28,355
9270,52,797
9271,28,411
9272,49,793
9273,20,282
9274,27,451
9275,37,514
9276,22,290
9277,24,314
9278,35,480
9279,50,664
9280,28,371
9281,27,359
9282,27,359
9283,22,251
9284,33,446
9285,41,620
9286,28,396
9287,24,346
9288,38,589
9289,30,403
9290,41,466
9291,40,660
9292,46,646
9293,35,430
9294,28,373
9295,54,703
9296,26,346
9297,37,459
9298,36,514
9299,13,240
9300,30,412
9301,34,509
9302,43,642
9303,45,568
9304,33,500
9305,42,559
9306,32,411
9307,30,447
9308,23,308
9309,28,369
9310,31,352
9311,28,365
9312,35,435
9313,18,212
9314,37,600
9315,20,255
9316,36,525
9317,48,751
9318,43,696
9319,45,544
9320,17,180
9321,32,435
9322,25,308
9323,19,243
9324,36,413
9325,33,449
9326,21,252
9327,41,581
9328,21,246
9329,32,387
9330,22,289
9331,29,388
9332,33,496
9333,45,625
9334,33,527
9335,48,680
9336,32,440
9337,30,452
9338,45,644
9339,25,370
9340,36,577
9341,16,210
9342,21,224
9343,37,580
9344,26,299
9345,23,335
9346,47,686
9347,38,438
9348,32,413
9349,26,300
9350,29,368
9351,41,604
9352,28,376
9353,30,438
9354,26,358
9355,28,353
9356,19,259
9357,21,238
9358,27,260
9359,19,223
9360,23,327
9361,18,173
9362,25,294
9363,26,350
9364,50,704
9365,21,262
9366,4,43
9367,38,559
9368,36,512
9369,49,685
9370,45,629
9371,32,449
9372,40,631
9373,46,611
9374,24,315
9375,28,307
9376,28,375
9377,27,404
9378,35,546
9379,20,291
9380,47,597
9381,17,245
9382,30,372
9383,41,651
9384,52,816
9385,30,403
9386,6,69
9387,29,375
9388,42,543
9389,28,382
9390,31,370
9391,39,581
9392,24,251
9393,30,452
9394,31,425
9395,37,538
9396,15,235
9397,20,293
9398,24,261
9399,21,251
9400,28,384
9401,38,555
9402,31,335
9403,26,364
9404,39,588
9405,34,489
9406,38,489
9407,32,408
9408,26,269
9409,31,417
9410,27,343
9411,42,589
9412,22,276
9413,54,836
9414,21,276
9415,33,473
9416,41,636
9417,42,574
9418,13,162
9419,37,510
9420,36,477
9421,27,362
9422,44,578
9423,39,587
9424,36,521
9425,34,474
9426,42,574
9427,46,768
9428,45,677
9429,36,469
9430,30,422
9431,44,628
9432,8,113
9433,21,241
9434,24,265
9435,43,630
9436,20,222
9437,28,325
9438,30,416
9439,45,675
9440,16,220
9441,53,921
9442,37,488
9443,16,199
9444,46,782
9445,14,110
9446,36,544
9447,24,344
9448,53,855
9449,43,553
9450,29,449
9451,41,618
9452,14,135
9453,20,255
9454,31,412
9455,45,672
9456,44,588
9457,35,531
9458,46,672
9459,50,616
9460,28,393
9461,30,362
9462,35,533
9463,42,572
9464,29,353
9465,11,78
9466,32,342
9467,41,609
9468,37,523
9469,33,541
9470,28,389
9471,24,269
9472,30,351
9473,45,695
9474,51,708
9475,32,469
9476,37,493
9477,32,510
9478,40,599
9479,30,425
9480,52,766
9481,37,628
9482,41,604
9483,37,476
9484,21,303
9485,46,573
9486,40,477
9487,42,609
9488,38,559
9489,16,233
9490,47,708
9491,27,334
9492,41,648
9493,36,523
9494,46,599
9495,21,185
9496,43,596
9497,50,825
9498,41,613
9499,43,599
9500,42,610
9501,50,839
9502,49,840
9503,19,268
9504,24,271
9505,38,618
9506,29,458
9507,21,290
9508,28,397
9509,47,840
9510,47,717
9511,30,455
9512,40,529
9513,30,442
9514,43,580
9515,45,655
9516,42,598
9517,26,387
9518,39,477
9519,56,844
9520,30,390
9521,42,550
9522,38,550
9523,22,266
9524,21,314
9525,61,922
9526,30,394
9527,24,329
9528,22,303
9529,39,616
9530,42,659
9531,46,775
9532,27,323
9533,31,402
9534,35,428
9535,46,688
9536,27,431
9537,47,680
9538,41,577
9539,19,241
9540,34,483
9541,33,494
9542,40,572
9543,43,695
9544,42,632
9545,52,881
9546,33,467
9547,23,331
9548,33,439
9549,25,327
9550,33,420
9551,47,857
9552,33,479
9553,32,333
9554,35,556
9555,54,908
9556,38,531
9557,30,303
9558,45,654
9559,30,436
9560,33,503
9561,42,509
9562,43,585
9563,31,417
9564,47,703
9565,43,655
9566,38,481
9567,29,433
9568,58,933
9569,30,443
9570,48,719
9571,20,285
9572,27,378
9573,33,512
9574,34,493
9575,40,518
9576,40,530
9577,25,306
9578,39,583
9579,30,399
9580,25,334
9581,44,738
9582,33,455
9583,33,464
9584,33,451
9585,21,299
9586,33,428
9587,24,325
9588,38,532
9589,29,400
9590,21,255
9591,36,556
9592,55,881
9593,44,661
9594,39,536
9595,37,497
9596,53,822
9597,32,466
9598,36,583
9599,40,573
9600,46,616
9601,44,623
9602,28,331
9603,25,292
9604,39,542
9605,31,498
9606,39,555
9607,36,468
9608,39,612
9609,43,607
9610,27,367
9611,36,454
9612,57,917
9613,53,849
9614,30,395
9615,33,478
9616,38,549
9617,31,449
9618,20,246
9619,26,329
9620,43,659
9621,26,321
9622,28,346
9623,34,483
9624,28,333
9625,28,342
9626,23,297
9627,41,620
9628,36,451
9629,43,634
9630,46,649
9631,31,463
9632,30,418
9633,41,597
9634,44,623
9635,24,284
9636,43,578
9637,30,352
9638,43,695
9639,47,722
9640,41,572
9641,48,731
9642,41,575
9643,50,763
9644,35,441
9645,35,495
9646,53,953
9647,25,323
9648,25,300
9649,40,585
9650,24,308
9651,35,471
9652,31,408
9653,39,523
9654,44,542
9655,42,531
9656,26,267
9657,31,333
9658,44,706
9659,35,556
9660,36,397
9661,34,508
9662,36,585
9663,20,264
9664,28,365
9665,32,397
9666,23,305
9667,33,385
9668,24,335
9669,34,497
9670,58,801
9671,52,774
9672,18,199
9673,25,345
9674,43,673
9675,29,406
9676,39,591
9677,29,437
9678,8,75
9679,46,566
9680,39,629
9681,30,475
9682,29,379
9683,57,857
9684,42,584
9685,44,796
9686,29,387
9687,31,401
9688,27,316
9689,40,558
9690,21,280
9691,43,674
9692,44,657
9693,38,464
9694,41,627
9695,41,544
9696,19,269
9697,13,177
9698,44,639
9699,47,749
9700,23,352
9701,44,569
9702,36,514
9703,30,390
9704,10,141
9705,31,378
9706,31,434
9707,26,302
9708,26,292
9709,51,713
9710,35,522
9711,37,491
9712,46,646
9713,45,710
9714,38,475
9715,43,680
9716,26,343
9717,42,541
9718,48,769
9719,25,329
9720,39,571
9721,58,980
9722,23,242
9723,34,426
9724,28,350
9725,24,322
9726,49,672
9727,30,401
9728,38,548
9729,31,373
9730,32,426
9731,18,217
9732,38,635
9733,45,599
9734,35,487
9735,38,533
9736,30,386
9737,33,469
9738,39,493
9739,21,277
9740,27,347
9741,44,685
9742,2,30
9743,26,365
9744,43,644
9745,21,290
9746,41,643
9747,41,551
9748,51,722
9749,29,439
9750,18,198
9751,18,214
9752,40,646
9753,24,302
9754,34,429
9755,41,677
9756,40,537
9757,19,240
9758,42,633
9759,33,431
9760,28,394
9761,36,540
9762,31,384
9763,47,707
9764,41,490
9765,32,422
9766,24,349
9767,25,287
9768,42,614
9769,32,393
9770,25,337
9771,26,309
9772,26,349
9773,52,722
9774,19,251
9775,31,380
9776,36,455
9777,27,405
9778,26,315
9779,32,458
9780,35,501
9781,26,290
9782,33,487
9783,26,330
9784,33,487
9785,28,362
9786,44,593
9787,30,385
9788,16,210
9789,17,242
9790,25,325
9791,31,451
9792,33,463
9793,41,576
9794,27,328
9795,31,370
9796,12,142
9797,31,372
9798,33,429
9799,38,497
9800,36,508
9801,32,383
9802,38,425
9803,22,273
9804,20,271
9805,28,391
9806,49,769
9807,25,302
9808,39,612
9809,16,188
9810,59,956
9811,33,480
9812,25,335
9813,35,443
9814,33,505
9815,48,677
9816,34,368
9817,27,422
9818,39,553
9819,26,336
9820,36,485
9821,29,411
9822,26,343
9823,28,446
9824,23,304
9825,36,527
9826,30,435
9827,43,559
9828,35,441
9829,45,618
9830,30,377
9831,36,555
9832,41,471
9833,44,654
9834,39,553
9835,33,551
9836,33,380
9837,29,360
9838,29,392
9839,25,370
9840,24,309
9841,22,263
9842,24,392
9843,39,564
9844,25,284
9845,35,426
9846,38,539
9847,32,467
9848,48,767
9849,33,442
9850,27,293
9851,44,557
9852,27,324
9853,24,348
9854,33,410
9855,39,541
9856,30,430
9857,45,655
9858,34,477
9859,36,437
9860,45,682
9861,46,638
9862,34,538
9863,27,373
9864,33,426
9865,32,348
9866,33,480
9867,19,225
9868,44,543
9869,29,361
9870,37,517
9871,31,409
9872,31,427
9873,37,430
9874,34,429
9875,25,330
9876,35,480
9877,37,526
9878,36,460
9879,34,427
9880,33,470
9881,33,456
9882,46,655
9883,20,226
9884,31,443
9885,42,490
9886,29,386
9887,47,647
9888,34,468
9889,37,585
9890,32,498
9891,26,309
9892,21,301
9893,47,726
9894,31,427
9895,16,224
9896,29,314
9897,43,683
9898,28,407
9899,47,653
9900,40,618
9901,43,562
9902,17,215
9903,30,399
9904,20,238
9905,27,352
9906,31,407
9907,31,393
9908,26,327
9909,31,385
9910,38,479
9911,18,190
9912,27,373
9913,41,577
9914,24,332
9915,34,441
9916,24,279
9917,24,315
9918,32,348
9919,27,293
9920,19,219
9921,40,562
9922,52,847
9923,44,628
9924,44,590
9925,51,793
9926,6,63
9927,28,321
9928,52,662
9929,30,425
9930,23,362
9931,25,381
9932,27,475
9933,36,561
9934,25,321
9935,45,683
9936,31,343
9937,35,511
9938,31,424
9939,25,397
9940,36,455
9941,27,329
9942,32,422
9943,39,573
9944,41,507
9945,28,341
9946,48,712
9947,29,390
9948,38,569
9949,35,438
9950,32,505
9951,30,388
9952,44,655
9953,27,344
9954,40,527
9955,21,321
9956,31,396
9957,57,761
9958,41,558
9959,21,254
9960,40,581
9961,30,332
9962,30,372
9963,27,386
9964,41,622
9965,32,409
9966,21,290
9967,31,393
9968,30,440
9969,24,347
9970,37,478
9971,35,494
9972,25,342
9973,47,631
9974,40,537
9975,37,540
9976,30,399
9977,32,372
9978,21,280
9979,20,319
9980,39,485
9981,26,370
9982,28,346
9983,30,355
9984,31,417
9985,23,329
9986,9,120
9987,27,339
9988,35,426
9989,33,442
9990,34,454
9991,25,303
9992,33,473
9993,30,368
9994,23,279
9995,38,590
9996,43,577
9997,20,278
9998,30,474
9999,37,508
10000,33,466
