Episodio,Reward Direita,Reward Esquerda,Passos
0,1.5349166666666683,0.052138888888889956,214
1,0.10594444444444628,0.9374444444444462,211
2,1.0953888888888903,-0.11416666666666575,161
3,0.07555555555555615,1.1826111111111124,211
4,0.09152777777777799,1.1400000000000015,211
5,0.33152777777777964,1.3548055555555574,316
6,0.1368055555555564,1.0013055555555566,211
7,1.0040277777777784,-0.07638888888888762,161
8,0.3891666666666688,1.3948888888888908,316
9,0.32455555555555615,1.397916666666669,316
10,0.512055555555557,1.6587777777777788,316
11,0.9715277777777787,0.09083333333333382,161
12,0.2344166666666676,1.2862222222222237,211
13,-0.0341111111111112,1.1050555555555568,211
14,0.9314166666666682,-0.10224999999999868,161
15,1.1079166666666684,0.01166666666666727,161
16,1.1316944444444463,0.45030555555555707,214
17,0.032638888888890105,1.0088333333333337,211
18,0.005944444444446084,1.179972222222223,211
19,0.10555555555555696,1.504555555555557,211
20,1.352694444444445,0.34811111111111215,214
21,4.8744722222222245,4.4725555555555605,815
22,0.2817222222222231,1.4891388888888897,211
23,0.9309722222222232,-0.10499999999999887,214
24,-0.03330555555555459,1.7244166666666674,211
25,6.008277777777784,6.215750000000005,1087
26,2.7886944444444435,2.0161388888888956,552
27,0.3732777777777784,1.8763333333333343,316
28,0.34736111111111256,1.3209722222222235,211
29,0.9273611111111125,-0.07249999999999884,161
30,0.43305555555555675,1.77677777777778,316
31,0.8831944444444455,-0.48744444444444346,161
32,1.1307222222222237,0.1889444444444457,214
33,-0.20458333333333278,0.9873888888888895,211
34,1.5232500000000015,0.294472222222223,214
35,0.9654166666666679,0.2843055555555569,214
36,-0.21605555555555367,1.018055555555557,211
37,0.6796111111111127,1.3902500000000013,316
38,1.0031944444444454,-0.08847222222222095,161
39,0.21902777777777915,1.3117777777777793,211
40,0.07525000000000104,1.1853888888888897,211
41,1.0216388888888894,-0.05124999999999913,161
42,0.9129166666666678,0.07602777777777836,161
43,1.2144166666666685,0.22011111111111215,161
44,1.0488611111111117,-0.22555555555555523,161
45,3.1767222222222244,1.977916666666671,649
46,0.6306944444444449,0.06458333333333338,161
47,3.5842777777777797,2.581111111111115,649
48,0.12791666666666757,1.1798611111111126,211
49,1.3098611111111127,0.5897222222222234,214
50,3.4137777777777822,2.2724166666666683,649
51,1.0759722222222237,0.1112500000000014,214
52,0.14541666666666808,1.1769444444444457,211
53,0.4641666666666677,1.4450000000000016,211
54,0.707055555555556,-0.2027777777777765,161
55,1.0820555555555569,0.12097222222222376,161
56,0.6800277777777788,-0.46269444444444385,161
57,0.2304166666666677,1.2291388888888901,211
58,0.28527777777777985,1.322388888888889,316
59,0.9901388888888899,-0.10097222222222124,161
60,1.2565555555555568,0.3908888888888893,214
61,0.08961111111111242,1.3047222222222234,211
62,1.0496666666666674,-0.0024722222222204326,214
63,0.9672222222222229,-0.16458333333333258,161
64,0.434333333333334,1.4008611111111133,316
65,0.900972222222223,-0.09577777777777674,161
66,0.44038888888889116,1.5860833333333355,316
67,0.9070833333333339,-0.27961111111111064,161
68,0.7873611111111127,-0.058611111111110226,161
69,1.2240555555555577,0.16269444444444492,214
70,0.757083333333334,-0.12072222222222084,161
71,0.14152777777777958,1.1137500000000011,211
72,0.11444444444444579,1.0829166666666676,211
73,0.6311111111111143,1.3792500000000014,316
74,0.03847222222222291,0.9221388888888902,211
75,0.7609722222222228,-0.07152777777777697,161
76,0.23502777777777806,1.1903888888888896,211
77,0.7587500000000005,-0.10499999999999965,161
78,1.027861111111113,-0.00591666666666657,214
79,3.5905833333333375,2.149138888888894,649
80,0.06458333333333321,1.094222222222224,211
81,1.0034722222222245,1.4590555555555562,316
82,1.0258333333333347,-0.04758333333333281,161
83,1.020750000000001,-0.07958333333333217,161
84,2.800888888888902,2.1882500000000036,649
85,1.11888888888889,0.24777777777777943,214
86,1.2515555555555566,0.21108333333333373,214
87,1.048722222222223,-0.3361388888888884,161
88,0.7580277777777786,-0.01388888888888834,161
89,-0.05544444444444396,1.083166666666667,211
90,-0.12155555555555453,1.4840833333333345,211
91,1.1260277777777787,0.21752777777777987,214
92,0.2333333333333345,1.329444444444446,211
93,0.1111111111111116,1.5079166666666683,211
94,0.9338611111111119,-0.05655555555555558,161
95,1.117750000000002,-0.15472222222222126,161
96,-0.009166666666665768,1.3661111111111122,211
97,0.23805555555555713,0.7509444444444446,211
98,0.3581388888888901,1.6560000000000024,316
99,0.9223055555555563,0.35336111111111224,214
100,1.055250000000001,-0.092361111111111,161
101,0.9218055555555569,-0.2140277777777767,161
102,0.3558333333333349,1.1369444444444454,211
103,0.9246388888888897,-0.14486111111110994,161
104,1.0134722222222223,0.24291666666666745,214
105,0.2377777777777791,1.490416666666668,211
106,1.3404722222222236,0.3779722222222247,214
107,0.2631111111111124,0.9230277777777787,211
108,1.0388888888888896,-0.10236111111110946,161
109,0.9592222222222228,-0.15558333333333235,161
110,4.2025,2.2665833333333336,649
111,0.5483333333333343,0.9831944444444464,211
112,1.1008611111111126,0.3941944444444456,214
113,1.0829166666666676,-0.20624999999999866,161
114,0.33186111111111327,1.1971388888888903,211
115,0.8523333333333343,0.1203888888888901,161
116,1.0106944444444457,-0.05888888888888805,161
117,-0.24308333333333276,1.5371944444444452,211
118,0.46180555555555713,1.4477777777777792,211
119,1.092805555555557,0.0919166666666682,214
120,3.2444166666666683,2.2793055555555597,552
121,1.287083333333334,0.040833333333334165,214
122,1.1759444444444456,0.2596111111111127,214
123,4.64322222222223,2.46591666666667,649
124,1.06513888888889,0.14750000000000074,214
125,0.9699166666666672,-0.15722222222222165,161
126,0.2166388888888905,1.3852777777777798,211
127,0.2002777777777789,1.2643055555555576,211
128,-0.09066666666666601,1.1184722222222234,211
129,0.9987777777777788,0.06255555555555625,214
130,1.1119444444444455,0.16444444444444573,161
131,0.4116388888888908,0.8237222222222231,211
132,1.0913055555555569,0.07000000000000062,161
133,0.3456944444444464,1.5123611111111126,211
134,0.3601388888888901,1.8344722222222232,316
135,1.0001388888888898,0.005694444444446001,161
136,0.23691666666666789,1.3981944444444456,211
137,0.8759722222222228,0.0008333333333337967,161
138,-0.0577222222222209,1.486388888888891,211
139,0.3402777777777788,1.4813888888888898,211
140,0.8986944444444455,0.0714444444444452,214
141,0.42833333333333423,1.2772222222222245,211
142,0.4006944444444458,1.0052777777777777,211
143,1.0488888888888899,-0.12958333333333233,161
144,1.253750000000001,0.23333333333333428,214
145,0.07436111111111166,1.3217222222222234,211
146,0.16602777777777977,1.2147222222222234,211
147,1.068611111111112,-0.06861111111110957,161
148,1.1230555555555568,0.08186111111111227,161
149,1.1368055555555572,-0.04180555555555432,214
150,0.7637222222222229,-0.07774999999999965,161
151,0.1494444444444455,1.1190833333333343,211
152,0.9445833333333341,0.04430555555555549,161
153,0.1754166666666679,0.9531944444444459,211
154,-0.005694444444443114,1.276111111111112,211
155,-0.13041666666666585,1.0181944444444453,211
156,1.0981944444444456,-0.18333333333333302,161
157,-0.0232222222222207,1.3447777777777792,211
158,0.9351388888888896,0.19319444444444567,161
159,-0.17336111111111008,0.825944444444445,211
160,1.1266666666666685,-0.06722222222222096,214
161,1.0090277777777785,-0.05541666666666539,161
162,1.3204166666666681,-0.06827777777777588,214
163,0.932083333333334,-0.1233333333333323,161
164,0.16875000000000073,1.2509444444444455,211
165,0.8706944444444447,-0.13888888888888784,161
166,1.1637500000000012,-0.18263888888888835,161
167,1.2523611111111126,0.09083333333333399,214
168,1.3401944444444451,0.30880555555555733,214
169,0.8568055555555563,-0.019583333333332398,161
170,-0.027222222222221037,0.971472222222223,211
171,0.20597222222222367,1.4065277777777792,211
172,3.516333333333337,2.779944444444448,649
173,0.14027777777777828,1.2102222222222236,211
174,0.05458333333333498,1.1803333333333343,211
175,0.836222222222223,-0.2473611111111096,161
176,0.04336111111111218,1.4495833333333343,211
177,3.495305555555558,2.6623055555555597,649
178,-0.011055555555554375,1.2495833333333348,211
179,0.3076388888888899,0.9501388888888898,211
180,0.35347222222222363,1.263750000000002,211
181,1.0145555555555559,-0.07749999999999829,161
182,0.6119444444444452,-0.04291666666666466,161
183,1.530694444444446,0.25555555555555687,214
184,1.0983333333333345,-0.20624999999999916,161
185,1.1577777777777785,0.31833333333333447,214
186,0.10144444444444534,1.0009722222222235,211
187,0.062083333333334934,1.7559722222222245,211
188,0.9748611111111118,-0.11958333333333243,161
189,1.230444444444446,0.16341666666666776,214
190,0.9631944444444451,-0.0026388888888886353,214
191,0.7698888888888902,-0.17780555555555444,161
192,0.7152777777777789,-0.06972222222222141,161
193,0.9520555555555565,0.03944444444444539,161
194,0.1601666666666678,1.0903888888888895,211
195,3.845444444444446,1.9668333333333357,649
196,0.15113888888889027,1.27638888888889,211
197,0.9579722222222237,-0.21055555555555577,161
198,1.19613888888889,0.07586111111111271,214
199,0.7855555555555563,-0.00902777777777719,161
200,2.8673888888888928,1.71352777777778,552
201,0.3670833333333351,1.3655555555555563,211
202,-0.133472222222222,1.308055555555557,211
203,1.1177777777777784,-0.14666666666666572,161
204,0.8083611111111121,0.07791666666666763,161
205,0.5276666666666681,1.5908055555555567,316
206,1.0502777777777792,0.13208333333333544,214
207,0.5175000000000018,1.3791111111111127,316
208,1.1019444444444448,-0.07458333333333256,214
209,0.7785833333333341,-0.032361111111109786,161
210,0.950805555555557,-0.11652777777777701,161
211,1.1479166666666687,-0.07902777777777681,161
212,0.9880555555555568,-0.0031944444444438336,161
213,0.4888333333333349,1.452444444444446,316
214,0.8931666666666683,-0.1726666666666663,161
215,0.8634722222222231,-0.039999999999999314,161
216,-0.025416666666666088,1.2413888888888907,211
217,1.1590277777777795,0.023750000000000826,161
218,0.9781666666666673,-0.09233333333333255,161
219,0.21433333333333382,1.148638888888889,211
220,-0.05730555555555494,0.9284166666666677,211
221,0.1651388888888904,1.3749722222222243,211
222,1.3061388888888892,0.17808333333333448,214
223,1.064861111111112,-0.058888888888887325,161
224,0.03677777777777824,0.9771944444444454,211
225,0.3463888888888894,1.1972222222222229,211
226,0.9975000000000003,-0.017777777777776727,161
227,-0.055499999999998995,1.2676388888888908,211
228,0.4450000000000012,0.9169444444444455,211
229,-0.14533333333333254,1.2430555555555567,211
230,0.18200000000000127,1.4990833333333347,316
231,0.9138888888888897,-0.22652777777777672,161
232,0.9365000000000003,0.06513888888888975,161
233,1.0770833333333338,-0.05416666666666636,161
234,-0.10424999999999918,1.1209722222222234,211
235,1.0608333333333348,-0.02166666666666628,161
236,0.6169444444444446,-0.004861111111109484,161
237,1.119861111111112,-0.3112777777777773,161
238,1.1193055555555567,-0.21266666666666617,161
239,0.18486111111111203,1.3318611111111127,211
240,0.7718055555555561,0.09761111111111215,161
241,0.2447222222222235,1.1891666666666678,211
242,0.8705555555555569,0.015000000000000568,161
243,0.15305555555555617,1.1770833333333337,211
244,1.0739166666666677,0.5197777777777792,214
245,0.3126944444444463,1.0112222222222227,211
246,0.7669166666666677,0.08913888888888966,161
247,0.09194444444444527,0.9658333333333341,211
248,0.9047222222222229,-0.16361111111111115,161
249,0.8479166666666675,-0.16361111111111032,161
250,1.1333333333333346,-0.10749999999999904,161
251,0.5411111111111119,1.2452777777777793,211
252,0.010833333333334583,1.4088888888888893,211
253,0.8991666666666671,0.09513888888889066,161
254,-0.20486111111110983,1.2634722222222237,211
255,1.055000000000001,0.43680555555555634,214
256,0.6664444444444448,0.4241944444444459,214
257,0.8721944444444458,-0.10319444444444431,161
258,0.08608333333333462,0.8466111111111119,211
259,1.154000000000001,0.11763888888889007,214
260,0.2863611111111121,1.3779444444444469,316
261,0.8309722222222229,-0.015555555555554657,161
262,1.168638888888889,0.39894444444444555,214
263,0.32333333333333325,1.226111111111112,211
264,0.6240833333333348,1.2207222222222232,316
265,0.8031944444444454,-0.11555555555555502,161
266,0.1527777777777788,1.3116666666666676,211
267,0.37708333333333477,1.2220833333333345,211
268,0.8950555555555566,-0.014027777777776418,161
269,0.17783333333333473,1.530694444444446,211
270,1.4218055555555573,0.46666666666666834,214
271,0.9855555555555567,-0.04424999999999896,161
272,0.15813888888889016,1.4913888888888893,211
273,1.116111111111112,-0.16013888888888783,161
274,0.2168055555555577,1.5752500000000016,316
275,-0.015555555555554434,1.2908333333333337,211
276,0.10791666666666766,0.9737500000000006,211
277,1.3533333333333348,0.2186111111111123,214
278,1.4295833333333343,0.5331944444444464,214
279,0.837916666666668,-0.1912499999999992,161
280,1.1259722222222235,-0.028916666666665813,161
281,0.15997222222222396,1.3236111111111122,211
282,0.5295555555555574,1.276777777777779,316
283,3.6678611111111152,2.3424444444444434,649
284,0.034972222222223626,1.2095555555555568,211
285,4.729361111111117,1.990305555555558,649
286,0.9653888888888901,-0.04733333333333284,161
287,0.3122222222222232,1.3071388888888906,211
288,4.154638888888893,1.758388888888892,649
289,1.087222222222224,0.31847222222222415,214
290,0.39891666666666903,1.2993333333333343,316
291,0.11288888888889004,1.2521944444444464,211
292,0.321666666666667,1.067277777777779,211
293,0.059305555555557055,1.3523611111111131,211
294,1.1151388888888905,-0.30561111111111,161
295,0.21472222222222248,1.2806944444444455,211
296,0.09638888888888963,1.1295833333333338,211
297,0.15805555555555706,1.3354166666666683,211
298,1.1254166666666667,-0.0656944444444435,161
299,0.4186944444444455,1.445305555555557,316
300,0.2883055555555569,1.9056944444444461,211
301,0.12319444444444516,0.9943055555555566,211
302,3.3874444444444483,2.327666666666669,649
303,1.151944444444445,0.07805555555555621,214
304,2.430000000000003,1.4488888888888907,470
305,0.9365277777777786,0.04497222222222386,161
306,0.06125000000000058,1.0251388888888897,211
307,2.915055555555558,1.9457777777777814,552
308,0.08625000000000094,1.4293611111111133,211
309,0.814305555555556,-0.23944444444444307,161
310,0.30319444444444554,0.8855000000000014,211
311,1.3507500000000012,0.42719444444444576,214
312,0.3178055555555579,1.500305555555557,316
313,0.22041666666666782,0.9751666666666678,211
314,0.0005277777777786818,1.0626111111111123,211
315,0.9566666666666677,-0.14819444444444302,161
316,0.41138888888889047,1.3904166666666704,316
317,0.8511111111111125,-0.2612499999999992,161
318,0.7958333333333343,0.08755555555555672,161
319,0.9319444444444449,-0.09777777777777724,161
320,0.2783888888888906,0.9497222222222238,211
321,-0.013055555555554488,1.1184722222222243,211
322,1.1186111111111128,-0.030277777777777404,161
323,1.4490277777777798,-0.1906944444444436,214
324,0.8635555555555565,0.069500000000002,161
325,1.3022222222222237,0.12875000000000025,214
326,0.11741666666666728,1.6718055555555575,211
327,0.21097222222222367,1.051527777777779,211
328,1.5747777777777787,0.48030555555555754,214
329,1.167944444444446,0.31463888888889024,214
330,0.4786666666666679,1.5092777777777806,316
331,0.9141666666666679,-0.12819444444444344,161
332,0.5796388888888917,1.4501666666666684,316
333,1.1495833333333345,0.1858333333333339,161
334,1.1925000000000012,-0.02633333333333232,161
335,-0.18197222222222198,1.3034444444444455,211
336,4.1692777777777765,5.909527777777784,1184
337,0.2702777777777785,0.773194444444445,211
338,0.041361111111112625,1.271277777777779,211
339,3.5540833333333373,2.02366666666667,649
340,1.0194444444444457,-0.21097222222222195,161
341,0.8408333333333344,-0.0038888888888887196,161
342,1.168055555555556,-0.03388888888888736,161
343,-0.26513888888888804,1.3730555555555566,211
344,0.3366388888888904,1.5833055555555573,316
345,1.322916666666668,-0.03263888888888744,214
346,0.9541666666666674,-0.22041666666666604,161
347,1.3916666666666673,-0.020416666666664973,214
348,0.8101388888888903,-0.08049999999999952,161
349,1.4713888888888902,-0.07763888888888837,214
350,0.13555555555555654,1.4368055555555572,211
351,0.19019444444444555,1.1529166666666673,211
352,1.03888888888889,0.0672222222222233,161
353,-0.04711111111111055,1.1700000000000015,211
354,0.3637222222222243,1.1412500000000008,211
355,0.21527777777777912,1.2252777777777797,211
356,0.21722222222222287,1.585138888888891,316
357,0.6722222222222229,0.031666666666667564,161
358,0.26069444444444567,1.479722222222224,211
359,1.0531944444444445,0.4195833333333343,214
360,0.3743055555555578,1.2069444444444446,211
361,0.9174166666666677,-0.07124999999999915,161
362,0.16241666666666787,1.0359444444444446,211
363,1.1555555555555561,0.23458333333333536,214
364,-0.11291666666666611,1.2447222222222234,211
365,0.9066388888888894,-0.05627777777777743,161
366,3.496027777777781,3.0584722222222256,649
367,1.3352777777777791,-0.07011111111111068,214
368,0.9873611111111116,0.14166666666666722,161
369,0.21802777777777926,1.1434722222222236,211
370,0.2374722222222242,1.0377777777777797,211
371,0.9259722222222223,0.11513888888889001,161
372,1.1593055555555563,0.08736111111111161,161
373,0.08625000000000083,1.5155555555555575,211
374,0.9926388888888901,-0.08541666666666542,161
375,0.13219444444444534,1.4061111111111124,316
376,1.0243055555555567,-0.23294444444444307,161
377,0.5078888888888893,1.4663333333333353,316
378,0.8718888888888895,0.4230555555555571,214
379,1.1483333333333348,0.042638888888889837,161
380,1.4083333333333348,0.005277777777778048,161
381,0.8241666666666674,-0.06611111111111045,161
382,1.211722222222224,-0.1412222222222208,214
383,1.0136666666666687,-0.24741666666666573,214
384,1.1545000000000012,-0.19955555555555415,214
385,0.9361111111111122,-0.2274999999999987,161
386,0.41030555555555726,1.5631944444444472,316
387,0.37763888888889063,1.3241666666666683,211
388,4.605194444444451,2.704777777777784,649
389,1.2051388888888899,0.02513888888888971,214
390,0.463916666666669,1.4380555555555563,316
391,0.3724444444444449,1.4900000000000007,316
392,0.5976388888888895,1.0413888888888898,211
393,1.1319444444444453,0.31402777777778046,214
394,-0.009305555555553902,1.2727777777777791,211
395,0.9090277777777783,-0.11363888888888812,161
396,0.13913888888889037,1.233722222222223,211
397,0.18536111111111264,1.046777777777778,211
398,0.3780555555555568,1.5387222222222239,316
399,0.3514722222222233,1.7193055555555579,316
400,0.8738333333333337,0.4063055555555578,214
401,0.23500000000000154,1.2771944444444467,211
402,5.559111111111115,2.7222222222222294,649
403,-0.02327777777777651,0.6471944444444453,211
404,3.2308611111111123,2.4246111111111093,649
405,1.06163888888889,-0.46286111111111017,161
406,-0.19958333333333245,0.8838888888888896,211
407,0.4645555555555565,1.4915833333333341,316
408,4.224055555555555,3.5818055555555626,649
409,1.3575000000000013,0.4259722222222232,214
410,0.12450000000000094,1.1170833333333339,211
411,3.790777777777786,2.0185833333333347,649
412,0.2151111111111117,1.3722222222222227,211
413,0.34877777777777996,1.3950277777777782,316
414,-0.19777777777777783,1.5607222222222235,211
415,0.6790277777777785,-0.14888888888888785,161
416,3.5776388888888904,2.0817777777777824,649
417,0.9985277777777778,-0.11624999999999913,161
418,0.7362500000000007,-0.24208333333333237,161
419,0.9903333333333345,0.2163888888888903,161
420,0.919583333333334,0.11263888888888962,161
421,4.236416666666666,2.22302777777778,649
422,1.3245000000000011,-0.20880555555555502,214
423,0.9644444444444451,-0.06388888888888733,161
424,1.0520833333333344,0.034166666666667955,161
425,0.06802777777777891,1.1853888888888893,211
426,0.8284722222222228,-0.2031944444444439,161
427,0.27000000000000124,1.2222222222222228,211
428,1.2298611111111122,-0.12097222222222137,214
429,-0.09374999999999933,1.3215833333333347,211
430,0.2588888888888903,0.7846111111111124,211
431,1.146527777777779,-0.1349999999999993,161
432,0.41500000000000103,0.9227777777777776,211
433,1.05588888888889,-0.1386111111111104,161
434,1.2331944444444465,0.059722222222222565,214
435,0.8943055555555566,-0.08944444444444416,161
436,0.14750000000000096,1.2676944444444458,211
437,0.3041666666666675,1.1982500000000007,211
438,0.6640833333333357,1.5083055555555571,316
439,0.7609444444444456,0.06211111111111223,161
440,0.7973333333333341,0.13958333333333423,161
441,0.8085833333333342,0.23302777777777894,161
442,1.047083333333334,-0.13124999999999937,161
443,0.41527777777777997,0.8760000000000017,211
444,1.2807222222222239,0.29408333333333525,214
445,1.4646388888888913,0.42572222222222433,214
446,0.20708333333333362,0.8766388888888897,211
447,1.129750000000001,0.1620555555555565,214
448,-0.1469722222222214,1.3251388888888904,211
449,1.5003055555555567,0.1920000000000015,214
450,1.1498888888888894,0.3611666666666674,214
451,6.916555555555567,6.3376666666666654,1088
452,0.39502777777778064,1.6308055555555574,316
453,0.3869444444444454,1.286250000000001,316
454,0.01833333333333509,0.8178611111111124,211
455,3.3235277777777816,1.973055555555562,649
456,0.25325000000000086,1.4105277777777794,211
457,0.8647222222222233,-0.2836111111111101,161
458,0.45916666666666783,1.2470833333333347,211
459,0.8649166666666674,0.045666666666666966,161
460,0.40941666666666776,0.9062500000000012,211
461,5.320000000000011,6.901611111111125,1184
462,0.3853611111111124,1.2390277777777792,211
463,3.496916666666666,2.077472222222223,649
464,0.3763888888888902,0.9655555555555566,211
465,0.10163888888889061,1.216222222222224,211
466,0.014527777777778583,1.060611111111112,211
467,0.703333333333334,0.09263888888889016,161
468,0.9727777777777793,0.1466666666666676,214
469,0.1780555555555564,1.3417777777777788,211
470,1.3597500000000013,0.040194444444445865,214
471,1.4425555555555567,0.36275000000000146,214
472,0.09761111111111209,0.9634444444444453,211
473,-0.21116666666666517,1.068750000000001,211
474,0.8870833333333339,-0.07124999999999909,161
475,0.3515833333333347,1.0135833333333342,211
476,0.4945277777777789,1.463777777777778,316
477,4.344861111111115,2.6346388888888854,649
478,1.4738055555555571,0.3551666666666672,214
479,1.069027777777779,-0.01863888888888776,161
480,0.4808888888888909,1.7374444444444457,316
481,0.7983888888888895,-0.0349999999999987,161
482,0.7158611111111153,1.5121944444444468,316
483,1.14863888888889,0.1675555555555568,214
484,0.2679166666666676,1.0238055555555563,211
485,-0.21852777777777743,1.1509722222222225,211
486,1.1162777777777793,0.15877777777777813,214
487,0.05722222222222362,0.7569444444444455,211
488,1.232916666666667,-0.23638888888888737,161
489,0.9540277777777786,-0.12916666666666532,161
490,1.3030555555555574,0.2340277777777784,214
491,2.3919722222222264,3.912611111111115,465
492,1.0323611111111122,0.09666666666666779,161
493,0.3817777777777803,1.4125277777777803,316
494,0.4058333333333355,1.382500000000002,316
495,0.8869444444444454,0.02736111111111217,161
496,0.2506944444444462,1.275694444444445,211
497,0.2381944444444456,1.2687222222222234,211
498,0.2854722222222239,0.8611666666666681,211
499,0.16916666666666846,0.9094166666666678,211
500,0.0615277777777794,1.1797222222222234,211
501,-0.035083333333333244,1.070694444444445,211
502,-0.10374999999999834,0.9922222222222228,211
503,0.43152777777777873,1.3333333333333348,211
504,0.2292500000000024,1.281611111111113,316
505,-0.09999999999999853,0.905000000000001,211
506,0.8588888888888897,-0.08777777777777651,161
507,1.2676388888888903,0.3888888888888904,214
508,0.9276388888888899,-0.09277777777777624,161
509,3.366444444444447,2.5216666666666723,649
510,1.2349166666666684,0.6022500000000011,214
511,-0.04238888888888803,1.0660833333333346,211
512,0.7487500000000007,0.012888888888889505,161
513,0.775250000000001,0.01847222222222311,161
514,0.5971666666666672,1.41802777777778,316
515,0.2008611111111125,1.2612777777777793,316
516,1.3219444444444446,0.34833333333333416,214
517,0.8665277777777795,0.175416666666668,161
518,0.40275000000000094,1.0251666666666674,211
519,0.9566944444444456,0.11019444444444537,214
520,0.6238888888888908,1.1963888888888896,211
521,0.7365555555555565,0.4394722222222235,214
522,6.153611111111119,6.604611111111115,1184
523,0.1660833333333348,1.1084444444444468,211
524,3.938972222222226,4.933333333333337,906
525,0.3150000000000014,1.6591666666666676,211
526,0.3986111111111116,1.5198888888888904,316
527,0.17997222222222375,1.2653333333333336,211
528,0.8638611111111119,0.10608333333333514,161
529,1.1675000000000018,-0.20833333333333232,161
530,0.3476111111111131,0.9563611111111133,211
531,1.0433611111111116,-0.09427777777777657,214
532,1.102500000000001,-0.041666666666665464,161
533,1.1525555555555573,0.14311111111111174,214
534,0.10861111111111332,1.0487500000000005,211
535,-0.22263888888888816,0.9820833333333344,211
536,0.9904166666666667,0.023472222222223782,161
537,1.0546388888888898,0.16672222222222377,214
538,3.35427777777778,2.391083333333335,649
539,1.0018055555555558,-0.27530555555555464,161
540,0.8826388888888895,-0.05583333333333296,161
541,0.07991666666666741,0.9764444444444459,211
542,-0.08486111111110983,1.1571388888888896,211
543,0.1098888888888897,0.94138888888889,211
544,0.9475000000000005,-0.14833333333333215,161
545,0.32725000000000193,1.4897222222222242,316
546,0.47080555555555637,1.6980277777777792,316
547,-0.1635555555555549,1.579027777777779,211
548,1.3483055555555574,0.22102777777777938,214
549,0.8486111111111118,-0.00986111111111021,161
550,0.7451388888888898,0.21250000000000147,214
551,0.816333333333335,-0.1490555555555544,161
552,1.245750000000001,0.25163888888888974,214
553,0.30650000000000166,1.156388888888889,211
554,1.425305555555557,0.015861111111112103,214
555,0.5673055555555568,1.1977777777777785,316
556,0.6271944444444449,0.013388888888889894,161
557,3.4363888888888945,2.179083333333338,649
558,0.01375000000000115,0.8212500000000008,211
559,0.8593055555555567,0.07302777777777952,161
560,0.8225555555555569,-0.11347222222222181,161
561,2.895777777777788,2.13577777777778,649
562,4.193111111111115,2.5982500000000037,649
563,0.35875000000000135,0.9696388888888902,211
564,0.8712777777777783,-0.24377777777777704,161
565,0.6558333333333348,0.02875000000000072,161
566,0.032500000000001195,1.087500000000001,211
567,1.2385277777777786,0.16061111111111248,214
568,0.974916666666668,-0.062499999999999334,161
569,2.8938055555555597,1.6725277777777814,552
570,0.025833333333334374,0.8158611111111121,211
571,0.9366388888888894,0.0040277777777787405,161
572,0.1040000000000012,1.5482500000000017,211
573,1.1196944444444454,-0.04155555555555496,161
574,0.5701944444444451,-0.14788888888888801,161
575,0.56627777777778,1.5543055555555594,316
576,0.032361111111112395,1.038027777777778,211
577,1.0612500000000011,-0.09263888888888877,161
578,-0.05616666666666503,1.0168055555555566,211
579,0.8637222222222227,-0.21599999999999925,161
580,1.2918611111111122,0.02113888888889115,214
581,0.9680555555555561,0.024500000000000355,161
582,0.9570833333333344,0.030277777777779347,161
583,0.3675000000000015,1.5151388888888904,316
584,0.04486111111111213,0.962722222222223,211
585,0.8388611111111116,-0.1430555555555555,161
586,1.147972222222223,0.42983333333333484,214
587,0.9278888888888905,-0.0871666666666655,161
588,1.0325000000000006,-0.00986111111111071,161
589,0.46388888888889046,1.8100277777777793,316
590,0.9463888888888901,-0.09027777777777696,161
591,0.8438888888888896,-0.016527777777777697,161
592,1.009277777777779,0.08352777777777931,161
593,1.1045833333333344,-0.12499999999999967,161
594,3.9675833333333355,1.3311111111111136,649
595,0.3469722222222227,1.5686388888888905,211
596,0.8072222222222234,0.013055555555556375,161
597,0.8744722222222231,0.230611111111112,214
598,5.129527777777785,3.9896388888889005,649
599,0.40136111111111283,0.8421944444444445,211
600,0.8459166666666675,-0.015527777777776808,214
601,0.8013055555555564,-0.10974999999999885,161
602,0.16583333333333405,1.081250000000001,211
603,0.2703055555555578,1.2486388888888906,316
604,0.48536111111111346,1.4618611111111128,316
605,0.8501111111111124,0.02569444444444602,161
606,0.06080555555555711,0.9894166666666673,211
607,0.09375000000000155,1.256111111111112,211
608,0.7859166666666673,0.20486111111111155,161
609,0.9683333333333339,-0.13347222222222155,161
610,3.9630000000000054,2.3949166666666706,649
611,5.173222222222231,6.403972222222227,1186
612,0.46741666666666815,1.285277777777779,316
613,0.4662500000000025,1.6313888888888908,316
614,1.1003888888888902,0.6608611111111121,214
615,0.8126388888888896,-0.26277777777777656,161
616,2.34091666666667,1.510500000000002,465
617,1.394583333333335,0.06355555555555648,214
618,-0.05458333333333232,1.039027777777778,211
619,1.1069444444444447,-0.1908333333333322,161
620,0.6191666666666672,-0.017499999999998295,161
621,0.2400277777777794,1.6690555555555573,316
622,0.6867777777777787,1.4998333333333342,316
623,0.09822222222222365,1.1068055555555558,211
624,0.26875000000000193,0.847555555555557,211
625,2.4638055555555556,1.6684444444444493,465
626,2.3764166666666684,1.5942500000000028,470
627,0.25886111111111254,1.0327777777777791,211
628,0.9894444444444455,-0.0006944444444431652,161
629,-0.022638888888887987,1.0766666666666682,211
630,3.0173333333333394,4.030277777777781,750
631,0.9535277777777791,-0.06641666666666629,161
632,0.4286388888888917,1.40902777777778,316
633,1.0854166666666678,-0.07305555555555504,161
634,0.9595277777777784,0.5782500000000008,214
635,0.7527500000000011,-0.06541666666666612,161
636,0.42749999999999966,1.4649444444444464,316
637,0.37363888888889063,1.7043055555555582,316
638,0.9145833333333351,0.34180555555555725,214
639,0.7598611111111128,0.20500000000000107,214
640,0.754361111111112,0.07344444444444576,161
641,-0.1367777777777769,1.128611111111112,211
642,0.2045277777777792,1.5079166666666695,316
643,1.1463888888888905,-0.04805555555555552,161
644,0.8859166666666671,-0.22211111111110987,161
645,1.1546388888888912,-0.02622222222222137,214
646,4.355750000000006,0.8566111111111123,649
647,-0.0415555555555549,1.021111111111112,211
648,0.38625000000000154,1.3556666666666672,211
649,1.049027777777779,-0.002499999999998892,161
650,1.0180277777777782,0.10566666666666735,161
651,1.088611111111112,-0.15347222222222118,161
652,0.8684444444444452,-0.012499999999999123,161
653,0.20502777777777859,1.5393333333333354,316
654,-0.08508333333333173,1.2996944444444463,211
655,-0.21422222222222176,0.9018333333333344,211
656,0.22400000000000153,1.283583333333334,211
657,1.0737500000000004,0.1437500000000015,161
658,0.20219444444444568,1.0308888888888899,211
659,-0.24277777777777687,1.1230555555555566,211
660,0.39152777777777925,1.101722222222223,316
661,1.0881944444444458,0.15777777777777902,214
662,1.1673611111111117,0.45680555555555713,214
663,0.7534722222222239,0.06402777777777918,161
664,0.20469444444444584,1.1923611111111128,211
665,0.7677777777777783,0.03222222222222254,161
666,0.9840555555555566,-0.3555277777777769,161
667,0.26402777777777875,0.896000000000001,211
668,0.907777777777779,-0.13999999999999874,161
669,0.06844444444444542,1.0688888888888908,211
670,3.2460555555555577,2.2745833333333345,649
671,0.20180555555555657,1.2252777777777788,211
672,0.33405555555555677,1.1854722222222227,316
673,-0.028888888888888187,1.1558055555555566,211
674,0.7800000000000009,-0.06055555555555442,161
675,1.001527777777778,-0.11266666666666603,161
676,0.23758333333333437,0.9242222222222236,211
677,0.22591666666666832,1.3573888888888899,316
678,0.9065277777777789,0.18708333333333604,161
679,0.3000833333333349,1.5009444444444453,316
680,1.0722500000000013,0.19094444444444614,214
681,0.4138888888888894,1.0791388888888889,211
682,1.4988888888888912,-0.05555555555555447,214
683,0.290555555555557,1.4426388888888897,211
684,0.9630277777777791,-0.16566666666666585,161
685,1.1159722222222226,-0.010694444444443563,161
686,3.675000000000006,2.7883888888888935,649
687,0.03652777777777827,0.92888888888889,211
688,1.00888888888889,0.025694444444445852,161
689,0.1418055555555573,1.0950000000000013,211
690,0.41263888888889133,1.0729166666666679,211
691,0.803861111111112,0.1428888888888898,161
692,1.2730555555555567,0.35472222222222305,214
693,0.9972500000000011,-0.13591666666666607,161
694,0.6547222222222226,-0.2220833333333328,161
695,1.054972222222223,-0.2215555555555544,161
696,0.19847222222222383,1.0056111111111123,211
697,-0.03274999999999917,0.9515277777777786,211
698,0.3681944444444458,1.1681944444444454,211
699,0.27344444444444593,1.1585555555555564,211
700,3.2861111111111145,2.2818888888888917,649
701,0.8145277777777785,0.16777777777777902,161
702,0.46983333333333555,1.46388888888889,316
703,0.1908333333333344,1.2870833333333345,211
704,0.18944444444444586,1.3863888888888902,211
705,0.03388888888888941,1.2247222222222232,211
706,0.16111111111111176,0.9245833333333338,211
707,0.6818611111111115,0.09933333333333438,214
708,3.5208888888888916,2.335722222222228,649
709,0.2772500000000009,1.120694444444446,211
710,0.15747222222222346,1.2712500000000002,211
711,0.23741666666666827,1.1987500000000018,211
712,0.8408055555555569,0.03580555555555642,161
713,0.9969166666666676,-0.21183333333333215,161
714,0.9598611111111122,-0.036666666666665404,161
715,0.7256666666666673,-0.07041666666666624,161
716,0.26041666666666796,1.4565277777777788,211
717,0.46647222222222406,1.5783055555555565,316
718,0.13205555555555548,0.9166944444444448,211
719,2.3551666666666673,1.965722222222222,552
720,1.1063888888888904,0.2975000000000012,214
721,0.3930277777777784,1.4729166666666675,316
722,1.3352777777777793,0.3966666666666683,214
723,0.24569444444444588,1.0271388888888895,211
724,1.4794444444444446,-0.011388888888887339,214
725,1.2687500000000014,-0.022444444444443157,214
726,-0.1384999999999995,1.3982222222222238,211
727,-0.07374999999999898,1.3167777777777796,211
728,5.63147222222223,6.381833333333342,1184
729,0.7359722222222227,-0.10411111111111104,161
730,1.0063888888888894,0.09041666666666826,161
731,1.5008333333333355,-0.12774999999999992,214
732,1.1320000000000012,-0.06966666666666632,214
733,1.3802777777777795,0.2940277777777789,214
734,0.9272222222222223,-0.02511111111111003,161
735,0.9769444444444451,0.03152777777777965,161
736,0.9238888888888904,-0.0981944444444447,161
737,0.4128611111111127,1.6959722222222235,316
738,2.432972222222226,1.2211666666666696,470
739,0.414333333333335,1.5036111111111121,316
740,0.8606666666666665,-0.19861111111111002,161
741,1.0812500000000014,-0.017638888888888204,161
742,0.9662500000000008,-0.3824999999999991,161
743,0.393305555555558,0.8924722222222231,211
744,3.5472500000000027,2.1283888888888916,649
745,0.16833333333333544,1.1802777777777784,211
746,0.4145277777777796,1.4166666666666696,316
747,0.6925000000000002,-0.030416666666665593,161
748,0.03625000000000189,1.3946944444444465,211
749,0.29075000000000084,1.5749722222222244,316
750,0.8236111111111117,0.08819444444444541,161
751,0.4715555555555577,1.7565277777777797,316
752,0.0078888888888905,1.4590277777777794,211
753,0.05569444444444549,1.524027777777779,211
754,1.4731944444444451,0.23236111111111257,214
755,0.1719444444444458,0.9898611111111122,211
756,1.284444444444446,0.2468055555555566,214
757,0.9812500000000015,0.08069444444444474,161
758,0.9400277777777782,0.37200000000000166,214
759,0.4474166666666689,1.457361111111112,316
760,1.0095833333333346,0.02555555555555622,214
761,0.8512777777777781,0.3149166666666685,214
762,0.47919444444444714,1.8901388888888917,316
763,-0.1611111111111101,0.7231111111111123,211
764,0.4358333333333343,1.0080277777777784,211
765,0.9898333333333343,-0.20666666666666572,161
766,0.0863888888888904,1.4180555555555572,211
767,-0.12280555555555495,1.1585833333333335,211
768,-0.08902777777777626,1.0529166666666676,211
769,0.05930555555555683,1.1752777777777783,211
770,0.4588888888888908,1.295277777777779,316
771,0.9309722222222232,-0.41902777777777733,161
772,0.8601111111111122,0.11616666666666786,161
773,0.8780555555555568,-0.0843055555555543,161
774,1.146361111111112,-0.1501388888888881,161
775,1.0787222222222228,-0.09752777777777666,161
776,0.35930555555555677,1.2516666666666665,211
777,1.010555555555557,-0.027916666666664924,161
778,1.0222222222222228,-0.2897499999999989,161
779,0.5241388888888895,1.1542222222222231,211
780,0.19888888888889078,0.8828055555555565,211
781,0.171805555555557,1.016805555555557,211
782,0.29069444444444614,1.383833333333336,316
783,0.46180555555555647,1.1006944444444458,211
784,0.9901666666666677,0.32113888888888975,214
785,0.10138888888888964,1.183611111111112,211
786,1.1474166666666683,0.4220000000000016,214
787,-0.07852777777777675,1.0172500000000009,211
788,1.1676388888888893,0.04944444444444618,214
789,1.3309722222222242,-0.21302777777777715,214
790,0.16250000000000142,1.1461111111111122,211
791,1.232916666666668,-0.0024999999999993916,214
792,1.409583333333335,0.16611111111111232,214
793,0.9441666666666675,0.0654166666666674,161
794,0.9671111111111116,-0.02219444444444285,214
795,-0.1677499999999984,1.0736111111111122,211
796,1.297833333333335,0.3315833333333341,214
797,1.3458888888888898,0.38672222222222485,214
798,0.7363611111111116,-0.06458333333333205,161
799,0.4148888888888902,1.2195555555555573,211
800,1.0550555555555567,-0.24924999999999908,214
801,1.430166666666668,0.5558055555555562,214
802,3.647666666666674,2.2238055555555594,649
803,0.9698611111111128,-0.056944444444444575,161
804,1.0038055555555565,-0.2124999999999984,161
805,1.3338055555555577,-0.06416666666666548,214
806,0.26372222222222286,1.1394166666666679,211
807,0.9488888888888901,-0.07627777777777733,161
808,0.9647222222222237,-0.15972222222222182,161
809,0.1404166666666683,1.4509722222222226,211
810,0.8246666666666675,0.046111111111112324,161
811,0.36211111111111277,1.4302777777777793,316
812,1.3272222222222236,0.42305555555555774,214
813,0.5525277777777793,1.4849722222222248,316
814,0.4145833333333344,1.214444444444444,211
815,0.3663888888888903,1.3470277777777795,316
816,0.5229722222222248,1.4378055555555571,316
817,0.42169444444444637,1.5229722222222235,316
818,1.0779166666666677,-0.1739166666666654,161
819,0.5235555555555564,1.3289166666666685,316
820,1.1595833333333347,0.0556944444444451,161
821,0.8495555555555565,-0.1651666666666659,161
822,0.8691388888888898,-0.2238611111111094,161
823,0.09763888888888983,1.2673611111111127,211
824,1.0888888888888901,0.13069444444444522,214
825,0.8887222222222227,-0.004666666666666153,161
826,0.7001388888888895,-0.16647222222222152,161
827,0.2915277777777803,0.8201666666666678,211
828,1.1225555555555566,0.35988888888889037,214
829,0.806527777777779,-0.12888888888888772,161
830,0.165944444444446,1.2485833333333347,211
831,1.3139166666666677,-0.08886111111111028,214
832,0.9704166666666676,-0.04722222222222089,161
833,0.5427777777777787,1.0696944444444456,211
834,0.39538888888889057,1.3398611111111125,211
835,-0.14124999999999954,1.2494166666666682,211
836,0.27750000000000097,1.339305555555557,211
837,1.176527777777779,0.037833333333334274,161
838,1.0733333333333346,-0.1177222222222209,161
839,0.2617222222222235,0.8878888888888895,211
840,-0.09230555555555442,1.1195833333333347,211
841,0.5476111111111142,1.4258888888888903,316
842,-0.03947222222222124,1.207916666666667,211
843,1.0518055555555565,-0.06930555555555501,161
844,0.025805555555556747,0.8279166666666669,211
845,1.1569722222222234,0.22033333333333416,214
846,0.8011111111111118,0.017472222222222833,161
847,0.04233333333333433,1.23788888888889,211
848,0.7620833333333346,-0.10402777777777633,161
849,0.19122222222222318,0.9154166666666677,211
850,0.7845000000000004,0.21930555555555642,161
851,0.9054166666666676,-0.10833333333333212,161
852,0.49841666666666873,1.5171111111111117,316
853,-0.0730277777777768,1.079444444444445,211
854,0.9024722222222228,-0.34283333333333205,161
855,0.939972222222223,0.060194444444445105,161
856,0.9148333333333349,0.036500000000001975,161
857,0.9052777777777787,-0.0009722222222212085,161
858,0.9548333333333335,-0.12830555555555478,161
859,4.374388888888895,1.688083333333336,649
860,0.8302777777777789,-0.048333333333333006,161
861,0.2884166666666678,1.1855833333333352,316
862,0.6722222222222233,-0.21174999999999988,161
863,0.2524444444444459,1.391388888888891,316
864,0.9760000000000009,-0.13569444444444406,161
865,1.1766388888888906,0.41947222222222424,214
866,2.749444444444448,1.7049722222222252,552
867,0.8829166666666672,-0.0027777777777771573,161
868,0.2845833333333341,1.0650555555555565,211
869,0.876138888888889,0.2444722222222242,214
870,3.329638888888893,1.8626388888888916,552
871,0.27613888888889027,1.3710833333333354,316
872,0.8379166666666674,-0.2270833333333322,161
873,0.3656944444444443,1.5462500000000023,316
874,0.08527777777777823,1.3630555555555561,211
875,1.4658611111111126,-0.18344444444444385,214
876,0.8194444444444451,-0.1281944444444434,161
877,0.9501388888888901,0.14875000000000083,214
878,-0.24416666666666587,1.0468055555555562,211
879,0.8774166666666678,-0.11294444444444429,161
880,0.4165277777777786,1.5145555555555572,316
881,0.7841944444444457,0.4104444444444453,214
882,1.108750000000001,-0.01433333333333231,161
883,0.956111111111112,-0.115305555555555,161
884,1.23838888888889,0.17308333333333414,214
885,0.9281666666666673,-0.2119999999999997,161
886,0.3974166666666684,1.2420555555555568,211
887,1.2590000000000012,0.15533333333333443,214
888,1.4546111111111124,0.16686111111111257,214
889,0.14902777777777854,1.3169444444444451,211
890,3.2021944444444483,4.370000000000004,753
891,1.2361666666666673,0.06191666666666795,214
892,0.002500000000001057,1.1333333333333344,211
893,-0.0513333333333329,0.9663611111111128,211
894,0.15305555555555672,1.2449166666666671,211
895,0.36711111111111316,1.2025000000000015,316
896,0.9673333333333345,-0.19108333333333244,161
897,0.7464444444444447,-0.29222222222222094,161
898,4.680472222222231,5.979527777777779,1184
899,0.007222222222222463,1.3731666666666673,211
900,0.9701388888888889,0.12583333333333452,161
901,1.167055555555557,-0.006833333333332137,161
902,0.13941666666666874,1.4226111111111122,316
903,0.5750000000000008,1.418027777777779,316
904,0.903722222222223,-0.30908333333333293,161
905,3.876000000000004,1.6863888888888896,649
906,1.1470000000000011,0.0019444444444456366,161
907,1.1222222222222231,-0.025638888888887545,161
908,0.9390000000000012,-0.04547222222222064,161
909,0.16650000000000165,1.0490000000000002,211
910,-0.07444444444444343,1.3811111111111127,211
911,0.21736111111111223,1.2017222222222232,211
912,1.0754166666666682,-0.20694444444444354,161
0,1.0584722222222231,0.012638888888889366,161
1,3.9424166666666722,2.2604166666666705,649
2,0.948750000000001,-0.3030555555555544,161
3,0.40302777777777843,1.17088888888889,316
4,0.7606944444444447,-0.08833333333333271,161
5,-0.22011111111111048,0.9579166666666674,211
6,0.48361111111111277,1.5019444444444452,211
7,1.1937777777777794,0.2748333333333348,214
8,-0.04438888888888759,0.9523611111111123,211
9,0.12291666666666745,1.1784722222222226,211
10,0.20958333333333523,1.1973611111111127,211
11,0.9420833333333343,-0.2149999999999994,161
12,-0.2688888888888885,1.1094444444444451,211
13,0.1266666666666676,1.3270833333333354,211
14,0.3173888888888896,1.1882222222222234,211
15,0.4864166666666685,1.600166666666669,316
16,0.9147222222222227,-0.1446111111111103,161
17,0.11388888888888993,1.0762222222222233,211
18,0.35194444444444595,1.0869444444444456,211
19,0.9208055555555563,-0.14888888888888835,161
20,0.15205555555555628,1.0872777777777785,211
21,-0.10069444444444375,1.0352777777777786,211
22,0.9520833333333338,-0.13722222222222036,161
23,3.352500000000003,2.2372222222222264,649
24,0.8591388888888893,-0.02077777777777673,161
25,0.49372222222222295,1.128750000000001,316
26,0.8536111111111111,-0.15722222222222143,161
27,0.5927777777777791,1.5620277777777785,316
28,5.797500000000007,3.6269722222222214,649
29,0.10536111111111268,1.0032500000000018,211
30,0.45152777777777975,1.5628611111111126,316
31,0.9243333333333339,0.20777777777777895,161
32,0.3415277777777782,1.61925,316
33,0.46841666666666854,1.5422222222222237,316
34,0.5971388888888889,0.04038888888889036,161
35,0.18069444444444493,1.0093055555555566,211
36,-0.17230555555555493,0.8511111111111117,211
37,0.43613888888888985,1.5797500000000029,316
38,6.281666666666666,5.312416666666674,1184
39,0.630138888888891,1.3839444444444453,316
40,1.0862499999999997,-0.16763888888888767,161
41,0.9201388888888901,-0.3065277777777766,161
42,0.39361111111111224,1.5293333333333339,316
43,0.7993055555555555,-0.23402777777777684,161
44,1.0727777777777785,-0.20333333333333237,161
45,0.02136111111111194,1.0252777777777786,211
46,1.2118055555555567,-0.10949999999999926,161
47,1.183250000000001,0.3358611111111123,214
48,0.3705555555555571,1.2279166666666679,211
49,3.9264444444444493,4.340694444444451,752
50,0.30622222222222484,0.9336666666666675,211
51,0.7548611111111119,-0.15374999999999905,161
52,1.07513888888889,0.0663888888888905,214
53,1.3055277777777794,0.09627777777777902,214
54,0.6397222222222249,1.5659444444444466,316
55,-0.025861111111110113,1.1824722222222241,211
56,1.0781111111111121,0.17872222222222367,214
57,0.09541666666666815,1.3975000000000013,211
58,0.8729166666666676,-0.012527777777776528,161
59,0.9039166666666674,-0.13386111111111065,161
60,0.6638888888888893,0.10125000000000095,161
61,1.178333333333335,-0.11055555555555463,161
62,3.617944444444449,2.4581388888888944,649
63,0.37263888888889074,1.655722222222224,316
64,0.9918055555555567,-0.04680555555555427,161
65,0.0938888888888898,1.0198611111111109,211
66,0.8335833333333338,-0.19280555555555495,161
67,0.9627500000000011,0.18597222222222276,161
68,0.5678333333333346,1.2442222222222226,316
69,0.09569444444444508,1.0629166666666683,211
70,0.8750277777777788,0.3035555555555568,214
71,0.9719722222222238,0.48200000000000176,214
72,1.1168055555555565,0.08930555555555675,214
73,4.229222222222229,2.5406111111111165,649
74,0.9008333333333346,0.005250000000001198,161
75,0.9938888888888897,-0.05319444444444388,214
76,3.0600277777777896,4.36819444444445,752
77,0.8950000000000007,-0.0751388888888882,161
78,1.0159722222222234,-0.047916666666665386,161
79,0.7608333333333351,1.4312500000000017,211
80,0.3204166666666681,1.0986111111111128,211
81,0.46191666666666875,1.057055555555557,211
82,0.8820555555555564,0.14208333333333412,161
83,0.3211111111111121,1.0013611111111127,211
84,0.2159722222222238,1.277361111111112,316
85,0.33486111111111283,1.019583333333334,211
86,1.1283611111111116,-0.00752777777777669,214
87,-0.05336111111111019,1.419000000000002,211
88,1.0527500000000005,-0.14058333333333184,214
89,0.9065277777777786,0.1947222222222239,161
90,5.0748333333333395,7.07916666666665,1184
91,1.13713888888889,-0.20027777777777656,161
92,0.8577222222222248,1.4977500000000004,316
93,0.829027777777779,-0.10333333333333256,161
94,0.7977500000000011,0.04686111111111235,161
95,-0.03486111111110979,1.1290277777777782,211
96,0.10916666666666852,1.3322222222222238,211
97,1.1019444444444462,0.1437500000000007,161
98,0.27538888888889046,1.2492777777777784,211
99,3.3531666666666675,1.9188333333333347,649
100,1.0544166666666674,0.04386111111111296,161
101,3.651027777777781,2.402277777777784,649
102,2.58552777777778,1.8589166666666699,469
103,3.7864444444444496,1.937611111111113,649
104,1.068083333333335,-0.24833333333333196,214
105,1.0513888888888896,-0.17083333333333311,161
106,0.8033611111111119,0.30352777777777906,214
107,1.0428333333333346,0.2703055555555567,214
108,1.0368333333333344,-0.05377777777777759,214
109,0.2713888888888898,1.469305555555557,211
110,0.8694444444444454,0.17638888888888965,161
111,0.08997222222222334,0.9877500000000015,211
112,0.8775277777777781,0.05277777777777937,161
113,0.9183333333333342,-0.2536944444444438,161
114,0.9444444444444451,-0.061666666666665426,161
115,1.039444444444445,0.006527777777778798,161
116,-0.0162499999999991,0.9955555555555566,211
117,0.8820555555555557,-0.030777777777777737,161
118,0.48125000000000173,0.7888055555555563,211
119,-0.1290555555555547,1.2416666666666683,211
120,1.1186111111111128,-0.022916666666666197,161
121,0.8631944444444446,-0.1439722222222214,161
122,0.6233333333333344,0.026388888888888795,161
123,1.3068055555555569,0.2963888888888905,214
124,0.10833333333333373,1.5383333333333349,211
125,0.932083333333334,-0.10583333333333311,161
126,-0.004055555555555257,0.8807222222222229,211
127,0.9383333333333348,-0.2489166666666655,161
128,0.47402777777777927,1.4215277777777797,211
129,1.0393055555555575,0.010416666666667518,214
130,0.8959722222222236,-0.07211111111111007,161
131,0.19186111111111215,1.4505277777777787,211
132,0.5144444444444465,1.0436111111111122,211
133,0.34819444444444636,0.810972222222222,211
134,1.0111111111111124,-0.12483333333333213,214
135,1.1186111111111119,0.16750000000000076,161
136,-0.031138888888887606,1.336527777777778,211
137,0.4517222222222238,1.259444444444445,316
138,0.43513888888888963,0.8425000000000017,211
139,0.09458333333333413,1.517083333333335,211
140,0.03358333333333474,1.2217222222222244,211
141,0.07927777777777911,1.071111111111112,211
142,0.46380555555555714,0.9170555555555568,211
143,0.6775000000000007,-0.08916666666666628,161
144,3.4411388888888927,2.6156388888888937,649
145,0.26736111111111205,1.3345833333333346,211
146,-0.055694444444442714,0.9341666666666677,211
147,0.07305555555555665,1.3022222222222233,211
148,0.43027777777777965,1.351527777777778,211
149,1.2393333333333352,0.17783333333333462,214
150,0.5094722222222237,1.558333333333336,316
151,0.40347222222222345,1.0986111111111116,211
152,0.5416666666666672,1.3887777777777792,211
153,1.3206666666666682,-0.27405555555555505,161
154,0.8365277777777788,0.012222222222223134,161
155,0.7670833333333344,-0.16666666666666607,161
156,0.9179722222222231,-0.36291666666666633,161
157,0.7756944444444452,-0.08499999999999885,161
158,0.9438888888888893,-0.3609722222222212,161
159,1.0157500000000006,-0.09272222222222193,214
160,0.21652777777777865,1.0647777777777783,211
161,0.0311111111111122,1.3463888888888909,211
162,1.2837500000000013,0.4300000000000017,214
163,0.3515277777777781,1.1522222222222238,211
164,0.7770000000000012,1.3389166666666688,211
165,0.1275000000000005,1.3925000000000014,211
166,0.4497222222222246,1.4229444444444457,316
167,1.0596666666666679,0.04252777777777905,214
168,-0.0640277777777769,1.530972222222224,211
169,0.3515277777777789,0.8364722222222228,211
170,1.0934722222222233,0.062500000000001,214
171,0.33836111111111256,1.5103888888888914,316
172,0.01486111111111188,1.4022222222222238,211
173,4.445805555555564,2.155861111111113,652
174,0.9401388888888897,-0.16583333333333256,161
175,0.7112777777777781,-0.014749999999999097,161
176,0.9088611111111117,-0.15502777777777688,161
177,0.9512500000000013,0.2687500000000016,161
178,0.7873333333333341,0.0009444444444451916,161
179,1.178750000000001,0.001111111111112506,161
180,0.05233333333333412,1.044583333333334,211
181,0.9913888888888898,0.009027777777777912,161
182,0.9181944444444446,0.0313888888888898,161
183,1.0959722222222237,-0.019305555555554466,161
184,0.6387500000000002,-0.257388888888888,161
185,7.834555555555565,6.402888888888891,1185
186,0.902972222222223,-0.25974999999999887,161
187,0.7805277777777782,-0.034444444444443334,161
188,1.2700277777777789,-0.06355555555555414,214
189,0.827250000000001,-0.07252777777777708,161
190,0.9831944444444445,-0.08427777777777706,161
191,1.294861111111112,-0.0648611111111097,214
192,0.025666666666667504,1.345000000000002,211
193,0.3296388888888915,1.594805555555557,316
194,0.13236111111111315,1.305972222222223,211
195,4.276694444444445,3.0180555555555615,649
196,1.2138888888888895,-0.014999999999998848,161
197,5.11019444444445,2.993666666666673,649
198,-0.09886111111111018,0.9855555555555562,211
199,0.678194444444445,-0.04861111111111027,161
200,1.21527777777778,-0.21097222222222134,161
201,0.2428888888888906,1.1638611111111121,211
202,3.7368888888888923,2.527,649
203,0.6564444444444464,1.4198055555555573,316
204,0.9662500000000012,0.09194444444444538,161
205,-0.11472222222222139,1.268055555555557,211
206,0.9651111111111119,0.11819444444444527,161
207,1.0879166666666684,0.08972222222222315,161
208,0.35319444444444603,1.0355555555555571,211
209,-0.18155555555555414,1.3344444444444448,211
210,0.02402777777777787,0.6732777777777783,211
211,1.0213888888888896,-0.11638888888888782,161
212,0.3460555555555568,1.553222222222224,316
213,0.2055555555555575,1.2229166666666684,211
214,3.53955555555556,2.2173333333333325,649
215,1.0923333333333345,0.33863888888888993,214
216,-0.0344444444444435,0.968333333333334,211
217,1.0091944444444452,0.024777777777779342,214
218,0.29955555555555735,1.091916666666668,211
219,0.9252777777777781,0.03250000000000103,161
220,0.8544444444444458,0.04458333333333375,214
221,1.1586388888888899,0.24850000000000128,214
222,1.0888888888888903,-0.1706944444444432,161
223,0.8058333333333341,-0.25861111111110985,161
224,0.16422222222222316,1.2023333333333344,211
225,1.137083333333334,-0.192999999999999,161
226,1.0443055555555565,-0.20805555555555494,161
227,0.7253888888888897,0.10613888888888956,214
228,1.191527777777778,-0.2677777777777769,161
229,1.1787222222222236,0.13502777777777908,214
230,0.43472222222222445,1.1951388888888896,211
231,0.13205555555555626,1.1483055555555566,211
232,3.056388888888903,4.279500000000007,750
233,0.8120833333333337,-0.07791666666666652,161
234,0.12936111111111215,1.2950000000000021,211
235,1.176583333333334,0.13572222222222308,214
236,0.4145833333333341,1.335694444444445,211
237,0.549333333333334,1.3428611111111128,316
238,0.4121111111111115,1.8430000000000029,316
239,-0.03361111111111015,1.162777777777779,211
240,0.17097222222222297,1.247777777777779,211
241,-0.11986111111110997,0.984722222222224,211
242,1.0127777777777784,0.036527777777779435,161
243,0.003472222222223653,1.0593055555555564,211
244,-0.134777777777777,1.4588888888888902,211
245,0.46419444444444713,1.5817222222222216,316
246,0.3087500000000013,1.1752777777777783,211
247,0.04108333333333514,1.283583333333335,211
248,1.4941666666666684,-0.18144444444444396,214
249,-0.06652777777777741,1.3502777777777786,211
250,0.8141666666666669,1.617083333333333,316
251,1.0165277777777784,-0.03319444444444358,161
252,1.0098611111111122,-0.15327777777777696,161
253,0.16941666666666744,1.129277777777778,211
254,0.9811388888888897,-0.21083333333333265,214
255,1.2240555555555566,0.13741666666666774,214
256,0.9197500000000013,-0.3424999999999998,161
257,1.1358611111111125,-0.0260555555555545,214
258,0.7208333333333339,-0.1549999999999992,161
259,1.3093055555555573,0.18430555555555717,214
260,0.870833333333335,-0.1734722222222212,161
261,-0.04430555555555482,0.9910277777777788,211
262,1.0833055555555577,-0.0481388888888879,161
263,1.033583333333334,-0.17027777777777758,161
264,0.4140555555555573,1.3323333333333345,211
265,0.6995555555555565,-0.01016666666666477,161
266,0.8706944444444453,-0.08133333333333198,161
267,1.4037777777777793,-0.11538888888888799,214
268,0.7040277777777786,0.01944444444444504,214
269,0.12069444444444577,1.171250000000002,211
270,1.3301388888888896,0.1784722222222236,214
271,0.40622222222222315,1.4578333333333358,316
272,3.421388888888893,1.4741944444444455,649
273,0.40047222222222345,1.8183888888888897,316
274,0.1765555555555558,1.2792777777777788,211
275,0.3512500000000015,1.3143055555555567,211
276,0.17241666666666766,1.1827777777777795,211
277,0.34833333333333516,1.2790555555555572,316
278,-0.009194444444444505,1.0758333333333339,211
279,1.0051388888888895,0.07375000000000131,214
280,0.74938888888889,0.18094444444444535,161
281,-0.23605555555555502,1.1844166666666682,211
282,1.064416666666668,0.16916666666666824,214
283,0.76263888888889,-0.12041666666666545,161
284,1.1692222222222235,-0.18202777777777712,161
285,2.4461944444444543,1.4286388888888946,649
286,0.9186111111111114,0.12513888888888947,161
287,1.1308333333333345,0.1188888888888896,214
288,0.34305555555555634,0.8890277777777785,211
289,0.25750000000000206,1.3930833333333346,316
290,0.9777500000000008,-0.09724999999999828,161
291,1.0293611111111123,0.4207500000000013,214
292,0.8213888888888895,-0.1313888888888875,161
293,0.45458333333333534,1.4133333333333358,211
294,0.14958333333333407,1.1880277777777786,211
295,0.49163888888889073,1.5665833333333354,316
296,1.0418333333333347,0.5035000000000016,214
297,1.1744444444444453,0.4369444444444457,214
298,1.1612500000000008,0.6925000000000014,214
299,-0.09472222222222104,1.1202777777777784,211
300,3.210666666666671,2.0007222222222287,649
301,0.3019444444444459,1.26013888888889,211
302,0.11152777777777856,1.3318055555555577,211
303,0.6954166666666675,0.016250000000000653,161
304,1.4546388888888908,0.3974166666666683,214
305,0.48250000000000204,1.4655833333333346,316
306,0.7373888888888894,-0.07113888888888803,161
307,0.31902777777777847,1.3538888888888903,211
308,0.11902777777777973,0.7017500000000008,211
309,0.280000000000001,1.0575833333333344,211
310,0.8083055555555567,-0.0670555555555552,161
311,1.267500000000001,0.07755555555555682,214
312,-0.08555555555555427,0.8745000000000009,211
313,1.11513888888889,-0.1524999999999997,161
314,0.7863888888888897,-0.09849999999999914,161
315,-0.012916666666665355,1.1887500000000009,211
316,0.8949166666666675,-0.18522222222222157,161
317,0.8230833333333345,0.1566666666666675,214
318,1.1786666666666679,0.11366666666666825,214
319,2.317194444444448,1.8928333333333358,465
320,0.5372500000000034,1.5427500000000003,316
321,1.0401111111111123,-0.12180555555555445,161
322,3.526333333333338,2.2046666666666694,649
323,1.023472222222223,0.2061111111111129,214
324,1.4045000000000016,0.05991666666666806,214
325,0.24650000000000238,1.2156944444444449,211
326,0.41441666666666854,1.3280277777777796,211
327,1.042111111111113,0.28908333333333514,214
328,0.7563611111111124,1.5194444444444457,316
329,3.997222222222225,3.1597777777777836,649
330,1.2973611111111123,-0.0862499999999995,161
331,0.6534166666666668,0.123305555555556,161
332,0.05552777777777895,1.1240000000000014,211
333,0.9118055555555566,0.010250000000001536,161
334,0.8583333333333348,-0.1827777777777772,161
335,0.33958333333333424,1.066194444444445,211
336,1.0093055555555568,-0.09027777777777646,161
337,0.22708333333333475,1.3309722222222224,211
338,0.4974722222222231,1.2384444444444456,316
339,0.11386111111111186,1.3160833333333344,211
340,0.003583333333333827,0.9774166666666679,211
341,0.22736111111111268,0.9166666666666679,211
342,0.31888888888889066,1.1804166666666687,211
343,3.266527777777782,2.1849166666666697,649
344,0.6669166666666674,1.0966111111111128,211
345,0.8014444444444453,0.1265277777777789,161
346,0.6455277777777791,1.5300000000000014,316
347,0.3929722222222236,1.2325000000000013,316
348,6.904444444444452,5.507194444444442,1185
349,0.31800000000000206,1.4229166666666693,316
350,1.129444444444446,0.07388888888888984,161
351,0.509722222222224,1.231222222222224,316
352,0.5551388888888916,1.4808333333333352,316
353,0.4698888888888899,1.502777777777779,316
354,0.4720833333333341,1.2948611111111126,211
355,0.3597222222222235,1.5509166666666676,316
356,0.3131666666666669,1.3856666666666686,211
357,0.3017777777777789,1.0153333333333343,211
358,1.0923611111111122,0.02500000000000091,161
359,0.667777777777778,0.0034166666666672896,214
360,1.1793055555555565,-0.08527777777777668,214
361,3.4438333333333375,2.204250000000002,649
362,0.49505555555555747,1.4886111111111133,211
363,1.4362500000000016,0.366388888888891,214
364,1.141527777777779,0.3191666666666686,214
365,0.0489444444444449,1.0044166666666678,211
366,0.32763888888889015,1.2109722222222237,211
367,3.6410833333333334,2.254055555555561,649
368,1.0573611111111123,0.12625000000000075,161
369,1.1284722222222228,-0.10583333333333239,161
370,-0.0708333333333323,0.9904166666666684,211
371,0.8917777777777787,-0.11874999999999902,161
372,3.1195833333333187,1.7066388888889004,649
373,0.9875555555555572,-0.19238888888888767,161
374,4.074916666666671,1.955527777777783,552
375,0.2909722222222231,1.3797222222222243,211
376,1.1420833333333338,-0.0323611111111099,161
377,1.0804444444444459,0.7546111111111135,214
378,-0.032388888888888356,1.200111111111112,211
379,0.3563611111111121,0.7941944444444461,211
380,1.279750000000001,0.13155555555555676,214
381,0.8277777777777787,0.09594444444444561,161
382,1.1893055555555556,-0.07638888888888812,161
383,1.0229166666666674,-0.15666666666666634,161
384,0.8845833333333346,-0.10122222222222116,161
385,0.33166666666666855,0.8870833333333347,211
386,0.05875000000000097,1.3836111111111125,211
387,0.8995833333333334,0.293333333333335,161
388,1.0550277777777781,0.11283333333333456,214
389,0.7370000000000009,-0.02736111111111028,161
390,0.7198055555555564,-0.004861111111110095,161
391,0.18427777777777932,1.731083333333335,211
392,0.8540277777777785,0.20177777777777972,161
393,0.062138888888890076,1.2025000000000015,211
394,-0.0012499999999993072,1.1562500000000016,211
395,0.018805555555555964,1.3283055555555563,211
396,0.837916666666667,0.128194444444446,161
397,1.0230555555555574,0.2190277777777787,214
398,3.6078055555555575,2.3322222222222235,649
399,0.3904166666666675,1.3784722222222243,211
400,1.3575555555555567,0.1443333333333341,214
401,1.0023611111111115,-0.10444444444444323,161
402,1.005277777777779,-0.02333333333333354,161
403,0.9272222222222236,0.03125000000000072,161
404,1.0386388888888896,0.3631388888888907,214
405,4.371472222222227,1.851222222222229,649
406,-0.138472222222222,1.1081944444444454,211
407,0.7442777777777787,-0.1751388888888883,161
408,0.9511111111111117,-0.07041666666666646,161
409,0.9525000000000015,0.08777777777777895,161
410,1.2130555555555567,0.145555555555557,214
411,1.0648055555555562,0.3133055555555573,214
412,0.1833333333333339,1.0170833333333333,211
413,0.12497222222222282,1.5114444444444453,211
414,3.7297777777777794,2.351805555555554,649
415,0.639000000000001,1.3594166666666676,316
416,0.12541666666666773,1.0891666666666677,211
417,3.4306944444444456,1.9048333333333354,649
418,0.8963888888888896,-0.0037499999999984213,161
419,1.4072222222222246,-0.19474999999999942,161
420,0.31538888888889094,1.3916666666666675,316
421,0.11816666666666764,1.4456111111111116,211
422,4.424833333333334,2.719888888888896,649
423,1.5112222222222238,0.09616666666666773,214
424,1.142805555555556,0.27666666666666906,161
425,0.9325000000000007,-0.3171111111111106,161
426,-0.12027777777777648,1.4858333333333353,211
427,1.0298611111111118,-0.24527777777777676,161
428,3.398888888888894,2.2271666666666707,649
429,1.1657222222222234,0.16283333333333383,214
430,1.0736388888888895,-0.022666666666666613,161
431,0.5663611111111125,1.6075555555555563,316
432,0.5277777777777803,1.3655555555555576,316
433,0.3063611111111122,1.1381944444444454,211
434,0.12083333333333468,1.181527777777779,211
435,0.04763888888888945,1.5481944444444453,211
436,-0.14327777777777662,1.5306944444444466,211
437,0.20236111111111288,1.0958055555555568,211
438,0.9495000000000008,-0.11041666666666577,161
439,0.9466388888888901,0.044916666666668104,161
440,0.015000000000001013,1.0894444444444458,211
441,0.35402777777777905,1.3569444444444456,211
442,1.4200000000000013,0.10958333333333492,214
443,0.7725000000000012,0.18611111111111156,214
444,0.9741666666666664,-0.0427777777777778,161
445,-0.11388888888888726,1.1245833333333346,211
446,1.0880555555555564,-0.024861111111110057,161
447,0.1756111111111136,1.4206944444444467,211
448,0.19900000000000162,1.2676666666666676,211
449,-0.12277777777777688,0.9575000000000017,211
450,0.3883055555555577,0.8641944444444449,211
451,-0.19972222222222158,1.0070833333333344,211
452,0.35819444444444565,1.4170833333333341,316
453,1.0285000000000006,0.09691666666666732,161
454,0.26783333333333526,1.2626111111111116,211
455,1.4606111111111117,0.04850000000000143,214
456,1.2561111111111125,-0.2595833333333326,214
457,0.8148333333333347,-0.23455555555555446,161
458,1.0909722222222233,0.5330555555555581,214
459,0.4661111111111119,1.0755277777777785,211
460,0.21900000000000075,1.1955555555555564,211
461,0.29652777777777983,1.4808333333333348,211
462,0.7477500000000006,0.04386111111111146,161
463,3.033305555555559,1.8068888888888917,552
464,0.3651111111111124,1.7021944444444461,316
465,0.9445833333333347,0.7372222222222238,214
466,0.3452222222222242,1.4375000000000004,316
467,1.0140277777777784,-0.041277777777776414,161
468,4.532888888888894,2.0650000000000013,649
469,1.0365277777777786,-0.23277777777777686,214
470,0.004250000000001419,1.537388888888891,316
471,0.23258333333333459,1.5386111111111145,316
472,3.237111111111118,2.0280000000000022,649
473,0.2383333333333344,1.1175000000000008,211
474,1.1895833333333345,-0.26222222222222197,161
475,0.5143611111111125,1.327527777777779,316
476,0.3201388888888901,1.5495833333333358,316
477,-0.111527777777777,1.4298611111111126,211
478,0.4056666666666682,1.1002777777777792,211
479,0.9578333333333349,0.21155555555555627,214
480,0.7080833333333333,0.24486111111111164,214
481,0.20166666666666755,1.3871111111111123,211
482,0.18083333333333373,1.582222222222224,316
483,0.08986111111111184,1.2553333333333354,211
484,1.1725277777777787,0.21658333333333502,214
485,1.3328611111111124,0.20727777777777856,214
486,0.29427777777777897,1.579416666666668,316
487,-0.11336111111111058,1.4355555555555568,211
488,-0.062222222222220736,1.0866666666666682,211
489,0.12455555555555609,0.9797222222222233,211
490,1.1780555555555559,0.3434722222222235,214
491,0.3964166666666681,1.3519722222222237,316
492,1.139305555555557,0.032083333333334796,214
493,0.20902777777777948,1.480277777777779,211
494,0.6855277777777788,1.060972222222223,211
495,0.9704166666666675,0.10916666666666741,161
496,0.9236111111111118,-0.15569444444444347,161
497,0.5304166666666685,1.4252777777777792,211
498,0.2848611111111118,1.31013888888889,211
499,1.0015277777777791,-0.19541666666666552,161
500,0.7612500000000011,-0.01583333333333231,161
501,5.122638888888905,4.972277777777781,1184
502,1.0813888888888892,0.18000000000000038,214
503,4.138444444444454,5.90488888888889,906
504,0.27013888888889015,1.280972222222224,211
505,0.96288888888889,0.07511111111111235,161
506,0.32625000000000126,1.2583055555555576,316
507,0.7727777777777789,-0.07222222222222152,161
508,1.003972222222223,-0.04902777777777656,161
509,0.8559722222222234,0.13388888888889006,214
510,0.8444166666666675,-0.09752777777777671,161
511,1.051527777777778,-0.11652777777777734,161
512,0.1038888888888897,1.123333333333334,211
513,1.116666666666668,0.06902777777777769,214
514,1.0290277777777794,-0.042583333333333306,161
515,1.1135277777777781,-0.07197222222222105,161
516,0.389333333333334,1.4044722222222237,316
517,1.0626388888888898,-0.14930555555555508,161
518,0.924444444444446,0.0030555555555564218,161
519,1.3951944444444455,-0.04872222222222178,214
520,0.05611111111111222,1.011916666666667,211
521,3.113055555555558,2.7284722222222206,649
522,-0.022499999999999187,1.2259722222222242,211
523,1.0912777777777785,0.1039166666666681,214
524,1.0190277777777783,0.0686111111111124,161
525,0.6443055555555574,1.309333333333335,316
526,2.9201944444444488,1.6987500000000033,552
527,0.9758333333333347,-0.13397222222222238,161
528,0.8307500000000004,-0.025861111111110058,161
529,0.882083333333334,0.0845833333333339,161
530,0.2228888888888897,1.0326111111111118,211
531,1.140000000000001,-0.16305555555555418,161
532,1.1097777777777784,-0.1016111111111101,214
533,1.270611111111112,-0.0056666666666658205,214
534,0.1877500000000012,0.8728888888888904,211
535,-0.05666666666666664,1.126666666666667,211
536,0.6374722222222226,-0.17958333333333343,161
537,3.4750277777777807,2.4195277777777817,649
538,-0.05124999999999946,1.2020833333333345,211
539,3.704000000000005,1.9255555555555546,649
540,0.618111111111112,1.1427777777777797,316
541,0.8952500000000011,-0.24766666666666565,161
542,1.368944444444446,-0.2470277777777774,214
543,0.24958333333333393,0.8763888888888902,211
544,1.2843055555555567,0.21416666666666762,214
545,0.7987222222222232,-0.2064166666666658,161
546,0.18541666666666845,0.8980833333333341,211
547,0.30405555555555697,1.5753055555555568,316
548,1.0204166666666674,-0.017777777777776615,161
549,2.802333333333337,1.6741111111111118,552
550,0.2688611111111122,1.1083055555555568,211
551,0.7779166666666674,0.09538888888888919,161
552,0.8694166666666672,0.26930555555555735,161
553,0.34708333333333474,1.3423611111111118,211
554,0.8056944444444454,0.09275000000000144,161
555,0.6780277777777786,-0.11999999999999922,161
556,4.308694444444445,3.7850000000000064,649
557,1.1552500000000014,-0.015694444444443456,161
558,0.22763888888888995,1.1175000000000017,211
559,0.7101666666666676,0.38250000000000095,214
560,0.4463055555555573,1.219583333333334,211
561,0.8481944444444454,-0.06016666666666565,161
562,0.19052777777777935,1.7600000000000025,316
563,0.7962500000000006,-0.1447222222222211,161
564,0.4131666666666689,1.2847222222222232,211
565,1.153083333333335,0.47141666666666815,214
566,0.1402222222222237,0.8710833333333345,211
567,0.1997222222222237,1.0661111111111126,211
568,1.0059722222222238,0.0343055555555567,161
569,-0.04252777777777628,1.2428888888888912,211
570,0.4453055555555573,1.3406944444444453,316
571,1.605000000000001,0.20680555555555724,214
572,0.7808055555555566,0.0040277777777786294,161
573,0.9246388888888897,-0.20819444444444368,161
574,0.9344166666666682,-0.051805555555554605,161
575,0.8388888888888897,-0.0030555555555548675,161
576,0.07819444444444601,1.2119444444444458,211
577,1.0176388888888894,0.13819444444444562,161
578,1.0855277777777785,0.2685833333333342,161
579,0.6306944444444453,0.022777777777778896,161
580,0.3079166666666684,1.0211111111111122,211
581,4.5801666666666705,1.5577500000000022,649
582,0.8209722222222227,0.0768055555555564,161
583,0.8951111111111125,0.02138888888888979,161
584,0.265388888888891,1.1503333333333345,211
585,0.33455555555555705,1.1681944444444459,211
586,1.068583333333335,0.013750000000001317,161
587,1.1130555555555555,-0.02141666666666564,161
588,1.1195555555555559,-0.16719444444444342,161
589,0.23736111111111247,1.1912222222222228,211
590,0.8280555555555567,-0.08208333333333279,161
591,4.425361111111111,1.9473611111111142,653
592,1.1118055555555568,0.05222222222222306,214
593,0.9481944444444455,0.12833333333333463,161
594,0.9887500000000007,0.2047222222222238,214
595,0.28916666666666835,1.3345555555555564,211
596,1.4634722222222238,0.05041666666666755,214
597,1.007777777777779,-0.18277777777777743,161
598,3.0310833333333367,2.254222222222227,649
599,1.0175000000000016,0.16658333333333397,161
600,3.6731111111111154,1.8099722222222254,552
601,0.9926666666666679,0.19172222222222368,214
602,0.48372222222222416,1.4726388888888895,316
603,0.9380277777777788,-0.08805555555555572,161
604,0.10180555555555726,1.1584722222222235,211
605,0.8623611111111111,-0.18883333333333208,161
606,3.631916666666672,2.253805555555555,649
607,0.49350000000000116,1.7271944444444454,316
608,1.172000000000001,0.1450277777777792,214
609,0.6158333333333345,1.3565833333333348,211
610,0.016777777777779335,1.1881666666666675,211
611,2.754777777777785,1.6816111111111123,649
612,0.0931111111111127,0.9420833333333342,211
613,0.7758333333333338,-0.09211111111111031,161
614,0.9695555555555568,-0.25049999999999895,161
615,0.2987222222222232,1.1523611111111127,211
616,1.0681666666666678,-0.1680555555555549,161
617,1.2382222222222226,0.05558333333333498,214
618,1.6561666666666683,0.13002777777777852,214
619,0.2050555555555562,0.8817777777777783,211
620,1.010277777777779,-0.16286111111111,161
621,1.3715277777777783,0.38194444444444586,214
622,0.7562222222222226,-0.014722222222221082,161
623,0.8951111111111127,-0.05086111111111069,161
624,-0.015833333333331923,0.9113888888888899,211
625,4.24341666666667,2.4963611111111144,649
626,0.5920555555555574,1.4141111111111115,316
627,1.1295555555555565,-0.035722222222221434,161
628,-0.18722222222222173,1.4104166666666684,211
629,0.09111111111111203,1.0919444444444464,211
630,0.9252222222222235,0.0779444444444446,214
631,0.414388888888891,1.4566944444444458,316
632,0.9227777777777788,-0.12624999999999909,161
633,0.4362222222222236,1.3330277777777781,316
634,0.9429166666666675,0.07236111111111199,161
635,1.0690277777777788,0.07288888888889028,161
636,0.06611111111111134,1.2543055555555562,211
637,3.1734999999999856,0.8711666666666698,649
638,0.9638888888888895,-0.27530555555555464,161
639,5.371166666666669,1.7713055555555592,649
640,0.8444444444444452,0.05422222222222334,161
641,0.2377777777777793,1.1748611111111118,211
642,1.0144444444444458,0.24597222222222292,214
643,1.140000000000001,-0.11499999999999938,161
644,0.8473888888888896,0.3216666666666679,214
645,0.15066666666666806,1.254583333333334,211
646,0.9659722222222231,-0.04652777777777689,161
647,0.2651388888888898,1.1780555555555567,211
648,1.186694444444446,0.11602777777777884,214
649,4.608250000000007,4.89377777777778,906
650,3.409083333333338,2.21255555555556,649
651,4.001111111111115,1.647472222222226,552
652,0.6912500000000004,-0.14830555555555464,161
653,0.5144444444444449,1.070111111111112,211
654,0.6233333333333338,-0.3195833333333327,161
655,0.8681666666666681,0.028888888888889797,161
656,0.814027777777779,-0.2169444444444431,161
657,4.000388888888891,1.724111111111114,555
658,0.24402777777777984,1.1958333333333353,211
659,2.754166666666669,1.5987500000000048,465
660,1.3644444444444457,0.03958333333333486,214
661,3.31922222222223,2.2811111111111133,649
662,-0.17736111111111008,1.0055833333333333,211
663,1.1862222222222234,0.19144444444444575,214
664,0.19777777777777916,0.8961388888888903,211
665,1.0693055555555562,-0.2823611111111102,161
666,0.3372222222222234,1.4789166666666689,316
667,1.2691666666666688,-0.10444444444444312,161
668,0.07611111111111213,1.2027777777777782,211
669,0.2859444444444462,1.0115000000000012,211
670,3.765361111111115,2.010111111111115,649
671,0.2581944444444457,1.2602777777777792,211
672,0.046638888888891006,1.1308333333333342,211
673,0.9948333333333338,-0.11988888888888799,161
674,-0.014027777777776418,1.18513888888889,211
675,6.536722222222213,7.173638888888891,1184
676,0.3500277777777795,1.4321666666666677,316
677,-0.05752777777777707,0.9383055555555562,211
678,0.38041666666666807,1.556388888888891,211
679,0.9409444444444448,-0.4376666666666658,161
680,0.8826388888888901,-0.03847222222222052,161
681,0.08641666666666759,1.2311111111111122,211
682,0.2190000000000012,1.245555555555557,211
683,0.46350000000000047,1.5125000000000026,316
684,0.6437222222222235,1.265611111111113,211
685,0.7941388888888896,-0.04405555555555468,161
686,0.9494166666666676,0.12427777777777915,161
687,0.8831944444444455,-0.1934722222222222,161
688,1.0316388888888892,-0.12455555555555431,161
689,0.06025000000000158,0.8324166666666677,211
690,0.7778888888888896,-0.20286111111110944,161
691,0.8521388888888897,-0.04530555555555427,161
692,0.17166666666666808,1.2730555555555565,211
693,0.5783333333333347,1.441944444444446,211
694,0.8262500000000004,-0.15297222222222095,161
695,0.19527777777777766,1.3375000000000017,211
696,-0.15627777777777663,0.9392222222222231,211
697,0.2262500000000014,1.3451388888888902,211
698,3.5001666666666695,2.5903055555555596,649
699,0.47208333333333496,1.350694444444446,211
700,0.7213611111111127,1.1098333333333341,211
701,0.011111111111111738,0.9780555555555563,211
702,0.949722222222223,-0.19416666666666516,161
703,-0.008499999999998509,1.2477777777777788,211
704,1.0893055555555564,0.08336111111111155,214
705,0.7026666666666671,1.3907222222222244,316
706,0.082361111111112,1.0509722222222235,211
707,0.9415833333333348,-0.16736111111111068,161
708,0.9481111111111118,0.03302777777777871,161
709,0.4677222222222235,1.2546666666666675,316
710,0.43180555555555666,0.9899722222222236,211
711,0.08513888888889032,1.2588888888888903,211
712,0.4136388888888911,1.4303888888888894,316
713,0.2684722222222229,1.1563888888888898,211
714,0.30652777777777884,1.240000000000002,211
715,0.08916666666666806,0.6484722222222228,211
716,0.9194444444444454,0.20652777777777942,214
717,1.0045555555555574,0.09150000000000064,161
718,0.15791666666666748,1.2700000000000018,211
719,1.0481944444444453,-0.044444444444443454,161
720,-0.0823888888888874,0.8359722222222234,211
721,0.3426111111111122,1.2126388888888893,211
722,0.5506944444444463,1.1583333333333343,211
723,3.410444444444448,2.014805555555559,649
724,1.308805555555557,0.1580277777777792,214
725,4.439444444444446,2.3098055555555597,649
726,0.43297222222222387,1.2463888888888894,316
727,1.0463055555555556,0.1581944444444462,214
728,0.5610555555555571,1.2937500000000002,316
729,-0.06997222222222121,1.1030555555555566,211
730,0.6669444444444473,1.4322500000000014,316
731,0.4130555555555572,1.0043055555555571,211
732,0.4595833333333337,1.1475000000000013,211
733,-0.028194444444443745,1.0525000000000004,211
734,0.7569444444444454,-0.048194444444443985,161
735,0.11330555555555688,1.4010833333333355,211
736,0.5030555555555589,1.0940277777777787,211
737,0.5126666666666684,1.4130555555555568,316
738,-0.14638888888888812,1.4938611111111113,211
739,0.04719444444444609,1.0738055555555563,211
740,0.8884722222222223,-0.014305555555554461,161
741,-0.014861111111109326,1.1196111111111129,211
742,1.1247222222222224,0.007555555555556759,214
743,-0.14391666666666592,1.3023333333333351,211
744,0.024027777777778314,1.1945833333333349,211
745,0.056805555555556775,0.9586111111111114,211
746,-0.05749999999999944,1.2097222222222226,211
747,0.7697222222222229,0.15902777777777832,161
748,0.037888888888889305,1.2894444444444453,211
749,-0.1268055555555544,1.0372500000000011,211
750,0.9966388888888896,0.015138888888889701,161
751,0.8750000000000012,-0.06847222222222177,161
752,0.8177500000000009,-0.07138888888888856,161
753,3.850472222222221,2.448305555555562,651
754,0.6166666666666694,1.234583333333334,316
755,1.205888888888889,0.2710000000000007,214
756,0.5475833333333342,1.021944444444445,211
757,0.8875000000000004,-0.0005555555555549208,161
758,1.5186111111111118,0.10222222222222355,214
759,0.915000000000001,-0.2249999999999996,161
760,1.2837500000000013,0.028194444444445688,161
761,1.0427500000000007,-0.19430555555555518,161
762,0.34052777777777843,1.1457500000000018,211
763,1.012666666666668,0.1077500000000009,214
764,0.9283333333333348,0.2188333333333341,161
765,0.9918055555555562,-0.08194444444444321,161
766,0.18527777777777876,1.0693055555555573,211
767,0.07041666666666824,1.2601388888888905,211
768,1.0348333333333348,0.04652777777777872,161
769,0.4169444444444462,1.36263888888889,316
770,1.103750000000002,0.05269444444444549,161
771,0.03750000000000109,0.7666111111111118,211
772,0.6891944444444452,1.0398611111111125,211
773,1.1071388888888902,-0.21327777777777662,161
774,1.0559722222222239,0.07416666666666821,161
775,0.9183333333333348,0.04916666666666819,161
776,-0.04474999999999962,1.1562500000000013,211
777,0.3037500000000011,1.246277777777778,316
778,1.0597222222222227,0.02527777777777801,161
779,1.0865833333333341,-0.009166666666665602,161
780,0.17080555555555688,1.0030833333333338,211
781,-0.060861111111109145,1.1184444444444464,211
782,0.3446111111111123,1.2998611111111131,211
783,-0.0311111111111102,1.5419722222222236,211
784,0.3594444444444447,0.7183333333333342,211
785,0.881305555555556,0.016527777777778807,161
786,0.2523333333333335,1.3200000000000007,211
787,0.8255833333333346,1.3034722222222248,316
788,0.9273611111111113,-0.16277777777777697,161
789,1.3252777777777796,0.4577777777777786,214
790,0.1886111111111115,1.004444444444446,211
791,0.7436111111111114,-0.044249999999998846,161
792,0.9825000000000006,-0.04777777777777659,161
793,0.9833333333333338,-0.07655555555555443,161
794,0.2523333333333345,1.4072777777777783,316
795,0.3284444444444454,1.1036666666666677,211
796,0.6310833333333349,1.2826111111111127,316
797,0.018194444444446067,1.3016666666666674,211
798,1.450694444444445,0.018888888888890176,214
799,0.7418055555555563,-0.4042499999999992,161
800,0.8420833333333341,0.012083333333334223,161
801,1.084277777777779,0.11766666666666781,214
802,0.8358055555555561,-0.053194444444443656,161
803,1.0377500000000015,-0.05194444444444363,161
804,1.1606944444444451,-0.2312499999999989,161
805,1.1705555555555571,0.006805555555556286,214
806,0.22819444444444548,0.9668055555555563,211
807,0.1961111111111128,1.2090833333333342,211
808,0.9930555555555567,0.018333333333334256,161
809,0.38986111111111243,1.4727777777777789,211
810,1.009166666666668,-0.21402777777777643,161
811,3.43938888888889,2.9136666666666757,649
812,1.167833333333335,0.26138888888889,214
813,1.0804166666666686,0.042361111111112515,161
814,3.498138888888896,2.5906666666666704,649
815,0.416111111111112,1.2281666666666684,211
816,-0.023416666666665864,1.305138888888891,211
817,1.053055555555556,-0.00722222222222163,161
818,0.8360833333333347,0.1265277777777788,161
819,0.5306388888888912,1.4809444444444464,316
820,-0.01347222222222122,0.9187500000000012,211
821,0.8577777777777787,0.23486111111111174,161
822,1.201666666666668,-0.14819444444444402,161
823,0.7830555555555562,-0.09777777777777685,161
824,0.3105555555555569,1.0094722222222234,211
825,0.1772222222222246,1.0342777777777776,211
826,1.0886666666666673,0.22113888888889066,214
827,4.10866666666667,2.8140000000000014,649
828,0.25638888888888955,1.4013888888888901,211
829,0.47930555555555754,1.6146666666666678,316
830,0.3158055555555568,1.0940000000000005,211
831,0.11969444444444555,1.0402500000000008,211
832,0.5596666666666688,1.319611111111112,316
833,0.5574722222222225,1.3004444444444458,316
834,0.9598611111111124,0.0009722222222233734,161
835,0.20483333333333387,0.8455833333333341,211
836,0.2055555555555567,1.0362500000000008,211
837,1.0823611111111122,0.09291666666666792,161
838,1.0754166666666667,-0.2851388888888886,161
839,1.9270833333333344,0.12541666666666784,214
840,0.31058333333333454,1.5500277777777807,316
841,3.518277777777781,2.392833333333339,649
842,0.911361111111112,-0.09777777777777646,161
843,0.30277777777777903,1.5391666666666686,211
844,0.9340277777777786,0.06041666666666734,161
845,0.8487222222222233,-0.2454999999999991,161
846,0.23236111111111302,1.2398611111111126,211
847,1.110416666666668,0.11916666666666775,214
848,1.3384722222222232,0.304583333333335,214
849,-0.006333333333332303,0.7785277777777784,211
850,0.822500000000001,0.4945833333333347,214
851,0.08177777777777928,1.2003888888888898,211
852,1.4959722222222243,0.218055555555557,214
853,7.559055555555582,9.530694444444451,1622
854,0.07111111111111224,1.4423611111111123,211
855,0.9895833333333344,-0.07361111111111018,161
856,0.907222222222223,-0.07166666666666532,161
857,4.702111111111121,5.493722222222225,1184
858,0.9268055555555563,-0.13236111111111049,161
859,-0.027777777777776347,0.9332222222222232,211
860,0.33291666666666764,1.3852777777777787,316
861,1.225555555555557,0.09750000000000048,214
862,0.8333611111111109,0.17375000000000163,214
863,0.8342777777777781,0.003777777777778768,161
864,0.823305555555556,0.08819444444444535,161
865,0.5706388888888904,1.4830555555555576,316
866,0.0640277777777779,1.252500000000001,211
867,1.4123611111111112,0.2531944444444455,214
868,0.2704722222222239,1.0787500000000017,211
869,0.4355555555555567,1.172777777777779,211
870,2.548444444444449,1.532833333333337,467
871,0.9676388888888908,0.5470833333333343,214
872,6.324138888888898,6.349638888888886,1184
873,1.0046944444444452,-0.10233333333333228,161
874,0.9968611111111118,-0.013499999999998846,161
875,0.9553888888888903,-0.07905555555555449,161
876,0.7731388888888895,-0.25836111111111054,161
877,0.2277777777777783,1.2159722222222227,211
878,0.8766388888888896,-0.07447222222222083,161
879,0.43836111111111287,1.4145000000000016,316
880,1.021166666666667,0.1989166666666683,214
881,3.2744166666666743,4.3563611111111165,750
882,0.1441666666666681,1.061666666666667,211
883,-0.07544444444444365,0.9841388888888902,211
884,0.048166666666667135,0.8772777777777794,211
885,0.26666666666666794,1.0151388888888906,211
886,1.1666666666666676,-0.23486111111111035,161
887,3.244444444444447,1.8984166666666702,649
888,0.9798611111111118,-0.1236111111111104,161
889,0.30777777777777937,1.2797222222222235,211
890,0.9193055555555565,-0.07863888888888759,161
891,0.31875000000000087,1.2307500000000016,211
892,0.2785277777777787,0.8794166666666672,211
893,0.815111111111112,-0.09911111111111043,161
894,1.0044722222222235,0.13472222222222363,214
895,0.7855000000000013,0.1411388888888906,214
896,0.9339444444444466,0.36977777777777954,214
897,1.4392222222222235,0.510166666666668,214
898,0.008749999999999591,1.0705555555555575,211
899,0.13652777777777902,0.9470833333333344,211
900,1.3687500000000012,0.5559722222222241,214
901,-0.10680555555555504,1.511666666666668,211
902,0.6895555555555559,0.03594444444444611,214
903,-0.1080555555555548,1.0970833333333339,211
904,0.016388888888889563,1.6423611111111127,211
905,0.9877777777777792,-0.06777777777777694,161
906,0.9090277777777789,-0.02402777777777676,161
907,1.1557222222222232,0.11033333333333384,214
908,8.874333333333336,5.722111111111118,992
909,0.8201111111111115,0.06400000000000133,161
910,0.2065277777777783,1.3575000000000013,211
911,0.20386111111111227,0.9134166666666682,211
912,0.0812500000000006,1.0844444444444452,211
913,1.016361111111112,-0.23224999999999962,161
914,0.06166666666666787,1.3761111111111133,211
915,0.29083333333333605,1.5105833333333356,316
916,0.9730555555555565,-0.09641666666666554,161
917,0.9120833333333338,-0.19805555555555432,161
918,0.41619444444444464,1.3505555555555566,316
919,1.1183333333333347,0.1005555555555564,161
920,3.5126666666666684,2.3358611111111154,649
921,0.4888888888888907,1.376111111111113,211
922,1.0323888888888895,-0.03919444444444398,161
923,0.3237500000000004,1.092777777777778,211
924,0.20486111111111227,1.095805555555557,211
925,-0.0161944444444434,1.3515277777777794,211
926,0.4801944444444466,1.7161111111111127,316
927,0.13358333333333328,1.3181666666666683,211
928,0.0793055555555564,1.264305555555557,211
929,1.1033333333333344,-0.20986111111111067,161
930,0.7229166666666675,0.029583333333334072,161
931,5.694444444444447,1.7557222222222248,649
932,1.1515277777777795,0.039583333333334525,214
933,1.0848611111111128,-0.2374722222222218,161
934,1.7058333333333344,0.05069444444444582,214
935,0.08902777777777948,1.341944444444446,211
936,-0.09122222222222076,0.6496666666666674,211
937,0.7205833333333335,1.6153611111111141,316
938,1.179194444444446,-0.02808333333333235,214
939,0.19455555555555681,0.9943055555555568,211
940,0.3205555555555575,1.4191666666666671,316
941,0.8581666666666679,-0.2136388888888875,161
942,0.21805555555555678,1.0161388888888903,211
943,0.1214166666666674,1.3112222222222236,211
944,0.04875000000000074,1.351500000000001,211
945,-0.00013888888888868856,1.1043055555555568,211
946,0.06527777777777821,1.3607222222222246,211
947,1.1108888888888904,0.38044444444444614,214
948,0.4660833333333346,1.3537222222222232,316
949,0.11388888888888993,0.9837500000000008,211
950,-0.01041666666666563,1.1209722222222227,211
951,0.3444166666666677,1.4471944444444464,211
952,4.403916666666667,2.7130277777777794,649
953,0.8502777777777784,-0.2968055555555548,161
954,5.225527777777779,6.3630000000000075,1184
955,1.0784722222222225,-0.009166666666664991,161
956,0.04136111111111207,1.4982500000000019,211
957,7.251833333333338,5.021638888888886,1184
958,0.2245833333333357,1.2756944444444456,211
959,0.7409722222222233,0.08888888888889002,161
960,1.1479166666666676,0.15222222222222392,161
961,0.43161111111111383,1.446527777777781,316
962,0.3620833333333344,1.2863611111111128,211
963,1.1013888888888892,0.003472222222223542,161
964,0.9319444444444456,-0.02208333333333251,161
965,0.45536111111111344,1.4501388888888902,316
966,0.9374722222222236,-0.05461111111111028,161
967,-0.04072222222222199,1.3073333333333352,211
968,0.3991944444444463,1.4146666666666696,316
969,-0.007361111111110374,0.9453055555555572,211
970,0.38444444444444525,0.8986111111111126,211
971,0.37152777777777946,1.3594444444444458,211
972,0.6219444444444456,1.4088888888888897,316
973,0.07261111111111207,1.1744444444444455,211
974,4.659750000000007,2.022611111111114,655
975,0.95138888888889,0.0760277777777788,161
976,-0.19519444444444334,1.0447777777777794,211
977,0.900194444444445,0.15844444444444594,161
978,0.9393055555555566,0.22347222222222318,214
979,1.2002777777777793,0.27777777777777857,214
980,0.7528888888888889,-0.10822222222222139,161
981,3.256166666666673,2.4047222222222246,649
982,0.14138888888889012,1.0129444444444455,211
983,0.8945833333333343,-0.2572222222222212,161
984,0.24441666666666784,1.0290555555555574,211
985,0.31694444444444536,1.207055555555557,211
986,0.7820833333333336,-0.01299999999999879,161
987,1.103861111111112,-0.06619444444444383,161
988,0.7707500000000008,-0.10419444444444365,161
989,0.4512500000000006,1.669833333333335,316
990,1.33888888888889,0.10786111111111185,214
991,0.8401388888888903,-0.14736111111111033,161
992,0.4158333333333335,1.6351666666666693,316
993,0.0059166666666682355,1.1369444444444454,211
994,-0.04002777777777755,0.7225833333333342,211
995,1.0570833333333343,-0.3088888888888884,161
996,1.0205000000000013,0.1611666666666688,214
997,0.17525000000000113,1.4175555555555568,211
998,0.17291666666666772,1.091805555555557,211
999,0.9222222222222238,-0.1518055555555547,161
1000,0.05305555555555641,0.9952777777777783,211
1001,3.2221944444444457,2.8216388888888924,649
1002,0.6005277777777785,0.18763888888889002,161
1003,-0.05680555555555411,0.8961944444444453,211
1004,1.0860277777777787,-0.15099999999999902,214
1005,0.9837777777777784,0.37197222222222315,214
1006,0.22358333333333502,1.1138611111111127,211
1007,1.0227500000000014,-0.00966666666666649,214
1008,0.23333333333333428,1.6488888888888913,211
1009,1.0135277777777791,0.06444444444444564,161
1010,3.746055555555559,2.0763055555555563,552
1011,0.9379166666666672,0.4693055555555574,214
1012,5.874250000000012,7.131666666666679,1184
1013,1.009861111111112,-0.27138888888888835,161
1014,0.892138888888889,-0.1590277777777761,161
1015,1.1733333333333342,-0.07919444444444335,161
1016,0.9334444444444456,0.12805555555555642,161
1017,0.3991944444444464,1.484583333333334,316
1018,0.27594444444444566,1.3756944444444454,316
1019,0.8658055555555564,-0.08549999999999891,214
1020,0.6425000000000003,0.044694444444445924,161
1021,-0.016527777777776476,0.7802500000000014,211
1022,0.4893055555555572,0.8694166666666677,211
1023,0.4895833333333359,1.5611111111111127,316
1024,1.099972222222223,-0.16849999999999937,161
1025,3.3696666666666713,2.1778611111111146,649
1026,0.3370833333333342,0.9080555555555558,211
1027,3.600694444444449,2.5912777777777793,649
1028,0.2875000000000012,1.4235833333333354,211
1029,1.0087222222222234,-0.14708333333333212,161
1030,1.277944444444445,0.33427777777777945,214
1031,1.0706944444444457,-0.11263888888888818,161
1032,1.12488888888889,0.12697222222222337,214
1033,2.8595555555555565,2.424000000000004,552
1034,0.07958333333333356,1.402083333333335,211
1035,1.0944444444444452,0.14652777777777815,214
1036,1.1744722222222232,0.24283333333333523,214
1037,1.5755555555555574,-0.15722222222222149,214
1038,0.6620833333333336,-0.25694444444444425,161
1039,0.45805555555555755,1.5183333333333358,316
1040,0.1363888888888911,0.978055555555556,211
1041,0.8513611111111122,-0.2254444444444434,161
1042,0.9803888888888906,-0.23522222222222172,161
1043,-0.017027777777776976,1.3706111111111137,211
1044,0.26733333333333487,1.0085000000000008,211
1045,3.203722222222226,2.0469722222222275,649
1046,1.0038888888888897,0.3452777777777791,214
1047,0.8220000000000003,0.12222222222222268,161
1048,0.04647222222222247,0.8851666666666671,211
1049,-0.038749999999999396,1.318027777777779,211
1050,0.1675000000000012,1.280972222222223,211
1051,1.144055555555556,0.3500277777777794,214
1052,0.9933333333333336,-0.16291666666666627,161
1053,1.0470555555555565,0.04763888888889051,161
1054,0.4247222222222249,1.5287777777777793,316
1055,0.9097222222222225,0.0874722222222235,161
1056,1.2284722222222233,0.02847222222222323,161
1057,0.9418611111111114,-0.05611111111110978,161
1058,1.3020555555555575,-0.11447222222222153,214
1059,-0.1989999999999994,1.3373611111111119,211
1060,0.024916666666668252,0.801777777777779,211
1061,1.0878888888888902,0.5307500000000019,214
1062,0.31125000000000125,1.6101388888888901,316
1063,1.1619166666666674,0.1417222222222233,214
1064,0.4926666666666675,1.4456944444444453,316
1065,0.6054166666666672,-0.20499999999999913,161
1066,0.512750000000002,1.1765833333333353,211
1067,3.4097222222222223,2.5887777777777807,649
1068,0.6635833333333342,0.1593611111111125,161
1069,0.20777777777777984,1.2514166666666682,211
1070,0.9365277777777787,-0.05097222222222114,161
1071,0.6528333333333342,0.009000000000000952,161
1072,1.0372777777777789,-0.08599999999999819,214
1073,5.577750000000008,3.7139722222222304,1083
1074,1.492694444444445,0.09630555555555664,214
1075,0.0958333333333341,1.3062222222222226,211
1076,0.9311111111111117,-0.175416666666666,161
1077,0.03277777777777857,1.0671666666666675,211
1078,0.5092777777777788,1.506333333333334,316
1079,0.15950000000000153,1.0235555555555569,211
1080,0.809166666666667,-0.23683333333333179,161
1081,1.1340000000000012,-0.0845833333333319,161
1082,1.1206944444444453,0.12055555555555653,161
1083,0.8211111111111116,-0.04169444444444326,161
1084,0.4543055555555573,1.4204166666666684,316
1085,0.8129166666666677,0.10833333333333417,161
1086,1.1888888888888896,0.2409722222222238,214
1087,1.2286388888888893,0.3021388888888904,214
1088,-0.002249999999998864,1.2044722222222226,211
1089,0.41066666666666807,1.1725555555555571,211
1090,0.6017777777777806,1.3054166666666673,316
1091,-0.0983611111111099,1.0005277777777795,211
1092,1.0441666666666678,0.10236111111111229,161
1093,0.7476111111111121,-0.14669444444444363,161
1094,0.7037500000000003,-0.1633333333333326,161
1095,0.021250000000000657,1.190555555555556,211
1096,0.17208333333333448,1.1197222222222236,211
1097,0.38513888888889025,1.421916666666669,211
1098,0.315805555555557,0.9269444444444451,211
1099,1.320277777777779,0.024527777777777926,214
1100,1.047916666666668,-0.09472222222222082,161
1101,0.4958333333333347,1.517666666666668,316
1102,0.9185833333333342,0.0201111111111113,161
1103,3.935722222222227,2.8863611111111225,649
1104,0.4781666666666682,1.3552500000000016,211
1105,0.8306111111111119,0.07683333333333497,214
1106,3.2913888888888896,1.1098333333333337,552
1107,0.25441666666666807,1.1220833333333342,211
1108,1.2782500000000008,-0.09594444444444294,214
1109,0.03916666666666735,1.2226388888888904,211
1110,1.210972222222224,-0.08263888888888782,161
1111,0.5293055555555582,1.3996111111111142,316
1112,1.1036111111111118,-0.3169444444444441,161
1113,0.9560277777777781,0.02847222222222273,161
1114,1.0458333333333336,0.1965277777777792,214
1115,0.6105555555555556,1.1754166666666674,211
1116,-0.08416666666666683,1.4030555555555555,211
1117,0.406944444444446,1.224861111111112,211
1118,0.5173611111111119,1.0819444444444453,211
1119,0.32022222222222385,1.3965833333333348,316
1120,1.3634722222222242,-0.0699999999999989,161
1121,0.964777777777779,0.12188888888888982,214
1122,0.0329722222222224,1.1244166666666682,211
1123,1.4613888888888908,0.1651388888888896,214
1124,0.9062500000000002,-0.1380833333333324,161
1125,0.19694444444444603,1.1710833333333341,211
1126,4.382194444444452,1.6057777777777789,649
1127,0.7972222222222229,-0.23888888888888815,161
1128,0.970555555555556,-0.01986111111111072,161
1129,0.3709722222222236,1.6347222222222242,316
1130,0.13527777777777827,1.0012500000000009,211
1131,0.859583333333334,-0.21874999999999883,161
1132,0.9922500000000013,-0.117916666666665,214
1133,0.26819444444444507,1.818472222222224,211
1134,0.1780555555555564,1.305555555555557,211
1135,0.0588888888888901,1.4459722222222233,211
1136,0.7783611111111117,0.06916666666666738,214
1137,0.8262500000000005,0.015555555555556377,161
1138,0.03319444444444486,1.2276388888888907,211
1139,1.1461388888888904,-0.11841666666666584,214
1140,0.8156944444444452,-0.08377777777777651,161
1141,4.1340277777777805,3.1685277777777827,552
1142,0.9908055555555565,-0.06816666666666626,161
1143,0.9510277777777795,0.2470277777777783,214
1144,0.15527777777777863,1.3191666666666684,211
1145,0.12902777777777863,1.0550000000000017,211
1146,-0.1824722222222217,1.3024722222222227,211
1147,0.353694444444446,1.5169722222222246,316
1148,1.2927777777777787,0.19041666666666857,214
1149,1.1080555555555565,0.11638888888889043,161
1150,1.2044444444444455,-0.2076666666666664,161
1151,0.18500000000000127,0.8894444444444455,211
1152,0.9700000000000011,-0.0897222222222212,161
1153,0.8795555555555563,0.017611111111112743,161
1154,0.44375000000000087,1.4062500000000009,316
1155,0.8347777777777783,-0.23263888888888812,161
1156,1.2048888888888893,0.4135277777777796,214
1157,0.8722777777777792,0.37119444444444627,214
1158,0.9305833333333344,-0.03822222222222188,161
1159,0.4434166666666681,1.4887500000000022,316
1160,1.1730555555555562,0.6695833333333343,214
1161,0.31455555555555703,0.9164444444444457,211
1162,0.16741666666666788,1.3794166666666678,211
1163,0.2773055555555577,1.6582777777777802,316
1164,1.0454166666666678,-0.11444444444444402,161
1165,1.121666666666668,-0.1495833333333324,161
1166,0.9623611111111114,-0.008611111111109793,161
1167,0.1488888888888904,1.3759722222222242,211
1168,0.8181666666666672,0.0466666666666673,161
1169,1.0205555555555565,-0.17736111111111053,161
1170,0.07108333333333428,1.3696944444444454,211
1171,1.0328055555555573,0.22847222222222374,214
1172,0.389,1.497861111111113,316
1173,0.04538888888888959,1.1708055555555568,211
1174,0.9325000000000008,0.05375000000000074,161
1175,0.4372500000000008,1.6030000000000009,316
1176,1.0058888888888906,-0.13833333333333253,161
1177,1.3888888888888893,0.21944444444444489,214
1178,0.5771388888888921,1.5716111111111148,316
1179,0.42316666666666825,1.7971111111111142,316
1180,1.0327777777777798,0.11319444444444504,161
1181,0.8732222222222236,-0.14555555555555455,161
1182,0.2996944444444464,1.4677777777777796,316
1183,0.9481944444444451,-0.10680555555555504,161
1184,3.8661388888888912,2.236611111111115,649
1185,-0.17858333333333232,1.37138888888889,211
1186,0.9496944444444448,-0.04416666666666552,161
1187,1.266666666666668,-0.25541666666666607,161
1188,0.9001388888888895,-0.18097222222222142,161
1189,0.7300000000000009,-0.01999999999999902,161
1190,1.1621388888888897,-0.0165555555555551,161
1191,0.41208333333333413,1.3716666666666675,211
1192,0.765027777777779,0.1428055555555563,214
1193,0.6919444444444453,0.0472222222222235,161
1194,0.20763888888889015,1.343333333333335,211
1195,3.9333888888888913,2.376555555555561,649
1196,0.9927777777777785,-0.09541666666666554,161
1197,0.45861111111111286,1.1545833333333346,316
1198,0.5213888888888905,1.577333333333335,316
1199,0.992750000000001,-0.1235277777777769,161
1200,0.7743611111111119,-0.1359999999999998,161
1201,0.5136388888888892,-0.29022222222222116,161
1202,0.559055555555557,1.660277777777782,316
1203,1.02638888888889,-0.2147499999999996,161
1204,0.946805555555556,-0.23027777777777675,161
1205,0.8787500000000011,0.34583333333333555,214
1206,0.9427777777777779,-0.09944444444444422,161
1207,0.9159722222222229,0.20958333333333523,214
1208,3.5915277777777828,2.1906111111111146,649
1209,1.1967777777777795,-0.13236111111110982,161
1210,0.2536111111111129,1.1083055555555565,211
1211,0.16352777777777816,1.0258055555555567,211
1212,0.733611111111112,-0.1424999999999989,161
1213,0.12680555555555661,1.2897222222222224,211
1214,0.15222222222222292,1.0865277777777782,211
1215,0.4458611111111127,1.2927777777777782,316
1216,0.11177777777777953,1.1965000000000015,211
1217,0.6225000000000006,1.5369444444444458,316
1218,0.9476111111111123,0.13991666666666702,214
1219,0.5461111111111124,1.3904166666666677,316
1220,-0.12391666666666623,1.0737500000000009,211
1221,0.897361111111112,-0.001666666666665928,161
1222,0.09625000000000061,1.580694444444445,211
1223,0.12694444444444541,1.4725000000000024,211
1224,0.5347222222222245,1.1804166666666673,316
1225,-0.2121388888888891,1.2105555555555567,211
1226,2.8710277777777806,1.7379444444444467,552
1227,0.9481666666666677,-0.2549999999999996,161
1228,0.9661111111111115,-0.3501388888888882,161
1229,1.0224166666666683,0.14363888888888976,214
1230,0.9587500000000007,-0.15941666666666593,161
1231,0.6780555555555575,1.3567500000000012,316
1232,0.21844444444444555,0.8095833333333347,211
1233,0.8851944444444453,-0.19988888888888745,161
1234,1.2923888888888904,0.23086111111111296,214
1235,3.853083333333337,3.7260277777777855,649
1236,0.3547222222222227,0.894027777777779,211
1237,0.27558333333333485,0.8566388888888898,211
1238,-0.06016666666666581,1.1363611111111123,211
1239,0.8526944444444456,-0.02305555555555422,161
1240,0.6357777777777806,1.479166666666669,316
1241,0.3203611111111131,1.6651111111111128,211
1242,0.17000000000000048,1.0741666666666676,211
1243,0.8987500000000019,-0.06744444444444392,161
1244,1.3193055555555573,0.32250000000000134,214
1245,-0.02433333333333154,0.8707222222222227,211
1246,1.2188888888888898,-0.1765277777777769,161
1247,0.7727777777777782,-0.12180555555555511,161
1248,0.8195833333333349,-0.07666666666666533,161
1249,0.41405555555555695,1.355777777777779,316
1250,-0.013527777777776584,0.7568888888888898,211
1251,0.9206666666666683,-0.10902777777777689,161
1252,0.9877777777777788,-0.05208333333333265,161
1253,3.000555555555556,2.2863611111111117,649
1254,0.41511111111111165,1.3380555555555569,211
1255,0.40477777777777835,1.6573888888888908,316
1256,0.33597222222222367,1.3838888888888903,211
1257,1.0266666666666682,-0.24513888888888807,161
1258,0.13416666666666666,1.18138888888889,211
1259,0.3216388888888897,1.2551111111111113,211
1260,3.5350833333333314,2.4915833333333346,649
1261,0.1294444444444457,1.1559722222222237,211
1262,0.08575000000000055,0.9940000000000015,211
1263,0.4810833333333343,1.0733055555555573,211
1264,0.04102777777777844,1.1202500000000009,211
1265,0.6823333333333347,1.0091388888888901,211
1266,0.2533333333333354,1.4880833333333345,211
1267,0.8699999999999999,0.09819444444444592,161
1268,0.26180555555555685,1.1351388888888891,211
1269,0.4035000000000013,1.4330555555555562,316
1270,0.8451388888888901,-0.22041666666666554,161
1271,0.9410555555555559,0.0743611111111121,214
1272,0.6933055555555564,0.21319444444444546,161
1273,3.2248611111111183,4.110805555555565,755
1274,3.075916666666669,4.606138888888895,754
1275,0.06055555555555714,1.1059722222222224,211
1276,1.089722222222224,0.08944444444444566,161
1277,0.23527777777777925,0.4754166666666667,211
1278,0.4451111111111119,0.9806944444444459,211
1279,0.8140277777777789,0.19416666666666704,161
1280,0.7541388888888894,0.0885833333333339,161
1281,0.1691944444444461,0.9562500000000007,211
1282,0.7670277777777781,-0.02583333333333193,161
1283,0.37747222222222365,1.0532500000000007,211
1284,0.994027777777779,-0.14252777777777742,161
1285,1.2151666666666683,0.1936388888888898,214
1286,0.8338611111111122,-0.3022222222222218,161
1287,0.2708333333333347,1.421805555555558,211
1288,0.5535555555555584,1.52063888888889,316
1289,0.4291666666666676,1.4038888888888914,211
1290,0.5178611111111118,1.5611944444444443,316
1291,0.8834722222222231,-0.24402777777777668,161
1292,1.140000000000001,-0.12513888888888824,161
1293,1.0325000000000006,0.07722222222222341,161
1294,0.9460000000000012,0.27077777777777834,214
1295,0.7263888888888894,-0.018611111111109913,161
1296,0.9818055555555566,0.015611111111111908,161
1297,1.0313055555555566,-0.05152777777777667,161
1298,0.7386388888888897,-0.012083333333331892,214
1299,0.29580555555555677,1.053333333333335,211
1300,0.27458333333333484,1.2165277777777788,211
1301,0.9822777777777786,-0.019111111111111134,161
1302,1.045000000000001,0.026666666666667505,161
1303,-0.09522222222222154,1.1991944444444456,211
1304,0.47788888888888914,1.4549722222222234,316
1305,0.776333333333334,0.1154166666666685,161
1306,0.5008611111111132,1.3345833333333337,316
1307,0.04319444444444509,1.0006944444444454,211
1308,0.7925277777777786,-0.25299999999999984,161
1309,0.34102777777777915,1.5976111111111126,211
1310,1.0030555555555567,-0.1508611111111114,161
1311,1.3266666666666684,0.0763888888888905,161
1312,1.526722222222224,0.2668333333333347,214
1313,0.9504166666666674,-0.19416666666666615,161
1314,1.1038888888888896,0.13638888888889078,161
1315,1.1116388888888902,0.12125000000000219,161
1316,0.04263888888888956,0.7947500000000004,211
1317,0.9115277777777795,-0.08697222222222156,161
1318,-0.11802777777777684,1.485000000000001,211
1319,0.2902777777777795,1.313055555555556,211
1320,0.9083888888888896,-0.04108333333333258,214
1321,0.9838888888888903,-0.11152777777777662,161
1322,-0.015833333333332367,1.547777777777779,211
1323,0.49955555555555686,1.2869166666666683,316
1324,1.094444444444446,0.20930555555555674,214
1325,1.3209722222222227,-0.03633333333333244,161
1326,1.1025000000000014,0.3326388888888905,214
1327,-0.07599999999999874,1.5616666666666674,211
1328,0.03619444444444608,1.2006944444444452,211
1329,0.05594444444444613,1.4738888888888915,211
1330,3.4781111111111134,4.15691666666667,649
1331,0.3830555555555566,0.9549444444444452,211
1332,0.8512500000000007,-0.11722222222222112,161
1333,0.6862222222222227,-0.11530555555555438,161
1334,2.7963611111110964,0.8890555555555605,649
1335,1.0668055555555565,0.2102777777777789,161
1336,0.22747222222222352,1.410805555555557,211
1337,1.028611111111112,0.03708333333333391,161
1338,0.037333333333334995,1.4358055555555564,211
1339,1.052611111111112,0.016500000000000403,161
1340,3.7914722222222257,2.376305555555559,649
1341,0.30416666666666714,1.4874722222222243,316
1342,3.431583333333335,2.2553333333333376,649
1343,2.9924444444444385,0.6638611111111119,649
1344,1.049277777777779,-0.07272222222222163,161
1345,0.35416666666666874,1.3530000000000022,316
1346,3.3451944444444486,2.3641666666666703,649
1347,0.417472222222224,1.3709166666666681,316
1348,1.0636111111111115,-0.09972222222222171,161
1349,1.230000000000001,0.4258333333333346,214
1350,0.7536388888888904,0.09263888888889082,161
1351,1.1908333333333343,0.30319444444444577,214
1352,-0.2283333333333326,1.1251388888888898,211
1353,0.6374722222222231,1.8615277777777814,316
1354,1.3729166666666677,0.25680555555555706,214
1355,1.5546388888888902,0.020583333333334397,214
1356,-0.07111111111111068,1.2898611111111125,211
1357,0.33802777777777954,1.3191111111111127,316
1358,0.28777777777777913,1.463750000000001,211
1359,0.8694444444444451,0.07902777777777859,161
1360,0.8366944444444457,-0.014999999999999514,161
1361,1.3427777777777794,-0.1388888888888879,161
1362,0.29686111111111235,1.4213611111111122,211
1363,0.9744166666666667,-0.16983333333333261,161
1364,0.3343055555555571,1.3123611111111129,211
1365,1.0154166666666677,-0.10638888888888826,161
1366,0.8362500000000006,-0.12197222222222193,161
1367,0.8568055555555565,-0.10097222222222113,161
1368,0.04819444444444465,1.2270555555555576,211
1369,0.9694444444444449,0.02347222222222345,161
1370,0.8923333333333345,-0.09188888888888763,161
1371,0.9129166666666682,0.02708333333333446,161
1372,0.18458333333333454,1.1690277777777789,211
1373,-0.0616666666666662,0.9118611111111121,211
1374,0.27416666666666867,0.8955555555555564,211
1375,1.3191666666666675,0.07513888888889053,214
1376,0.10375000000000156,1.0123611111111122,211
1377,0.8813611111111115,-0.14333333333333226,161
1378,0.36180555555555627,1.3798888888888912,316
1379,0.17430555555555727,1.2944444444444456,211
1380,0.8813888888888897,-0.18680555555555506,161
1381,0.31819444444444667,1.4255833333333348,316
1382,0.06558333333333466,0.7640277777777783,211
1383,1.2902777777777792,-0.00930555555555429,161
1384,4.083916666666667,2.479277777777781,649
1385,0.8200000000000007,-0.13430555555555462,161
1386,1.294611111111113,0.26155555555555665,214
1387,1.2256111111111128,0.8518611111111127,214
1388,0.2952777777777791,0.8807222222222233,211
1389,1.2215277777777789,0.3058333333333352,214
1390,1.1696111111111123,0.36794444444444496,214
1391,1.2190277777777792,-0.11188888888888837,214
1392,0.771944444444446,-0.12888888888888755,161
1393,4.3882500000000055,2.371027777777781,649
1394,0.38655555555555676,0.9992777777777788,211
1395,0.11844444444444546,1.0425000000000004,211
1396,0.009722222222223076,1.1814166666666677,211
1397,-0.02138888888888879,1.3407500000000017,211
1398,1.217527777777779,0.3580833333333353,214
1399,1.3554444444444456,0.29172222222222344,214
1400,0.09916666666666829,1.1187500000000006,211
1401,0.34611111111111237,1.3226388888888903,211
1402,0.9392777777777787,-0.05652777777777673,161
1403,0.7344444444444452,-0.2594444444444438,161
1404,0.3681944444444456,1.246527777777779,211
1405,0.1837500000000014,0.9020833333333338,211
1406,0.9295000000000007,0.029694444444445356,161
1407,0.0047222222222231824,1.3044444444444452,211
1408,0.9312500000000012,0.10361111111111204,161
1409,1.0048611111111114,-0.006944444444443476,161
1410,1.4347222222222236,0.40263888888889066,214
1411,1.5348611111111126,0.43361111111111106,214
1412,0.7631666666666672,-0.21416666666666584,161
1413,0.19111111111111279,1.1579166666666671,211
1414,0.6647777777777804,1.0719166666666677,211
1415,0.8259722222222237,-0.016249999999998654,161
1416,0.03388888888889041,1.3900000000000012,211
1417,0.6658333333333339,-0.11391666666666561,161
1418,0.7675277777777783,0.01941666666666675,161
1419,0.7662499999999998,0.04511111111111199,161
1420,1.0051111111111126,-0.36758333333333254,161
1421,0.5183611111111129,1.418694444444446,316
1422,-0.16319444444444375,0.9612222222222226,211
1423,0.6741666666666669,0.03597222222222335,161
1424,0.22166666666666823,1.4131944444444464,211
1425,0.945555555555557,-0.09002777777777682,161
1426,0.9158055555555569,0.17569444444444549,161
1427,0.9505555555555568,-0.03305555555555384,161
1428,1.1944722222222226,0.3056388888888901,214
1429,0.8437222222222228,0.0514166666666675,161
1430,0.8155555555555564,-0.11486111111110969,161
1431,-0.16608333333333203,1.4516666666666678,211
1432,1.05888888888889,0.05305555555555658,161
1433,0.12811111111111184,1.2324722222222235,211
1434,6.743500000000013,5.336305555555568,991
1435,0.2351666666666682,1.06513888888889,211
1436,0.3062500000000008,1.3427777777777794,316
1437,0.7775000000000003,-0.1954166666666654,161
1438,0.8113055555555558,-0.1988888888888879,161
1439,0.3568055555555567,1.599722222222224,211
1440,1.3006944444444453,0.37486111111111287,214
1441,4.086000000000006,2.9260000000000064,649
1442,0.5594444444444464,1.0998611111111116,211
1443,0.3944444444444456,1.936472222222226,316
1444,1.2493055555555566,0.040555555555556566,214
1445,0.25394444444444597,1.2326111111111127,211
1446,1.03638888888889,0.44125000000000125,161
1447,-0.09344444444444344,0.9761111111111116,211
1448,0.711805555555556,0.0036666666666669845,161
1449,1.2961666666666685,0.1701944444444463,214
1450,1.3133888888888903,-0.01599999999999946,214
1451,0.48736111111111313,1.361666666666668,316
1452,1.3754166666666667,0.46500000000000197,214
1453,0.31111111111111256,0.8442777777777788,211
1454,0.9816666666666678,-0.10388888888888825,161
1455,0.052750000000001074,1.3448333333333344,211
1456,0.9929166666666676,-0.18502777777777635,161
1457,0.46316666666666817,1.1194166666666683,211
1458,0.8878888888888903,-0.09405555555555478,161
1459,0.41969444444444626,1.4398333333333353,316
1460,1.3176944444444452,0.08047222222222372,214
1461,0.43466666666666826,1.3520000000000012,316
1462,0.20750000000000068,1.2254166666666675,211
1463,1.3079444444444457,0.31238888888889027,214
1464,0.10969444444444598,1.4292777777777796,211
1465,0.4201666666666686,1.4135000000000004,316
1466,0.6284722222222227,1.4687500000000013,316
1467,0.2625277777777789,1.2314722222222236,316
1468,0.9369444444444455,0.0011111111111117844,161
1469,-0.11177777777777742,1.451666666666668,211
1470,0.8887500000000008,-0.18305555555555425,161
1471,3.6606111111111144,1.9443888888888932,649
1472,1.1911111111111121,0.13347222222222288,214
1473,0.8702500000000014,0.014972222222223497,161
1474,-0.18611111111111045,1.3055833333333347,211
1475,0.8767222222222222,0.015250000000000874,161
1476,0.46480555555555836,1.8547222222222235,316
1477,0.052638888888889346,1.361527777777779,211
1478,0.1095833333333347,1.2677777777777783,211
1479,-0.31980555555555457,1.078861111111113,211
1480,0.1711111111111121,1.1379722222222242,211
1481,1.4837500000000015,0.28111111111111264,214
1482,0.7878611111111115,0.26366666666666805,214
1483,1.4704722222222237,0.35822222222222355,214
1484,0.6059722222222241,1.5147222222222232,316
1485,0.49886111111111353,1.535194444444445,316
1486,-0.12869444444444367,1.1953333333333345,211
1487,0.16097222222222263,1.0126388888888909,211
1488,0.27750000000000075,0.8022222222222241,211
1489,0.2855555555555567,0.9198611111111115,211
1490,1.027500000000001,0.0037500000000008082,161
1491,0.6471388888888892,0.14836111111111205,161
1492,-0.04208333333333125,0.6786111111111126,211
1493,0.28083333333333493,1.659166666666669,316
1494,1.0636111111111113,0.0012500000000004174,161
1495,1.0258333333333347,-0.07086111111111038,161
1496,0.2586111111111119,1.0023333333333344,211
1497,5.556861111111123,0.9901944444444457,649
1498,0.8665277777777791,-0.12036111111110981,161
1499,1.0198611111111124,0.039722222222223214,214
1500,1.2111111111111121,-0.05777777777777626,161
1501,3.4798055555555583,2.367333333333338,649
1502,1.175277777777779,-0.004027777777776964,161
1503,1.0800000000000014,0.05200000000000171,161
1504,1.1616666666666673,-0.14944444444444438,214
1505,8.959916666666674,4.921250000000016,1162
1506,4.644027777777776,0.8930833333333363,552
1507,1.4250000000000012,0.0923611111111119,214
1508,0.00850000000000084,1.079944444444446,211
1509,0.3609444444444453,1.121777777777778,211
1510,0.4791666666666681,0.8654444444444456,211
1511,0.9560000000000011,-0.033944444444443334,214
1512,0.923888888888889,-0.30708333333333293,161
1513,0.8718055555555562,0.04819444444444554,161
1514,-0.056916666666664395,1.0398611111111122,211
1515,0.8804166666666674,-0.027583333333332682,161
1516,1.0945833333333346,0.11819444444444543,161
1517,-0.1419444444444442,1.5890277777777793,211
1518,0.9565000000000008,-0.129388888888888,161
1519,0.07200000000000073,1.1131944444444453,211
1520,1.087916666666668,-0.15097222222222173,161
1521,-0.023333333333332318,1.195361111111112,211
1522,-0.1541388888888885,1.1259722222222235,211
1523,1.4411111111111117,-0.13386111111111076,214
1524,0.1583055555555567,1.2313888888888893,211
1525,0.46780555555555736,1.31888888888889,211
1526,-0.18391666666666573,1.1831666666666678,211
1527,0.2590000000000019,1.3828888888888902,211
1528,0.7303055555555562,-0.06305555555555437,161
1529,0.2795833333333342,1.3009722222222235,211
1530,3.0730000000000017,1.7682500000000045,649
1531,0.8876111111111115,-0.26030555555555446,161
1532,1.0348055555555569,-0.0716666666666651,161
1533,1.197916666666668,0.09597222222222257,214
1534,0.18961111111111173,1.0497222222222238,211
1535,0.8873055555555556,0.0382222222222236,214
1536,0.508611111111114,1.7680000000000027,316
1537,3.1114444444444485,1.652805555555556,649
1538,0.9461666666666676,-0.008055555555554317,161
1539,6.425666666666678,2.3493611111111186,649
1540,1.169166666666668,0.3915277777777797,214
1541,0.9726388888888899,-0.08613888888888821,161
1542,0.19416666666666693,0.9170555555555558,211
1543,-0.19972222222222136,1.193194444444446,211
1544,-0.035416666666664876,0.9317222222222227,211
1545,0.1533055555555568,1.0034722222222234,211
1546,0.45236111111111255,0.9703333333333344,211
1547,1.0387500000000016,-0.02152777777777698,161
1548,0.09638888888888963,1.3756944444444454,211
1549,3.474361111111115,4.835694444444484,1184
1550,0.12833333333333474,1.099861111111113,211
1551,1.1332500000000008,0.14586111111111277,214
1552,1.2438055555555567,0.009777777777778107,214
1553,0.9001111111111122,-0.180388888888888,161
1554,0.8871944444444446,-0.33694444444444355,161
1555,0.946805555555557,0.041666666666668184,161
1556,1.0294444444444448,-0.04999999999999921,161
1557,0.2955000000000019,0.9416666666666672,211
1558,1.361111111111113,0.21500000000000086,214
1559,1.2488611111111125,-0.06930555555555468,161
1560,0.8850000000000003,0.15263888888889066,161
1561,0.025694444444445907,0.8634722222222231,211
1562,0.08763888888888938,1.1713888888888893,211
1563,0.8598333333333332,-0.019055555555554826,161
1564,0.28777777777777913,0.9607500000000007,211
1565,-0.09430555555555464,1.2516666666666678,211
1566,0.13552777777777958,0.8603333333333342,211
1567,1.1337500000000016,0.10458333333333447,161
1568,1.420722222222224,0.26697222222222416,214
1569,0.9441666666666672,-0.37416666666666587,161
1570,1.0343888888888892,1.3813055555555573,316
1571,0.26702777777778053,1.4463333333333341,316
1572,0.17541666666666722,1.2927777777777791,211
1573,1.097166666666668,-0.051555555555555355,214
1574,0.3481944444444458,0.8337500000000008,211
1575,0.16041666666666787,1.005416666666668,211
1576,1.2736388888888903,0.1963055555555563,214
1577,0.5420555555555564,1.6553055555555574,316
1578,0.282083333333335,1.597361111111114,211
1579,0.9792777777777782,-0.24458333333333238,161
1580,0.9765555555555568,0.1652777777777793,161
1581,0.48316666666666863,1.157194444444445,211
1582,0.10277777777777863,1.3479166666666675,211
1583,0.003166666666667761,1.2035833333333343,211
1584,0.3056944444444458,1.324166666666668,211
1585,0.8456944444444459,0.049305555555556435,161
1586,1.3869444444444459,-0.10666666666666585,161
1587,0.00400000000000067,1.261361111111112,211
1588,0.2640277777777791,1.311527777777779,211
1589,2.654833333333336,2.1748333333333374,465
1590,0.4836111111111133,1.566972222222224,316
1591,0.5805555555555569,1.3961666666666686,316
1592,1.065416666666668,-0.2979444444444435,161
1593,0.8894444444444458,-0.275416666666666,161
1594,0.8327777777777783,-0.13333333333333214,161
1595,3.5531666666666704,1.3217500000000015,557
1596,-0.1335555555555551,0.9579166666666667,211
1597,0.9322777777777786,0.062083333333333934,214
1598,1.2101388888888902,0.19708333333333483,214
1599,1.108805555555557,0.486305555555558,214
1600,-0.16111111111111043,1.1986666666666683,211
1601,0.3382222222222224,1.6057777777777793,316
1602,0.3663888888888903,1.0616666666666676,211
1603,1.1914444444444456,0.18113888888888952,214
1604,0.44138888888889005,1.4333333333333345,211
1605,0.22986111111111251,1.4938888888888902,211
1606,1.5586666666666678,0.28269444444444614,214
1607,0.38369444444444534,1.6608333333333345,316
1608,0.24763888888888974,1.3227777777777796,211
1609,0.7849166666666677,0.005972222222222767,161
1610,0.9330555555555564,-0.2819444444444435,161
1611,6.18658333333333,6.520333333333347,1184
1612,0.18955555555555725,1.0052777777777786,211
1613,0.8962222222222234,-0.009888888888887892,161
1614,0.6978888888888897,0.16511111111111254,161
1615,0.804722222222223,-0.03958333333333264,161
1616,1.4861388888888905,0.5386666666666682,214
1617,0.9984722222222233,-0.040305555555554706,161
1618,0.22083333333333388,1.345555555555557,211
1619,-0.16749999999999976,1.1516666666666673,211
1620,0.9676388888888904,0.22733333333333428,161
1621,1.1344444444444453,0.3041666666666686,214
1622,5.205722222222228,1.2760277777777798,552
1623,-0.02836111111111006,1.1712222222222235,211
1624,-0.0529166666666655,1.2056944444444455,211
1625,0.24736111111111236,1.0355555555555565,211
1626,1.1370833333333343,-0.13611111111110963,161
1627,0.9659444444444469,1.3827222222222235,316
1628,0.07847222222222383,1.2670833333333344,211
1629,0.9845000000000015,-0.1930833333333321,161
1630,1.0061111111111118,-0.15369444444444402,161
1631,1.0415277777777778,0.17847222222222303,214
1632,0.9378333333333342,0.12083333333333435,161
1633,0.025694444444445907,0.6949444444444453,211
1634,1.1685277777777783,0.0783888888888904,214
1635,0.8515000000000006,0.14097222222222383,161
1636,1.0625000000000009,0.0187500000000011,161
1637,0.5152222222222237,1.4421666666666684,316
1638,0.8690277777777794,0.1911111111111124,161
1639,1.2615000000000014,-0.22291666666666554,161
1640,0.2951111111111122,1.0264444444444454,211
1641,0.9622222222222234,-0.17327777777777692,161
1642,0.8470833333333343,0.33625000000000105,214
1643,0.4311111111111121,0.8893055555555567,211
1644,0.23111111111111216,1.010416666666668,211
1645,1.125555555555557,-0.12536111111111076,161
1646,3.8828333333333354,2.274694444444446,649
1647,4.610611111111118,1.2623333333333353,649
1648,1.4064444444444468,0.47780555555555704,214
1649,0.18555555555555625,1.213194444444446,211
1650,1.1091666666666675,0.022916666666667473,161
1651,0.2719444444444449,1.1073611111111128,211
1652,0.9240277777777788,-0.2806944444444442,161
1653,0.033472222222224124,0.8608333333333344,211
1654,1.2780555555555573,0.13694444444444598,214
1655,0.4354166666666679,0.8622500000000005,211
1656,0.4104166666666681,1.7818333333333358,316
1657,1.0283333333333342,0.03347222222222318,161
1658,0.6457777777777791,1.796833333333337,316
1659,1.1173611111111117,-0.05099999999999871,161
1660,4.830388888888896,3.661500000000001,649
1661,0.2716388888888912,1.8122222222222246,316
1662,1.0913055555555569,-0.11738888888888777,214
1663,0.19513888888889053,1.1898611111111124,211
1664,1.0168055555555569,0.00500000000000117,161
1665,6.431666666666672,1.9648055555555621,649
1666,0.4045555555555571,1.362055555555557,211
1667,3.0200000000000045,4.536583333333333,753
1668,0.4574166666666679,1.4566944444444465,316
1669,0.21688888888888913,1.2838055555555563,211
1670,0.3448055555555576,1.5354166666666693,316
1671,1.007777777777778,-0.17383333333333295,161
1672,1.3040277777777793,0.29013888888889083,214
1673,1.3156944444444458,0.5594444444444466,214
1674,2.969472222222223,1.1975555555555584,552
1675,0.35472222222222327,1.12263888888889,211
1676,0.7050555555555558,-0.1884166666666658,161
1677,0.526416666666668,1.5544444444444463,316
1678,-0.12119444444444327,1.225694444444446,211
1679,1.0295833333333344,-0.14430555555555497,161
1680,0.8392777777777788,-0.019861111111110163,161
1681,0.8805555555555562,0.16486111111111207,161
1682,0.891222222222223,0.08122222222222364,161
1683,3.193500000000001,2.1837777777777827,649
1684,3.4400277777777846,2.210916666666671,649
1685,5.080555555555564,1.328500000000004,649
1686,1.0488888888888896,0.07680555555555674,161
1687,0.3177500000000014,1.320000000000001,211
1688,0.36819444444444527,1.5096111111111135,316
1689,0.5968055555555564,0.8548611111111127,211
1690,0.9855555555555563,-0.027499999999999525,161
1691,0.6850000000000006,0.016500000000000292,161
1692,-0.07922222222222208,1.0581944444444455,211
1693,0.28375000000000117,1.0637500000000006,211
1694,0.1659722222222233,0.9309444444444456,211
1695,3.376611111111116,1.8394722222222226,649
1696,1.0716944444444454,0.17225000000000135,214
1697,0.8585277777777789,-0.20374999999999938,161
1698,0.41741666666666777,1.4266111111111126,316
1699,0.9961111111111125,-0.07555555555555493,161
1700,0.536527777777781,1.4578333333333349,316
1701,0.8069444444444451,-0.008749999999999147,161
1702,0.8470555555555559,-0.03955555555555418,161
1703,0.8027222222222234,0.08922222222222331,214
1704,1.1629166666666682,0.5180555555555574,214
1705,0.20027777777777844,0.9965277777777787,211
1706,0.9645000000000011,-0.2134722222222215,161
1707,0.13083333333333413,1.4169444444444452,211
1708,0.27063888888889126,1.4174444444444458,316
1709,0.3712777777777785,1.276527777777779,316
1710,0.6490000000000005,0.17288888888888965,161
1711,0.49541666666666884,1.6368333333333343,316
1712,0.7627777777777781,-0.10374999999999912,161
1713,0.8391666666666683,0.013805555555556348,161
1714,1.3290833333333347,0.2695000000000014,214
1715,0.4863611111111128,1.5129166666666694,316
1716,0.9172222222222224,-0.16319444444444348,161
1717,0.993333333333334,0.6031944444444471,214
1718,-0.11249999999999916,1.2527777777777793,211
1719,1.4692222222222227,-0.091749999999999,214
1720,0.8470833333333342,0.01263888888889031,161
1721,0.7976666666666673,-0.27947222222222157,161
1722,0.9026388888888901,-0.19952777777777703,161
1723,0.01130555555555568,1.192777777777779,211
1724,1.2081944444444455,0.11180555555555638,161
1725,0.5309722222222244,1.4919722222222243,316
1726,0.4825555555555576,1.6845555555555574,316
1727,0.1652222222222237,1.354027777777779,211
1728,0.1508333333333346,1.0762500000000002,211
1729,1.0286666666666673,-0.08361111111111053,161
1730,1.0452500000000018,-0.039999999999998925,161
1731,0.260555555555557,1.3261111111111132,211
1732,0.6765000000000004,1.594888888888891,316
1733,1.032611111111112,-0.03822222222222099,161
1734,0.1528888888888903,1.2052777777777797,211
1735,1.306666666666667,0.270694444444446,214
1736,0.8804166666666677,-0.02708333333333235,161
1737,0.9281944444444454,-0.16708333333333147,161
1738,1.25638888888889,-0.20472222222222114,214
1739,0.7885833333333336,0.2530277777777792,161
1740,4.121972222222226,1.8029722222222258,649
1741,1.16988888888889,-0.01830555555555402,214
1742,3.913250000000004,1.9679444444444467,553
1743,1.0380555555555564,-0.06902777777777647,214
1744,1.12313888888889,0.17833333333333445,214
1745,1.1816666666666675,-0.021944444444443822,161
1746,1.0110833333333344,-0.26752777777777736,161
1747,0.9618611111111115,-0.2613333333333331,161
1748,0.1617222222222222,0.9577777777777791,211
1749,0.7793055555555557,-0.17316666666666547,161
1750,1.0410833333333342,0.09958333333333447,161
1751,0.03158333333333441,1.2781388888888894,211
1752,1.0616666666666683,0.0584444444444453,161
1753,0.3226944444444458,1.4990000000000019,316
1754,0.9534722222222229,0.240833333333334,161
1755,0.9040277777777783,0.04500000000000093,161
1756,1.0801388888888894,0.24875000000000125,161
1757,1.0761111111111124,-0.16166666666666635,161
1758,1.155055555555556,-0.06861111111110985,214
1759,0.07722222222222297,0.9261111111111123,211
1760,0.4961111111111135,0.8845833333333337,211
1761,0.26691666666666813,0.9981666666666684,211
1762,0.36708333333333476,0.9467777777777786,211
1763,-0.10041666666666615,1.0811666666666675,211
1764,0.8886388888888901,0.06974999999999976,161
1765,1.0520833333333341,-0.0986111111111101,161
1766,1.1313888888888894,-0.08930555555555453,214
1767,0.27011111111111297,0.6195833333333344,211
1768,0.25430555555555534,0.9279166666666675,211
1769,0.5435833333333355,1.6897222222222241,316
1770,0.8807222222222225,0.2768333333333348,214
1771,0.42180555555555665,1.401750000000002,316
1772,0.8790277777777784,0.05069444444444543,161
1773,0.43972222222222324,1.2023611111111119,211
1774,3.9165555555555605,5.8610277777777675,1184
1775,0.16347222222222402,1.0837500000000004,211
1776,1.0462222222222228,-0.050333333333332786,214
1777,1.1869444444444452,0.37152777777777846,214
1778,0.7255833333333356,1.4358333333333344,316
1779,0.9972222222222228,0.023194444444445794,161
1780,0.4481111111111127,1.0051944444444452,211
1781,0.036250000000001226,1.0598611111111123,211
1782,1.1847222222222227,0.06027777777777876,214
1783,0.46805555555555656,1.1637500000000016,211
1784,0.511916666666668,1.302277777777779,316
1785,0.29791666666666816,1.0370833333333342,211
1786,0.8165000000000004,0.12158333333333404,161
1787,0.2256944444444453,1.1804722222222235,211
1788,0.11777777777777843,1.0503055555555565,211
1789,0.046500000000000985,1.5588888888888905,211
1790,0.3989166666666688,1.4119722222222229,316
1791,0.2838888888888902,1.004305555555557,211
1792,1.1430555555555566,0.046666666666667855,214
1793,1.032972222222223,0.0937222222222227,214
1794,1.1090277777777793,0.08527777777777912,161
1795,0.013750000000000706,1.0034722222222232,211
1796,0.10863888888888895,1.4943055555555564,211
1797,0.12916666666666876,1.2303888888888899,211
1798,0.2748611111111119,0.6591666666666665,211
1799,0.41736111111111196,0.931527777777779,211
1800,0.31319444444444566,1.3193055555555577,211
1801,-0.041611111111110155,0.9263888888888899,211
1802,1.1998888888888906,-0.05963888888888813,214
1803,1.33052777777778,0.2149722222222228,214
1804,0.561805555555558,1.4609722222222246,316
1805,0.6746388888888895,-0.13833333333333203,161
1806,0.10205555555555634,1.0644166666666672,211
1807,0.30213888888888984,1.2997222222222231,211
1808,1.162500000000001,-0.10986111111110997,161
1809,3.870472222222224,1.845027777777783,649
1810,-0.09499999999999831,1.3477777777777793,211
1811,0.3727500000000017,1.4665000000000021,316
1812,1.0455555555555567,0.034166666666667844,161
1813,1.1383333333333345,-0.04958333333333198,214
1814,0.8471944444444452,-0.210666666666666,161
1815,0.940944444444445,-0.1734999999999995,161
1816,1.1808611111111125,0.039833333333334164,214
1817,5.203083333333341,8.635583333333336,1184
1818,2.5391111111111133,2.204111111111112,649
1819,0.28680555555555687,1.3736111111111136,211
1820,1.0695833333333347,-0.06611111111111001,161
1821,1.0629166666666676,-0.11777777777777693,161
1822,1.0757222222222227,0.12030555555555633,214
1823,0.0961111111111117,1.197805555555557,211
1824,0.8065277777777791,0.21861111111111253,161
1825,0.6465277777777796,1.346527777777779,211
1826,1.566416666666667,0.6603055555555574,214
1827,0.8830555555555564,-0.16361111111111015,161
1828,0.17555555555555713,1.1061944444444456,211
1829,0.023611111111111804,0.7618055555555564,211
1830,0.22930555555555698,1.3179166666666684,211
1831,-0.006444444444443365,1.302638888888891,211
1832,1.6454444444444463,0.05961111111111195,214
1833,0.2013888888888904,1.4813888888888909,211
1834,1.6655555555555566,0.10916666666666786,214
1835,0.8859722222222226,0.0016388888888905218,161
1836,-0.10522222222222177,1.182972222222224,211
1837,1.1729166666666682,0.030833333333333934,214
1838,0.04305555555555729,1.6951388888888905,211
1839,0.1784722222222236,0.7290277777777775,211
1840,5.072916666666674,4.44711111111111,649
1841,0.298472222222223,1.357888888888891,211
1842,3.343722222222228,2.206861111111114,649
1843,0.4687777777777786,1.2915277777777794,316
1844,0.4630833333333344,1.518583333333334,316
1845,1.1316666666666673,0.19813888888888997,214
1846,0.6276666666666678,1.4502777777777784,316
1847,0.14305555555555616,1.1993055555555565,211
1848,0.5877777777777797,1.4817500000000008,316
1849,1.2504166666666674,0.01761111111111202,161
1850,1.0773611111111112,-0.09624999999999889,161
1851,0.9440277777777778,0.1597222222222232,161
1852,0.9413888888888904,0.01652777777777914,161
1853,0.5677777777777794,0.7552222222222236,211
1854,0.6362222222222238,1.353555555555556,316
1855,1.1258333333333341,-0.029861111111109895,214
1856,1.359611111111113,0.25211111111111206,214
1857,3.91816666666667,3.6813055555555563,649
1858,1.1320833333333349,0.017861111111112216,214
1859,0.23375000000000112,1.28513888888889,211
1860,0.8413888888888902,-0.024166666666666448,161
1861,3.4745000000000075,2.502166666666672,649
1862,0.9083888888888889,-0.16361111111111043,161
1863,0.32000000000000084,0.9762500000000007,211
1864,0.9984722222222229,-0.08416666666666572,161
1865,3.5211666666666708,2.3601666666666694,649
1866,0.9618055555555567,-0.11791666666666611,161
1867,1.200555555555557,0.27097222222222384,161
1868,0.318583333333335,1.2012500000000006,211
1869,0.7652500000000005,-0.179499999999999,161
1870,1.1331666666666675,0.0720000000000004,214
1871,0.9127777777777786,0.14027777777777828,161
1872,3.8253333333333375,3.4058611111111157,649
1873,0.6703888888888903,0.9254166666666676,211
1874,-0.02722222222222115,0.8859722222222232,211
1875,0.46458333333333435,1.5471666666666677,316
1876,0.9779166666666677,-0.11486111111111053,161
1877,1.3648055555555554,0.3946388888888894,214
1878,0.2649722222222237,1.2101111111111127,316
1879,1.5991666666666677,0.1579166666666676,214
1880,0.07388888888889056,1.0412500000000002,211
1881,5.1942777777777795,6.81575000000001,1186
1882,0.4005555555555569,1.1006944444444453,211
1883,0.8672222222222228,-0.02722222222222087,161
1884,0.6125000000000002,0.07250000000000112,161
1885,0.4351388888888902,1.180250000000001,211
1886,0.17441666666666766,1.2691388888888906,211
1887,0.2910000000000019,1.696111111111113,316
1888,-0.08802777777777682,1.4050000000000011,211
1889,0.6621111111111131,1.564611111111113,316
1890,0.39138888888889,1.1177777777777786,211
1891,1.2516666666666678,0.2252777777777789,214
1892,1.112777777777779,0.5729166666666682,214
1893,1.0957500000000016,-0.11624999999999941,161
1894,0.03616666666666779,1.2973611111111127,211
1895,0.22941666666666788,1.4250833333333346,316
1896,0.36597222222222314,1.107222222222223,211
1897,0.4117777777777787,1.2078055555555576,316
1898,3.9304444444444515,2.4185833333333373,649
1899,3.7701666666666673,3.5319444444444494,649
1900,0.5956944444444455,1.3925833333333357,316
1901,0.851527777777779,0.01611111111111263,161
1902,1.0040277777777795,-0.10327777777777686,161
1903,0.8640000000000008,-0.1435833333333324,161
1904,1.0179166666666672,-0.15680555555555414,161
1905,1.0331666666666672,-0.07763888888888809,161
1906,0.36694444444444596,1.2869444444444453,211
1907,0.26233333333333464,0.8036666666666676,211
1908,1.0671111111111125,-0.28363888888888805,161
1909,0.18527777777777976,1.4811111111111124,211
1910,-0.033027777777777545,0.8661388888888898,211
1911,1.1634722222222234,-0.08083333333333276,161
1912,0.20236111111111343,1.209861111111112,211
1913,0.7619166666666669,0.006666666666667986,161
1914,0.6783333333333341,0.22236111111111267,161
1915,0.051777777777779366,1.7127777777777795,211
1916,1.0573611111111114,-0.07152777777777758,161
1917,0.703111111111112,0.0061111111111125105,161
1918,1.2686111111111125,0.22722222222222377,214
1919,1.2062500000000012,0.10652777777777866,161
1920,0.17011111111111288,1.3485555555555568,316
1921,0.11916666666666809,0.8226666666666671,211
1922,0.3026388888888899,1.3012500000000016,211
1923,0.09905555555555745,1.3581388888888901,316
1924,0.9016666666666677,-0.02391666666666603,161
1925,0.8544444444444449,0.18422222222222373,214
1926,0.14333333333333442,0.9183333333333336,211
1927,1.084444444444445,-0.00708333333333222,161
1928,0.8468055555555566,0.07416666666666794,214
1929,0.4740277777777796,0.89763888888889,211
1930,0.9308333333333345,-0.1811111111111101,161
1931,0.17958333333333498,1.1680555555555565,211
1932,0.18513888888888963,1.250694444444446,211
1933,0.9649722222222232,0.0483055555555561,161
1934,1.070416666666668,-0.3073055555555548,161
1935,0.9972777777777792,0.4946111111111129,214
1936,-0.13866666666666616,1.1505555555555564,211
1937,0.2643611111111126,1.2592222222222236,211
1938,-0.11583333333333246,1.2689444444444455,211
1939,0.3009722222222233,0.80738888888889,211
1940,0.7596111111111117,-0.199694444444444,161
1941,0.9933333333333341,0.19583333333333497,214
1942,1.1218055555555575,0.16055555555555667,161
1943,1.458750000000001,-0.04013888888888839,214
1944,0.26108333333333344,1.325805555555557,316
1945,0.702944444444445,0.42625000000000135,214
1946,0.8276388888888897,-0.058749999999998914,161
1947,0.9662222222222233,-0.3274999999999991,161
1948,0.39213888888889004,1.1171944444444453,211
1949,0.7830833333333344,-0.27872222222222126,161
1950,0.09347222222222296,1.2986111111111125,211
1951,0.4722222222222243,0.8631388888888892,211
1952,-0.010277777777776276,1.393805555555557,211
1953,0.16013888888888994,1.2644444444444463,211
1954,1.158222222222223,0.31155555555555614,214
1955,0.03247222222222368,1.2768055555555569,211
1956,0.01763888888888998,1.2984166666666677,211
1957,1.0116944444444453,0.10033333333333405,214
1958,4.910638888888893,1.2987500000000034,649
1959,0.36513888888889,1.2081666666666677,211
1960,1.0666666666666673,-0.23619444444444365,161
1961,0.05486111111111136,1.1395000000000008,211
1962,0.17347222222222392,1.2905555555555561,211
1963,0.33902777777777937,1.4222222222222238,211
1964,4.141250000000005,1.568611111111112,649
1965,0.42188888888888953,1.229944444444446,316
1966,-0.14166666666666572,0.924250000000001,211
1967,0.9329166666666671,0.04041666666666788,161
1968,1.0566388888888907,-0.014611111111110409,161
1969,0.2891666666666681,1.6148333333333345,211
1970,0.38344444444444514,1.0759444444444455,211
1971,0.9043055555555557,-0.09708333333333252,161
1972,0.8879166666666671,-0.24569444444444405,161
1973,1.296416666666668,-0.03366666666666562,214
1974,1.0193055555555568,0.1037499999999999,161
1975,0.09111111111111292,0.8138055555555567,211
1976,0.03819444444444531,0.9380000000000007,211
1977,1.0066666666666677,-0.24599999999999939,161
1978,0.8641666666666672,-0.10902777777777656,161
1979,0.4181666666666687,1.0337500000000017,211
1980,0.8862777777777784,-0.19822222222222147,161
1981,0.9788611111111112,0.22227777777777902,214
1982,-0.03958333333333308,1.29638888888889,211
1983,0.6583333333333342,0.19208333333333488,161
1984,1.1281666666666679,-0.13277777777777683,161
1985,0.32019444444444567,1.417916666666668,211
1986,0.9055555555555561,0.39736111111111216,214
1987,0.9539166666666674,-0.053611111111110055,161
1988,0.4627777777777804,1.3277500000000009,316
1989,0.8409722222222225,-0.2191388888888876,161
1990,-0.0019444444444436382,1.395,211
1991,3.5455000000000014,2.419444444444445,649
1992,0.022777777777779118,1.071111111111113,211
1993,0.004861111111112537,1.1602777777777789,211
1994,0.23150000000000115,1.0937222222222234,211
1995,5.72725000000001,6.533611111111117,1184
1996,0.280000000000002,1.1752777777777788,211
1997,-0.01652777777777703,1.1980555555555565,211
1998,1.0428888888888896,0.1737777777777798,214
1999,0.2726388888888902,0.9473888888888897,211
2000,0.6759722222222229,-0.02416666666666656,161
2001,1.0913888888888903,-0.32805555555555477,161
2002,1.217361111111112,0.2711111111111121,214
2003,0.18875000000000136,1.4141666666666681,316
2004,0.8062500000000006,-0.2076388888888886,161
2005,0.811805555555557,-0.015583333333332616,161
2006,0.0736111111111114,1.1605555555555567,211
2007,0.9498611111111124,0.08944444444444521,214
2008,0.8827500000000013,-0.1239166666666659,161
2009,0.41358333333333475,0.8483888888888903,211
2010,0.7255555555555562,-0.029583333333332407,161
2011,0.9958888888888898,-0.11974999999999913,161
2012,2.8366666666666704,1.7673611111111152,465
2013,-0.29819444444444343,1.065694444444445,211
2014,1.0135833333333348,0.0586666666666672,161
2015,0.791833333333334,-0.01052777777777636,161
2016,1.1319444444444453,0.13041666666666785,214
2017,0.39305555555555727,1.229583333333335,211
2018,0.16083333333333416,1.0784444444444463,211
2019,0.9980555555555561,-0.15652777777777743,161
2020,0.796527777777779,-0.028888888888888742,161
2021,0.24941666666666829,1.290000000000001,211
2022,0.01527777777777839,1.0255555555555564,211
2023,0.5313611111111135,1.4851388888888901,316
2024,3.2424444444444513,2.2279444444444487,649
2025,3.75052777777778,2.8435277777777843,649
2026,1.1609444444444463,-0.14711111111111036,161
2027,1.1101388888888901,0.07458333333333456,161
2028,0.9847777777777789,0.4515555555555577,214
2029,0.4802777777777799,1.0096388888888903,211
2030,0.32208333333333483,1.1100555555555565,211
2031,0.966805555555557,-0.05444444444444391,161
2032,1.334305555555557,0.34000000000000075,214
2033,-0.2544444444444435,1.4179166666666667,211
2034,0.1177500000000008,1.3884444444444461,211
2035,0.949583333333335,-0.10402777777777739,161
2036,-0.07616666666666572,1.2951388888888902,211
2037,1.092305555555557,0.24822222222222323,214
2038,0.48791666666666844,1.1325277777777787,211
2039,0.020166666666667554,1.3831944444444455,211
2040,0.46763888888889016,1.3218055555555575,211
2041,0.8862222222222222,-0.1000277777777765,161
2042,0.2343055555555565,1.743055555555558,316
2043,-0.12041666666666517,1.4647222222222231,211
2044,1.1330277777777786,-0.26099999999999923,161
2045,1.3038888888888898,0.29305555555555673,214
2046,3.222916666666669,2.7503888888888914,552
2047,0.8050000000000008,-0.08055555555555532,161
2048,0.8163611111111124,-0.009861111111109988,161
2049,0.9860833333333335,0.3796944444444458,214
2050,1.1556944444444457,0.23208333333333353,214
2051,1.3833333333333346,0.4359722222222231,214
2052,1.1633055555555565,0.29130555555555615,214
2053,0.8816666666666678,-0.2837499999999997,161
2054,0.8801111111111122,-0.1346111111111109,161
2055,1.0784722222222234,-0.1477777777777774,161
2056,1.4746388888888897,0.031361111111112505,214
2057,3.871388888888894,2.541277777777779,649
2058,5.603749999999993,5.942111111111077,1184
2059,3.4453888888888926,4.769500000000005,750
2060,0.7390000000000008,-0.32680555555555446,161
2061,0.2599722222222236,1.4314166666666672,211
2062,0.3814444444444455,1.3793888888888897,316
2063,2.696027777777782,1.980333333333344,649
2064,0.10761111111111199,1.1738611111111124,211
2065,1.1047777777777783,-0.10549999999999915,214
2066,0.2345833333333347,1.2532500000000015,211
2067,1.2786111111111125,0.05069444444444482,214
2068,0.8126111111111125,0.05402777777777801,161
2069,0.6911111111111123,1.4450277777777796,316
2070,0.19819444444444545,1.1305555555555562,211
2071,0.2517222222222235,0.952611111111113,211
2072,0.30847222222222304,1.0968055555555574,211
2073,0.21180555555555602,1.1565277777777787,211
2074,1.092916666666668,0.20777777777777828,214
2075,0.5790000000000017,1.4670555555555578,316
2076,1.1012500000000014,-0.24308333333333282,161
2077,0.4082222222222245,1.231444444444446,316
2078,0.8984444444444448,-0.038361111111110124,161
2079,0.2529444444444454,0.936500000000001,211
2080,-0.06363888888888758,0.7937500000000008,211
2081,0.1865277777777783,1.4565277777777788,211
2082,0.0878888888888898,1.3099722222222239,211
2083,0.44655555555555654,1.5275000000000007,316
2084,3.441055555555561,2.5941944444444447,649
2085,0.23497222222222391,1.1445833333333344,211
2086,0.8420833333333345,-0.16097222222222168,161
2087,0.07888888888888979,0.7525000000000008,211
2088,1.045000000000001,0.16211111111111232,161
2089,0.0627500000000012,1.1579166666666674,211
2090,0.6497222222222244,1.3295833333333347,211
2091,0.11847222222222353,1.169305555555557,211
2092,1.325805555555557,-0.06999999999999901,161
2093,0.9726388888888899,0.10236111111111251,161
2094,0.34694444444444583,1.067500000000001,211
2095,1.4218333333333355,-0.2829444444444431,214
2096,0.9577777777777791,0.39513888888889037,214
2097,0.3909722222222237,1.1894444444444454,211
2098,0.9048611111111121,0.015416666666667134,161
2099,0.9589166666666671,0.06130555555555628,161
2100,1.163500000000001,0.24697222222222326,214
2101,0.9915833333333339,0.3097500000000025,214
2102,0.48475000000000046,1.4357222222222237,316
2103,2.9145833333333377,1.7890555555555592,649
2104,0.8369166666666672,0.02152777777777909,161
2105,1.537944444444446,-0.05188888888888743,214
2106,0.8283611111111112,0.5758888888888904,214
2107,0.9070833333333342,-0.20002777777777686,161
2108,0.2513611111111126,1.0032500000000013,211
2109,0.5465555555555578,1.4797500000000017,316
2110,0.9468055555555559,-0.3199999999999995,161
2111,0.12013888888889124,1.2426111111111124,211
2112,0.05705555555555608,1.3476944444444456,211
2113,1.1816944444444455,0.10100000000000031,214
2114,0.34813888888889055,1.4592500000000017,316
2115,1.3498611111111125,0.04541666666666755,214
2116,0.9087222222222229,-0.14402777777777664,161
2117,0.9886388888888894,0.31366666666666765,214
2118,1.1547222222222238,-0.19277777777777716,161
2119,0.9705555555555561,-0.224722222222221,161
2120,0.8041666666666675,-0.1415555555555551,161
2121,0.12386111111111198,1.3612500000000012,211
2122,0.09180555555555625,1.0684722222222223,211
2123,0.5442222222222229,1.634944444444446,316
2124,0.03805555555555695,1.076388888888891,211
2125,0.9107222222222222,1.4177222222222237,316
2126,-0.005555555555554759,1.0561111111111123,211
2127,1.0160833333333343,0.15775000000000128,161
2128,0.9136111111111119,0.09805555555555745,161
2129,-0.04955555555555469,1.389305555555557,211
2130,1.5461111111111134,0.07847222222222328,214
2131,1.0031944444444456,-0.04569444444444404,161
2132,1.343083333333335,0.13669444444444612,214
2133,0.22263888888889016,0.9016666666666676,211
2134,0.04472222222222355,1.272777777777779,211
2135,0.473972222222223,1.5614166666666696,316
2136,0.40000000000000147,1.0339166666666677,211
2137,0.27180555555555697,1.455555555555556,211
2138,0.4186111111111115,1.301250000000001,211
2139,0.01797222222222361,1.1505555555555569,211
2140,0.566944444444445,1.4386111111111113,316
2141,0.2065277777777803,1.233333333333335,211
2142,0.14333333333333453,1.1487500000000013,211
2143,0.5777777777777781,1.1527777777777788,211
2144,0.4421111111111129,1.5738333333333347,316
2145,1.5376388888888908,0.11583333333333445,214
2146,1.0911944444444457,0.08880555555555725,214
2147,0.9096944444444457,-0.23405555555555535,161
2148,0.633750000000001,0.7456944444444452,211
2149,0.08222222222222231,1.195694444444446,211
2150,-0.04847222222222103,1.3986111111111126,211
2151,0.9570833333333342,-0.07330555555555535,161
2152,0.45727777777778,1.0218333333333351,316
2153,0.5243611111111112,1.469666666666668,316
2154,1.0330555555555563,0.002222222222222847,161
2155,0.18791666666666818,1.487972222222224,211
2156,0.6733333333333338,0.08680555555555647,161
2157,0.37322222222222445,1.4625277777777796,316
2158,0.9943055555555564,0.03888888888889014,161
2159,1.0134444444444455,-0.2011111111111103,161
2160,3.118805555555556,2.304750000000002,649
2161,1.0403055555555565,-0.0878888888888878,214
2162,1.1598611111111128,-0.4468055555555549,161
2163,-0.1824444444444434,0.9051388888888897,211
2164,1.0377500000000008,-0.0826388888888881,161
2165,0.291250000000001,1.3321111111111124,211
2166,0.24563888888889085,1.3899722222222233,316
2167,0.14236111111111172,0.9211111111111124,211
2168,1.249305555555556,0.004861111111112093,214
2169,0.16969444444444548,1.4031666666666682,211
2170,0.08358333333333468,1.5651944444444468,211
2171,0.3158333333333345,1.5840833333333344,316
2172,1.0833333333333346,-0.2481666666666661,161
2173,0.8694444444444444,-0.27736111111110995,161
2174,0.037611111111112816,1.013250000000001,211
2175,0.9455555555555559,0.36152777777777956,214
2176,0.45944444444444577,1.770166666666668,316
2177,-0.14736111111111028,1.4243055555555562,211
2178,0.41441666666666743,1.4036944444444464,316
2179,0.2238055555555566,0.6821111111111118,211
2180,0.03208333333333557,1.600694444444445,211
2181,0.3036111111111133,1.6795555555555566,316
2182,0.12986111111111287,1.3560833333333346,211
2183,0.4130555555555556,1.2876944444444447,316
2184,1.2685833333333343,0.10558333333333492,214
2185,0.24336111111111303,1.0262222222222235,211
2186,0.8997222222222229,-0.0748611111111111,161
2187,1.2140277777777797,-0.05208333333333193,214
2188,0.1315277777777788,1.0947222222222228,211
2189,1.1638888888888899,-0.04499999999999882,161
2190,0.5180555555555568,1.3552777777777782,211
2191,0.6520833333333338,-0.2095833333333323,161
2192,1.307416666666668,0.2778888888888893,214
2193,1.0175000000000007,-0.011666666666666159,161
2194,0.49144444444444557,1.4594722222222232,316
2195,2.651888888888897,1.7141666666666757,649
2196,0.7456111111111114,-0.21999999999999892,161
2197,0.6110000000000011,1.6572500000000026,316
2198,0.10305555555555701,1.397361111111112,211
2199,0.04180555555555643,1.3498611111111123,211
2200,0.11583333333333401,1.226666666666668,211
2201,2.8067777777777523,1.4199166666666692,649
2202,0.4486944444444467,0.8632777777777777,211
2203,0.9590000000000005,0.057805555555557,161
2204,1.3599722222222237,0.029472222222223565,214
2205,0.01736111111111238,1.1251111111111123,211
2206,0.8597222222222247,1.5832222222222239,316
2207,0.9647777777777788,-0.08702777777777765,161
2208,0.3740555555555577,1.3641111111111122,316
2209,-0.0769444444444427,1.270000000000001,211
2210,1.215972222222224,-0.024722222222221646,161
2211,0.11188888888888981,1.2431666666666685,211
2212,0.8501388888888896,-0.16555555555555518,161
2213,0.2521111111111142,1.4650277777777791,316
2214,0.829500000000001,-0.057388888888887934,161
2215,0.09769444444444508,1.171250000000001,211
2216,0.27605555555555683,1.4830277777777798,316
2217,4.795638888888891,6.3247500000000025,1184
2218,0.2355555555555564,1.062361111111112,211
2219,0.41722222222222227,1.7886388888888898,316
2220,-0.03874999999999862,1.146944444444446,211
2221,-0.006666666666664711,1.3001388888888896,211
2222,-0.05727777777777654,1.1070555555555568,211
2223,1.0345833333333336,0.27163888888889076,161
2224,0.06666666666666765,1.1666666666666683,211
2225,-0.09041666666666615,1.4631944444444467,211
2226,0.34011111111111214,1.0669722222222218,211
2227,0.978694444444445,0.30363888888888946,214
2228,0.9523611111111123,0.3036111111111124,214
2229,6.272972222222224,6.436527777777787,1188
2230,0.04219444444444398,1.104305555555558,211
2231,3.1820555555555567,2.0443055555555585,649
2232,5.165638888888895,6.372861111111119,1184
2233,0.41688888888888964,1.460722222222223,316
2234,0.927111111111112,0.11197222222222314,214
2235,0.9024722222222236,-0.18480555555555483,161
2236,0.31263888888889046,1.3891666666666673,211
2237,0.7086944444444466,1.3734444444444456,316
2238,0.16475000000000206,0.8630277777777791,211
2239,3.530916666666669,2.330055555555557,649
2240,0.9895833333333343,0.21236111111111233,161
2241,0.7812222222222227,-0.3048055555555544,161
2242,0.15330555555555636,0.9597777777777787,211
2243,0.07902777777777859,1.0933333333333342,211
2244,-0.03152777777777738,1.3887500000000002,211
2245,3.260500000000003,2.902138888888893,649
2246,0.9279166666666674,0.05594444444444513,161
2247,-0.10633333333333228,0.8489444444444456,211
2248,0.24138888888889043,0.9740277777777784,211
2249,1.1381944444444456,0.38111111111111196,161
2250,1.0025000000000015,-0.050694444444443765,161
2251,0.9700000000000009,-0.16161111111111048,161
2252,0.8317222222222234,0.5407222222222239,214
2253,0.9051111111111118,-0.02736111111110956,161
2254,0.03250000000000197,0.9853333333333351,211
2255,0.7933333333333353,1.3456944444444454,211
2256,1.1400000000000015,-0.20833333333333204,161
2257,0.9460833333333349,-0.07558333333333239,161
2258,0.8184722222222237,-0.04888888888888854,161
2259,0.9723611111111126,-0.33361111111110964,161
2260,0.41483333333333483,1.3687777777777792,316
2261,0.4301111111111132,1.5827500000000003,316
2262,1.0225277777777788,0.009111111111112846,214
2263,0.03611111111111209,1.1541666666666688,211
2264,1.1207222222222235,0.22077777777777896,214
2265,0.8777777777777785,-0.23466666666666552,161
2266,0.29544444444444545,1.3850000000000011,316
2267,0.37819444444444517,0.992361111111112,211
2268,0.1537500000000016,1.1955555555555566,211
2269,1.3420833333333335,0.018611111111112688,214
2270,0.9166666666666679,0.08236111111111255,161
2271,0.9948611111111124,0.14138888888888956,214
2272,1.2538611111111122,0.2982222222222237,214
2273,0.9456666666666678,0.0021388888888896895,161
2274,0.9848611111111121,-0.22361111111111087,161
2275,-0.05652777777777662,1.06413888888889,211
2276,0.8204722222222229,0.028611111111112364,161
2277,0.3298611111111124,1.1708333333333343,211
2278,0.9940277777777795,-0.22747222222222163,161
2279,2.7970833333333385,2.206611111111128,649
2280,-0.06724999999999848,0.9623611111111113,211
2281,1.2011388888888899,-0.07952777777777653,214
2282,-0.03041666666666576,1.105972222222223,211
2283,0.43411111111111234,1.500277777777779,316
2284,0.7036666666666672,-0.2345833333333322,161
2285,0.33825000000000194,1.17538888888889,211
2286,0.9248611111111114,-0.27083333333333304,161
2287,0.15844444444444483,1.2823333333333349,211
2288,0.5211388888888907,1.565833333333336,316
2289,-0.07919444444444412,1.3711111111111134,211
2290,0.3689722222222236,1.663722222222223,316
2291,0.49494444444444574,1.189583333333334,316
2292,0.02830555555555725,0.8966111111111121,211
2293,0.8197222222222227,-0.1366666666666666,161
2294,1.2938055555555568,0.266694444444446,214
2295,0.8305555555555568,0.06708333333333338,161
2296,0.9902777777777787,-0.18444444444444363,161
2297,1.0308333333333344,-0.2854166666666656,161
2298,1.1250000000000009,0.08444444444444554,161
2299,0.9146944444444449,-0.04263888888888817,161
2300,0.6019722222222237,1.501111111111113,316
2301,0.8960277777777786,0.049000000000000654,161
2302,1.1216666666666675,-0.017777777777776005,214
2303,0.2884722222222239,1.100583333333334,211
2304,0.9990277777777795,-0.13361111111111013,161
2305,1.1173611111111117,0.18583333333333418,161
2306,0.2185833333333348,1.144416666666668,211
2307,-0.1378888888888884,1.6985833333333358,211
2308,0.929305555555556,-0.18655555555555448,161
2309,0.24422222222222278,1.3100000000000018,211
2310,1.0047222222222238,0.06750000000000156,161
2311,1.3099722222222228,0.043500000000001315,214
2312,0.10138888888888997,1.1476388888888902,211
2313,0.015972222222223054,1.1510277777777789,211
2314,0.9210277777777778,0.21805555555555645,161
2315,0.9428888888888901,0.027333333333334597,161
2316,1.0219444444444445,-0.0908333333333321,161
2317,0.11694444444444474,1.3865277777777794,211
2318,-0.2034722222222214,0.9994444444444449,211
2319,0.918611111111112,-0.2933333333333321,161
2320,1.143055555555557,-0.012527777777777471,161
2321,1.3125277777777788,0.05630555555555539,214
2322,0.4395833333333351,1.0546944444444453,211
2323,1.0229166666666667,0.14694444444444565,214
2324,0.9879166666666672,-0.17683333333333262,161
2325,0.5060833333333341,1.5748055555555573,316
2326,3.5186111111111145,2.7241944444444464,649
2327,0.4686944444444455,1.4775000000000018,316
2328,0.7586111111111115,-0.034333333333332605,161
2329,0.9505555555555567,0.0030555555555557556,161
2330,1.1523333333333339,0.005138888888889304,161
2331,1.2425000000000015,0.3488888888888907,214
2332,0.5702777777777792,1.4351388888888905,211
2333,1.133611111111112,0.41763888888889045,214
2334,0.1711111111111132,1.0961111111111124,211
2335,0.42836111111111275,1.5716111111111117,316
2336,1.052777777777779,0.18527777777777837,161
2337,1.5029166666666693,0.05236111111111186,214
2338,1.1798611111111117,-0.02111111111111097,161
2339,0.9446111111111125,-0.22013888888888783,161
2340,0.4370833333333346,1.0648611111111126,211
2341,0.2842777777777792,1.1285833333333353,211
2342,0.33194444444444615,1.465666666666669,211
2343,-0.11494444444444385,1.1208333333333336,211
2344,0.25486111111111254,1.3334722222222237,211
2345,0.9993055555555559,-0.22388888888888808,161
2346,3.5613888888888914,2.300638888888892,649
2347,0.9230277777777782,-0.2537777777777768,161
2348,0.9930555555555565,-0.086666666666666,214
2349,0.058527777777778844,1.2448611111111125,211
2350,0.7746944444444452,-0.209444444444444,161
2351,0.2000555555555562,1.2788055555555564,316
2352,2.283944444444446,1.1141111111111126,467
2353,0.8970833333333346,-0.034166666666665735,161
2354,0.572250000000001,1.3520000000000016,316
2355,1.064777777777778,0.040611111111111375,161
2356,0.14352777777777903,1.2455277777777793,211
2357,0.8208055555555567,-0.04197222222222158,161
2358,0.32736111111111277,1.3710833333333345,211
2359,-0.0008333333333324644,0.9438888888888897,211
2360,0.5838333333333349,1.764416666666669,316
2361,0.04205555555555596,1.2933333333333343,211
2362,-0.023194444444443185,1.0579166666666677,211
2363,0.3484444444444442,1.3409444444444443,316
2364,1.1195833333333347,0.013750000000000928,161
2365,1.058194444444446,0.11027777777777781,161
2366,-0.3316111111111103,1.6202777777777795,211
2367,2.3303055555555563,2.224805555555558,467
2368,0.35450000000000226,0.7844166666666668,211
2369,0.824138888888889,-0.16777777777777703,161
2370,0.47986111111111296,1.1756944444444457,211
2371,3.1500277777777765,4.170250000000007,755
2372,0.17944444444444474,1.1723611111111123,211
2373,0.19233333333333447,0.9961111111111114,211
2374,0.7351111111111122,-0.0776388888888882,161
2375,0.9158611111111117,-0.3442777777777774,161
2376,0.8188611111111119,-0.22308333333333275,161
2377,1.3087500000000014,0.23500000000000165,214
2378,1.1055555555555565,0.08444444444444482,161
2379,0.22869444444444598,1.5591666666666681,316
2380,1.2469722222222228,-0.2867777777777769,214
2381,1.1322500000000015,0.25586111111111265,214
2382,-0.11736111111111047,1.3454166666666678,211
2383,0.8913888888888897,-0.10041666666666582,161
2384,0.8183333333333349,-0.26069444444444434,161
2385,3.455833333333339,2.1984722222222275,649
2386,0.29388888888888953,1.080555555555556,211
2387,0.20291666666666852,1.18013888888889,211
2388,0.2973611111111125,1.509194444444446,316
2389,4.923222222222219,2.0527500000000036,649
2390,0.8381944444444456,0.04986111111111163,161
2391,3.4857222222222246,2.458111111111111,649
2392,0.9395000000000013,-0.2526388888888878,161
2393,0.4424722222222235,1.373333333333334,211
2394,0.22513888888889044,1.1558055555555558,211
2395,3.5778888888888924,2.3911944444444453,649
2396,0.18833333333333435,0.9721944444444455,211
2397,0.08791666666666764,0.8840277777777787,211
2398,0.5327500000000019,1.496805555555557,316
2399,1.012777777777778,-0.11986111111110997,161
2400,0.9138055555555568,-0.07833333333333253,161
2401,1.0463888888888901,-0.09083333333333254,161
2402,0.852777777777778,-0.22958333333333292,161
2403,3.447111111111112,2.2419722222222234,649
2404,1.180277777777779,0.51152777777778,214
2405,0.10969444444444576,1.3168055555555567,211
2406,1.3237222222222227,0.4689166666666684,214
2407,1.1601388888888895,-0.08972222222222187,161
2408,0.4076388888888901,0.8001388888888895,211
2409,3.5266666666666664,1.8591388888888958,649
2410,0.3904166666666673,1.5999444444444477,316
2411,0.31186111111111225,1.2980555555555582,211
2412,0.5044444444444455,1.7029166666666684,316
2413,3.9830277777777856,2.3152500000000047,649
2414,0.8790277777777784,-0.16444444444444406,161
2415,0.1190277777777784,1.4433611111111126,211
2416,0.22597222222222313,0.7672500000000007,211
2417,1.0147222222222236,-0.0022222222222214594,161
2418,3.405083333333336,3.7494166666666624,906
2419,-0.12263888888888796,0.9756944444444455,211
2420,1.0684722222222236,0.08236111111111272,161
2421,-0.11416666666666586,1.3913888888888906,211
2422,0.819166666666667,-0.0351388888888875,161
2423,1.038611111111112,-0.07855555555555421,161
2424,0.7072222222222232,-0.3171111111111102,161
2425,1.1154166666666676,-0.14930555555555447,214
2426,0.8304166666666668,-0.002944444444443972,161
2427,1.1844722222222233,-0.22011111111110992,214
2428,0.5137500000000019,0.8037500000000006,211
2429,0.6806944444444454,0.011250000000001592,161
2430,0.29258333333333497,1.3991388888888903,316
2431,0.11361111111111277,1.3011111111111133,211
2432,0.5336111111111126,1.2312500000000017,211
2433,0.2577777777777791,1.3141666666666685,211
2434,4.2369722222222315,4.70919444444445,822
2435,0.16680555555555654,1.0340833333333346,211
2436,0.3463611111111117,1.2111388888888897,316
2437,0.6598611111111141,1.2723055555555567,316
2438,0.047416666666666996,0.915,211
2439,0.8898888888888902,-0.06599999999999917,161
2440,0.13847222222222344,1.5176388888888894,211
2441,0.913416666666669,1.2528611111111119,316
2442,0.5037777777777797,1.3008333333333346,316
2443,0.8945833333333335,-0.1501388888888875,161
2444,0.20930555555555586,1.197083333333334,211
2445,0.9320833333333344,0.008472222222223103,214
2446,0.44052777777777885,0.8469444444444449,211
2447,0.447805555555558,1.4101388888888904,211
2448,0.98288888888889,0.1003611111111129,161
2449,0.6173611111111118,-0.07930555555555463,161
2450,0.9565277777777786,-0.16761111111111027,161
2451,0.8997222222222232,0.08708333333333484,161
2452,0.9848611111111123,-0.19555555555555482,161
2453,0.12597222222222337,1.0269444444444449,211
2454,0.7438888888888904,-0.01638888888888801,161
2455,0.2153888888888904,1.2673611111111123,211
2456,1.555611111111113,0.11641666666666761,214
2457,3.438555555555558,2.354472222222226,649
2458,-0.21399999999999875,0.8887777777777789,211
2459,0.8725000000000008,0.11444444444444485,161
2460,0.9224722222222231,0.2212222222222232,161
2461,0.32580555555555646,1.470722222222224,211
2462,0.21152777777777954,1.0796944444444452,211
2463,4.807027777777775,2.379722222222223,649
2464,0.19722222222222296,1.2977777777777795,211
2465,3.607666666666669,2.3160277777777827,649
2466,1.0259722222222236,-0.025416666666665533,161
2467,0.25958333333333417,0.9906944444444453,211
2468,0.15519444444444497,1.237777777777779,211
2469,1.4173611111111128,-0.22397222222222102,214
2470,3.3711388888888916,1.5596111111111153,552
2471,1.0412500000000002,0.09375000000000111,161
2472,0.861111111111112,-0.1022222222222211,161
2473,0.6141666666666669,0.12888888888889027,161
2474,0.45236111111111266,1.1544444444444455,211
2475,-0.044444444444444176,1.3131944444444454,211
2476,0.3343611111111126,1.3834722222222233,316
2477,-0.20605555555555466,1.5139444444444452,211
2478,0.783916666666667,0.49097222222222414,214
2479,0.8076944444444446,-0.21402777777777704,161
2480,1.508333333333336,0.2386111111111121,214
2481,0.985277777777779,-0.033611111111109815,161
2482,3.4742777777777833,1.9429722222222243,649
2483,0.3568333333333339,0.9844444444444455,211
2484,1.2062500000000016,-0.02041666666666564,214
2485,0.95038888888889,-0.11486111111110969,161
2486,1.1596388888888893,0.192805555555557,214
2487,0.2558055555555573,1.346222222222223,316
2488,0.12677777777777843,1.3211666666666684,211
2489,0.3490277777777785,1.1897222222222235,211
2490,1.2930833333333347,0.47841666666666793,214
2491,0.5571388888888898,0.9068333333333337,211
2492,-0.15163888888888788,1.4137500000000014,211
2493,0.7368055555555575,0.75788888888889,211
2494,0.961944444444444,-0.12958333333333205,161
2495,1.1730555555555569,0.2758333333333348,214
2496,-0.14536111111111039,1.1743055555555566,211
2497,0.9840833333333343,0.4462777777777791,214
2498,1.0660000000000014,0.26713888888889026,214
2499,0.41766666666666863,1.2241666666666677,316
2500,0.7543888888888919,1.6881388888888909,316
2501,0.8035000000000008,-0.08347222222222067,161
2502,1.1987222222222238,-0.3026388888888884,161
2503,0.8131944444444454,-0.1181944444444441,161
2504,0.12583333333333524,0.9211666666666682,211
2505,0.15769444444444614,1.0177500000000008,211
2506,0.6705277777777803,1.4695833333333348,211
2507,1.1247222222222237,0.20125000000000082,214
2508,0.39433333333333553,1.2747500000000012,316
2509,0.9027777777777792,0.09580555555555637,161
2510,0.14483333333333437,1.1808055555555563,211
2511,3.3731944444444473,2.3341666666666656,651
2512,1.1093611111111124,-0.25088888888888905,214
2513,0.2978888888888904,1.232333333333334,211
2514,0.37808333333333477,1.2057777777777792,316
2515,0.46877777777777885,1.5140833333333341,316
2516,0.8171944444444448,-0.34805555555555495,161
2517,0.9851388888888898,-0.07166666666666566,161
2518,1.0628333333333337,0.354222222222224,214
2519,0.05388888888889032,0.9423611111111124,211
2520,0.8344444444444452,-0.18974999999999914,161
2521,0.5050277777777792,1.3790277777777789,316
2522,0.8849166666666668,0.10761111111111266,161
2523,0.8554166666666672,-0.13180555555555462,161
2524,1.39638888888889,0.34611111111111226,214
2525,-0.004722222222220629,1.0711111111111118,211
2526,0.10483333333333444,1.232111111111113,211
2527,0.47836111111111324,1.8293888888888894,316
2528,-0.12680555555555473,1.1778333333333342,211
2529,0.814194444444445,0.4031111111111123,214
2530,0.45025000000000226,1.1227777777777785,211
2531,3.4550277777777825,2.1174444444444465,649
2532,-0.013472222222221109,0.9970833333333349,211
2533,1.0858333333333337,-0.24666666666666537,214
2534,1.0252777777777786,-0.054861111111110084,161
2535,0.8435833333333346,0.3531111111111127,214
2536,0.4426111111111116,1.3747222222222237,316
2537,8.942611111111113,9.57080555555556,1518
2538,0.9981666666666671,0.06316666666666765,161
2539,1.0408333333333344,0.04250000000000065,161
2540,0.8113888888888899,0.09847222222222285,161
2541,0.1237500000000018,1.373750000000001,211
2542,1.0003333333333344,-0.18724999999999958,214
2543,0.7462500000000006,0.32722222222222286,214
2544,0.9116388888888903,-0.2379166666666655,161
2545,-0.06569444444444328,1.3633611111111128,211
2546,-0.08597222222222145,1.1145833333333348,211
2547,1.2750555555555563,0.10613888888888912,214
2548,1.3914444444444447,0.19144444444444575,214
2549,0.18555555555555614,0.9962500000000009,211
2550,1.4408333333333347,0.07613888888888964,214
2551,0.9725000000000014,0.12375000000000136,161
2552,0.9430555555555558,-0.18874999999999864,161
2553,1.043194444444445,-0.1509722222222215,161
2554,0.9131111111111117,-0.21694444444444416,161
2555,1.041527777777779,9.992007221626409e-16,161
2556,0.10233333333333472,1.212194444444446,211
2557,0.35069444444444575,1.0834722222222235,211
2558,0.31027777777777876,1.2979166666666686,211
2559,0.10375000000000156,1.420388888888891,211
2560,1.5676944444444452,0.1105833333333347,214
2561,0.690444444444447,1.3811388888888894,316
2562,0.7677500000000006,-0.04930555555555455,161
2563,-0.16405555555555573,1.0699722222222234,211
2564,1.3973611111111133,0.010000000000001563,214
2565,3.5713333333333406,2.3843333333333385,649
2566,0.5756944444444464,1.02638888888889,211
2567,0.2958055555555571,0.8560277777777784,211
2568,0.8352500000000007,0.028694444444445022,161
2569,0.18069444444444582,1.485694444444446,211
2570,2.949888888888891,1.9872777777777832,552
2571,0.32805555555555677,1.4490277777777791,211
2572,0.5030555555555569,1.2372222222222224,211
2573,1.0465277777777793,0.0030555555555563663,161
2574,1.177777777777779,0.06500000000000095,161
2575,0.7518055555555561,-0.07013888888888836,161
2576,1.0707222222222235,0.35783333333333434,214
2577,1.0250000000000008,-0.2274999999999991,161
2578,0.8669444444444454,-0.07063888888888792,161
2579,0.517111111111112,1.3851388888888905,316
2580,0.7565555555555564,0.21680555555555614,161
2581,0.5272777777777793,1.336666666666669,316
2582,-0.11211111111110994,1.2684444444444454,211
2583,1.1085000000000014,0.02797222222222273,214
2584,0.9847222222222234,-0.14166666666666616,161
2585,1.0795833333333356,-0.08458333333333251,161
2586,0.8489444444444452,0.09680555555555681,161
2587,0.0010833333333343242,0.9394166666666679,211
2588,1.0987222222222242,0.039027777777777994,161
2589,0.7865277777777786,-0.2989166666666658,161
2590,1.0782500000000004,0.4464166666666689,214
2591,0.7434722222222226,0.13319444444444595,161
2592,0.021000000000000574,1.2661388888888898,316
2593,0.20502777777777914,1.3179722222222234,316
2594,0.2708333333333355,0.8543055555555567,211
2595,3.461277777777782,2.4874444444444466,649
2596,1.009333333333335,0.12655555555555664,214
2597,1.0631944444444459,0.03066666666666773,161
2598,0.15958333333333452,0.8144444444444452,211
2599,4.014027777777782,2.9532777777777834,649
2600,0.4498611111111136,1.3106666666666682,211
2601,0.49650000000000205,1.2253888888888897,316
2602,0.9174722222222236,-0.045722222222222,161
2603,1.107083333333334,0.03416666666666768,214
2604,0.16680555555555676,1.3893055555555567,211
2605,4.091888888888892,2.4042500000000038,649
2606,0.09291666666666831,1.20013888888889,211
2607,0.9874722222222228,-0.3058333333333328,161
2608,0.9528333333333343,0.04094444444444467,161
2609,0.4035277777777788,1.4818055555555576,316
2610,0.2147777777777794,1.267750000000001,316
2611,0.8042777777777785,0.09788888888888958,161
2612,1.0442500000000012,0.1736666666666683,214
2613,0.7826388888888894,-0.14416666666666555,161
2614,0.42680555555555744,1.4514166666666672,316
2615,2.3923333333333345,1.4149722222222239,410
2616,0.8930555555555564,-0.1356944444444435,161
2617,-0.0043888888888879984,0.8747777777777785,211
2618,0.9728055555555564,-0.2932222222222217,161
2619,0.8733333333333343,-0.25652777777777713,161
2620,0.8484722222222232,0.05416666666666736,161
2621,-0.005972222222220602,0.9320833333333346,211
2622,1.0591666666666675,-0.04249999999999876,161
2623,1.1131944444444455,0.2291666666666674,214
2624,1.4397222222222241,0.11486111111111252,214
2625,0.00986111111111243,1.014305555555557,211
2626,0.9943055555555567,-0.11499999999999988,161
2627,3.469305555555557,2.0852500000000056,649
2628,0.8363888888888898,-0.08680555555555436,161
2629,0.5303611111111133,1.597611111111113,316
2630,0.37927777777777893,1.453833333333334,316
2631,0.2616666666666678,1.443333333333335,211
2632,4.17269444444445,2.7966111111111163,649
2633,3.867222222222222,2.5555000000000017,650
2634,1.184444444444446,0.21527777777777868,214
2635,-0.055277777777776205,1.2674722222222226,211
2636,0.11541666666666694,1.1850000000000023,211
2637,1.4634444444444457,0.2567222222222241,214
2638,0.9743333333333337,-0.13952777777777714,161
2639,0.45952777777777865,1.399444444444446,316
2640,-0.11152777777777645,1.16888888888889,211
2641,0.49527777777778037,1.5407500000000005,316
2642,0.9830555555555569,0.07597222222222283,161
2643,1.3968611111111127,0.31300000000000017,214
2644,0.9702777777777785,-0.04708333333333281,161
2645,3.2445000000000057,2.0143888888888872,649
2646,0.016666666666667385,1.2763611111111126,211
2647,0.7645000000000008,-0.056805555555554776,161
2648,0.9294166666666683,1.3895555555555574,316
2649,0.8747222222222228,-0.16208333333333208,161
2650,1.0415277777777794,-0.127777777777777,161
2651,-0.12908333333333244,1.31,211
2652,0.8784722222222233,-0.16972222222222083,161
2653,1.1952777777777788,0.18805555555555642,214
2654,1.2227777777777793,-0.0036111111111097882,214
2655,0.9026388888888902,0.029444444444445106,161
2656,-0.0037222222222216272,1.5006666666666675,316
2657,0.9868055555555559,-0.16624999999999857,214
2658,0.9195000000000005,0.2441944444444456,214
2659,0.7255833333333341,0.17955555555555636,161
2660,0.23819444444444504,0.9998333333333344,211
2661,0.24330555555555655,0.9969444444444462,211
2662,1.0045833333333343,-0.1516666666666659,161
2663,1.5844722222222243,0.3851944444444454,214
2664,-0.10572222222222127,1.5695833333333356,211
2665,-0.15236111111111061,1.179361111111112,211
2666,0.8400000000000005,0.5947222222222233,214
2667,0.317500000000001,1.1176388888888902,211
2668,0.9092222222222234,0.04633333333333434,214
2669,0.20791666666666841,1.2681944444444464,211
2670,0.23302777777777872,1.3084722222222234,211
2671,1.3203333333333347,-0.01636111111111005,214
2672,1.0012500000000015,0.38666666666666916,214
2673,0.4744166666666677,1.3870277777777777,316
2674,0.6992777777777781,-0.20613888888888826,161
2675,0.974861111111112,-0.25222222222222085,161
2676,0.9661111111111118,-0.06777777777777638,161
2677,1.0873611111111128,-0.13708333333333272,161
2678,-0.09249999999999892,0.9297222222222238,211
2679,0.5260833333333355,1.3618333333333348,316
2680,1.0910833333333345,0.1616666666666673,161
2681,0.32502777777777836,1.557805555555557,316
2682,1.03013888888889,-0.029444444444443385,161
2683,0.4640277777777796,1.1234722222222238,211
2684,1.0348333333333353,-0.1707777777777768,161
2685,0.3856944444444451,1.1856944444444453,211
2686,0.978694444444445,-0.03997222222222108,214
2687,0.6677777777777789,-0.08277777777777634,161
2688,0.9588888888888896,-0.07680555555555474,161
2689,0.21430555555555675,1.4205555555555565,211
2690,0.8208333333333337,0.03450000000000153,161
2691,1.000694444444445,-0.14902777777777654,161
2692,1.0360000000000011,0.3054722222222238,214
2693,0.18708333333333527,0.8236388888888903,211
2694,0.7888888888888903,0.04222222222222388,161
2695,0.3154166666666687,0.9876388888888897,211
2696,0.9620833333333338,-0.11361111111111005,161
2697,0.7959722222222232,-0.2697222222222213,161
2698,0.22291666666666787,1.3662500000000017,211
2699,1.1094166666666678,-0.019611111111109913,161
2700,0.8414444444444452,0.040305555555556594,214
2701,1.1566666666666667,0.02708333333333446,161
2702,1.1497222222222239,0.5795833333333349,214
2703,1.1920833333333343,-0.18599999999999928,161
2704,-0.20263888888888892,1.2977777777777786,211
2705,0.8925000000000014,0.3163888888888905,214
2706,0.49855555555555653,1.5384722222222234,316
2707,0.23930555555555622,0.9533333333333345,211
2708,3.294611111111117,3.867305555555558,755
2709,0.8197222222222234,0.07138888888889006,161
2710,-0.0490555555555543,1.1605277777777792,211
2711,0.7977777777777788,-0.06888888888888817,161
2712,0.9687500000000007,0.08666666666666722,161
2713,0.18222222222222306,1.2915277777777796,211
2714,1.0609722222222226,-0.016805555555554574,161
2715,0.38444444444444514,0.9529166666666676,211
2716,0.7703888888888898,0.10097222222222285,161
2717,0.5097222222222231,1.3201111111111123,211
2718,-0.069888888888888,0.8694444444444457,211
2719,0.4299166666666694,1.599666666666669,316
2720,0.8780555555555558,0.10477777777777852,214
2721,0.8029722222222224,-0.06822222222222152,161
2722,-0.22097222222222135,1.2495833333333346,211
2723,-0.09286111111110984,1.1098611111111114,211
2724,0.945833333333334,-0.08916666666666584,161
2725,2.2470833333333355,2.1401111111111133,465
2726,0.6920555555555569,1.3686111111111128,316
2727,0.9195555555555561,-0.32333333333333253,161
2728,-0.08097222222222145,1.0419444444444452,211
2729,0.8298333333333345,0.04194444444444523,161
2730,0.5042777777777782,1.701777777777779,316
2731,0.01733333333333409,1.2026944444444454,211
2732,0.040694444444445144,1.133055555555556,211
2733,0.6084444444444456,1.1598333333333335,211
2734,1.186111111111112,0.3313888888888902,214
2735,0.5083333333333347,1.3341666666666674,211
2736,-0.14344444444444338,0.7668055555555557,211
2737,0.9350277777777793,-0.13652777777777697,161
2738,2.679361111111116,1.4711388888888934,649
2739,1.20238888888889,-0.13683333333333253,161
2740,0.9309722222222233,-0.09458333333333208,161
2741,0.15513888888889016,0.9152777777777792,211
2742,0.8071944444444447,-0.0638888888888886,161
2743,1.3150277777777788,0.1467222222222233,214
2744,0.33611111111111214,0.8659722222222235,211
2745,0.9953333333333352,0.17197222222222353,214
2746,0.08997222222222268,1.085111111111112,211
2747,0.782222222222223,-0.06097222222222143,161
2748,0.9511111111111119,-0.06447222222222065,161
2749,0.4663888888888903,1.124583333333334,211
2750,3.7006666666666694,4.279138888888893,752
2751,0.2412500000000014,1.2631944444444463,211
2752,0.9633055555555555,-0.005083333333332496,161
2753,0.8850555555555567,0.30058333333333365,214
2754,0.242527777777779,2.1556388888888907,316
2755,0.4646111111111121,1.3888333333333347,316
2756,0.5983333333333342,0.08180555555555613,161
2757,0.9206944444444458,0.031666666666667675,161
2758,0.9244444444444453,-0.08999999999999875,161
2759,1.0503888888888897,0.010277777777778163,161
2760,0.8672222222222228,0.257222222222223,161
2761,0.3800555555555568,1.4225000000000017,316
2762,0.9936388888888892,0.3717222222222233,214
2763,0.8683333333333333,0.2808333333333346,161
2764,0.7956111111111122,0.06527777777777866,161
2765,-0.15474999999999917,1.1000555555555565,211
2766,0.9931944444444457,0.15361111111111192,161
2767,0.2397222222222234,1.256666666666668,211
2768,0.37719444444444583,0.8808055555555566,211
2769,0.3125000000000021,1.3783333333333356,316
2770,1.6330555555555573,0.19708333333333417,214
2771,0.4568055555555559,1.2904166666666677,211
2772,0.5669444444444446,1.3093055555555564,211
2773,4.3856944444444474,1.8182777777777819,649
2774,0.8923611111111118,0.39852777777777904,214
2775,0.9670555555555561,-0.2849999999999989,161
2776,0.9845833333333345,0.11847222222222364,161
2777,1.0290277777777783,0.011111111111112515,161
2778,0.22444444444444567,1.1131666666666675,211
2779,0.9443055555555562,0.17708333333333393,161
2780,0.29233333333333356,1.337194444444446,316
2781,0.9633611111111124,0.23441666666666738,161
2782,-0.1433333333333321,1.6168611111111144,211
2783,1.20888888888889,-0.28680555555555454,161
2784,0.43097222222222387,0.9471388888888901,211
2785,0.8543055555555565,-0.06861111111111062,161
2786,1.1251388888888898,-0.0884722222222214,214
2787,0.43091666666666895,1.4355000000000013,316
2788,0.5134166666666673,1.7394166666666668,316
2789,0.9829166666666671,0.03166666666666795,161
2790,1.0290000000000012,-0.1043888888888882,161
2791,3.5060277777777817,2.4595833333333355,649
2792,0.14691666666666747,1.0988888888888904,211
2793,1.5879722222222243,0.385861111111112,214
2794,1.1287500000000006,-0.014861111111110215,161
2795,0.8977777777777786,-0.00749999999999873,161
2796,0.8553333333333342,-0.012499999999998568,161
2797,0.504194444444445,1.4045555555555573,316
2798,1.0283888888888897,0.3303333333333357,214
2799,1.0035277777777791,-0.08213888888888787,214
2800,1.0219166666666673,0.10791666666666766,161
2801,0.8400000000000015,-0.03041666666666576,161
2802,1.064861111111111,-0.021111111111109693,161
2803,0.2254166666666677,0.9550833333333347,211
2804,0.24541666666666706,1.2969444444444451,211
2805,0.23313888888888967,1.4937500000000004,316
2806,0.8262777777777786,0.09250000000000119,161
2807,0.5926944444444446,1.5630833333333358,316
2808,1.0335833333333344,-0.13236111111111054,161
2809,0.21458333333333468,1.3725000000000014,211
2810,-0.106138888888888,0.8321944444444449,211
2811,1.1527777777777792,-0.353555555555555,161
2812,1.1919444444444451,-0.12458333333333305,161
2813,0.06055555555555703,1.428472222222224,211
2814,-0.2368055555555546,1.0044444444444454,211
2815,3.3539722222222252,2.57252777777778,649
2816,0.3532777777777789,1.2253888888888897,211
2817,1.2879166666666673,0.2447222222222235,214
2818,4.127611111111112,2.035361111111115,649
2819,0.7934722222222235,-0.012388888888888672,161
2820,0.37205555555555603,1.000611111111112,211
2821,0.9709722222222228,-0.24474999999999913,161
2822,0.9877777777777779,0.14680555555555597,214
2823,0.8198333333333347,0.16747222222222358,161
2824,0.32500000000000073,1.1683333333333346,211
2825,-0.007444444444442144,1.4193055555555572,211
2826,1.0592777777777789,-0.27544444444444444,161
2827,0.17166666666666786,1.0486111111111127,211
2828,3.448361111111116,2.4935000000000027,649
2829,0.21680555555555658,1.0086111111111116,211
2830,1.0176388888888908,-0.13388888888888834,161
2831,0.9892222222222227,0.3800277777777785,214
2832,0.8325833333333341,-0.13583333333333242,161
2833,0.1823611111111122,1.1984722222222233,211
2834,0.21680555555555725,0.9633055555555561,211
2835,0.6733333333333342,-0.2232222222222217,161
2836,0.37163888888888974,1.075527777777778,211
2837,0.8709722222222234,-0.11694444444444363,161
2838,1.2010277777777785,-0.15633333333333177,214
2839,3.263972222222228,3.8483333333333376,992
2840,0.36850000000000127,1.2729166666666683,316
2841,1.2088888888888893,0.11055555555555624,161
2842,0.24208333333333398,1.2548611111111128,211
2843,0.2538888888888896,1.055138888888889,211
2844,0.9147500000000013,1.578888888888891,316
2845,0.9452777777777791,-0.3113888888888876,214
2846,1.093055555555557,0.12458333333333427,214
2847,1.077111111111112,-0.07091666666666618,214
2848,1.3073611111111119,-0.07986111111111016,214
2849,0.743888888888889,-0.0045833333333322734,161
2850,0.2258888888888907,0.8460833333333336,211
2851,1.4715277777777793,0.10416666666666818,214
2852,0.03597222222222296,0.9404722222222227,211
2853,0.22616666666666807,0.8924722222222232,211
2854,1.37938888888889,0.1908611111111117,214
2855,0.8042222222222228,-0.13619444444444384,161
2856,0.27263888888889,1.0003888888888903,211
2857,0.5384722222222225,-0.05111111111111044,161
2858,0.5400555555555558,-0.025138888888887823,161
2859,0.39888888888889024,1.4508611111111136,316
2860,0.8227777777777788,-0.09049999999999958,161
2861,0.7451388888888891,-0.024305555555554748,161
2862,1.1578888888888899,-0.08155555555555499,161
2863,-0.07008333333333305,1.0510833333333334,211
2864,1.1071111111111125,0.22794444444444584,214
2865,0.32097222222222377,1.26888888888889,211
2866,2.866083333333336,1.120611111111116,649
2867,0.20361111111111185,1.162500000000001,211
2868,1.3515555555555578,0.20561111111111186,214
2869,0.038444444444445725,1.0346388888888907,211
2870,1.143472222222223,-0.15499999999999853,161
2871,0.8634722222222231,-0.16777777777777658,161
2872,0.3600277777777804,1.5851388888888909,316
2873,1.28152777777778,0.3326388888888898,214
2874,1.4302777777777798,-0.004999999999999338,214
2875,-0.05430555555555483,1.4461111111111116,211
2876,-0.2456666666666658,1.1845277777777794,211
2877,0.49122222222222256,1.4031388888888898,316
2878,0.22850000000000104,1.0356666666666685,211
2879,-0.16238888888888792,0.774527777777778,211
2880,4.272527777777781,2.3169999999999997,649
2881,0.7941388888888901,0.02233333333333315,161
2882,0.02750000000000108,1.3511111111111123,211
2883,-0.1901388888888884,1.1330555555555564,211
2884,0.007083333333334663,1.4781944444444457,211
2885,1.0015555555555569,0.12288888888888994,214
2886,1.5514722222222244,0.21233333333333548,214
2887,0.13041666666666807,1.045055555555556,211
2888,0.1343055555555568,1.590555555555556,211
2889,0.17786111111111202,1.0853333333333346,211
2890,0.9705555555555565,-0.01683333333333259,161
2891,0.059305555555557055,1.1833055555555565,211
2892,0.9718055555555563,-0.07536111111110988,161
2893,1.0361111111111123,0.04683333333333406,161
2894,0.42566666666666775,1.5086111111111138,316
2895,0.3523611111111127,0.8497222222222238,211
2896,1.2925000000000018,-0.1404166666666654,161
2897,-0.06861111111110973,0.7556944444444453,211
2898,0.9895833333333344,-0.11597222222222148,161
2899,5.129583333333375,4.180916666666683,1517
2900,0.4834722222222232,1.094555555555557,211
2901,1.0975000000000006,-0.1077777777777762,161
2902,0.90375,-0.21380555555555536,161
2903,0.9665277777777793,-0.30263888888888807,161
2904,1.023027777777779,0.03388888888889008,161
2905,0.07513888888888998,1.0717222222222231,211
2906,0.032638888888890105,1.6108333333333347,211
2907,0.2073333333333348,1.3718055555555573,211
2908,0.0690555555555572,1.2158055555555576,211
2909,1.1310277777777789,-0.036916666666665376,214
2910,0.23400000000000098,1.2894444444444457,211
2911,0.9179166666666675,-0.14294444444444376,161
2912,0.904638888888889,0.07222222222222285,161
2913,3.557527777777783,2.0061944444444473,649
2914,0.9568055555555566,-0.07472222222222147,214
2915,0.29530555555555726,1.4569722222222246,316
2916,0.2620833333333348,1.433333333333336,211
2917,0.3693055555555562,1.4719444444444458,316
2918,0.1890277777777788,0.885000000000001,211
2919,0.3232500000000016,1.0195555555555564,211
2920,1.0465555555555561,0.24025000000000185,214
2921,0.1335833333333346,1.3754166666666678,211
2922,0.5804444444444452,1.4945000000000017,316
2923,-0.040027777777776,0.9081666666666681,211
2924,0.995416666666668,-0.18902777777777735,161
2925,-0.2559166666666661,1.0219444444444459,211
2926,0.017888888888888843,0.9341388888888902,211
2927,0.37802777777777896,1.0326111111111125,211
2928,1.1290000000000016,-0.11713888888888796,161
2929,1.1881944444444459,-0.15638888888888808,161
2930,0.10472222222222427,0.759611111111112,211
2931,3.3282500000000015,2.087444444444448,649
2932,0.09983333333333488,1.3703888888888898,211
2933,0.5069722222222239,1.467805555555556,316
2934,1.3370555555555577,0.08130555555555652,214
2935,0.1465277777777788,0.8965277777777796,211
2936,0.1587500000000014,1.0583333333333342,211
2937,1.1730555555555566,0.23583333333333478,214
2938,0.7679166666666672,-0.051527777777777006,161
2939,3.2483055555555556,2.9934722222222225,649
2940,0.8931666666666679,0.07088888888888983,161
2941,0.8790000000000009,-0.09099999999999969,161
2942,3.2435833333333353,2.4156944444444464,649
2943,0.9947222222222231,-0.16999999999999982,161
2944,0.8983333333333341,-0.04569444444444404,161
2945,0.14344444444444504,1.1515000000000022,211
2946,1.207361111111113,0.0033333333333349646,214
2947,0.8233333333333339,0.010416666666667518,161
2948,0.24991666666666779,1.316250000000001,211
2949,0.5509722222222236,1.077777777777778,211
2950,0.8680555555555567,-0.4529166666666662,161
2951,0.3581944444444457,1.1555555555555563,211
2952,0.3998611111111131,1.2384166666666678,316
2953,1.1838888888888892,0.16055555555555745,161
2954,1.3669444444444465,0.32236111111111265,214
2955,0.05647222222222248,1.4087500000000006,211
2956,0.05430555555555627,1.305138888888891,211
2957,0.8585833333333336,-0.19211111111110973,161
2958,1.060166666666667,0.02947222222222312,214
2959,0.23400000000000076,1.020111111111112,211
2960,-0.2490277777777773,1.1068055555555565,211
2961,0.899722222222223,-0.1269444444444447,161
2962,4.48180555555556,1.3350833333333403,649
2963,1.032250000000001,0.1879444444444458,214
2964,0.9359722222222234,0.04958333333333387,161
2965,0.8086111111111114,-0.06363888888888863,161
2966,0.8384444444444452,-0.10586111111111068,161
2967,0.979694444444445,-0.12944444444444292,161
2968,1.1662500000000011,0.0405555555555569,214
2969,0.8194722222222224,-0.18347222222222137,161
2970,0.8336111111111123,-0.1959722222222216,161
2971,1.2181944444444464,0.6070833333333353,214
2972,1.3155555555555567,0.1398611111111121,214
2973,-0.011249999999998983,1.1880555555555565,211
2974,0.9047222222222238,0.34611111111111326,214
2975,0.9336666666666678,0.3753333333333352,214
2976,1.0563888888888902,-0.008888888888887891,161
2977,0.881388888888889,-0.15624999999999933,161
2978,0.8748611111111119,0.08569444444444557,161
2979,0.695666666666668,-0.11266666666666608,161
2980,0.5369166666666683,1.7086388888888873,316
2981,1.0926666666666676,0.7075555555555576,214
2982,0.3163333333333347,1.6365000000000025,316
2983,4.706083333333337,1.8568055555555587,649
2984,0.07680555555555668,1.278611111111113,211
2985,0.7872777777777787,-0.16574999999999923,161
2986,0.5356944444444457,1.2793055555555566,211
2987,1.124444444444446,0.12436111111111203,161
2988,0.3335555555555576,1.3251388888888909,316
2989,0.601750000000001,1.6785833333333355,316
2990,0.9930555555555577,0.9326388888888903,211
2991,0.9848611111111123,0.3416666666666679,214
2992,0.8181944444444449,-0.26652777777777703,161
2993,0.9279166666666675,0.009027777777778356,161
2994,1.1316666666666677,-0.007055555555554149,214
2995,0.8630277777777791,0.15733333333333427,161
2996,0.07408333333333472,1.260527777777779,211
2997,0.8286111111111116,-0.10708333333333248,161
2998,0.8415277777777789,0.024027777777778647,161
2999,-0.008777777777776663,1.0265277777777786,211
3000,1.1143055555555552,-0.15124999999999844,214
3001,0.6368055555555566,1.039861111111113,211
3002,0.11513888888889035,0.6466388888888894,211
3003,1.2445833333333345,0.085972222222223,214
3004,0.9580555555555565,0.1309722222222232,161
3005,0.9311388888888903,0.30794444444444624,214
3006,-0.09277777777777674,1.2879166666666686,211
3007,1.3333333333333337,0.20555555555555693,214
3008,0.48722222222222333,1.125388888888891,316
3009,1.2112500000000022,0.2304166666666676,214
3010,-0.13269444444444367,1.066805555555557,211
3011,0.9793055555555563,-0.05083333333333262,161
3012,-0.22458333333333247,1.1173611111111121,211
3013,-0.22544444444444378,1.1659444444444453,211
3014,0.2888611111111128,1.1380277777777787,211
3015,5.203777777777787,1.8379444444444455,649
3016,0.5194444444444464,1.2941666666666667,211
3017,1.379611111111112,-0.11758333333333193,214
3018,0.5093055555555567,0.9170833333333339,211
3019,0.32597222222222344,1.1576388888888896,211
3020,-0.16336111111110962,0.9413888888888895,211
3021,1.1116666666666672,-0.39874999999999955,161
3022,0.808750000000001,-0.16513888888888728,161
3023,3.4971944444444447,2.400694444444448,649
3024,1.0158888888888904,0.15805555555555661,161
3025,0.752194444444445,-0.13013888888888775,161
3026,-0.1648611111111108,0.907861111111112,211
3027,0.8822222222222227,-0.12669444444444355,161
3028,-0.0232222222222207,0.6300277777777789,211
3029,0.9136111111111116,-0.10086111111110996,161
3030,1.0393055555555564,-0.15261111111111025,214
3031,1.0998888888888905,0.16238888888888903,214
3032,-0.12388888888888816,1.3181666666666683,211
3033,-0.03233333333333288,0.8145277777777783,211
3034,3.929250000000003,2.409638888888895,649
3035,3.5816666666666697,1.909694444444447,553
3036,1.0162222222222232,0.04472222222222316,161
3037,0.7491388888888897,-0.14405555555555466,161
3038,1.0317222222222233,0.02588888888888985,214
3039,1.1801388888888897,-0.2763888888888881,161
3040,0.7116111111111134,1.4876388888888905,316
3041,0.8893055555555565,-0.08319444444444357,161
3042,0.8701944444444459,-0.0361388888888885,214
3043,0.8764166666666666,0.057805555555556,214
3044,0.040361111111112624,1.1036111111111118,211
3045,-0.08002777777777659,1.1809722222222245,211
3046,0.3012500000000019,1.0720833333333344,211
3047,0.9004444444444458,-0.04752777777777706,161
3048,0.4413888888888906,1.2729166666666685,211
3049,4.422083333333339,3.8231944444444466,649
3050,4.429055555555559,2.577388888888891,649
3051,0.30152777777777895,1.5800000000000014,211
3052,0.509333333333336,1.5030000000000023,316
3053,0.2741388888888895,1.3312500000000007,211
3054,0.6508055555555576,0.9311944444444455,211
3055,1.5306944444444461,0.017500000000000737,214
3056,0.8854166666666675,-0.11763888888888768,161
3057,-0.19458333333333322,0.9736111111111129,211
3058,1.1336111111111116,0.16375000000000073,214
3059,1.070416666666668,-0.14888888888888807,214
3060,-0.16055555555555479,1.1088888888888904,211
3061,0.1406666666666666,1.2062222222222236,211
3062,1.1343055555555561,-0.0018055555555551162,161
3063,0.8071666666666673,-0.0893055555555548,161
3064,0.2145000000000009,1.0942222222222235,211
3065,0.7574722222222231,-0.11569444444444377,161
3066,0.11663888888889007,1.1458055555555564,211
3067,0.5027500000000011,1.3684444444444464,211
3068,0.980944444444445,0.1352777777777785,161
3069,-0.14469444444444302,1.0178333333333343,211
3070,0.09263888888888872,1.271222222222224,211
3071,0.46900000000000186,1.020833333333334,211
3072,3.4811944444444447,1.6756944444444484,552
3073,1.2769444444444458,-0.1391944444444433,161
3074,1.229027777777779,-0.18013888888888807,161
3075,0.07555555555555704,1.3898611111111134,211
3076,0.09430555555555631,1.2204444444444458,211
3077,0.3076388888888898,1.0276388888888905,211
3078,3.3276388888888966,2.435111111111115,649
3079,0.1071111111111126,0.758194444444445,211
3080,0.8901111111111122,-0.08355555555555516,161
3081,1.0716666666666683,-0.0953888888888883,214
3082,0.7504166666666674,-0.006111111111110623,161
3083,0.8755555555555565,-0.35099999999999937,161
3084,1.051111111111112,-0.135694444444444,161
3085,0.07680555555555513,1.2719444444444457,211
3086,0.9713888888888906,0.20400000000000085,214
3087,0.9202499999999999,-0.3281944444444438,161
3088,1.0188888888888896,0.048055555555556295,161
3089,0.5400277777777789,1.3262222222222233,316
3090,0.9590277777777787,-0.15236111111111045,161
3091,-0.2579999999999991,1.13777777777778,211
3092,0.1292777777777795,1.0948888888888892,211
3093,0.20372222222222414,0.9397222222222231,211
3094,0.9633333333333342,0.09255555555555672,161
3095,1.066777777777778,0.1836111111111126,161
3096,0.9009722222222232,0.09236111111111217,161
3097,0.8841666666666677,-0.3161111111111102,161
3098,-0.1631944444444441,1.124166666666667,211
3099,0.3072222222222235,1.2512500000000009,211
3100,2.9718888888888912,1.8657499999999998,552
3101,0.2405555555555562,1.3970833333333357,211
3102,0.9147777777777791,0.00838888888888989,214
3103,0.181805555555556,1.2577777777777799,211
3104,0.8651944444444457,-0.10444444444444345,161
3105,4.145083333333334,2.2033888888888953,649
3106,1.2562222222222226,0.43880555555555634,214
3107,8.802416666666673,6.681805555555561,1517
3108,0.06152777777777896,1.0462500000000012,211
3109,0.8306388888888896,-0.24027777777777692,161
3110,0.14069444444444534,1.3359722222222243,211
3111,0.08905555555555644,1.0684722222222234,211
3112,1.3091388888888904,-0.05180555555555488,161
3113,1.0103888888888897,-0.16194444444444384,161
3114,0.949722222222223,-0.12666666666666593,161
3115,1.1077500000000016,0.026194444444445797,161
3116,1.3129166666666672,0.04888888888889109,214
3117,0.389555555555558,0.8340277777777783,211
3118,0.2772222222222228,1.1801388888888895,211
3119,1.1286111111111117,0.21958333333333357,214
3120,0.4877222222222236,1.536416666666669,316
3121,1.6541666666666681,0.24291666666666778,214
3122,0.13152777777777958,1.1021666666666685,211
3123,3.318888888888891,2.163777777777779,649
3124,0.27047222222222367,0.9426111111111127,211
3125,0.5233055555555579,1.8020555555555553,316
3126,0.982416666666668,0.20350000000000135,214
3127,0.5012777777777795,1.4126666666666683,316
3128,0.5651666666666683,1.8213611111111128,316
3129,0.9305555555555565,-0.057638888888888185,161
3130,1.1274722222222229,-0.12058333333333254,161
3131,0.29930555555555627,1.0867222222222226,211
3132,0.5358055555555568,1.7726388888888898,316
3133,0.9162500000000002,0.018111111111111466,161
3134,0.00011111111111228311,1.01213888888889,211
3135,1.189444444444445,-0.05819444444444344,161
3136,0.7879722222222227,-0.17697222222222186,161
3137,0.9947222222222233,-0.32522222222222175,161
3138,0.6286388888888906,1.3645833333333357,316
3139,0.8828333333333341,-0.08238888888888796,214
3140,0.9048611111111117,0.11402777777777884,214
3141,1.0829166666666674,-0.13013888888888803,161
3142,1.0163888888888895,-0.16377777777777697,161
3143,0.17883333333333534,1.5682222222222237,316
3144,1.0058333333333345,-0.002777777777776491,161
3145,0.9834444444444457,-0.0799444444444436,161
3146,0.4924722222222231,1.4304444444444453,316
3147,0.032777777777777906,1.3565277777777789,211
3148,-0.3816388888888881,1.2166388888888897,211
3149,0.17541666666666733,1.0960555555555562,211
3150,0.6435000000000006,-0.03724999999999912,161
3151,0.9379166666666683,-0.28333333333333305,161
3152,0.3462500000000016,1.0167777777777791,211
3153,0.4291388888888904,1.4687222222222247,316
3154,0.0891666666666674,1.2994444444444455,211
3155,0.5333333333333343,1.2252777777777786,211
3156,0.8337777777777785,0.07983333333333492,161
3157,4.949777777777805,4.636805555555551,1184
3158,1.040694444444445,0.30861111111111195,214
3159,3.2163611111111132,1.970000000000002,649
3160,0.6326388888888899,0.05705555555555647,161
3161,0.6420833333333333,0.1468055555555568,161
3162,0.2579166666666681,1.5387500000000012,211
3163,0.4795000000000018,1.119861111111112,211
3164,0.24347222222222453,1.6570833333333366,316
3165,0.7211666666666676,-0.0007777777777773776,161
3166,0.06825000000000103,0.9840277777777786,211
3167,0.37430555555555733,0.9916666666666676,211
3168,4.004861111111113,2.4532777777777808,653
3169,0.07505555555555643,1.1166388888888892,211
3170,1.1091388888888898,0.1865833333333342,214
3171,0.9705555555555564,0.03791666666666804,161
3172,0.8597222222222234,-0.024583333333331958,161
3173,0.3393055555555571,0.8602777777777778,211
3174,0.46752777777778043,1.3264722222222236,316
3175,0.5901388888888901,1.4649722222222232,316
3176,0.15347222222222356,1.2219444444444452,211
3177,0.4030555555555574,1.3497222222222227,211
3178,0.009305555555557121,1.114722222222224,211
3179,3.468722222222226,2.3684444444444486,649
3180,0.8102500000000004,-0.2897499999999992,161
3181,0.4867500000000028,1.3622222222222231,316
3182,0.5832500000000027,1.3588611111111129,316
3183,0.0072777777777781605,1.259027777777779,211
3184,0.9632777777777793,0.10891666666666866,214
3185,0.7863888888888897,-0.09897222222222157,161
3186,0.460833333333336,1.4509722222222239,316
3187,0.6822222222222232,0.021944444444445432,161
3188,0.9737500000000012,0.3738888888888905,214
3189,0.5773333333333346,1.5815000000000003,211
3190,0.38000000000000234,1.0944444444444459,211
3191,0.20166666666666788,1.149583333333334,211
3192,0.5890000000000002,1.2510000000000012,316
3193,-0.021388888888888125,1.3055555555555571,211
3194,0.13027777777777916,0.8077777777777783,211
3195,0.93638888888889,0.06833333333333402,161
3196,0.392222222222224,0.7424444444444452,211
3197,1.106000000000001,-0.19483333333333275,214
3198,0.4194166666666673,1.394250000000003,316
3199,0.24611111111111206,1.2729166666666685,211
3200,1.0772222222222232,0.03547222222222335,161
3201,0.2259722222222228,1.4058611111111117,316
3202,0.9613888888888902,-0.07847222222222072,161
3203,0.3616388888888895,0.8969444444444454,211
3204,-0.04144444444444262,0.8876666666666684,211
3205,0.1920833333333345,0.9691666666666677,211
3206,4.222111111111116,2.231500000000004,649
3207,0.4125833333333365,1.5297500000000013,316
3208,-0.1487499999999996,1.0209722222222235,211
3209,3.6892777777777783,2.061111111111115,649
3210,1.0941666666666685,-0.18980555555555478,161
3211,0.021361111111112607,1.1734444444444465,211
3212,0.9151388888888903,0.03722222222222338,161
3213,1.127083333333334,0.1495833333333353,214
3214,0.7731944444444456,-0.10083333333333244,161
3215,-0.07347222222222138,1.3865555555555562,211
3216,0.16636111111111263,1.1061388888888894,211
3217,0.2121944444444458,1.067194444444446,211
3218,0.39433333333333553,1.6595277777777802,316
3219,0.8750000000000018,-0.08897222222222134,161
3220,-0.044166666666666354,0.958250000000001,211
3221,0.5083333333333333,1.1611111111111123,316
3222,0.043000000000000815,1.2531944444444456,211
3223,1.4709722222222241,0.197361111111112,214
3224,0.4199166666666684,1.313583333333335,211
3225,0.8843055555555557,0.08750000000000085,161
3226,1.377833333333335,0.19233333333333424,214
3227,0.3566666666666676,1.3019444444444455,211
3228,0.5503055555555573,1.480944444444446,211
3229,0.8590277777777786,-0.12277777777777682,161
3230,0.295416666666668,0.8202222222222226,211
3231,0.3681388888888899,1.4338888888888905,316
3232,1.011666666666667,-0.13749999999999907,161
3233,1.6608888888888906,-0.0780833333333324,214
3234,0.8209444444444456,-0.09027777777777657,161
3235,0.8108333333333337,-0.14722222222222148,161
3236,0.8971944444444453,-0.06666666666666587,161
3237,0.2678888888888894,1.2334722222222227,316
3238,1.2465833333333352,0.06630555555555662,214
3239,0.7929166666666675,-0.10672222222222116,161
3240,1.0223611111111122,-0.05947222222222104,161
3241,1.0209722222222237,-0.029305555555555474,161
3242,0.4537500000000003,1.1266666666666671,211
3243,1.050972222222223,-0.06805555555555537,161
3244,0.8958333333333351,-0.1798611111111103,161
3245,0.9583333333333341,0.02763888888889049,161
3246,0.16247222222222335,1.3965,211
3247,0.9046388888888903,0.03200000000000147,161
3248,-0.04249999999999898,1.0845833333333343,211
3249,0.16013888888888916,1.4737500000000008,211
3250,1.055333333333335,-0.05988888888888849,161
3251,1.077638888888889,-0.10252777777777661,161
3252,-0.1076388888888884,1.2529166666666678,211
3253,0.9191666666666676,-0.030861111111109563,214
3254,0.9119722222222237,0.2913055555555565,214
3255,1.3020833333333344,-0.06486111111111115,214
3256,0.15500000000000047,1.0236111111111124,211
3257,0.6004166666666702,1.310000000000002,316
3258,0.14041666666666708,1.1990277777777787,211
3259,1.0795555555555558,0.17016666666666713,214
3260,0.9996388888888905,-0.07805555555555432,161
3261,0.8438888888888906,-0.07744444444444337,161
3262,1.2868055555555569,-0.16508333333333242,161
3263,1.1248611111111124,0.10611111111111171,214
3264,0.1370000000000019,1.1511111111111128,211
3265,1.0115277777777785,-0.10874999999999924,161
3266,1.3659722222222241,0.48777777777777986,214
3267,-0.11124999999999907,1.4512500000000013,211
3268,0.31402777777777935,1.393888888888891,211
3269,0.9713888888888905,-0.07416666666666605,161
3270,0.17686111111111147,1.4774444444444463,316
3271,0.03575000000000117,0.8799166666666676,211
3272,0.1801111111111121,1.3274722222222235,211
3273,3.355333333333335,2.84722222222223,649
3274,1.2571944444444458,0.24044444444444546,214
3275,0.15777777777777902,1.2740277777777798,211
3276,0.9225555555555561,-0.0863333333333327,161
3277,0.16575000000000117,0.9731666666666674,211
3278,0.35186111111111307,1.45013888888889,316
3279,1.354305555555557,0.10805555555555701,214
3280,0.41319444444444575,1.308333333333335,211
3281,1.1506111111111117,0.04700000000000115,214
3282,1.1597500000000023,-0.12458333333333255,161
3283,1.465416666666668,0.6406944444444462,214
3284,1.0326388888888909,0.11541666666666761,214
3285,1.1433333333333349,-0.07194444444444337,214
3286,0.15386111111111223,1.2059444444444456,211
3287,0.7230555555555565,-0.21833333333333266,161
3288,0.3151388888888904,1.0576111111111124,211
3289,0.5670555555555576,1.5974444444444462,316
3290,1.02875,-0.14680555555555486,161
3291,1.998083333333336,0.06463888888889002,214
3292,0.7844166666666672,-0.22155555555555506,161
3293,0.43177777777777915,1.180611111111112,211
3294,0.5550000000000023,1.3179444444444466,316
3295,1.0229166666666676,0.049444444444444735,161
3296,0.29625000000000135,1.222750000000001,211
3297,0.0769166666666673,1.2922222222222237,211
3298,0.787527777777779,0.390166666666668,214
3299,0.43597222222222265,1.1550000000000007,211
3300,0.8472222222222232,-0.009583333333332889,161
3301,0.8983333333333345,-0.2752777777777768,161
3302,1.0258333333333338,0.1384722222222241,161
3303,0.4715833333333349,1.5629166666666683,211
3304,0.3663611111111116,1.1045555555555555,211
3305,1.3330833333333352,-0.16022222222222116,214
3306,0.594583333333336,1.4325277777777792,316
3307,0.5254166666666684,1.3394166666666671,316
3308,1.1915833333333345,-0.10958333333333248,214
3309,1.103611111111112,0.5584722222222234,214
3310,0.8831944444444455,-0.14666666666666578,161
3311,0.9182500000000007,0.19075000000000109,214
3312,3.8005000000000044,2.702000000000005,649
3313,-0.011277777777776832,0.713916666666667,211
3314,0.3991666666666689,1.3682222222222236,316
3315,1.0182777777777785,0.040583333333334415,214
3316,0.8275000000000012,0.2143055555555562,214
3317,0.2747222222222234,1.5091666666666694,316
3318,0.14527777777777884,1.0636111111111128,211
3319,0.7558888888888893,-0.03430555555555437,161
3320,-0.2586111111111108,0.9809444444444456,211
3321,1.636027777777779,0.2091944444444458,214
3322,1.1530555555555564,0.11988888888889049,214
3323,0.2476388888888903,1.2863888888888901,211
3324,-0.10499999999999887,0.8783611111111118,211
3325,1.1198611111111116,-0.049444444444443514,161
3326,0.3643333333333336,1.6116944444444465,316
3327,0.36158333333333426,1.5278333333333358,316
3328,1.23388888888889,-0.018888888888887956,214
3329,4.298000000000009,2.012027777777779,654
3330,4.915500000000006,2.5446111111111156,649
3331,0.8759722222222228,0.22027777777778024,161
3332,0.48927777777777814,1.4096944444444457,211
3333,0.9756666666666681,-0.12044444444444341,161
3334,0.4751388888888898,1.5147500000000016,316
3335,0.7376944444444449,0.10083333333333372,161
3336,1.1501388888888897,-0.02652777777777615,214
3337,-0.09149999999999847,0.8321388888888896,211
3338,0.8459444444444455,-0.1189166666666655,161
3339,2.4671388888888917,1.2488333333333346,465
3340,1.0204166666666679,0.21747222222222318,161
3341,0.9749166666666679,-0.01724999999999871,161
3342,-0.14383333333333148,1.472472222222224,211
3343,1.151250000000001,-0.22152777777777738,161
3344,0.9832500000000006,0.0795555555555566,161
3345,0.3868333333333346,1.3396666666666692,316
3346,3.1820000000000004,1.006388888888889,649
3347,1.0130555555555565,0.06861111111111257,161
3348,1.309027777777779,0.100833333333335,214
3349,1.0088888888888898,-0.033611111111110537,161
3350,0.8471111111111114,-0.04613888888888795,161
3351,0.1987500000000022,0.8749722222222236,211
3352,-0.013527777777776917,1.343722222222224,211
3353,1.2602777777777792,0.29125000000000123,214
3354,0.8887222222222223,0.10483333333333522,161
3355,0.5269444444444451,1.6702222222222238,316
3356,2.9058333333333373,1.8859722222222257,552
3357,0.30041666666666844,1.050694444444445,211
3358,5.172000000000004,1.1347500000000013,649
3359,0.18580555555555622,1.3320555555555578,211
3360,1.0715277777777787,-0.15847222222222113,161
3361,0.7344444444444451,-0.15791666666666615,161
3362,0.8908055555555556,-0.11036111111111047,214
3363,-0.00847222222222166,1.0540000000000012,211
3364,0.9600000000000002,-0.08805555555555478,161
3365,0.41208333333333436,1.419444444444446,211
3366,0.16597222222222385,1.422916666666668,316
3367,0.9756944444444452,-0.08472222222222175,161
3368,0.041666666666667074,1.009583333333334,211
3369,1.381583333333333,0.3408888888888898,214
3370,1.1207222222222244,0.41591666666666793,214
3371,0.8889166666666675,0.10541666666666805,161
3372,3.437583333333332,2.375138888888891,649
3373,1.4416388888888905,0.33422222222222353,214
3374,0.9056944444444452,-0.1449999999999989,161
3375,0.34569444444444575,1.4975000000000018,211
3376,0.8531944444444451,-0.05236111111111075,161
3377,0.8950000000000007,-0.2988888888888878,161
3378,0.9770000000000003,-0.18105555555555425,161
3379,0.4942777777777789,1.5856944444444465,316
3380,0.903888888888889,0.26930555555555746,214
3381,1.0554444444444455,0.43613888888889074,214
3382,-0.04491666666666616,1.1151388888888905,211
3383,0.03180555555555653,1.100277777777779,211
3384,1.0698611111111125,-0.17230555555555455,161
3385,0.8543055555555562,0.11763888888889029,161
3386,0.19108333333333527,1.3531944444444448,211
3387,0.9016388888888901,-0.4162777777777771,161
3388,-0.04188888888888842,1.140833333333334,211
3389,0.6146388888888896,-0.2963333333333326,161
3390,0.8185000000000008,-0.07927777777777756,214
3391,1.0813888888888896,-0.10777777777777642,161
3392,0.891916666666668,-0.15611111111110976,161
3393,0.3477777777777784,1.226111111111112,211
3394,1.190000000000001,-0.11333333333333295,214
3395,0.32330555555555707,1.2764444444444458,211
3396,1.0118055555555567,-0.09402777777777743,161
3397,3.045250000000001,1.9498611111111126,552
3398,1.0745555555555573,0.2544444444444446,161
3399,0.3388888888888897,1.2006666666666679,211
3400,1.1019444444444457,-0.08708333333333212,161
3401,0.9555555555555567,-0.03263888888888805,161
3402,6.148833333333335,4.4635833333333155,1184
3403,0.8527777777777783,0.1570833333333344,161
3404,0.43836111111111264,0.9785833333333342,211
3405,0.7346944444444464,1.6520555555555576,316
3406,1.1797222222222234,0.2280555555555568,214
3407,1.1604444444444455,-0.11216666666666608,214
3408,1.3755555555555574,-0.015555555555554323,214
3409,-0.0955555555555545,1.1476388888888895,211
3410,1.2405555555555574,0.35747222222222363,161
3411,0.24094444444444574,1.1752500000000015,211
3412,1.2496111111111121,0.2132222222222233,214
3413,0.38166666666666793,0.7510277777777791,211
3414,0.0700000000000014,0.9417777777777786,211
3415,-0.0713333333333317,0.8184722222222225,211
3416,0.7313888888888898,0.06708333333333388,161
3417,0.3364166666666678,1.4431666666666676,316
3418,0.02872222222222276,1.0624722222222238,211
3419,1.1379166666666685,-0.17294444444444318,161
3420,0.16819444444444587,1.4054166666666676,211
3421,0.8644444444444455,-0.16958333333333286,161
3422,-0.11955555555555464,0.9041666666666682,211
3423,0.9699722222222227,0.008027777777778966,161
3424,0.8208611111111122,-0.17111111111111077,161
3425,0.6845000000000006,-0.1157222222222209,161
3426,1.1838888888888899,0.31083333333333485,214
3427,1.0098611111111115,0.007361111111111707,161
3428,0.9165277777777788,-0.10005555555555479,161
3429,0.16750000000000087,1.4205277777777785,211
3430,1.0209722222222233,-0.28666666666666535,161
3431,-0.16238888888888758,1.0165555555555563,211
3432,0.9647222222222228,-0.06499999999999884,161
3433,0.6106944444444468,1.5934722222222235,316
3434,0.901722222222223,0.038333333333333885,161
3435,0.2046944444444455,1.2505833333333345,211
3436,0.3794166666666692,1.009027777777779,211
3437,1.0258333333333345,0.038388888888889916,161
3438,0.2772222222222238,1.3810833333333354,211
3439,0.5201666666666679,1.2730833333333345,316
3440,0.45750000000000135,1.2134722222222238,211
3441,1.0515277777777785,-0.06624999999999909,161
3442,0.7711944444444452,-0.12152777777777707,161
3443,0.2482777777777787,1.4255555555555575,316
3444,0.004361111111111149,1.1129166666666686,211
3445,0.9184722222222227,0.06680555555555656,161
3446,0.816916666666667,-0.14069444444444318,161
3447,0.7840277777777789,0.5026388888888902,214
3448,1.1058333333333348,0.05708333333333493,214
3449,0.058722222222223674,0.9183333333333344,211
3450,1.179194444444446,0.16061111111111326,214
3451,1.047083333333335,-0.12652777777777624,161
3452,0.2837500000000017,1.2162499999999994,211
3453,0.18677777777777838,1.0630277777777786,211
3454,0.9466666666666668,0.1341666666666681,161
3455,0.8173611111111114,-0.19666666666666605,161
3456,0.49413888888889024,1.451000000000001,316
3457,0.4173611111111113,1.4434722222222236,211
3458,0.4441666666666684,1.3514166666666676,316
3459,0.4910277777777792,1.1243055555555563,211
3460,0.4670000000000024,1.8003055555555587,316
3461,0.3646111111111129,1.441972222222224,316
3462,4.657555555555563,1.1999722222222249,649
3463,0.44913888888889064,0.9035833333333346,211
3464,0.347305555555557,1.5730277777777797,316
3465,0.5919444444444466,0.9792222222222232,211
3466,0.7004166666666671,-0.24416666666666575,161
3467,0.22750000000000115,1.2973611111111123,211
3468,0.535638888888891,1.5952222222222243,316
3469,0.02719444444444452,1.2622222222222232,211
3470,0.5329444444444461,1.6457222222222236,316
3471,0.9388888888888896,-0.06249999999999889,161
3472,0.30327777777777876,1.2858333333333345,316
3473,0.08813888888888977,1.161944444444446,211
3474,1.4922222222222237,-0.08074999999999921,214
3475,0.7781944444444454,-0.1409999999999989,214
3476,0.3775555555555573,1.3194444444444462,211
3477,0.12497222222222404,1.387500000000001,211
3478,1.1034722222222224,0.43472222222222334,214
3479,0.048333333333335116,1.2551388888888906,211
3480,3.0441944444444475,1.9331388888888916,649
3481,3.258250000000005,2.323861111111115,649
3482,0.9337222222222237,-0.15430555555555464,161
3483,0.9408333333333336,-0.010416666666666297,161
3484,0.017333333333334977,1.2477777777777788,211
3485,1.0002500000000007,-0.11147222222222086,161
3486,-0.10444444444444412,1.2251388888888894,211
3487,1.0841666666666674,-0.1252499999999992,214
3488,0.1823611111111123,1.2100000000000015,211
3489,0.48555555555555663,1.2818055555555568,211
3490,0.7943055555555565,0.1254166666666674,161
3491,0.8164166666666678,0.35372222222222394,214
3492,-0.003027777777776408,1.1405555555555555,211
3493,-0.07686111111111016,1.4389444444444457,211
3494,0.9025000000000005,0.07438888888888984,161
3495,0.8162222222222228,-0.21541666666666637,161
3496,0.8616666666666678,0.22291666666666798,161
3497,1.1212777777777783,0.33500000000000185,214
3498,0.048722222222223555,1.0011111111111113,211
3499,0.2809166666666686,1.3143055555555572,316
3500,0.009722222222223409,0.9832777777777788,211
3501,1.115194444444446,0.05797222222222409,214
3502,0.9022222222222229,-0.153749999999999,161
3503,0.23305555555555701,1.2851388888888902,211
3504,0.3036111111111126,1.3124444444444454,211
3505,0.9643055555555564,-0.1605555555555549,161
3506,0.10552777777777878,1.0010833333333338,211
3507,0.35902777777777806,0.7550000000000012,211
3508,1.1130555555555568,-0.19305555555555498,161
3509,0.17147222222222303,0.980444444444446,211
3510,0.2915555555555578,1.4585555555555565,316
3511,0.8230555555555561,-0.21344444444444416,161
3512,0.0712222222222233,1.0345555555555568,211
3513,0.3370000000000023,1.3943888888888918,316
3514,1.4456111111111125,0.10263888888888995,214
3515,0.14413888888888982,1.0884722222222223,211
3516,1.0363055555555563,0.22688888888889003,214
3517,1.0988055555555563,0.07872222222222303,214
3518,0.8817222222222234,0.037138888888890165,161
3519,0.10275000000000112,0.7496388888888894,211
3520,0.805972222222223,-0.06986111111110982,161
3521,0.12972222222222363,1.4022222222222236,211
3522,1.115277777777779,0.5933333333333348,214
3523,0.9287222222222229,-0.06266666666666593,161
3524,0.9814444444444457,0.3444722222222245,214
3525,1.101527777777779,-0.19597222222222077,161
3526,1.0551111111111124,0.5893333333333345,214
3527,0.9090000000000005,-0.26349999999999923,161
3528,-0.056805555555554776,1.2488888888888898,211
3529,0.977722222222223,-0.08263888888888865,161
3530,1.092916666666668,-0.25016666666666654,161
3531,0.9130555555555568,-0.06458333333333299,161
3532,0.2056944444444463,1.274305555555557,211
3533,0.9528888888888902,-0.2205833333333327,161
3534,1.1223611111111125,-0.06722222222222163,161
3535,0.1895833333333351,1.1726388888888897,211
3536,1.3851388888888903,-0.07527777777777656,214
3537,0.49488888888889104,1.349083333333335,316
3538,0.9663611111111123,0.014638888888889923,161
3539,1.4456944444444464,-0.12833333333333163,214
3540,0.36000000000000165,1.6284722222222237,211
3541,0.7086111111111115,-0.12930555555555473,161
3542,0.3383333333333347,1.4734444444444457,211
3543,-0.11113888888888745,1.3628055555555563,211
3544,1.2681111111111134,0.045194444444445536,214
3545,1.0979166666666682,-0.19972222222222114,161
3546,0.7829166666666678,-0.1587499999999984,161
3547,1.254083333333335,0.1456111111111119,214
3548,3.885472222222225,2.2142500000000025,649
3549,0.5366666666666676,1.3204166666666692,316
3550,0.9838888888888888,-0.17555555555555474,161
3551,1.36902777777778,0.6388888888888904,214
3552,1.1545833333333348,-0.09111111111111003,161
3553,0.3397222222222236,1.3253888888888903,211
3554,1.0370555555555565,-0.17480555555555488,161
3555,0.8359722222222237,-0.17402777777777756,161
3556,0.33136111111111277,0.9534722222222228,211
3557,0.3279166666666682,1.564444444444446,211
3558,0.4865277777777798,1.3158333333333343,211
3559,1.1879166666666678,0.03277777777777813,161
3560,0.1391388888888898,1.0477777777777777,211
3561,0.289027777777778,1.275694444444446,211
3562,0.7923611111111121,-0.15972222222222132,161
3563,-0.0821944444444439,1.378472222222224,211
3564,0.41016666666666735,1.3224444444444456,316
3565,1.0229166666666676,-0.10122222222222166,161
3566,0.21500000000000175,1.0015555555555566,211
3567,1.4472222222222246,0.17041666666666755,214
3568,0.8537500000000006,0.22055555555555684,214
3569,0.74013888888889,-0.2137499999999991,161
3570,-0.06777777777777716,0.8377222222222233,211
3571,-0.16319444444444364,1.3998611111111132,211
3572,1.2459444444444467,0.1113611111111118,161
3573,0.9500000000000013,-0.03636111111111007,214
3574,0.870833333333334,-0.05522222222222106,161
3575,0.5476388888888901,1.0680555555555564,211
3576,0.6144722222222236,1.4505555555555567,316
3577,0.29705555555555757,1.3846944444444453,316
3578,0.96,-0.13586111111110977,161
3579,0.9645833333333342,0.06444444444444569,161
3580,3.483416666666671,2.415611111111115,649
3581,0.9219444444444451,-0.19847222222222133,161
3582,-0.18555555555555425,1.1621111111111124,211
3583,0.9370833333333337,-0.4088888888888883,161
3584,0.26472222222222386,1.3923611111111125,211
3585,0.1110833333333342,1.1688888888888906,211
3586,0.6088611111111131,1.5002222222222243,316
3587,4.036333333333338,1.9329166666666708,649
3588,0.2238611111111123,0.9833055555555564,211
3589,1.07652777777778,0.5666666666666684,214
3590,1.0315277777777796,-0.2938888888888881,161
3591,1.3529166666666679,0.08111111111111236,214
3592,1.0668611111111126,-0.11858333333333271,214
3593,1.2830277777777797,0.04205555555555651,161
3594,0.17119444444444554,1.2166666666666677,211
3595,0.5725000000000002,0.002222222222222847,161
3596,0.10233333333333428,1.3395555555555574,211
3597,0.5299444444444456,1.6209722222222231,316
3598,0.39458333333333473,0.9047222222222228,211
3599,0.5272222222222246,1.1023888888888902,211
3600,0.5933333333333342,1.3473611111111112,211
3601,0.33722222222222364,1.5513055555555564,316
3602,0.9138611111111118,-0.0011111111111097305,161
3603,0.4352777777777801,1.1981944444444448,211
3604,0.7902777777777786,-0.09666666666666562,161
3605,-0.04402777777777711,1.0579166666666675,211
3606,0.28347222222222257,0.9466388888888903,211
3607,1.1491388888888903,0.015027777777778972,161
3608,-0.20605555555555488,1.139166666666668,211
3609,0.9645833333333347,-0.13877777777777672,161
3610,0.8413611111111117,-0.018777777777777116,161
3611,1.075166666666668,-0.07774999999999921,214
3612,0.03819444444444553,1.1837500000000019,211
3613,0.5748888888888901,1.5360277777777789,316
3614,0.9461111111111116,-0.048888888888888316,161
3615,0.36277777777777953,1.0706388888888902,211
3616,1.1843055555555568,-0.06305555555555392,161
3617,1.487777777777778,-0.17736111111111097,161
3618,0.543333333333335,1.6308611111111135,316
3619,4.378722222222232,5.128472222222221,1184
3620,0.11486111111111208,1.0186111111111127,211
3621,0.7209722222222223,-0.09972222222222155,161
3622,1.3886666666666683,0.25936111111111204,214
3623,0.8029166666666674,-0.06916666666666538,161
3624,0.431416666666669,1.5198611111111135,316
3625,0.12597222222222382,0.6451388888888901,211
3626,1.0980833333333342,0.05627777777777887,214
3627,0.48527777777777903,1.4080833333333354,316
3628,0.9888611111111116,0.3025000000000019,161
3629,1.1001666666666678,0.36086111111111174,214
3630,0.4559722222222248,0.8621944444444455,211
3631,0.39680555555555763,1.247361111111112,211
3632,0.1481944444444454,0.9823333333333351,211
3633,1.011916666666668,-0.34355555555555456,161
3634,1.0619166666666686,0.033888888888889634,161
3635,1.0465277777777784,-0.21680555555555475,161
3636,0.7518333333333339,0.007472222222223768,161
3637,0.15486111111111212,0.9905555555555562,211
3638,0.16875000000000084,0.9862500000000008,211
3639,0.982222222222223,-0.1086111111111101,161
3640,4.145083333333339,3.1331111111111167,650
3641,0.9820833333333343,-0.2923611111111105,161
3642,0.20208333333333428,0.9023611111111121,211
3643,0.34263888888888994,1.1411111111111125,211
3644,0.08708333333333462,0.8303333333333341,211
3645,0.2726944444444461,1.624666666666667,316
3646,0.7198611111111122,-0.04111111111111049,161
3647,0.9997222222222228,0.22263888888888983,161
3648,0.16488888888889008,1.4451388888888905,316
3649,0.574555555555556,1.3766388888888899,316
3650,0.8825000000000011,0.13500000000000112,161
3651,0.29416666666666824,1.1025000000000011,211
3652,0.839972222222223,-0.009194444444443506,161
3653,1.0109722222222235,-0.12486111111111003,161
3654,0.8131111111111116,-0.0033333333333324666,161
3655,0.32652777777777797,1.4296666666666673,316
3656,0.27958333333333485,1.1173611111111128,211
3657,1.0262222222222226,0.06986111111111187,161
3658,1.2613055555555577,0.5314444444444469,214
3659,-0.030972222222220847,1.340833333333335,211
3660,0.022916666666667806,1.1493055555555567,211
3661,-0.031111111111109757,1.1894444444444452,211
3662,1.048027777777779,0.08177777777777911,161
3663,1.01888888888889,-0.02111111111110997,161
3664,0.8733333333333346,-0.12322222222222123,161
3665,0.9815833333333338,0.008472222222222547,161
3666,0.9686111111111113,0.2059722222222231,161
3667,1.2890277777777785,-0.08958333333333257,214
3668,0.12555555555555675,0.7260833333333344,211
3669,4.020972222222228,3.170000000000006,649
3670,0.07750000000000201,1.3400000000000012,211
3671,3.095166666666671,2.242500000000005,649
3672,1.0044166666666676,0.025666666666668336,161
3673,0.5745833333333351,1.2953055555555575,316
3674,0.346666666666668,1.2489722222222224,316
3675,1.134305555555557,0.01805555555555627,161
3676,0.84863888888889,-0.16349999999999876,161
3677,1.0280555555555568,-0.02722222222222148,161
3678,0.7684166666666667,0.06347222222222315,161
3679,0.21858333333333435,0.7981944444444447,211
3680,1.0386111111111123,0.04186111111111168,161
3681,1.3548888888888906,0.4015833333333343,214
3682,1.1229722222222236,0.3179444444444457,214
3683,0.0731111111111119,1.2839166666666681,211
3684,3.2780833333333366,2.422555555555557,649
3685,1.2418055555555556,0.05750000000000077,214
3686,1.1728333333333347,-0.171222222222222,161
3687,0.8727777777777785,0.30180555555555744,161
3688,0.20736111111111244,0.6918055555555558,211
3689,1.037888888888889,0.08375000000000132,161
3690,4.671583333333336,2.154166666666664,655
3691,0.8684444444444456,0.059888888888889436,161
3692,0.19291666666666718,1.1881944444444452,211
3693,1.109555555555556,0.09138888888888985,161
3694,0.11527777777777826,1.1893055555555565,211
3695,-0.046805555555554545,1.0541666666666683,211
3696,0.693194444444445,0.09986111111111212,161
3697,0.23972222222222295,1.6334444444444456,316
3698,0.019638888888890205,1.2529166666666676,211
3699,0.9491666666666678,-0.0947499999999995,161
3700,4.0178333333333365,2.3246666666666744,649
3701,0.018750000000001044,1.3227777777777792,211
3702,0.9188055555555564,-0.09138888888888819,161
3703,0.6463888888888913,2.214861111111112,316
3704,0.04861111111111116,1.0072777777777788,211
3705,1.098194444444446,0.3950000000000007,214
3706,0.8458333333333337,-0.23186111111111013,161
3707,3.6377222222222265,2.1276388888888924,649
3708,0.0858333333333352,1.439583333333335,211
3709,0.04011111111111265,1.08788888888889,211
3710,1.2188888888888898,0.33097222222222333,214
3711,0.3019166666666677,0.9509444444444453,211
3712,0.29791666666666694,1.0780555555555558,211
3713,1.0644166666666681,-0.519333333333333,161
3714,-0.0027777777777767687,1.2483333333333335,211
3715,1.0761388888888903,0.3150000000000016,161
3716,1.305611111111113,0.1095555555555563,161
3717,0.8837500000000005,0.004972222222222822,161
3718,0.5702777777777803,1.3482500000000015,316
3719,0.9937500000000011,-0.13902777777777703,161
3720,0.8198611111111119,-0.20030555555555496,161
3721,1.0193055555555564,-0.08944444444444294,161
3722,-0.0945833333333328,1.0523055555555565,211
3723,3.7765833333333347,2.6024722222222296,649
3724,1.088750000000002,0.079583333333334,214
3725,1.3705555555555564,0.39333333333333487,214
3726,0.31675000000000086,1.317333333333334,316
3727,0.9301388888888903,-0.06733333333333213,161
3728,1.0376388888888897,0.18541666666666712,214
3729,0.1598333333333346,1.2184722222222233,211
3730,0.7355555555555566,0.18541666666666778,161
3731,0.8353888888888903,-0.05966666666666548,161
3732,0.42805555555555763,1.3403888888888902,316
3733,-0.026833333333333043,0.8125555555555561,211
3734,0.5286944444444456,1.530944444444445,316
3735,0.8346944444444457,-0.14327777777777645,161
3736,0.2992777777777794,1.3634444444444451,211
3737,0.9670833333333347,-0.0704166666666664,161
3738,1.1916666666666673,0.17152777777777883,214
3739,3.350972222222224,2.5282222222222273,649
3740,0.3823055555555571,1.286472222222224,316
3741,1.1607222222222227,0.010388888888889891,161
3742,1.0656666666666683,-0.22530555555555504,161
3743,0.038666666666667404,1.0580555555555566,211
3744,1.3361111111111115,-0.12322222222222079,214
3745,0.2995833333333353,1.161250000000001,211
3746,0.35983333333333367,0.8809444444444458,211
3747,0.24766666666666737,1.3770555555555566,211
3748,-0.09433333333333216,1.079000000000001,211
3749,0.9402777777777793,0.23791666666666778,214
3750,0.9866666666666672,0.3022222222222237,214
3751,0.25263888888889063,0.932916666666667,211
3752,0.9015277777777795,-0.11249999999999871,161
3753,4.349194444444446,2.047000000000003,655
3754,0.24638888888889043,1.1200000000000014,211
3755,0.3007222222222249,1.3674444444444458,316
3756,0.25297222222222304,1.3366666666666682,211
3757,-0.12236111111110981,1.1387500000000015,211
3758,0.09791666666666776,1.3102777777777785,211
3759,0.5632777777777792,1.479972222222225,316
3760,0.34625000000000217,1.3920277777777794,316
3761,0.5576388888888905,0.728,211
3762,1.310722222222223,0.06030555555555639,214
3763,0.8416666666666673,-0.24849999999999905,161
3764,0.2293333333333356,1.7001388888888913,316
3765,1.6031944444444453,0.4416666666666682,214
3766,0.7324722222222233,-0.14188888888888823,161
3767,0.4053888888888897,1.0772222222222239,211
3768,1.1176388888888895,-0.24347222222222076,161
3769,-0.09013888888888755,1.3423611111111118,211
3770,0.038166666666668014,1.1776111111111125,211
3771,1.296555555555557,0.20130555555555674,214
3772,3.8946111111111117,2.228305555555559,649
3773,0.7226944444444449,-0.25797222222222116,161
3774,1.0208333333333341,-0.25777777777777716,161
3775,-0.018194444444443958,1.1168055555555565,211
3776,0.6656666666666691,1.3933055555555565,316
3777,0.888472222222223,-0.00874999999999887,161
3778,0.975583333333334,0.20166666666666822,161
3779,3.248888888888895,2.0986944444444453,651
3780,0.9006944444444452,-0.028361111111110504,161
3781,0.17652777777777806,1.024777777777779,211
3782,1.0078333333333345,0.32213888888889075,214
3783,0.9714444444444459,0.46177777777777895,214
3784,0.8311111111111118,0.046666666666667744,161
3785,0.425722222222223,1.2880833333333346,316
3786,0.3703333333333353,1.1477777777777782,211
3787,0.6033055555555576,1.475388888888891,211
3788,-0.046694444444443706,1.1386111111111126,211
3789,0.3673055555555551,1.599194444444446,316
3790,0.5415000000000013,1.3296111111111129,316
3791,1.435277777777779,-0.005416666666665626,214
3792,0.20983333333333465,0.9444444444444444,211
3793,0.9556944444444452,-0.1834722222222216,161
3794,0.30708333333333593,1.3052777777777795,211
3795,0.7722222222222228,0.1635833333333348,161
3796,1.2406944444444448,0.15347222222222334,214
3797,0.4558333333333351,1.064694444444445,211
3798,0.01052777777777858,1.2191666666666674,211
3799,0.8862500000000009,0.1491666666666679,161
3800,0.01125000000000076,0.9953888888888897,211
3801,0.438888888888891,1.3610833333333345,316
3802,1.4422222222222227,-0.01027777777777672,214
3803,1.0934444444444453,0.21069444444444552,214
3804,8.892555555555559,11.559638888888903,1777
3805,0.7312500000000004,0.009555555555556206,161
3806,0.25788888888888983,1.3096944444444456,316
3807,0.8344444444444445,-0.14319444444444324,161
3808,0.4713888888888905,1.1811111111111123,316
3809,1.36738888888889,0.20294444444444548,214
3810,-0.2011666666666656,1.4329166666666677,211
3811,0.1627500000000004,0.7742222222222233,211
3812,0.22719444444444648,1.1339444444444444,211
3813,0.07133333333333414,1.3624722222222232,316
3814,5.192416666666668,3.4860277777777697,906
3815,0.7096111111111116,-0.014166666666665884,214
3816,0.09316666666666817,1.0959444444444455,211
3817,1.079583333333334,0.2665277777777787,214
3818,-0.13083333333333214,0.8395000000000009,211
3819,0.022361111111112164,1.095138888888889,211
3820,0.987222222222223,-0.11961111111110945,161
3821,0.8940555555555558,-0.15763888888888838,161
3822,0.2685555555555573,1.1691666666666682,316
3823,0.16986111111111113,0.9568055555555562,211
3824,1.1179166666666671,-0.22344444444444334,214
3825,0.911666666666667,-0.05388888888888821,161
3826,4.433861111111116,1.9240277777777814,649
3827,0.3231944444444441,1.2233333333333345,211
3828,1.2915833333333346,0.05997222222222376,214
3829,0.8105555555555567,0.023027777777778424,161
3830,1.2349444444444464,0.07761111111111285,214
3831,1.0541666666666676,0.19319444444444633,161
3832,0.01666666666666783,1.2754166666666684,211
3833,1.1608333333333345,0.059027777777779455,214
3834,0.870000000000001,0.01666666666666783,161
3835,1.0586111111111125,-0.2141666666666664,161
3836,-0.29194444444444356,1.3394444444444458,211
3837,0.525944444444445,1.475555555555557,211
3838,1.0583333333333338,-0.105833333333333,161
3839,3.1581388888888884,1.848388888888891,649
3840,0.8838888888888901,-0.015138888888887814,161
3841,0.8078888888888895,0.00677777777777866,161
3842,0.841166666666668,-0.1954166666666654,161
3843,0.7977777777777784,-0.16972222222222189,161
3844,0.21097222222222267,1.2241666666666677,211
3845,1.1335277777777795,0.01572222222222386,214
3846,-0.1985277777777773,1.1295555555555563,211
3847,0.43436111111111253,1.264722222222223,211
3848,0.9073611111111121,0.13819444444444545,161
3849,3.892777777777779,3.8158333333333374,750
3850,0.13541666666666807,1.236527777777779,211
3851,1.1041666666666679,0.031944444444445275,161
3852,0.9278888888888899,-0.271972222222222,161
3853,0.524138888888891,1.4470555555555578,316
3854,0.8623611111111119,-0.183888888888888,161
3855,1.1719444444444456,-0.2252777777777774,161
3856,0.23450000000000182,1.2316666666666676,211
3857,1.1393333333333338,0.14169444444444612,214
3858,-0.10305555555555423,1.1955555555555564,211
3859,1.1712777777777794,0.10838888888889042,214
3860,0.4226388888888909,1.1202777777777786,211
3861,0.4473611111111121,1.495083333333335,316
3862,0.7855277777777787,-0.10855555555555507,161
3863,0.6008333333333347,1.0698611111111125,211
3864,0.1568055555555573,1.134861111111112,211
3865,0.6028888888888914,1.4667500000000029,316
3866,0.2831944444444464,1.2165000000000008,211
3867,0.4431944444444461,1.309444444444445,211
3868,1.1718055555555564,-0.2151944444444432,161
3869,0.8973611111111117,0.1284722222222232,161
3870,0.2600277777777792,1.2959444444444463,316
3871,-0.03763888888888789,1.1111111111111125,211
3872,0.2577777777777791,1.6404166666666695,316
3873,0.8306388888888897,0.0659444444444457,214
3874,1.0041388888888896,-0.12008333333333199,161
3875,8.597500000000007,6.307833333333336,1517
3876,1.0022222222222237,0.13222222222222357,161
3877,2.6391944444444455,1.4983333333333357,465
3878,-0.30116666666666625,1.1212500000000007,211
3879,3.326222222222227,2.303750000000003,649
3880,3.207388888888889,2.042694444444451,649
3881,1.1250000000000004,-0.05444444444444285,161
3882,0.8131944444444454,0.0038888888888897744,161
3883,0.28338888888889,1.307083333333335,211
3884,0.688750000000001,-0.11791666666666595,161
3885,1.2980555555555575,-0.08449999999999824,214
3886,3.550138888888892,1.924388888888893,649
3887,1.1878055555555578,0.3928333333333349,214
3888,1.1454166666666685,0.4088888888888904,214
3889,1.3381944444444445,0.053611111111112164,214
3890,0.8545833333333339,0.01569444444444551,161
3891,0.001500000000000723,1.2644444444444456,211
3892,0.0687222222222239,1.725416666666667,316
3893,1.1250000000000007,0.13944444444444515,161
3894,-0.07458333333333267,1.334861111111112,211
3895,1.1644444444444457,0.07130555555555695,214
3896,1.1850555555555569,-0.13916666666666594,161
3897,0.16986111111111202,1.170416666666667,211
3898,2.864861111111115,1.583972222222226,552
3899,-0.08249999999999935,0.9679166666666674,211
3900,0.4337500000000021,0.8719444444444449,211
3901,0.8598333333333338,0.0610277777777779,161
3902,1.0933888888888892,0.016083333333334393,161
3903,1.3615277777777797,0.023750000000000826,214
3904,-0.07305555555555421,1.1079166666666678,211
3905,2.6198055555555597,1.3665000000000016,465
3906,1.181777777777779,-0.10169444444444331,161
3907,0.973055555555556,-0.2805555555555548,161
3908,0.7697222222222224,-0.09208333333333252,161
3909,1.033611111111112,-0.10702777777777706,214
3910,0.5917500000000021,1.6899722222222233,316
3911,0.9561111111111111,-0.3399999999999998,161
3912,0.9910277777777796,0.4428055555555561,214
3913,0.9495833333333343,0.2526388888888904,214
3914,1.143611111111112,-0.11836111111111047,161
3915,3.4025555555555567,1.963750000000005,649
3916,0.29847222222222314,1.138333333333334,211
3917,0.8113888888888894,-0.1647222222222215,161
3918,0.7769166666666678,0.11955555555555603,161
3919,0.07250000000000134,1.5091666666666679,211
3920,0.8261111111111124,0.01152777777777958,161
3921,0.9327500000000015,-0.2086111111111107,161
3922,0.2943055555555568,1.209500000000002,211
3923,4.446027777777781,1.5965277777777802,649
3924,-0.19474999999999898,0.9083888888888898,211
3925,0.23402777777777983,1.2722500000000017,316
3926,6.80150000000001,4.6400277777777905,1184
3927,0.27177777777777967,1.037000000000001,211
3928,-0.03527777777777685,1.5026388888888897,211
3929,0.49161111111111333,1.4357222222222241,316
3930,1.0881944444444456,-0.18652777777777696,161
3931,1.5434722222222232,0.5308333333333346,214
3932,-0.027805555555554085,1.414416666666668,211
3933,1.003888888888889,-0.14788888888888813,161
3934,1.4037500000000016,-0.09908333333333219,214
3935,1.2469444444444469,0.005416666666667791,161
3936,0.8384444444444454,0.043472222222223245,161
3937,1.3653055555555562,-0.23188888888888826,214
3938,0.7586111111111122,-0.030833333333332102,161
3939,0.36763888888889007,1.4485000000000012,316
3940,0.5973888888888895,0.035972222222223016,161
3941,1.0037500000000013,-0.2520833333333326,161
3942,1.0082500000000014,-0.039666666666665296,161
3943,0.2671111111111134,1.7508333333333344,316
3944,1.059166666666668,0.2623611111111136,214
3945,0.17055555555555624,0.9923888888888895,211
3946,0.027694444444445132,1.4690277777777785,211
3947,0.08319444444444535,1.1216666666666688,211
3948,1.16463888888889,0.10630555555555654,214
3949,0.957222222222223,-0.1806944444444437,161
3950,1.222083333333335,0.35625000000000095,214
3951,0.39736111111111294,1.478194444444446,316
3952,1.0766666666666669,-0.16111111111111004,161
3953,0.8253888888888896,-0.21724999999999955,161
3954,3.182527777777778,1.9252500000000015,552
3955,1.065833333333334,-0.0019444444444438047,161
3956,3.5460277777777796,2.515277777777783,649
3957,0.3975277777777788,1.4198888888888905,316
3958,5.748611111111123,6.629750000000006,1184
3959,1.0021111111111114,0.3689444444444452,214
3960,0.15625000000000133,1.1973611111111122,211
3961,0.16172222222222343,0.6803055555555559,211
3962,0.1040277777777796,1.0818055555555566,211
3963,0.8784722222222231,-0.06513888888888786,161
3964,3.902972222222224,2.3194166666666662,649
3965,0.4754166666666674,1.4730555555555567,316
3966,0.8365277777777781,-0.2026111111111099,161
3967,0.3079166666666683,1.2610833333333356,316
3968,1.1729166666666684,0.23861111111111255,214
3969,0.9069166666666674,-0.25230555555555495,161
3970,0.4036666666666686,1.7624166666666674,316
3971,0.8554166666666669,-0.16777777777777642,161
3972,0.676250000000001,-0.016944444444443985,161
3973,1.1168055555555565,-0.006666666666665821,161
3974,1.1345833333333348,0.15361111111111192,161
3975,0.13922222222222325,1.3245555555555582,211
3976,0.8653333333333343,-0.12016666666666559,161
3977,1.0908333333333342,0.268333333333334,214
3978,1.0070833333333347,-0.2029722222222214,161
3979,0.07430555555555673,1.1808333333333354,211
3980,1.6620833333333347,0.14291666666666702,214
3981,0.2648333333333349,1.2324722222222229,316
3982,1.0698611111111123,0.028861111111111892,161
3983,-0.0915833333333328,0.9931944444444449,211
3984,3.275555555555554,2.0941944444444456,651
3985,0.18566666666666742,1.2330555555555562,316
3986,0.4322222222222236,1.2289722222222235,316
3987,0.4998333333333358,1.3545555555555575,316
3988,1.2268055555555564,0.06572222222222313,161
3989,0.9008333333333338,-0.20333333333333253,161
3990,0.01805555555555627,1.34513888888889,211
3991,1.5737500000000015,0.22305555555555656,214
3992,0.6769166666666677,-0.1296111111111099,161
3993,3.4450833333333373,2.122305555555558,649
3994,1.4371111111111132,0.03894444444444556,214
3995,0.05788888888888921,1.0809444444444454,211
3996,0.37611111111111206,1.1819444444444456,211
3997,0.47880555555555626,1.504444444444446,316
3998,1.374722222222223,0.17000000000000115,214
3999,0.16888888888888987,1.2393055555555572,211
4000,0.9402777777777789,0.23833333333333462,161
4001,0.804722222222223,-0.19444444444444342,161
4002,0.3769444444444461,1.3190000000000015,211
4003,4.105333333333336,2.15791666666667,649
4004,0.7305277777777787,0.024138888888890597,161
4005,3.788972222222224,2.173638888888892,649
4006,0.1706666666666673,1.0515277777777787,211
4007,1.0832222222222239,0.19233333333333547,214
4008,0.5475833333333339,1.652444444444446,316
4009,-0.08736111111111022,1.3006944444444457,211
4010,-0.11241666666666539,1.0334444444444455,211
4011,0.4703888888888904,1.6744722222222244,316
4012,4.024111111111119,3.092305555555561,649
4013,0.27416666666666767,0.9433333333333338,211
4014,0.11763888888889007,1.0747222222222226,211
4015,0.5065277777777795,1.0483333333333338,211
4016,0.11986111111111286,1.1945833333333344,211
4017,0.7775000000000007,0.04208333333333436,161
4018,0.4385000000000008,1.6118055555555568,316
4019,0.04291666666666771,1.0029166666666676,211
4020,-0.046694444444443595,1.24052777777778,211
4021,0.2445555555555573,1.1908611111111118,211
4022,0.9501666666666676,0.1109722222222238,161
4023,1.020805555555556,-0.15991666666666504,214
4024,0.35902777777777883,0.8776388888888899,211
4025,3.433250000000004,1.0856666666666692,552
4026,0.6971944444444456,-0.00652777777777741,161
4027,1.174305555555557,0.22125000000000095,214
4028,1.1293055555555567,0.05458333333333393,161
4029,0.015138888888890034,1.0556666666666685,211
4030,0.1158055555555565,1.0184722222222238,211
4031,0.430555555555556,1.4984722222222233,316
4032,1.0973611111111117,-0.03930555555555454,161
4033,0.41169444444444636,1.634194444444447,316
4034,1.0566666666666675,0.18416666666666692,161
4035,0.9492222222222234,0.07005555555555643,214
4036,-0.1340555555555547,1.4587222222222236,211
4037,1.1122500000000004,-0.02599999999999858,161
4038,4.945388888888896,0.9956944444444467,649
4039,0.193194444444446,1.0324722222222227,211
4040,0.818055555555557,-0.07513888888888753,161
4041,0.30361111111111294,0.8291388888888893,211
4042,0.42930555555555683,1.1963888888888896,211
4043,0.03483333333333549,1.31638888888889,211
4044,1.2348888888888894,0.14325000000000132,214
4045,0.1411111111111122,1.4205277777777794,211
4046,0.8701388888888899,-0.01736111111111055,161
4047,0.9416666666666679,-0.00305555555555459,214
4048,-0.19227777777777644,1.326805555555557,211
4049,0.8972222222222225,0.3279166666666682,161
4050,1.2405555555555563,0.3936111111111127,214
4051,0.05111111111111244,0.9023611111111118,211
4052,0.3175000000000011,1.2626111111111125,211
4053,1.2971388888888888,0.4893611111111127,214
4054,0.9519444444444444,-0.2637499999999985,161
4055,1.1220833333333349,0.32013888888888964,214
4056,0.9014444444444452,0.0864722222222225,161
4057,0.39311111111111274,1.2263611111111117,211
4058,0.053527777777778174,1.2816666666666676,211
4059,0.46388888888889035,1.2491388888888897,211
4060,0.27111111111111175,1.146166666666668,211
4061,0.9490000000000005,-0.19569444444444356,161
4062,0.8062500000000008,-0.09013888888888821,161
4063,0.17430555555555616,1.2225000000000006,211
4064,0.7272222222222227,-0.1212499999999993,161
4065,1.0293055555555564,-0.03499999999999903,161
4066,1.0960277777777794,1.513194444444447,316
4067,0.2863333333333341,1.0165277777777784,211
4068,0.9834444444444453,-0.15480555555555436,161
4069,0.7534722222222232,0.15997222222222351,161
4070,1.1811388888888903,-0.17508333333333248,214
4071,1.0694444444444458,-0.2501666666666657,161
4072,1.1326388888888905,0.4412500000000016,214
4073,5.029138888888889,6.628638888888896,1189
4074,-0.2506944444444432,1.0506666666666673,211
4075,1.1567777777777783,-0.05994444444444358,161
4076,0.394166666666668,1.1091666666666675,211
4077,1.011722222222223,0.22475000000000134,214
4078,0.9438055555555571,0.3793055555555567,214
4079,5.440111111111123,6.763416666666679,1187
4080,0.9104722222222229,-0.0925277777777771,214
4081,1.0967777777777785,-0.10152777777777688,161
4082,0.9717777777777787,-0.00013888888888780038,161
4083,0.4647222222222235,0.9461111111111112,211
4084,4.153527777777784,2.2412777777777837,649
4085,1.0511111111111129,0.0368055555555562,161
4086,0.9926111111111124,0.09361111111111214,161
4087,0.7127777777777782,-0.12916666666666538,161
4088,0.9041666666666675,-0.07599999999999929,161
4089,0.9206666666666677,-0.061277777777776765,161
4090,1.3735833333333347,0.10075000000000056,214
4091,0.7456111111111121,-0.10399999999999932,214
4092,1.3725000000000016,0.16972222222222366,214
4093,1.0120555555555568,-0.025499999999998413,214
4094,1.0635833333333338,-0.14286111111111044,161
4095,-0.16916666666666658,1.0148888888888896,211
4096,1.295972222222223,-0.012638888888887978,161
4097,0.36388888888889104,1.2377777777777785,211
4098,-0.16936111111111074,1.2094444444444454,211
4099,0.9279166666666674,-0.009305555555555678,161
4100,4.022055555555559,3.00116666666667,649
4101,0.08830555555555619,0.9803888888888901,211
4102,1.0669166666666678,0.047777777777778696,161
4103,0.36347222222222386,1.5236111111111126,316
4104,0.8470833333333344,-0.03430555555555509,161
4105,0.5764722222222247,1.2548333333333352,316
4106,1.1090277777777788,-0.0655555555555537,161
4107,0.9724722222222228,0.016250000000001097,161
4108,0.9594444444444452,-0.06041666666666573,161
4109,1.0587500000000012,-0.23277777777777703,161
4110,0.30486111111111214,0.9534722222222223,211
4111,0.07875000000000076,1.4536111111111125,211
4112,1.103222222222223,-0.11286111111111008,214
4113,1.4063888888888907,0.33388888888889023,214
4114,0.847222222222223,-0.33430555555555486,161
4115,1.083861111111112,-0.051944444444442794,161
4116,0.7406666666666677,0.05844444444444585,161
4117,1.2030555555555564,0.153333333333334,214
4118,0.951944444444445,0.031111111111111922,161
4119,0.20172222222222302,0.7453611111111126,211
4120,3.2490000000000006,2.236638888888893,552
4121,0.8292777777777791,-0.24763888888888846,161
4122,0.32847222222222405,0.9351666666666679,211
4123,0.10069444444444553,1.1388888888888897,211
4124,0.9984722222222225,0.03250000000000053,161
4125,0.49177777777777953,1.211416666666668,211
4126,0.9122222222222225,-0.0858611111111105,161
4127,0.9304166666666676,0.08638888888888929,161
4128,0.9733333333333343,-0.10236111111111124,161
4129,0.5548888888888894,1.5824444444444459,316
4130,0.5241666666666679,0.9094444444444454,211
4131,1.0306944444444461,-0.1937499999999997,161
4132,0.5632222222222242,1.532388888888891,316
4133,1.2336666666666678,0.16288888888888997,214
4134,1.3675000000000022,0.10083333333333433,214
4135,0.08152777777777886,1.1170833333333345,211
4136,0.24708333333333443,0.6915277777777783,211
4137,0.11869444444444555,1.3148611111111121,211
4138,0.5525000000000014,1.0775000000000001,211
4139,0.7706944444444448,-0.24344444444444374,161
4140,-0.10452777777777644,1.3615277777777792,211
4141,0.29125000000000134,1.2577500000000015,211
4142,1.1922500000000005,-0.09933333333333094,214
4143,0.385694444444446,1.2762222222222241,316
4144,1.2419444444444452,-0.13347222222222221,214
4145,0.2779166666666685,1.0836111111111122,211
4146,0.5329166666666686,1.597638888888891,316
4147,-0.003749999999999365,1.0777500000000015,211
4148,0.1754166666666681,1.0186111111111114,211
4149,1.0657222222222233,-0.13447222222222133,161
4150,-0.05277777777777737,0.8859722222222233,211
4151,3.228777777777778,1.680111111111114,649
4152,0.2641666666666679,1.4766666666666675,211
4153,0.9761666666666676,-0.18988888888888755,161
4154,1.217361111111113,0.1462500000000011,214
4155,1.1109722222222231,-0.117499999999999,161
4156,-0.024555555555554442,0.8958055555555569,211
4157,0.5380555555555571,1.4700277777777782,316
4158,0.13966666666666794,0.9613611111111123,211
4159,1.2520000000000013,0.06327777777777865,214
4160,0.1846944444444455,1.3517222222222245,211
4161,0.1684722222222237,1.2283333333333342,211
4162,1.261194444444445,0.1913888888888896,214
4163,0.3000000000000015,1.3779166666666685,211
4164,0.24997222222222337,1.276527777777779,211
4165,0.1308333333333339,0.7911944444444443,211
4166,0.3880555555555574,1.591555555555559,316
4167,0.2630000000000017,1.0715277777777779,211
4168,-0.18913888888888852,1.0758055555555572,211
4169,0.2630555555555568,1.2129166666666675,211
4170,0.4512500000000008,1.2302777777777791,211
4171,1.044472222222222,0.02572222222222309,214
4172,0.8886111111111117,-0.02666666666666656,161
4173,0.8153055555555564,0.17322222222222416,214
4174,0.9653888888888904,-0.08197222222222161,161
4175,1.0061388888888896,-0.041249999999999454,161
4176,0.9278888888888901,-0.3132222222222213,161
4177,0.9251388888888895,0.030277777777778403,161
4178,0.15847222222222368,1.2659722222222243,211
4179,3.459777777777782,1.852472222222225,649
4180,0.7769444444444458,-0.02763888888888827,161
4181,0.803083333333334,0.12100000000000144,161
4182,0.3165555555555569,0.9794166666666676,211
4183,0.9515277777777784,-0.12430555555555434,161
4184,0.3708333333333347,1.4409722222222234,211
4185,0.1844444444444454,0.9629166666666679,211
4186,1.0344166666666668,-0.21541666666666565,161
4187,0.8068055555555562,-0.09069444444444397,161
4188,1.0788611111111122,-0.026249999999998996,161
4189,0.23541666666666727,0.8818055555555566,211
4190,0.8868055555555567,-0.09736111111110984,161
4191,0.03916666666666757,1.7945833333333345,316
4192,0.3618055555555567,1.463750000000002,211
4193,4.251972222222233,5.7833888888888945,1184
4194,0.06791666666666751,1.3319444444444453,211
4195,0.4438333333333354,1.7125555555555574,316
4196,1.0127777777777789,-0.25583333333333264,161
4197,1.204722222222224,0.21208333333333496,214
4198,1.3418611111111127,0.0910833333333344,214
4199,0.9791666666666673,-0.22527777777777647,161
4200,-0.17488888888888832,1.026250000000001,211
4201,0.03152777777777904,1.1705555555555571,211
4202,-0.03138888888888813,1.2456944444444453,211
4203,0.1525000000000014,1.4481944444444466,211
4204,1.0815833333333331,0.22475000000000134,214
4205,0.8517500000000012,-0.14836111111111078,161
4206,1.0289444444444449,0.23491666666666844,214
4207,1.2116666666666682,0.11388888888888982,214
4208,3.443888888888891,2.979694444444445,651
4209,0.282472222222224,1.3673333333333346,211
4210,1.5000000000000018,0.4176388888888902,214
4211,0.1673333333333351,0.9401944444444444,211
4212,0.13791666666666835,0.9973611111111125,211
4213,0.6741666666666672,0.16055555555555656,161
4214,0.1450555555555565,1.288027777777779,211
4215,0.4113055555555568,1.3240277777777798,211
4216,1.5540277777777796,0.4890277777777794,214
4217,4.488305555555564,3.3848611111111166,654
4218,1.132777777777778,-0.06813888888888786,161
4219,0.84125,0.2856944444444459,214
4220,-0.06374999999999886,0.9052777777777784,211
4221,0.22111111111111248,1.0198611111111116,211
4222,-0.008611111111109904,1.2398611111111122,211
4223,0.424861111111113,0.8950000000000008,211
4224,4.584500000000004,1.953027777777778,655
4225,0.7287500000000005,-0.014861111111110215,161
4226,0.9375555555555568,-0.34327777777777696,161
4227,0.8309722222222222,-0.1219444444444433,161
4228,0.22902777777777805,1.2413055555555563,211
4229,0.17030555555555682,2.024305555555557,316
4230,0.7922500000000007,-0.07630555555555485,161
4231,0.05291666666666839,1.0286111111111118,211
4232,1.0644444444444456,0.3818055555555564,214
4233,1.3354722222222228,-0.00858333333333261,214
4234,0.9076388888888909,-0.22374999999999917,161
4235,0.8811111111111127,-0.22338888888888808,161
4236,0.01805555555555638,1.049444444444445,211
4237,1.0920833333333346,-0.09266666666666623,161
4238,0.858472222222223,-0.057083333333332875,161
4239,1.344916666666669,0.16408333333333514,214
4240,1.1762500000000018,-0.16194444444444328,161
4241,3.5340277777777818,2.143833333333337,649
4242,1.2773333333333343,0.03302777777777849,161
4243,1.0522222222222233,-0.20097222222222133,161
4244,0.007500000000000728,1.206861111111112,211
4245,0.21097222222222323,1.4247222222222233,211
4246,5.1652777777777805,2.594888888888894,649
4247,0.33125000000000127,1.1262500000000006,211
4248,1.245000000000002,0.20472222222222325,214
4249,0.9801388888888898,-0.06916666666666571,161
4250,1.041694444444445,0.16636111111111218,214
4251,0.16733333333333467,1.5554166666666682,316
4252,0.9766666666666672,0.0012500000000009726,161
4253,1.0936666666666677,0.051888888888889095,214
4254,0.10575000000000145,1.0113888888888898,211
4255,-0.11541666666666561,1.1647222222222235,211
4256,-0.02613888888888738,1.4451111111111128,211
4257,1.3029166666666683,0.12847222222222254,214
4258,-0.20488888888888834,1.0309444444444453,211
4259,0.15347222222222268,0.8605555555555554,211
4260,-0.2497222222222213,1.1278055555555568,211
4261,-0.08166666666666578,0.9379166666666682,211
4262,0.32080555555555645,1.07288888888889,211
4263,1.1420833333333342,-0.20705555555555422,214
4264,0.8593333333333342,-0.061555555555554864,161
4265,1.3007222222222234,-0.010749999999999704,214
4266,1.182361111111112,-0.22652777777777694,161
4267,0.19427777777777833,1.4548611111111134,316
4268,0.7347222222222232,-0.13499999999999895,161
4269,1.0237500000000013,-0.07944444444444415,161
4270,8.248083333333327,6.21813888888889,1523
4271,0.7890277777777781,-0.08402777777777742,161
4272,2.256500000000002,2.2390000000000034,465
4273,0.8586111111111115,0.032361111111112006,161
4274,0.8922222222222234,0.049583333333334256,161
4275,0.20094444444444493,1.2355277777777787,211
4276,0.9495833333333339,-0.07541666666666619,161
4277,1.0700833333333335,0.2255833333333337,214
4278,1.0036111111111123,-0.0013888888888878848,161
4279,0.4828611111111133,1.421166666666668,316
4280,0.9490277777777787,-0.1747222222222215,161
4281,0.7103055555555562,0.14763888888888932,214
4282,1.1575555555555572,0.20047222222222216,214
4283,1.1383333333333345,-0.10347222222222136,161
4284,0.47558333333333486,1.4342500000000022,316
4285,0.9579166666666676,0.09694444444444594,161
4286,3.5877500000000038,1.9282500000000045,649
4287,0.002916666666668122,1.2936111111111122,211
4288,0.3305555555555564,1.2491666666666676,211
4289,0.923027777777778,0.22150000000000214,161
4290,1.133611111111112,-0.08402777777777659,161
4291,1.053472222222223,0.09000000000000152,161
4292,1.0186111111111125,-0.23166666666666602,161
4293,0.20894444444444615,1.3161111111111123,211
4294,0.8644166666666676,-0.35224999999999873,161
4295,0.3626388888888912,1.2051388888888896,211
4296,1.3162500000000001,0.22361111111111187,214
4297,4.021666666666672,2.8250277777777804,651
4298,1.089583333333334,-0.1616666666666649,161
4299,0.8304444444444455,-0.09633333333333277,161
4300,1.2891666666666683,0.3350000000000014,214
4301,1.050277777777779,-0.08633333333333254,161
4302,3.4611666666666654,5.206833333333338,909
4303,0.9569166666666674,-0.053444444444443295,214
4304,0.14277777777777867,0.9154166666666672,211
4305,1.0358611111111127,0.30325000000000113,214
4306,3.3756666666666675,1.9173333333333396,649
4307,0.40727777777777996,1.6295277777777812,316
4308,0.9198611111111112,-0.21874999999999872,161
4309,0.2241111111111127,1.483222222222223,316
4310,1.2311111111111115,0.10791666666666822,214
4311,-0.23427777777777714,1.0185000000000013,211
4312,4.155416666666668,2.9379166666666747,649
4313,1.0852777777777787,-0.011805555555554514,214
4314,3.34691666666667,2.295555555555561,649
4315,0.27125000000000143,1.4476388888888907,211
4316,0.9635000000000005,-0.10030555555555482,161
4317,0.4190000000000017,1.192861111111112,316
4318,0.9329166666666675,0.21236111111111255,161
4319,1.0473611111111127,0.006944444444445086,161
4320,-0.07930555555555485,1.3644444444444461,211
4321,-0.004027777777777186,1.1738888888888899,211
4322,1.2751388888888902,0.1173611111111117,214
4323,0.10125000000000095,1.4398611111111115,211
4324,0.41555555555555657,1.072222222222223,211
4325,0.08111111111111158,1.1129166666666688,211
4326,0.34513888888889,1.079861111111112,211
4327,1.2098333333333344,0.36100000000000165,214
4328,1.0748611111111117,-0.2076388888888886,161
4329,0.8296111111111116,0.2765277777777789,214
4330,1.4743055555555573,0.36111111111111227,214
4331,0.8225000000000008,-0.08361111111111075,161
4332,1.9158055555555569,1.3922500000000024,465
4333,-0.03952777777777661,0.9945833333333346,211
4334,0.903750000000001,0.4519444444444456,214
4335,1.2679444444444457,-0.17658333333333254,214
4336,-0.05877777777777715,1.1372222222222235,211
4337,0.00041666666666695384,1.4994444444444455,211
4338,0.20861111111111225,1.4306111111111117,316
4339,0.8859722222222227,-0.10388888888888803,161
4340,0.14472222222222297,1.0008333333333346,211
4341,3.757305555555557,2.3641944444444465,649
4342,0.2732500000000011,1.7523333333333349,316
4343,0.14319444444444607,1.0863888888888908,211
4344,0.3462499999999995,1.032916666666668,211
4345,1.1377777777777787,-0.09222222222222132,214
4346,1.0059722222222232,-0.21763888888888733,161
4347,4.614333333333326,5.41238888888889,1184
4348,0.9663055555555562,0.3485277777777781,214
4349,3.4017777777777845,2.827638888888891,649
4350,0.9425000000000003,0.2502777777777796,161
4351,0.19875000000000143,1.3697222222222227,211
4352,0.5822222222222238,1.6148888888888897,316
4353,-0.1298611111111111,1.43388888888889,211
4354,-0.22466666666666624,1.3938055555555569,211
4355,0.97488888888889,0.07925000000000104,214
4356,4.048944444444446,2.558472222222222,649
4357,-0.14327777777777662,1.16263888888889,211
4358,0.9612500000000013,-0.025694444444443576,161
4359,1.1379166666666674,0.04444444444444573,214
4360,0.030305555555556585,0.8356944444444443,211
4361,0.13194444444444564,0.6969444444444447,211
4362,1.107333333333334,-0.20683333333333176,161
4363,-0.1833611111111103,1.111361111111112,211
4364,0.3589166666666669,1.3321944444444445,211
4365,1.1044444444444457,0.006944444444444975,161
4366,0.4440277777777779,1.534305555555557,211
4367,0.7326388888888897,-0.08888888888888857,161
4368,1.4330555555555566,0.17763888888889057,214
4369,0.10469444444444598,1.1080555555555571,211
4370,0.4709444444444457,1.267500000000001,211
4371,3.9126111111111106,3.988416666666674,649
4372,0.9059722222222233,0.25736111111111226,161
4373,-0.37122222222222145,1.198166666666667,211
4374,1.185527777777779,-0.20063888888888748,161
4375,0.24555555555555708,1.0983333333333343,211
4376,0.7327777777777782,-0.13833333333333298,161
4377,0.9793055555555561,-0.08763888888888788,161
4378,0.8738888888888896,-0.07736111111110949,161
4379,0.7678333333333338,0.12597222222222304,214
4380,1.0519166666666666,-0.16930555555555482,161
4381,0.40038888888889035,0.9720000000000003,211
4382,0.06875000000000098,1.2001388888888893,211
4383,1.1596111111111127,0.1847222222222228,214
4384,6.049055555555573,9.224694444444465,1184
4385,0.4784722222222233,1.6821666666666695,316
4386,0.8712500000000007,-0.06438888888888772,161
4387,0.4062500000000012,1.3513888888888905,211
4388,-0.00499999999999845,1.1861111111111122,211
4389,0.24705555555555703,0.9215000000000012,211
4390,1.058194444444445,-0.0033333333333325776,161
4391,1.1279166666666682,0.2120833333333343,214
4392,0.8351388888888899,0.05938888888889049,161
4393,0.10933333333333384,1.5586111111111114,211
4394,0.43722222222222373,1.0788888888888901,211
4395,0.500666666666669,1.5384444444444454,316
4396,0.24472222222222362,0.7077777777777778,211
4397,3.928166666666668,2.719638888888892,656
4398,-0.01911111111110997,1.2013888888888906,211
4399,1.1145833333333344,0.14166666666666783,214
4400,0.8050277777777783,0.32541666666666846,214
4401,0.19416666666666782,1.2152777777777795,211
4402,0.5796944444444453,1.4091666666666685,316
4403,0.33150000000000146,1.063750000000001,211
4404,0.9945833333333345,0.08611111111111242,161
4405,1.0447222222222234,0.02694444444444588,161
4406,0.3161388888888903,1.4275555555555566,316
4407,3.2605277777777824,2.1083055555555594,649
4408,0.7387222222222223,-0.32124999999999937,161
4409,1.0694166666666676,0.01752777777777892,214
4410,0.8010833333333341,-0.23208333333333298,161
4411,1.0537222222222233,-0.49441666666666617,161
4412,0.8227500000000012,0.06908333333333438,214
4413,0.6752500000000012,-0.1663333333333321,161
4414,0.8918888888888896,0.21644444444444522,214
4415,0.9659444444444447,0.028916666666667146,161
4416,3.2404444444444493,1.9100555555555598,649
4417,0.5926388888888889,0.4801388888888891,214
4418,0.9939722222222231,0.49580555555555783,214
4419,0.9046944444444457,-0.04236111111110996,161
4420,0.18058333333333398,1.4534722222222234,211
4421,3.5958055555555593,3.0081944444444493,649
4422,5.277583333333332,5.479500000000028,1184
4423,1.0498611111111122,0.25777777777777955,214
4424,0.12097222222222281,0.8373333333333347,211
4425,1.2140833333333343,0.13850000000000062,214
4426,0.303333333333334,0.9420833333333335,211
4427,1.108750000000001,-0.17072222222222166,161
4428,-0.07222222222222086,0.958611111111112,211
4429,-0.044722222222221886,0.9576388888888913,211
4430,1.0757222222222231,0.1880833333333347,214
4431,1.4009722222222245,0.12625000000000075,214
4432,-0.1593611111111104,0.8464722222222241,211
4433,0.47738888888889175,1.5480000000000012,316
4434,0.9458055555555562,-0.13988888888888756,161
4435,1.1566666666666676,0.10972222222222344,161
4436,1.0413888888888905,-0.2644444444444444,161
4437,0.12050000000000016,1.3191388888888906,211
4438,0.8520833333333352,-0.07861111111111047,161
4439,0.4575555555555558,1.47577777777778,316
4440,3.2846944444444492,2.3735000000000035,649
4441,0.7623611111111119,-0.2173611111111109,161
4442,1.1118333333333348,0.2571111111111122,214
4443,1.1456944444444446,-0.027916666666665813,161
4444,-0.04816666666666625,1.2519444444444459,211
4445,5.24775000000001,5.461222222222231,992
4446,-0.0936388888888886,0.9615000000000001,211
4447,3.4545555555555576,3.5197777777777812,649
4448,0.3670555555555577,1.3945277777777783,316
4449,0.8661666666666672,0.007555555555557036,161
4450,0.38238888888888956,1.2697222222222235,211
4451,1.063500000000001,0.03297222222222329,214
4452,0.32541666666666824,1.082777777777778,211
4453,1.1772222222222233,-0.016666666666666496,161
4454,0.1774722222222237,0.8897500000000003,211
4455,0.41638888888889003,0.983888888888889,211
4456,0.33119444444444623,1.436777777777779,316
4457,1.167083333333334,0.055972222222223866,161
4458,0.5705555555555569,1.2590555555555565,316
4459,1.4703333333333333,0.1651666666666678,214
4460,0.30361111111111216,1.2904166666666677,211
4461,1.5322222222222233,0.3890277777777793,214
4462,0.35602777777777905,1.2541944444444466,211
4463,1.0422222222222237,-0.1333333333333327,161
4464,1.4884166666666676,-0.00952777777777647,214
4465,0.036861111111112344,1.2676111111111128,211
4466,0.2155833333333349,1.4278888888888894,316
4467,0.9756666666666676,0.06094444444444508,161
4468,0.017694444444445234,1.0341666666666682,211
4469,4.035250000000005,2.800000000000004,649
4470,4.546861111111114,3.8673333333333404,649
4471,0.7733333333333337,-0.04736111111111008,161
4472,0.44697222222222477,1.2600000000000013,316
4473,5.614888888888895,5.247250000000006,992
4474,-0.00805555555555404,0.7751111111111123,211
4475,0.9636111111111119,-0.0896111111111102,161
4476,1.0605555555555573,0.17569444444444593,161
4477,0.9369166666666677,-0.015222222222220694,161
4478,-0.05472222222222134,1.2348611111111127,211
4479,1.2286111111111115,0.11638888888889043,214
4480,0.4185277777777796,1.1703888888888898,211
4481,0.20958333333333534,1.2312500000000017,211
4482,0.519250000000002,1.481333333333335,316
4483,0.8398611111111116,0.05102777777777867,161
4484,0.07138888888889006,0.8996111111111117,211
4485,0.8541666666666674,-0.12611111111111006,161
4486,3.9053888888888943,2.6747222222222256,552
4487,0.9725000000000006,-0.0934722222222214,161
4488,0.20930555555555763,1.5855277777777794,316
4489,1.2215277777777795,-0.009861111111110432,161
4490,0.14200000000000135,1.3351388888888898,211
4491,0.31991666666666874,1.3183333333333338,316
4492,0.2651111111111125,1.4306111111111126,211
4493,0.97513888888889,-0.012638888888887923,161
4494,3.657083333333339,2.079916666666671,649
4495,0.754027777777778,-0.1177222222222214,161
4496,-0.17413888888888784,1.0623611111111124,211
4497,0.9724722222222235,-0.21972222222222187,161
4498,1.3244444444444452,0.03613888888889005,161
4499,1.0003611111111117,0.06250000000000089,161
4500,3.2716388888888934,2.503194444444451,649
4501,0.5533055555555575,1.4263333333333352,316
4502,3.499861111111116,2.331138888888895,649
4503,3.83177777777778,4.014972222222228,649
4504,0.3641666666666674,1.212916666666668,211
4505,1.1043055555555568,-0.3281666666666663,161
4506,0.923333333333334,0.5279166666666677,214
4507,0.015694444444445566,1.5322222222222235,211
4508,0.7831666666666675,-0.14416666666666572,161
4509,0.6424722222222227,-0.03849999999999959,161
4510,0.8441388888888898,-0.2657777777777769,161
4511,0.07188888888889011,1.2244444444444453,211
4512,0.3518611111111106,1.5400277777777784,316
4513,0.2538888888888906,1.1600000000000001,211
4514,0.9989722222222235,1.262500000000001,316
4515,0.982916666666668,-0.1574999999999987,161
4516,0.8697222222222223,-0.07249999999999934,161
4517,0.38288888888889017,1.061083333333334,211
4518,0.7211111111111123,0.1343055555555563,161
4519,0.34113888888888977,1.20063888888889,211
4520,1.4109722222222232,0.2018055555555568,214
4521,1.3390277777777786,0.30666666666666775,214
4522,1.4832500000000013,0.2799722222222245,214
4523,0.09125000000000116,0.8384722222222226,211
4524,1.1579166666666685,0.2184722222222224,214
4525,0.9148888888888899,0.15208333333333457,214
4526,0.22402777777777927,0.9593611111111113,211
4527,0.7487777777777785,0.06030555555555639,214
4528,0.18150000000000144,1.4363611111111139,211
4529,3.1316666666666655,2.641222222222219,649
4530,1.1638055555555562,0.03200000000000136,214
4531,0.052055555555557076,1.0649722222222235,211
4532,1.2103333333333341,0.6757500000000016,214
4533,0.2679722222222235,1.4281111111111122,316
4534,0.9453888888888898,0.06972222222222274,161
4535,1.2720833333333343,0.35472222222222327,214
4536,0.10494444444444562,0.7083055555555559,211
4537,0.9090277777777784,0.017222222222223027,161
4538,1.1311111111111112,0.016805555555556018,161
4539,0.3775555555555564,1.1400555555555558,211
4540,0.8640277777777786,-0.1061111111111101,161
4541,0.8832222222222232,-0.039583333333332305,214
4542,0.325444444444447,1.6403055555555575,316
4543,0.38444444444444603,1.0612500000000011,211
4544,0.16913888888888928,1.3453888888888892,211
4545,0.6427777777777787,1.1915277777777795,211
4546,0.16319444444444497,0.9321666666666673,211
4547,0.12608333333333488,1.244166666666668,211
4548,0.6354166666666673,-0.15616666666666523,214
4549,1.3637777777777789,-0.1371944444444433,214
4550,1.0508333333333342,-0.10844444444444334,161
4551,0.31138888888888994,1.3016388888888906,211
4552,3.407777777777782,2.403722222222226,649
4553,1.3077777777777797,0.1729166666666666,214
4554,0.1320555555555566,1.1694166666666685,211
4555,0.025694444444445463,0.9587500000000011,211
4556,4.281111111111114,1.9557500000000072,649
4557,1.7101388888888907,0.1762500000000008,214
4558,1.0430555555555567,-0.011694444444443064,161
4559,0.873611111111112,0.18027777777777831,161
4560,0.1404166666666673,1.3426111111111125,211
4561,0.49788888888889116,1.3652500000000016,211
4562,0.21233333333333393,1.174222222222223,211
4563,1.1415277777777795,-0.028749999999999443,161
4564,0.7958333333333342,0.019694444444445458,161
4565,-0.1711944444444431,0.8365833333333346,211
4566,1.0920833333333344,-0.04736111111111041,161
4567,0.31886111111111193,1.1676388888888891,211
4568,1.004611111111112,-0.16194444444444367,161
4569,0.11063888888888984,1.3883333333333345,316
4570,0.24969444444444588,1.6414722222222233,316
4571,1.0461111111111117,-0.04861111111111027,161
4572,0.9879166666666674,-0.06027777777777649,161
4573,0.21455555555555716,1.1193611111111124,211
4574,1.1674722222222242,0.4136388888888902,214
4575,0.12180555555555661,0.9833333333333341,211
4576,0.5283611111111126,1.5357222222222242,316
4577,-0.10180555555555515,1.0072222222222236,211
4578,0.2999444444444459,1.6352777777777798,316
4579,0.0279166666666677,1.1219166666666676,211
4580,0.8458055555555564,0.12344444444444547,161
4581,-0.002638888888887636,1.0098333333333342,211
4582,-0.07638888888888795,1.0701388888888896,211
4583,0.9811111111111129,-0.004305555555555229,161
4584,0.2388888888888907,1.4105555555555576,211
4585,1.2462500000000003,0.09111111111111164,161
4586,0.9838611111111125,-0.10736111111111069,161
4587,0.16666666666666807,1.1348611111111118,211
4588,0.8904166666666675,0.04055555555555679,161
4589,0.1416666666666675,1.3897222222222239,211
4590,0.17305555555555685,1.2269444444444448,211
4591,0.19516666666666754,1.420277777777779,316
4592,0.9380277777777788,-0.20877777777777695,161
4593,0.28594444444444433,1.1586111111111126,211
4594,0.08041666666666747,0.88888888888889,211
4595,0.12402777777777851,0.7912777777777794,211
4596,0.1471944444444454,1.31677777777778,211
4597,0.8076388888888894,-0.09624999999999934,161
4598,0.963888888888889,-0.07305555555555443,161
4599,1.2073611111111122,0.31400000000000095,161
4600,0.31027777777777976,1.2140277777777788,211
4601,0.9177777777777785,0.13275000000000114,161
4602,-0.05899999999999839,0.8007777777777787,211
4603,0.8723611111111118,-0.22791666666666577,161
4604,3.315111111111113,3.0029722222222275,552
4605,0.5752777777777799,1.2922222222222226,316
4606,0.21013888888889043,1.0501388888888892,211
4607,1.0016944444444456,-0.02516666666666517,161
4608,0.9731388888888897,0.4601388888888903,214
4609,0.0658333333333343,1.1113888888888899,211
4610,0.3785833333333344,1.1248333333333338,211
4611,3.165694444444446,2.504777777777784,649
4612,0.3294444444444464,1.6063333333333343,316
4613,0.375000000000001,1.3665277777777787,211
4614,0.8695833333333342,-0.1311111111111105,161
4615,0.9927777777777782,0.15611111111111264,161
4616,0.30275000000000074,1.2905555555555575,211
4617,0.7387500000000006,0.231527777777779,161
4618,0.17486111111111158,1.1291666666666673,211
4619,4.893138888888893,1.0377500000000017,649
4620,-0.01819444444444307,1.1630555555555562,211
4621,1.0592222222222243,0.04069444444444559,161
4622,1.0093055555555566,-0.11486111111110991,161
4623,0.8248611111111119,-0.15513888888888844,161
4624,1.4089166666666681,0.27991666666666726,214
4625,1.2952777777777789,-0.17541666666666594,161
4626,0.8291666666666673,-0.06777777777777672,161
4627,1.1037777777777789,0.4076666666666682,214
4628,0.7696388888888899,0.1538888888888903,161
4629,0.29944444444444607,1.270138888888889,211
4630,0.17233333333333434,0.9892222222222238,211
4631,0.3535000000000008,1.3472500000000012,316
4632,0.08555555555555594,0.8424722222222233,211
4633,3.4419444444444496,2.4392222222222246,649
4634,1.0409444444444453,-0.23297222222222164,161
4635,0.5173055555555564,1.3654166666666667,316
4636,0.01458333333333428,1.1101111111111122,211
4637,0.8981944444444452,-0.28916666666666613,161
4638,-0.013194444444443287,0.9200000000000016,211
4639,3.3736111111111122,2.3762222222222227,649
4640,0.033111111111112645,1.0936111111111122,211
4641,0.4186111111111128,1.1343055555555557,211
4642,3.3532222222222243,2.7314722222222283,649
4643,0.7895833333333349,0.007833333333334691,161
4644,0.15436111111111228,1.4015000000000013,211
4645,0.6811388888888892,0.25372222222222274,161
4646,1.0181944444444455,-0.07124999999999915,161
4647,3.7500555555555577,2.0076388888888927,649
4648,1.342250000000001,-0.060111111111109894,214
4649,3.386861111111111,2.4290277777777813,649
4650,0.05555555555555658,0.8318333333333338,211
4651,0.4245833333333351,1.2451388888888903,211
4652,1.1755833333333348,0.029527777777779374,214
4653,1.0251388888888893,-0.09499999999999897,161
4654,0.5850833333333363,1.262722222222223,316
4655,0.1869166666666674,1.191805555555556,211
4656,0.22047222222222396,0.7818055555555559,211
4657,0.40188888888888974,1.1956944444444453,316
4658,0.8790277777777782,-0.19355555555555504,161
4659,3.7110555555555598,2.4021944444444454,649
4660,0.2843055555555568,1.1287500000000015,211
4661,0.8413888888888893,-0.16152777777777694,161
4662,1.0655833333333342,0.21422222222222342,214
4663,1.0697777777777782,0.16102777777777888,214
4664,0.9723611111111121,-0.2939722222222216,161
4665,0.49611111111111295,1.5470277777777803,316
4666,0.015277777777778612,1.1348611111111118,211
4667,1.3996111111111125,0.04108333333333414,214
4668,0.22650000000000237,1.5120555555555564,316
4669,0.5737777777777779,1.2418333333333345,316
4670,3.48641666666667,2.396777777777782,649
4671,0.2670000000000007,1.085805555555556,211
4672,0.5784722222222227,1.5771666666666684,316
4673,0.6455833333333345,1.6887777777777788,316
4674,0.752500000000001,0.10166666666666757,214
4675,1.0323611111111122,-0.07086111111111038,161
4676,0.2680555555555566,0.9125555555555557,211
4677,1.0254166666666678,-0.17847222222222164,161
4678,0.895944444444445,-0.19741666666666674,161
4679,1.1163888888888902,0.3961111111111125,214
4680,1.2261388888888902,-0.04994444444444368,214
4681,1.1288888888888904,0.0702500000000007,161
4682,0.46027777777777934,0.991833333333334,211
4683,0.47833333333333505,1.4143333333333354,316
4684,1.6691944444444462,-0.062305555555554504,214
4685,1.2640833333333346,-0.002972222222221932,214
4686,1.1092777777777796,-0.17394444444444324,214
4687,1.010972222222223,0.1637500000000014,161
4688,1.136666666666668,0.11513888888889035,214
4689,0.8205555555555564,0.029722222222223316,161
4690,0.3458333333333343,1.1822222222222234,211
4691,0.8876944444444452,0.18958333333333532,161
4692,-0.26038888888888834,1.2909722222222233,211
4693,3.177500000000003,5.953416666666678,912
4694,-0.25305555555555537,1.2219444444444456,211
4695,1.0978333333333345,-0.15072222222222154,214
4696,0.31025000000000125,1.3513611111111112,211
4697,0.8795555555555565,-0.07652777777777675,161
4698,-0.2183333333333327,1.1600000000000015,211
4699,0.2730555555555567,1.2866666666666682,211
4700,0.8765555555555568,-0.16413888888888795,214
4701,0.6030555555555571,1.241805555555557,211
4702,-0.09536111111111023,1.0337500000000006,211
4703,0.6128888888888908,1.4206944444444458,316
4704,-0.011388888888887894,1.1929166666666684,211
4705,3.278944444444444,2.98158333333334,649
4706,0.8312500000000014,0.4290833333333348,214
4707,0.914083333333334,0.0047222222222234045,161
4708,0.9470555555555566,-0.20552777777777714,161
4709,1.0520833333333341,-0.03305555555555528,161
4710,0.06958333333333444,1.222638888888891,211
4711,0.6359722222222234,1.3509444444444458,211
4712,0.006111111111111955,1.0597222222222233,211
4713,1.5225555555555563,-0.04399999999999915,214
4714,3.165833333333336,1.7593333333333376,649
4715,0.9163611111111115,-0.2574999999999991,161
4716,1.0644722222222227,0.1056666666666678,214
4717,0.26597222222222405,1.4425000000000014,211
4718,-0.12741666666666573,1.248750000000001,211
4719,0.9070833333333341,-0.002361111111110703,161
4720,-0.3238888888888879,1.4383055555555566,211
4721,0.27561111111111214,1.18388888888889,211
4722,0.3498611111111124,1.067777777777779,211
4723,0.08802777777777926,1.2965000000000018,211
4724,0.8324722222222225,-0.11680555555555466,161
4725,1.2589444444444462,-0.15941666666666587,214
4726,0.2576388888888903,1.1981388888888913,316
4727,0.8453888888888896,0.24861111111111178,214
4728,4.384111111111119,2.205194444444447,649
4729,0.07791666666666752,1.0984722222222227,211
4730,0.2608333333333356,1.7755555555555569,316
4731,0.24166666666666836,1.4490277777777814,211
4732,0.9660833333333346,-0.12277777777777626,161
4733,4.0162222222222255,2.4907777777777818,649
4734,0.2438888888888897,1.346527777777779,211
4735,0.3189166666666683,1.4436388888888911,211
4736,0.4106944444444456,1.3701388888888906,316
4737,0.24472222222222317,1.1369722222222234,211
4738,1.0158333333333343,-0.17027777777777725,161
4739,0.17930555555555638,0.7220277777777785,211
4740,1.0106944444444452,0.048611111111112826,161
4741,0.5290277777777793,1.5758055555555577,316
4742,0.5029444444444457,1.3583333333333334,316
4743,0.3473611111111129,1.1966666666666685,211
4744,0.5995555555555563,-0.026944444444443327,161
4745,0.9786111111111122,-0.16874999999999868,161
4746,0.1114444444444459,1.1708333333333336,211
4747,-0.02374999999999916,1.0787500000000017,211
4748,1.0620833333333337,-0.2076388888888877,161
4749,1.1225000000000018,0.061944444444445246,161
4750,-0.1798888888888882,1.3931388888888896,211
4751,0.5445833333333349,1.1338888888888894,211
4752,0.28180555555555653,1.514027777777779,211
4753,1.5400000000000014,0.3615277777777791,214
4754,0.16805555555555685,1.2927777777777787,211
4755,1.200333333333335,0.2943333333333349,214
4756,0.2665833333333345,0.7984166666666674,211
4757,-0.19063888888888791,1.2328333333333346,211
4758,1.1724166666666682,0.027333333333334153,161
4759,0.7742777777777787,-0.14713888888888854,161
4760,1.0355555555555558,-0.027777777777777346,214
4761,0.6477500000000017,1.3660000000000014,211
4762,1.1036111111111124,-0.11847222222222153,161
4763,0.4301111111111122,1.241361111111113,211
4764,0.995805555555556,-0.09319444444444447,161
4765,1.040944444444445,-0.19905555555555493,161
4766,3.844222222222225,1.9791111111111126,649
4767,0.8652777777777787,0.03005555555555628,161
4768,0.8987500000000013,0.12930555555555656,161
4769,1.0606944444444448,-0.16124999999999928,161
4770,0.5148055555555571,1.673333333333334,316
4771,0.9550000000000003,-0.16697222222222202,161
4772,0.7695833333333337,0.21513888888889054,161
4773,0.20361111111111252,1.3363888888888904,211
4774,0.1519166666666677,0.8046944444444452,211
4775,3.9338611111111135,2.2824444444444465,649
4776,0.25194444444444575,1.0834722222222224,211
4777,0.35336111111111146,1.2136111111111125,316
4778,1.2843611111111124,0.1470555555555566,214
4779,0.5166388888888909,0.8962777777777788,211
4780,0.8998611111111119,-0.12374999999999836,161
4781,0.931861111111112,-0.03674999999999973,161
4782,1.4540277777777784,0.4380555555555573,214
4783,3.033000000000007,3.8479444444444493,754
4784,0.9974722222222229,-0.09419444444444414,161
4785,1.1602777777777784,-0.18430555555555483,214
4786,1.042722222222223,0.16405555555555695,214
4787,0.9645833333333345,0.301805555555557,161
4788,1.214444444444446,0.026111111111112084,214
4789,1.533527777777779,0.03341666666666887,214
4790,0.44116666666666693,1.4242222222222245,316
4791,1.2495555555555566,-0.2001111111111108,161
4792,0.3877777777777782,1.1011666666666673,211
4793,-0.1569444444444441,0.9299722222222231,211
4794,0.1672222222222226,1.326666666666668,211
4795,1.1892777777777783,-0.10883333333333245,161
4796,0.8359722222222232,0.05408333333333459,161
4797,1.0140000000000007,-0.12047222222222131,161
4798,1.055250000000001,-0.2901111111111106,161
4799,0.882777777777779,-0.015861111111109993,161
4800,0.25411111111111284,1.3848333333333347,316
4801,0.9612500000000003,-0.03999999999999959,161
4802,1.3094444444444453,0.007722222222222408,214
4803,-0.010222222222221466,1.135722222222223,211
4804,-0.07374999999999943,1.3178333333333347,211
4805,0.90388888888889,-0.10819444444444365,161
4806,1.090861111111112,0.34061111111111286,214
4807,-0.029027777777775987,1.377222222222223,211
4808,1.4551944444444465,0.22752777777777966,214
4809,0.7448611111111122,-0.19891666666666685,161
4810,0.9038888888888897,0.03833333333333433,161
4811,-0.06766666666666621,1.0151388888888893,211
4812,0.8013888888888896,-0.03291666666666587,161
4813,0.2645555555555583,1.2351944444444454,211
4814,1.0291666666666681,-0.029749999999998944,161
4815,-0.019444444444442932,1.1919166666666672,211
4816,1.033305555555557,-0.022499999999999187,161
4817,1.1554166666666679,-0.3462499999999994,161
4818,1.021944444444445,0.08263888888889037,161
4819,0.3650000000000019,1.677861111111112,316
4820,1.4425277777777796,-0.11974999999999925,214
4821,1.017083333333335,0.09180555555555636,161
4822,1.0748333333333342,-0.0991944444444437,161
4823,-0.08958333333333213,1.2368055555555566,211
4824,-0.06736111111110932,1.2976388888888908,211
4825,0.8620833333333345,-0.07749999999999896,161
4826,0.4621944444444466,1.07788888888889,211
4827,1.1091666666666669,0.3436666666666687,214
4828,1.149083333333334,0.1852500000000008,214
4829,0.005277777777779602,1.3112500000000018,211
4830,0.09472222222222237,1.0688611111111115,211
4831,1.3073333333333352,-0.2163333333333327,214
4832,0.9316666666666673,0.06986111111111232,161
4833,1.071944444444446,0.005555555555556813,161
4834,0.7580277777777789,-0.31316666666666615,161
4835,0.9829444444444453,-0.070972222222221,214
4836,3.0589444444444482,2.423277777777782,649
4837,0.9448611111111123,-0.156472222222222,161
4838,0.4381388888888905,1.3444722222222234,316
4839,-0.014861111111109881,1.0836111111111129,211
4840,0.9963888888888902,-0.2936111111111104,161
4841,0.894722222222223,-0.02194444444444349,161
4842,0.394916666666667,1.1816666666666673,211
4843,0.33736111111111255,1.553888888888889,211
4844,0.21233333333333482,0.9431111111111123,211
4845,0.47405555555555723,1.521333333333335,316
4846,0.8200277777777787,-0.2008333333333332,161
4847,0.9337500000000015,0.16152777777777905,161
4848,0.17833333333333412,1.3251388888888904,211
4849,0.0029166666666674557,0.8086111111111121,211
4850,2.6048055555555556,1.2291944444444478,470
4851,0.043861111111111906,1.1434444444444452,211
4852,-0.046527777777776946,1.1909722222222228,211
4853,1.145472222222223,0.1743611111111124,214
4854,3.2592222222222276,4.106861111111117,755
4855,0.34791666666666754,1.1458333333333344,211
4856,3.792666666666677,2.2273055555555583,649
4857,0.8388888888888891,-0.14480555555555497,161
4858,0.35136111111111223,0.982777777777778,211
4859,2.7584444444444474,2.1255833333333367,649
4860,0.2625000000000012,1.2484722222222233,211
4861,0.4660833333333332,1.5204166666666663,316
4862,-0.0015277777777771284,1.3263888888888906,211
4863,0.49908333333333477,1.3771944444444455,211
4864,0.8714166666666675,-0.019444444444443598,161
4865,1.114027777777779,0.005138888888889803,161
4866,1.0252777777777784,0.034277777777778795,161
4867,0.8679166666666671,0.0029166666666676777,161
4868,0.6711111111111117,0.10875000000000179,214
4869,3.1574166666666694,2.151000000000005,649
4870,0.17333333333333467,1.317194444444445,211
4871,1.0934722222222235,-0.22722222222222155,161
4872,1.0002777777777787,-0.0640277777777769,161
4873,0.988333333333334,0.12250000000000116,214
4874,-0.2589999999999991,1.0100000000000011,211
4875,0.9047222222222229,0.04513888888888973,161
4876,1.4914166666666673,0.24875000000000114,214
4877,0.83438888888889,-0.0945555555555545,161
4878,0.1741666666666677,1.2220833333333347,211
4879,0.2065277777777791,1.5309722222222246,211
4880,1.2549166666666678,-0.0480555555555543,161
4881,4.000444444444452,2.7209444444444486,649
4882,0.43000000000000155,1.52077777777778,316
4883,0.8806944444444458,0.011777777777778609,161
4884,0.9627777777777784,0.020694444444445015,161
4885,1.2400277777777786,0.08386111111111239,214
4886,0.3620277777777787,1.3008611111111126,316
4887,0.9852500000000008,0.21363888888888993,214
4888,0.3562500000000016,1.0733333333333337,211
4889,8.96516666666668,8.308000000000012,1517
4890,0.9111111111111119,-0.01091666666666613,161
4891,0.38166666666666793,1.1640833333333338,211
4892,0.21111111111111225,1.4633333333333334,211
4893,0.361527777777779,1.4764722222222246,316
4894,0.5730555555555578,1.3198333333333343,211
4895,1.0851388888888898,0.02547222222222334,214
4896,1.035416666666667,-0.15180555555555408,161
4897,0.3982222222222237,0.9145555555555569,211
4898,0.36875000000000147,1.4923611111111128,211
4899,0.10819444444444515,1.1908333333333343,211
4900,1.2493333333333339,0.28130555555555636,214
4901,0.9178333333333355,-0.19191666666666596,214
4902,0.2483333333333344,1.379583333333334,211
4903,0.9023611111111127,-0.38888888888888834,161
4904,4.361305555555558,2.9503055555555573,649
4905,-0.0069722222222220465,0.665305555555556,211
4906,3.7954166666666693,1.780222222222225,649
4907,0.911111111111112,-0.0034722222222217103,161
4908,0.5377500000000013,1.258333333333336,211
4909,1.295555555555556,-0.02219444444444285,214
4910,0.9466111111111127,1.4459722222222233,316
4911,0.3579166666666679,1.1030555555555561,211
4912,0.922222222222223,-0.06291666666666573,214
4913,0.5792777777777802,1.0392777777777789,211
4914,1.1900000000000017,0.4429166666666675,214
4915,1.4103888888888898,-0.0381944444444437,161
4916,1.1152777777777794,-0.1823611111111103,161
4917,1.1479444444444453,0.08502777777777959,214
4918,0.39125000000000176,1.1520833333333351,211
4919,0.5543055555555566,1.5610000000000013,316
4920,1.0620555555555566,-0.03222222222222165,161
4921,0.07875000000000099,1.2130555555555576,211
4922,1.1006944444444453,-0.003194444444443334,161
4923,0.9166666666666674,0.07777777777777861,161
4924,0.36741666666666917,1.228055555555557,211
4925,0.44180555555555745,1.0481666666666676,211
4926,1.2416388888888905,0.01136111111111282,214
4927,0.214444444444445,1.0381944444444458,211
4928,1.125472222222224,0.1825277777777793,214
4929,0.7481666666666673,0.02333333333333454,161
4930,0.7927777777777785,0.14527777777777884,161
4931,0.3109444444444457,0.9278888888888895,211
4932,-0.07169444444444328,1.20013888888889,211
4933,-0.08527777777777656,1.0209722222222235,211
4934,1.2690833333333353,-0.012055555555555042,214
4935,1.1578611111111123,0.1774444444444453,214
4936,0.8711666666666683,-0.32947222222222144,161
4937,1.1307222222222233,-0.11522222222222134,214
4938,0.040138888888889834,1.5105555555555568,211
4939,3.0761944444444485,2.3131111111111156,649
4940,0.4210277777777802,0.8714444444444448,211
4941,0.29777777777778003,0.8205555555555561,211
4942,0.35397222222222324,1.5896944444444443,316
4943,0.3356388888888905,1.4606666666666688,316
4944,0.6861111111111113,-0.1787499999999999,161
4945,1.1051111111111132,-0.0689166666666653,161
4946,-0.008777777777776885,1.0513611111111116,211
4947,1.0620555555555566,0.09705555555555762,161
4948,0.7103611111111118,-0.08572222222222203,161
4949,1.0729444444444454,-0.024972222222220952,214
4950,0.8704166666666677,-0.30419444444444377,161
4951,0.3340277777777778,1.3368055555555565,211
4952,0.7784722222222239,0.1284722222222232,161
4953,0.2860833333333336,1.205555555555557,211
4954,0.030805555555556086,1.2622500000000014,211
4955,0.1549722222222243,1.5591944444444454,316
4956,1.8363888888888902,-0.24399999999999933,214
4957,0.9725000000000013,-0.2854166666666664,161
4958,1.141583333333334,-0.04402777777777689,161
4959,1.0848611111111122,0.07361111111111207,161
4960,0.25380555555555684,1.6537222222222248,316
4961,4.055888888888889,1.7852777777777802,653
4962,0.012777777777778887,1.2593055555555561,211
4963,0.41708333333333436,1.4945555555555559,316
4964,1.152944444444445,0.3600277777777796,214
4965,3.4590277777777807,1.9822500000000072,649
4966,-0.08891666666666598,1.292777777777778,211
4967,0.5733333333333351,1.41152777777778,316
4968,1.0772222222222232,-0.05388888888888799,161
4969,0.25000000000000133,1.2378333333333345,211
4970,1.3008888888888894,0.2528333333333349,214
4971,1.3349166666666674,0.020388888888889678,214
4972,1.09125,-0.11861111111110989,161
4973,4.8406944444444555,3.881111111111113,649
4974,-0.1298888888888875,1.1356944444444448,211
4975,4.8250833333333505,8.305166666666672,1184
4976,1.1970833333333346,-0.0031944444444428344,161
4977,0.4297222222222232,1.1180555555555558,211
4978,0.804305555555556,-0.18513888888888802,161
4979,0.03150000000000186,1.2186666666666686,211
4980,3.9620833333333376,2.1702500000000007,649
4981,0.09305555555555667,0.7817222222222231,211
4982,0.08819444444444546,1.050138888888889,211
4983,0.3933333333333344,1.03038888888889,211
4984,1.1034722222222233,0.06777777777777944,161
4985,4.514055555555556,7.583527777777786,1186
4986,0.8615277777777782,0.11666666666666847,161
4987,0.1930555555555571,1.0861111111111112,211
4988,1.0740277777777787,0.06833333333333391,161
4989,3.229500000000006,2.5290833333333333,649
4990,1.110694444444445,-0.009583333333332167,161
4991,1.2409722222222235,0.4151388888888903,214
4992,0.9913888888888895,0.01625000000000021,161
4993,1.023194444444446,-0.0498611111111103,161
4994,0.48016666666666874,1.5019722222222236,316
4995,0.8220833333333335,0.02122222222222281,161
4996,-0.028555555555554335,0.88913888888889,211
4997,1.0396111111111124,0.20658333333333545,214
4998,0.827777777777778,0.06163888888889024,161
4999,0.2753611111111127,1.524444444444446,316
5000,1.1629166666666684,0.04666666666666769,161
5001,0.756722222222223,-0.027944444444444327,161
5002,0.9766666666666679,0.05777777777777915,214
5003,0.7895833333333339,0.07663888888888937,161
5004,0.9637500000000006,-0.2180555555555549,161
5005,-0.04124999999999912,1.1108333333333344,211
5006,1.152000000000001,-0.07633333333333214,214
5007,0.9963888888888899,0.21430555555555608,214
5008,0.9175000000000005,0.05708333333333404,161
5009,0.724027777777779,-0.266499999999999,161
5010,1.0815277777777785,0.12552777777777924,161
5011,0.9444444444444455,-0.08036111111110944,161
5012,0.8839444444444458,0.5555555555555565,214
5013,0.2973611111111123,1.3775000000000004,211
5014,1.0070833333333349,-0.11444444444444363,161
5015,1.1850000000000018,-0.15336111111111,161
5016,0.8095277777777785,-0.07058333333333272,161
5017,1.2636111111111132,0.2935000000000004,214
5018,0.9627500000000012,-0.025833333333332043,161
5019,0.6732222222222225,0.17250000000000099,214
5020,0.7919166666666673,0.1358055555555565,161
5021,0.9523611111111117,0.06666666666666865,161
5022,0.09650000000000136,1.4123611111111125,211
5023,-0.025166666666665782,0.9106944444444458,211
5024,0.8897777777777791,0.03555555555555634,161
5025,0.8186388888888901,-0.15605555555555456,161
5026,1.3131944444444459,-0.06808333333333261,214
5027,0.08150000000000146,0.728166666666668,211
5028,0.8440833333333343,0.3787777777777783,214
5029,0.9781944444444451,-0.12249999999999939,161
5030,0.5665000000000033,1.569972222222224,316
5031,1.3077500000000009,0.09363888888889005,214
5032,1.3879722222222242,0.10266666666666746,214
5033,0.3219444444444455,1.231250000000001,211
5034,1.3940555555555567,0.07933333333333403,214
5035,0.9798888888888899,0.06197222222222365,214
5036,0.36808333333333454,1.5765833333333343,316
5037,0.9903611111111122,-0.19538888888888817,161
5038,0.043194444444445534,1.218611111111112,211
5039,1.164722222222223,0.3119444444444467,214
5040,0.8695833333333346,-0.04486111111111052,161
5041,0.06594444444444558,1.0706666666666678,211
5042,-0.15763888888888755,1.0433055555555573,211
5043,0.9869444444444452,-0.011249999999999094,161
5044,0.861472222222223,0.024611111111112027,214
5045,3.596361111111115,2.7500555555555604,649
5046,3.8631666666666713,3.434222222222232,649
5047,0.8351388888888894,0.10722222222222311,161
5048,0.1380555555555567,1.433333333333335,211
5049,5.581000000000008,3.872083333333338,649
5050,-0.09222222222222076,1.1415277777777786,211
5051,0.9478888888888892,-0.13549999999999907,161
5052,0.3121666666666678,1.3618888888888914,316
5053,1.081500000000002,-0.3084166666666656,161
5054,0.3325833333333337,1.2695833333333342,316
5055,0.9048611111111114,-0.13930555555555452,161
5056,3.5980277777777845,2.0672222222222256,650
5057,0.9813055555555561,-0.13233333333333241,214
5058,0.865111111111112,0.01775000000000071,161
5059,0.874166666666667,0.25138888888889044,161
5060,3.004805555555555,1.8852777777777816,552
5061,1.1540277777777783,0.07833333333333509,161
5062,0.11527777777777937,1.3527777777777796,211
5063,1.4998055555555565,0.30988888888889043,214
5064,0.03761111111111248,1.086416666666668,211
5065,-0.0854444444444441,1.0164444444444451,211
5066,0.8179166666666681,-0.20572222222222097,161
5067,0.8235833333333342,-0.20030555555555496,161
5068,1.197805555555557,-0.04355555555555446,214
5069,1.069166666666668,-0.17027777777777725,161
5070,-0.24805555555555447,1.2995833333333346,211
5071,0.3035833333333341,0.9855555555555569,211
5072,3.2702500000000017,2.180055555555556,649
5073,0.12944444444444458,1.3365277777777793,211
5074,1.4530833333333353,-0.09930555555555498,214
5075,1.0022222222222237,0.16500000000000126,161
5076,0.9413611111111118,-0.19424999999999948,161
5077,0.7915000000000003,-0.08388888888888851,161
5078,0.8222222222222229,-0.12638888888888777,214
5079,0.33916666666666817,0.9579166666666684,211
5080,4.089416666666675,2.177333333333336,649
5081,0.6498611111111141,1.572222222222225,316
5082,-0.0156944444444429,1.031944444444445,211
5083,0.9868055555555574,-0.15180555555555497,214
5084,0.8981111111111126,-0.2328055555555542,161
5085,0.2333333333333345,1.1141666666666672,211
5086,0.8258055555555568,-0.07202777777777647,161
5087,0.8971944444444445,0.12002777777777818,161
5088,1.0051388888888897,-0.05527777777777626,161
5089,1.0384722222222225,0.1953055555555563,161
5090,0.4939722222222227,0.9984722222222225,211
5091,0.771805555555556,-0.15916666666666535,161
5092,1.3196944444444454,0.05516666666666681,214
5093,0.3106944444444455,0.8905555555555563,211
5094,1.130416666666668,0.09347222222222457,161
5095,1.3792222222222232,0.07005555555555709,214
5096,1.0340277777777782,-0.006416666666665349,161
5097,1.055722222222224,-0.10813888888888812,214
5098,0.11955555555555752,0.8524722222222231,211
5099,3.9166111111111204,3.8467777777778065,819
5100,0.3195833333333359,1.3536111111111122,316
5101,0.7825555555555563,0.04080555555555654,161
5102,0.972194444444445,-0.155166666666666,161
5103,0.8914166666666676,0.28002777777777876,214
5104,0.3586111111111123,1.0468055555555562,211
5105,0.48583333333333434,1.5300277777777802,316
5106,0.2936111111111118,1.19,211
5107,0.9492222222222225,-0.2501388888888881,161
5108,0.24069444444444543,0.8007500000000007,211
5109,0.653111111111112,1.556194444444446,316
5110,0.9848611111111119,-0.07361111111111002,161
5111,1.0713611111111123,-0.15877777777777674,161
5112,4.046527777777782,1.8255833333333378,649
5113,0.7183888888888894,-0.0646111111111099,161
5114,0.1717222222222229,1.0008055555555573,211
5115,1.1647777777777792,0.3853055555555567,214
5116,0.020000000000000684,1.3696944444444457,211
5117,1.09513888888889,0.1929166666666663,161
5118,0.6400000000000006,-0.026666666666665395,161
5119,-0.013194444444444398,1.3499999999999996,211
5120,0.6373333333333338,-0.0027777777777769908,161
5121,-0.08388888888888768,1.4823611111111124,211
5122,1.1601111111111124,0.47905555555555634,214
5123,1.1027777777777787,-0.20555555555555505,161
5124,0.09441666666666793,1.1406666666666678,211
5125,0.19863888888889047,0.968333333333334,211
5126,0.10469444444444542,1.0158333333333343,211
5127,0.11344444444444579,0.7708611111111117,211
5128,1.07888888888889,-0.37030555555555533,161
5129,0.9716666666666669,-0.08763888888888793,214
5130,0.2563888888888901,1.6261111111111122,211
5131,1.075611111111113,0.3108611111111127,214
5132,4.103138888888896,2.041361111111114,649
5133,-0.21874999999999933,1.0048611111111125,211
5134,0.9398611111111119,-0.08569444444444374,161
5135,0.196666666666668,0.8872222222222232,211
5136,1.1575000000000009,-0.14097222222222222,161
5137,0.9550000000000013,-0.11086111111111024,161
5138,1.28077777777778,0.24930555555555634,214
5139,4.098805555555561,2.0396666666666685,655
5140,1.5114444444444461,-0.03480555555555498,214
5141,1.3398611111111116,0.05069444444444626,214
5142,0.010972222222223382,0.9259722222222226,211
5143,3.1657222222222248,1.7727777777777818,649
5144,1.010277777777779,0.04291666666666727,161
5145,0.7731944444444453,0.2544444444444459,161
5146,0.938583333333334,0.015000000000000902,161
5147,0.9222222222222228,0.04250000000000087,161
5148,0.8499166666666675,-0.038055555555554454,161
5149,1.3625277777777782,0.2700555555555557,214
5150,0.9035555555555566,0.4261944444444451,214
5151,0.4293055555555577,1.4087777777777792,316
5152,0.9051666666666677,0.10530555555555754,214
5153,0.805000000000001,-0.2598611111111098,161
5154,0.38733333333333475,1.6473333333333344,316
5155,-0.004749999999999033,1.1691388888888905,211
5156,0.8931666666666671,-0.06169444444444383,161
5157,0.7848611111111128,-0.13291666666666502,161
5158,0.2506666666666668,1.0218611111111116,211
5159,4.722222222222224,3.1671944444444504,649
5160,0.1747222222222239,1.0280555555555568,211
5161,0.16736111111111152,1.500416666666669,211
5162,1.172083333333335,0.1688888888888901,214
5163,0.03861111111111193,1.1429166666666681,211
5164,0.65938888888889,0.18408333333333415,214
5165,1.0229444444444449,0.03325000000000089,214
5166,0.32597222222222355,0.8733333333333341,211
5167,0.540111111111113,1.7590000000000026,316
5168,0.5188888888888912,1.124027777777779,211
5169,0.8560555555555561,-0.12394444444444364,214
5170,1.0533333333333355,-0.22405555555555473,161
5171,0.9575000000000009,-0.09138888888888747,161
5172,1.1697222222222243,-0.08972222222222137,161
5173,0.8825000000000008,-0.2030555555555547,161
5174,-0.12263888888888796,0.8972222222222228,211
5175,0.38933333333333453,1.3574444444444453,316
5176,0.8917777777777791,0.025833333333334596,161
5177,0.8509722222222236,-0.06097222222222187,161
5178,1.128305555555556,-0.09652777777777655,161
5179,0.042888888888888865,1.244138888888891,211
5180,0.6768333333333345,1.3752500000000012,316
5181,1.098888888888891,0.2100000000000014,161
5182,0.3307222222222236,1.2704444444444463,316
5183,4.160083333333338,2.792500000000004,649
5184,-0.2781944444444435,1.3154166666666682,211
5185,3.5635277777777805,2.303472222222223,649
5186,1.340000000000001,0.28041666666666776,214
5187,0.3756666666666685,1.4944444444444454,316
5188,1.131583333333334,0.10238888888889042,214
5189,-0.07138888888888872,1.2206666666666681,211
5190,1.2990000000000015,-0.29888888888888754,161
5191,0.9201111111111113,-0.38888888888888806,161
5192,1.1165277777777793,0.00541666666666718,161
5193,0.8355555555555563,-0.29291666666666627,161
5194,0.6519166666666685,1.4152500000000012,316
5195,-0.03819444444444342,1.0780555555555562,211
5196,1.1277777777777784,-0.15238888888888835,214
5197,0.19816666666666816,0.9938888888888899,211
5198,0.008055555555556926,1.0601111111111112,211
5199,5.027416666666671,0.854611111111114,649
5200,0.9513888888888897,0.0005555555555568636,161
5201,-0.08958333333333257,0.6572222222222232,211
5202,0.8851388888888898,-0.06274999999999842,161
5203,0.8442777777777781,0.008666666666667433,161
5204,1.0431944444444456,0.5397222222222243,214
5205,0.7566666666666674,-0.024166666666665892,161
5206,3.0838611111111236,1.853694444444438,649
5207,0.014138888888889478,1.0008333333333341,211
5208,3.307416666666673,2.822500000000004,649
5209,0.3756944444444459,0.8560000000000008,211
5210,0.8464444444444449,-0.03999999999999898,161
5211,0.48683333333333456,1.659333333333334,316
5212,-0.05030555555555383,1.0643611111111124,211
5213,0.977361111111112,0.27527777777777884,214
5214,0.19152777777777885,1.1473611111111117,211
5215,1.0472222222222234,0.2588888888888903,214
5216,0.6237222222222231,-0.021972222222221838,161
5217,1.0109722222222226,-0.190416666666666,161
5218,0.28530555555555726,1.3787500000000021,316
5219,0.36966666666666914,1.445416666666668,316
5220,0.4875000000000017,1.3506944444444458,211
5221,0.9720000000000011,0.04491666666666816,214
5222,0.1368055555555573,1.0029166666666678,211
5223,1.1343333333333343,0.43933333333333524,214
5224,0.8054166666666673,0.09319444444444558,161
5225,0.8738888888888905,-0.14166666666666516,161
5226,0.38261111111111246,1.2757777777777801,316
5227,1.076527777777778,0.189583333333335,214
5228,1.0344444444444456,0.062222222222222845,161
5229,0.43802777777778024,1.514305555555557,316
5230,0.9104166666666678,0.045000000000001095,161
5231,0.0076944444444456694,1.1352777777777787,211
5232,0.5032222222222229,1.6029722222222245,316
5233,0.5366666666666683,1.347750000000001,211
5234,1.012500000000001,-0.025694444444443465,161
5235,0.6472222222222227,-0.1051388888888875,161
5236,-0.17572222222222167,1.0544444444444445,211
5237,-0.0012499999999987521,1.3433333333333344,211
5238,0.851944444444445,-0.036833333333332885,161
5239,-0.07388888888888867,1.3279166666666684,211
5240,0.9270833333333345,0.01013888888889003,161
5241,1.2729166666666674,0.03777777777777841,161
5242,0.22708333333333497,1.080833333333334,211
5243,1.1055555555555565,0.18652777777777907,161
5244,-0.03249999999999875,1.0690277777777788,211
5245,0.8259444444444447,-0.1431944444444439,161
5246,0.5986111111111126,1.1973611111111115,211
5247,0.8436111111111121,-0.05486111111111097,161
5248,1.2286111111111118,0.13222222222222357,214
5249,3.7929722222222253,4.439138888888891,754
5250,1.390611111111113,-0.18211111111110978,161
5251,0.0011666666666679815,1.6538611111111123,211
5252,3.612750000000003,2.623111111111117,649
5253,0.7444444444444445,-0.10361111111110927,161
5254,1.0453888888888898,0.05250000000000088,161
5255,-0.2042499999999997,1.1766388888888897,211
5256,0.3386111111111123,1.0815277777777785,211
5257,1.1593055555555563,0.04000000000000181,214
5258,0.9370833333333342,-0.11472222222222134,161
5259,0.859305555555556,0.21805555555555622,161
5260,0.39525000000000077,1.098805555555557,211
5261,0.5602777777777802,1.5700000000000007,211
5262,1.0527777777777798,-0.10611111111110988,161
5263,0.8358333333333341,-0.28847222222222113,161
5264,0.37116666666666875,1.614972222222224,316
5265,0.9804444444444466,-0.04669444444444293,214
5266,1.152222222222223,-0.10263888888888806,161
5267,0.9002500000000011,-0.15652777777777682,161
5268,0.46333333333333593,1.5857500000000027,316
5269,0.9481666666666677,-0.07558333333333189,161
5270,0.8759722222222233,-0.0673611111111097,161
5271,0.27541666666666775,1.0131944444444452,211
5272,2.8671388888888814,2.2867222222222243,649
5273,3.642277777777781,1.4633333333333354,552
5274,1.534194444444446,0.0029444444444456375,214
5275,0.7355277777777783,-0.1647222222222215,161
5276,0.4569444444444464,0.9276388888888902,211
5277,0.8583333333333343,0.030416666666668535,161
5278,0.9552777777777783,-0.34444444444444366,161
5279,1.0848333333333344,-0.1506944444444438,161
5280,1.0398611111111125,-0.20722222222222103,161
5281,0.867416666666667,-0.0015833333333321598,161
5282,0.7250000000000012,-0.031111111111109813,161
5283,1.0748611111111124,-0.28472222222222127,161
5284,0.47497222222222346,1.1690833333333348,316
5285,-0.04222222222222172,1.0759722222222234,211
5286,0.4335000000000012,1.5344722222222236,316
5287,0.6227500000000025,1.2692777777777793,211
5288,1.0040277777777789,-0.13680555555555507,214
5289,0.8848611111111118,0.09986111111111179,161
5290,0.9223333333333346,-0.24794444444444308,161
5291,0.7759722222222233,-0.01377777777777639,161
5292,1.121527777777779,-0.21680555555555459,161
5293,1.0258333333333343,0.021388888888890345,161
5294,0.11663888888889129,1.351527777777779,211
5295,1.2058055555555578,0.016444444444445816,214
5296,0.8524722222222227,0.021944444444445543,161
5297,1.1565277777777792,0.11377777777777842,161
5298,0.8611111111111127,-0.16027777777777735,161
5299,4.449388888888894,3.01155555555556,649
5300,0.840833333333334,-0.09452777777777732,161
5301,1.161750000000001,0.4254444444444446,214
5302,0.8583333333333343,-0.03544444444444411,161
5303,0.6947222222222226,0.05277777777777881,161
5304,0.5543055555555557,1.4763888888888907,316
5305,0.85138888888889,0.07180555555555634,161
5306,1.3201388888888905,0.3019444444444451,214
5307,1.005277777777779,-0.5249999999999992,161
5308,0.8933888888888899,-0.20811111111111014,161
5309,0.7843055555555566,0.14736111111111205,161
5310,1.2284444444444444,0.04819444444444615,161
5311,0.20925000000000105,1.026944444444445,211
5312,0.5174444444444473,1.5980000000000025,316
5313,0.8341666666666678,0.014027777777778638,161
5314,0.05708333333333371,1.6041666666666683,211
5315,0.05888888888888977,0.7618333333333344,211
5316,0.14986111111111178,1.3705555555555569,211
5317,0.3546388888888894,1.4961666666666673,316
5318,0.828472222222223,-0.2673055555555552,161
5319,0.998500000000001,0.3158333333333351,214
5320,1.1654166666666672,-0.041694444444443035,214
5321,0.9762500000000008,0.22055555555555684,214
5322,0.21722222222222332,1.3047222222222223,211
5323,-0.07222222222222152,1.2433333333333352,211
5324,1.2904166666666672,0.49125000000000174,214
5325,0.7961111111111119,-0.16527777777777652,161
5326,0.3508333333333359,1.7878611111111125,316
5327,1.1069166666666683,-0.13494444444444303,161
5328,-0.2094166666666658,1.1011111111111134,211
5329,1.5776388888888913,0.23027777777777947,214
5330,0.8208055555555565,0.14205555555555738,161
5331,0.12555555555555653,0.9537222222222235,211
5332,3.8893888888889143,5.236305555555552,906
5333,0.20144444444444565,0.8431944444444449,211
5334,4.055166666666663,2.434666666666672,649
5335,0.829583333333334,-0.16416666666666557,161
5336,0.1688333333333346,1.5149722222222248,316
5337,0.40708333333333435,1.2276388888888907,211
5338,0.4795833333333346,1.3786111111111132,316
5339,-0.11230555555555566,0.9444722222222235,211
5340,0.6044444444444456,1.226277777777779,316
5341,0.873194444444446,-0.25208333333333244,161
5342,0.37013888888889,1.084444444444445,211
5343,1.3275833333333351,-0.2294722222222212,214
5344,1.335222222222224,0.3983888888888889,214
5345,4.090638888888894,2.52430555555556,649
5346,1.0087500000000011,-0.02944444444444333,161
5347,0.30347222222222325,1.1522222222222231,211
5348,0.4182222222222235,1.0889444444444456,211
5349,0.37491666666666934,1.602222222222223,316
5350,0.9894444444444452,-0.09066666666666579,161
5351,1.1098333333333337,-0.26711111111111097,161
5352,0.031944444444445885,1.2899999999999996,211
5353,1.0513888888888898,0.05055555555555652,161
5354,0.40675000000000194,1.6219722222222241,316
5355,0.33052777777777886,1.1453888888888903,211
5356,0.7397500000000012,0.29597222222222275,214
5357,1.2431388888888901,0.12488888888889049,214
5358,1.328222222222223,0.38461111111111246,214
5359,0.1565277777777786,1.212472222222224,211
5360,0.3319444444444458,0.8543055555555559,211
5361,0.049000000000001265,0.9167777777777787,211
5362,0.30611111111111255,0.9912500000000019,211
5363,0.13513888888889025,0.9854166666666677,211
5364,0.496000000000001,1.6013611111111121,316
5365,0.3307500000000011,1.1825833333333344,211
5366,1.0486111111111118,-0.1308333333333323,161
5367,0.8204722222222248,1.4861944444444461,316
5368,1.47263888888889,0.37777777777777977,214
5369,-0.05627777777777698,1.0855555555555558,211
5370,0.4388888888888902,1.0923611111111118,211
5371,0.5585833333333352,1.0667777777777783,211
5372,0.9072222222222235,-0.06347222222222171,161
5373,3.3310000000000053,2.471694444444447,649
5374,1.0179166666666672,-0.06905555555555443,161
5375,0.868027777777779,0.1497222222222232,161
5376,1.032777777777779,-0.030972222222221013,161
5377,3.2986666666666684,2.1335277777777804,653
5378,3.296527777777784,2.470972222222223,649
5379,0.14777777777777945,0.9161388888888898,211
5380,1.1594166666666672,-0.14122222222222108,161
5381,0.1583055555555558,0.9759722222222232,211
5382,0.9681944444444449,0.012777777777778165,161
5383,1.110694444444446,0.039444444444445836,214
5384,0.38786111111111343,1.467027777777778,316
5385,0.4059722222222235,1.3244444444444463,211
5386,0.28538888888889014,1.157194444444446,211
5387,0.4469722222222233,1.3369722222222236,316
5388,0.5581666666666685,1.1676944444444457,211
5389,1.3383055555555559,0.628111111111113,214
5390,0.3258055555555561,1.3022222222222233,211
5391,0.02072222222222253,1.4010833333333346,211
5392,4.0855277777777825,2.355916666666672,649
5393,1.3495833333333342,0.08930555555555608,214
5394,1.6358888888888905,0.29866666666666775,214
5395,0.2985277777777794,1.1113888888888905,211
5396,2.9696944444444453,1.9450277777777785,649
5397,1.0480277777777791,-0.09749999999999859,161
5398,0.2979166666666674,1.4001388888888895,211
5399,1.167916666666668,0.0401388888888895,214
5400,0.717916666666668,0.1913888888888901,161
5401,1.0593333333333352,0.19755555555555604,214
5402,0.8337500000000009,-0.13541666666666557,161
5403,0.2552777777777784,1.501305555555557,211
5404,0.43802777777777924,1.4025555555555562,211
5405,0.5005277777777803,1.3808055555555567,316
5406,0.06219444444444511,1.2833055555555577,211
5407,0.9170000000000006,0.21402777777777893,161
5408,0.9184722222222229,-0.018055555555554603,161
5409,-0.100138888888888,1.6275000000000013,211
5410,0.9856666666666672,-0.16002777777777633,161
5411,1.2813888888888896,0.15069444444444557,214
5412,0.14930555555555713,1.1184444444444455,211
5413,1.241527777777778,-0.03388888888888836,161
5414,0.3491666666666674,1.5761111111111126,316
5415,0.968361111111112,0.16830555555555704,214
5416,0.5409722222222246,1.6901388888888913,316
5417,0.7645555555555563,-0.24541666666666578,161
5418,0.8969444444444452,-0.2419444444444443,161
5419,0.09416666666666818,1.4398611111111128,211
5420,0.06302777777777879,1.1643055555555568,211
5421,0.3544444444444459,1.2905555555555557,211
5422,0.9170833333333341,-0.3797222222222213,161
5423,3.4580555555555588,2.439944444444446,649
5424,0.8312222222222232,-0.07244444444444315,161
5425,0.3021388888888903,1.5950555555555574,316
5426,1.3568055555555563,-0.06291666666666607,214
5427,1.1422222222222238,-0.000972222222221264,214
5428,0.5784444444444462,1.015277777777778,211
5429,1.072583333333335,0.21238888888888952,214
5430,1.0156944444444458,-0.13986111111111016,161
5431,-0.19916666666666605,1.113194444444446,211
5432,0.5026388888888886,1.3859166666666674,316
5433,0.13608333333333533,1.0716944444444458,211
5434,0.2875000000000014,0.8966666666666673,211
5435,1.2226944444444456,0.1922777777777791,214
5436,1.286000000000001,0.422277777777779,214
5437,1.198444444444446,0.10277777777777841,161
5438,0.026583333333333847,1.48138888888889,211
5439,0.986944444444446,-0.08124999999999871,161
5440,1.2091666666666674,-0.3349999999999992,161
5441,0.40569444444444647,1.5258333333333345,316
5442,-0.06697222222222143,1.3626388888888905,211
5443,0.8808055555555565,-0.060027777777777125,161
5444,0.08055555555555705,1.279722222222224,211
5445,0.09330555555555664,1.3615277777777797,211
5446,0.16691666666666805,1.3433055555555569,316
5447,0.8784722222222232,0.15958333333333502,161
5448,-0.16833333333333234,1.0648611111111124,211
5449,5.658361111111106,4.8263333333333405,1185
5450,1.673611111111112,-0.06708333333333305,214
5451,0.8918055555555562,0.06958333333333533,214
5452,3.6279166666666685,2.2971388888888917,649
5453,0.37472222222222407,1.3538888888888903,211
5454,0.9155555555555559,-0.2638888888888879,161
5455,0.20525000000000104,1.0299722222222234,211
5456,1.048027777777779,-0.11133333333333284,161
5457,1.330555555555557,-0.014999999999999014,214
5458,0.6735555555555564,1.6880000000000015,316
5459,0.4906944444444462,1.5008333333333357,316
5460,0.937361111111112,0.19541666666666813,161
5461,0.2475000000000016,0.9895000000000002,211
5462,0.4164444444444457,1.1413611111111117,211
5463,-0.009861111111109766,1.3348611111111133,211
5464,0.9368055555555569,0.0837500000000011,214
5465,1.3950000000000016,0.10958333333333425,214
5466,0.7994166666666673,0.0545555555555568,161
5467,0.8952777777777792,-0.20233333333333292,161
5468,1.2237500000000008,-0.16777777777777736,161
5469,0.1374722222222231,0.8728055555555567,211
5470,-0.05249999999999877,1.3266944444444466,211
5471,0.06111111111111134,1.1158333333333343,211
5472,0.9727777777777786,-0.06874999999999931,161
5473,0.9693055555555563,-0.1212777777777761,161
5474,0.18775000000000064,1.3390000000000006,211
5475,0.06402777777777902,1.5634722222222235,211
5476,0.543222222222224,1.6205833333333348,316
5477,0.3973333333333344,0.9383888888888896,211
5478,4.349611111111116,2.0159166666666692,650
5479,0.30666666666666786,1.0630555555555565,211
5480,0.8240277777777785,0.04097222222222374,161
5481,0.8241666666666669,0.04588888888889048,161
5482,0.5320555555555575,1.104222222222223,211
5483,0.9931388888888895,-0.06461111111111029,161
5484,0.9241388888888903,0.03572222222222271,161
5485,1.068472222222224,-0.28347222222222174,161
5486,0.8802500000000009,-0.09891666666666588,161
5487,1.1641666666666681,-0.043888888888887534,161
5488,4.067472222222226,2.2844166666666714,649
5489,0.8756944444444451,-0.10194444444444367,161
5490,1.215000000000001,0.2259722222222229,214
5491,0.9363611111111122,-0.09999999999999887,161
5492,1.1988611111111127,0.40811111111111165,214
5493,0.7759722222222232,-0.13499999999999956,161
5494,0.8205555555555565,-0.2883333333333322,161
5495,0.9409722222222232,-0.22263888888888805,161
5496,0.0405555555555569,1.051805555555557,211
5497,4.706444444444451,2.09438888888889,649
5498,-0.21680555555555392,1.2015277777777797,211
5499,0.9893333333333338,0.2063055555555564,214
5500,-0.26419444444444373,1.3476388888888897,211
5501,3.8656944444444474,2.1460555555555594,649
5502,4.293944444444448,1.0992500000000018,552
5503,-0.1652222222222216,1.1443055555555575,211
5504,0.31519444444444544,0.9310555555555551,211
5505,0.8955277777777784,-0.09002777777777715,161
5506,1.0269444444444449,0.12916666666666732,161
5507,0.36986111111111275,1.7683055555555578,316
5508,0.9895833333333341,-0.08958333333333274,161
5509,0.3640833333333351,1.3158611111111123,316
5510,0.3077777777777795,1.3697222222222236,211
5511,0.3691666666666692,1.4408611111111125,316
5512,0.4480277777777789,1.3421111111111128,316
5513,0.753611111111112,-0.09961111111111098,161
5514,0.3304722222222244,1.3413611111111121,316
5515,0.19822222222222508,1.6000000000000008,316
5516,3.9879444444444485,2.5638888888888913,649
5517,0.4932777777777776,1.7417777777777792,316
5518,0.8938888888888893,0.09638888888888991,161
5519,-0.14527777777777717,1.38913888888889,211
5520,0.9705555555555572,-0.18291666666666545,161
5521,0.002888888888890717,1.079083333333334,211
5522,1.2100000000000006,0.33791666666666775,214
5523,-0.027416666666665646,0.9218055555555564,211
5524,0.24597222222222315,1.075416666666668,211
5525,1.0500000000000023,0.3418055555555577,214
5526,1.1515277777777793,0.08208333333333317,161
5527,1.178055555555557,-0.06694444444444414,161
5528,0.016638888888890535,1.0323611111111126,211
5529,-0.05016666666666614,0.8207777777777793,211
5530,0.26055555555555654,0.999527777777778,211
5531,0.5852777777777788,1.3923888888888907,316
5532,-0.04263888888888834,1.176222222222223,211
5533,0.7336111111111123,-0.1908333333333324,161
5534,0.02402777777777909,1.0484722222222242,211
5535,1.0051388888888895,-0.10166666666666596,161
5536,6.051750000000004,5.217361111111119,1083
5537,0.8085555555555567,0.20361111111111196,214
5538,0.07152777777777897,1.1776944444444453,211
5539,0.8206944444444451,0.04138888888889025,161
5540,2.8499722222222243,1.2692777777777795,552
5541,1.0035277777777787,-0.20958333333333257,161
5542,-0.059972222222221205,1.040277777777779,211
5543,3.778583333333332,1.5858611111111158,649
5544,0.7061666666666675,0.20791666666666786,214
5545,0.7719444444444449,-0.27861111111111025,161
5546,0.9705555555555576,0.11763888888889001,161
5547,0.29708333333333503,1.4736388888888912,211
5548,0.42944444444444585,1.0480000000000018,211
5549,0.47541666666666804,1.2278888888888897,211
5550,0.36141666666666816,1.6420833333333353,316
5551,0.9498611111111114,-0.19652777777777702,161
5552,1.003055555555556,-0.24041666666666583,161
5553,-0.25813888888888803,0.9704166666666676,211
5554,1.6750000000000016,0.12966666666666826,214
5555,1.1636111111111118,-0.08711111111111047,161
5556,0.3808333333333346,1.0861111111111124,211
5557,0.09194444444444527,1.1450555555555568,211
5558,0.19136111111111254,1.2267222222222238,211
5559,0.1492222222222226,1.2368333333333341,211
5560,0.17722222222222372,0.9880555555555559,211
5561,0.9108333333333344,0.08055555555555627,161
5562,0.22566666666666846,1.187750000000001,211
5563,0.1768055555555561,1.4518055555555573,211
5564,0.09388888888889046,1.018111111111112,211
5565,0.7509722222222228,-0.17166666666666613,161
5566,0.9583333333333337,0.03902777777777933,161
5567,1.1397500000000016,0.12330555555555711,214
5568,0.21469444444444563,1.2596944444444458,211
5569,1.118055555555557,0.26611111111111174,214
5570,0.9090277777777787,-0.0846111111111098,161
5571,1.191833333333335,0.3564166666666674,214
5572,0.6784444444444451,0.0691388888888898,161
5573,1.4672777777777788,0.3560000000000011,214
5574,0.7358333333333344,-0.14527777777777695,161
5575,0.5906666666666684,1.4026666666666676,316
5576,0.181111111111112,1.2449722222222233,211
5577,1.1351666666666682,0.18413888888889052,214
5578,3.4710555555555604,2.2190277777777805,649
5579,-0.23527777777777625,1.1316388888888902,211
5580,0.9619166666666678,-0.15144444444444377,161
5581,3.573972222222226,2.3715277777777812,649
5582,1.180305555555556,0.07180555555555684,161
5583,-0.107222222222221,1.1601111111111124,211
5584,0.18652777777777896,0.8480555555555559,211
5585,0.49888888888889116,1.4712500000000024,316
5586,0.24405555555555658,1.4870277777777785,316
5587,0.17569444444444504,1.0545833333333345,211
5588,1.0631944444444459,-0.14180555555555485,161
5589,1.1993055555555563,0.11761111111111189,161
5590,-0.2955277777777766,1.3508333333333353,211
5591,3.9298333333333364,2.315666666666669,649
5592,0.9910833333333346,-0.04061111111111049,161
5593,0.9222222222222234,0.06250000000000178,161
5594,0.2878888888888903,1.1315277777777792,211
5595,0.9162500000000003,-0.12236111111110992,161
5596,0.502222222222224,1.2337777777777796,316
5597,0.0495833333333352,0.8023333333333337,211
5598,0.5126388888888896,1.2431666666666676,211
5599,-0.0029166666666652352,0.8345833333333346,211
5600,0.8136111111111126,0.12222222222222345,161
5601,1.1540277777777788,0.22569444444444586,214
5602,-0.0904999999999988,1.1937222222222232,211
5603,0.6192500000000005,-0.22902777777777694,161
5604,0.24455555555555708,1.1926111111111126,211
5605,0.9373888888888893,-0.3001388888888878,161
5606,0.019055555555556825,1.4545833333333356,211
5607,0.39305555555555727,0.8201944444444457,211
5608,4.537222222222224,3.8861944444444494,909
5609,0.912611111111112,-0.03944444444444384,161
5610,0.4916666666666676,0.7786666666666674,211
5611,1.1302777777777782,-0.07847222222222111,161
5612,0.88625,-0.12211111111111111,161
5613,1.4133333333333353,0.10458333333333447,214
5614,1.0252777777777782,-0.13227777777777683,214
5615,1.2476388888888905,-0.020555555555554883,161
5616,0.1990277777777787,1.6077777777777795,211
5617,0.4489722222222229,1.4165000000000023,316
5618,0.4079166666666686,1.5066666666666682,211
5619,0.7947222222222231,-0.08277777777777656,161
5620,1.0502777777777792,0.21805555555555678,214
5621,0.38791666666666846,1.082500000000001,211
5622,0.8940277777777784,-0.05819444444444366,161
5623,0.40050000000000263,1.4774722222222234,316
5624,0.15075000000000005,1.2867777777777791,211
5625,0.9729166666666675,-0.05097222222222175,161
5626,1.7088055555555575,0.29575000000000073,214
5627,0.23319444444444626,1.2791666666666677,211
5628,0.20166666666666777,0.8751388888888898,211
5629,0.03347222222222368,0.815694444444445,211
5630,1.1361111111111126,0.4165277777777805,214
5631,1.1481944444444463,0.07847222222222366,161
5632,-0.17786111111110992,0.9276666666666675,211
5633,0.22597222222222313,1.2613888888888902,211
5634,0.9215833333333348,0.020000000000000795,161
5635,0.2218055555555567,1.0586111111111125,211
5636,3.9621944444444455,3.0071944444444467,552
5637,0.5687777777777812,1.4288888888888909,316
5638,0.3951388888888905,1.3670277777777793,316
5639,0.1480277777777781,1.009416666666667,211
5640,1.6199722222222235,-0.2428888888888876,214
5641,1.3398611111111125,0.5662500000000013,214
5642,0.24847222222222354,0.9748333333333348,211
5643,0.424722222222224,1.2355555555555562,211
5644,0.7810000000000009,-0.006416666666665405,161
5645,4.2601111111111205,1.8373055555555626,649
5646,-0.17333333333333312,1.2297222222222233,211
5647,1.2079166666666679,0.16180555555555642,214
5648,1.177361111111112,-0.27916666666666606,161
5649,0.9794444444444447,-0.2213888888888877,161
5650,0.8910833333333343,-0.11622222222222128,161
5651,-0.07944444444444276,1.4191666666666685,211
5652,0.7909722222222229,-0.1806944444444442,161
5653,0.8191388888888906,1.0402500000000012,211
5654,0.8858611111111128,0.2630000000000009,214
5655,0.052777777777779034,1.3433333333333342,211
5656,-0.10983333333333345,1.603611111111113,211
5657,0.5733055555555572,1.4691388888888905,211
5658,1.1990277777777791,0.5400555555555568,214
5659,-0.042666666666665964,0.9249166666666678,211
5660,0.9143333333333343,-0.14572222222222164,161
5661,1.4324166666666667,0.17783333333333462,214
5662,1.3262500000000015,0.2491666666666682,214
5663,0.9013611111111117,-0.21711111111111053,161
5664,0.23375000000000168,1.0131111111111115,211
5665,1.0103888888888897,-0.15208333333333213,161
5666,0.7862500000000014,-0.23016666666666652,161
5667,1.0027777777777787,0.0874166666666682,161
5668,1.1098611111111123,-0.11374999999999941,161
5669,0.9504444444444456,0.1547222222222231,214
5670,0.26411111111111263,1.5635555555555571,316
5671,0.2445833333333337,1.2545555555555565,211
5672,0.03775000000000106,0.9468333333333343,211
5673,0.42372222222222367,1.5495833333333344,316
5674,0.34625000000000183,1.408611111111112,211
5675,0.4461388888888914,1.286416666666668,316
5676,0.9938888888888902,-0.12624999999999953,161
5677,1.028888888888889,-0.13361111111111074,161
5678,1.0030277777777783,0.11722222222222312,161
5679,0.9293055555555563,-0.18999999999999895,161
5680,7.016361111111123,4.794500000000012,1073
5681,0.32761111111111163,1.3423333333333347,211
5682,1.4839166666666677,0.26100000000000145,214
5683,1.0087500000000014,0.15838888888889047,214
5684,0.5941388888888912,1.8567777777777783,316
5685,0.380138888888891,1.2272777777777792,211
5686,-0.15347222222222145,1.1359722222222237,211
5687,1.0697222222222236,-0.05374999999999902,161
5688,3.985416666666673,3.12516666666667,649
5689,0.4127777777777799,1.3603888888888904,211
5690,0.9450000000000006,-0.07805555555555466,161
5691,-0.1927777777777765,1.2151388888888897,211
5692,0.5329166666666678,1.0362222222222228,211
5693,1.1479166666666676,-0.08055555555555488,161
5694,0.28777777777777835,1.3280277777777785,211
5695,1.2276666666666685,-0.033194444444443194,214
5696,1.0337222222222233,-0.010277777777776942,161
5697,0.5300000000000027,1.389916666666669,316
5698,0.02472222222222331,0.8104166666666678,211
5699,4.143805555555564,2.107250000000003,650
5700,0.27277777777777923,1.6518888888888899,316
5701,0.16205555555555606,1.3169444444444443,211
5702,3.4158333333333353,2.2178611111111137,649
5703,0.3988611111111118,1.430555555555558,211
5704,0.16219444444444542,0.9025833333333343,211
5705,1.0418055555555563,0.10013888888888905,161
5706,0.34752777777777877,1.329777777777779,316
5707,0.29138888888889014,1.4918055555555565,211
5708,1.0283333333333338,-0.045833333333332615,214
5709,0.0833333333333337,1.280277777777779,211
5710,4.048333333333341,5.70202777777778,992
5711,0.06569444444444572,1.5434444444444455,211
5712,0.27916666666666734,0.982000000000001,211
5713,0.7983333333333342,0.15750000000000142,161
5714,0.8309722222222229,-0.14205555555555444,161
5715,0.475972222222223,1.4806944444444463,211
5716,0.2542777777777794,1.0706666666666673,211
5717,0.28111111111111264,1.0609444444444458,211
5718,1.2762500000000019,0.21625000000000105,214
5719,0.3637222222222237,1.536666666666668,211
5720,0.1443055555555559,1.3986111111111128,211
5721,0.7169444444444453,-0.12263888888888752,161
5722,1.1438888888888905,0.07319444444444612,161
5723,0.21052777777777798,1.2024722222222233,211
5724,0.2447500000000019,1.5226111111111118,316
5725,0.22472222222222282,1.2200000000000006,211
5726,-0.007388888888888445,1.168444444444445,211
5727,1.1957777777777792,0.05533333333333568,214
5728,0.4490277777777789,1.5233888888888933,316
5729,0.44069444444444583,1.485833333333334,211
5730,0.2934444444444453,1.1626111111111115,211
5731,0.3826388888888901,1.4506666666666685,316
5732,1.1640833333333338,-0.08549999999999908,161
5733,1.0140277777777784,-0.24544444444444385,161
5734,0.786222222222223,-0.0937777777777768,161
5735,0.090055555555557,1.3763888888888902,211
5736,0.8926388888888892,-0.02819444444444419,161
5737,0.3660833333333351,0.9626111111111126,211
5738,0.019583333333334396,1.135111111111112,211
5739,0.8638888888888896,0.057222222222223174,161
5740,0.3943055555555566,1.2228888888888894,211
5741,0.12361111111111267,1.2997222222222242,211
5742,0.7593055555555563,0.0156944444444449,161
5743,1.005333333333334,0.2617222222222235,214
5744,0.8991666666666679,-0.007138888888888029,214
5745,0.23805555555555657,1.3569444444444465,211
5746,-0.16155555555555412,1.1303055555555561,211
5747,0.03583333333333394,1.111805555555557,211
5748,1.1186666666666674,0.7003333333333349,214
5749,0.3929166666666679,1.027527777777778,211
5750,1.1913888888888897,0.2854166666666682,214
5751,0.9320555555555561,0.05247222222222392,161
5752,0.23000000000000131,1.3229444444444458,211
5753,0.34416666666666873,1.3238888888888896,316
5754,1.1320555555555571,-0.20811111111111025,214
5755,0.40777777777778046,1.5205555555555577,211
5756,1.1563888888888898,0.14000000000000112,214
5757,0.44261111111111207,1.5889166666666708,316
5758,1.10388888888889,0.24041666666666783,161
5759,0.27872222222222487,1.1913611111111124,211
5760,0.11944444444444535,1.1545833333333353,211
5761,-0.24855555555555497,1.3645833333333344,211
5762,0.3204444444444461,1.56738888888889,316
5763,1.0560277777777793,-0.0841944444444433,161
5764,1.0938888888888887,-0.10472222222222172,214
5765,-0.07124999999999881,1.3186111111111132,211
5766,3.6901111111111127,2.4903611111111137,649
5767,0.34152777777777943,1.0015277777777782,211
5768,0.8447222222222233,-0.2588888888888878,161
5769,0.5143055555555559,1.6485555555555558,316
5770,0.5008611111111125,1.3534166666666674,316
5771,1.559861111111113,0.5197222222222228,214
5772,8.859055555555553,6.783416666666667,1519
5773,0.26444444444444504,1.4336111111111132,316
5774,0.21958333333333435,1.5483888888888901,211
5775,0.9844444444444453,0.22861111111111354,214
5776,1.155972222222223,0.09777777777777874,214
5777,0.9487500000000006,0.466527777777779,214
5778,1.466666666666669,0.15541666666666865,214
5779,5.672444444444441,4.547138888888893,1184
5780,4.392888888888893,2.909583333333339,649
5781,0.8986666666666674,-0.12513888888888824,161
5782,0.23208333333333397,0.9725833333333344,211
5783,0.7873333333333338,0.002194444444445498,161
5784,1.1795000000000013,0.36844444444444635,214
5785,1.0134722222222237,0.06625000000000059,161
5786,1.0803333333333338,0.20177777777777894,214
5787,-0.2641111111111104,0.9021944444444452,211
5788,-0.02988888888888852,1.2152500000000013,211
5789,0.1165277777777789,0.8449722222222226,211
5790,1.0931111111111127,0.04236111111111196,214
5791,0.1815277777777783,1.3544444444444466,211
5792,0.9887500000000008,0.19583333333333508,161
5793,6.021555555555555,6.936027777777788,1184
5794,4.551027777777781,2.6289166666666706,649
5795,0.24402777777777895,1.0302777777777783,211
5796,0.06555555555555681,1.088750000000001,211
5797,0.006250000000001421,1.5793611111111125,211
5798,0.9087500000000008,-0.10680555555555488,161
5799,1.0830833333333347,0.166027777777779,214
5800,0.1968055555555569,1.177777777777779,211
5801,0.3269444444444447,1.189861111111112,211
5802,1.0744444444444456,0.17263888888888945,214
5803,3.860472222222225,1.9813055555555585,552
5804,1.1015277777777783,0.05750000000000066,161
5805,0.8263055555555563,-0.30155555555555524,161
5806,0.8918611111111119,0.02561111111111286,161
5807,0.26386111111111166,1.0935833333333342,211
5808,0.9565277777777783,-0.25638888888888794,161
5809,0.006250000000000644,1.0147222222222232,211
5810,0.9905555555555567,0.09638888888888919,161
5811,0.11444444444444524,0.955277777777779,211
5812,0.25388888888888916,1.2869444444444458,211
5813,0.39013888888889114,1.3731944444444464,316
5814,0.41930555555555726,1.4976388888888907,316
5815,0.7252500000000008,-0.16763888888888767,161
5816,1.0023611111111121,0.010833333333334638,161
5817,1.3602777777777793,0.40111111111111253,214
5818,0.10291666666666743,0.7729444444444453,211
5819,0.8948611111111116,-0.3740277777777771,161
5820,1.0955555555555558,0.07997222222222256,161
5821,1.0781944444444456,0.028027777777778595,161
5822,0.16319444444444575,1.0513888888888898,211
5823,0.2991666666666687,1.0791666666666684,211
5824,-0.17344444444444373,1.2519166666666686,211
5825,1.1730277777777782,0.1643055555555567,161
5826,3.4366944444444485,2.5059166666666712,649
5827,0.5387500000000022,1.406000000000002,316
5828,0.9035833333333337,-0.12680555555555423,161
5829,-0.027111111111110642,0.9592222222222239,211
5830,0.28594444444444633,1.3697222222222243,211
5831,1.0163888888888888,-0.13430555555555423,161
5832,0.17583333333333462,1.2765277777777797,211
5833,0.8260555555555567,-0.04236111111111024,161
5834,1.0245555555555577,-0.21097222222222106,161
5835,0.9309722222222234,-0.015833333333332256,161
5836,1.1932500000000015,0.15127777777777962,214
5837,0.25711111111111223,1.3937500000000012,316
5838,0.3358055555555566,0.9548611111111122,211
5839,0.9723611111111122,-0.010694444444443618,161
5840,1.004027777777779,0.21500000000000108,214
5841,0.26994444444444576,1.4944166666666683,316
5842,0.26163888888888975,1.396305555555557,316
5843,0.22513888888888967,1.3309722222222236,211
5844,1.0954444444444453,-0.06911111111111012,214
5845,0.8813888888888894,0.06430555555555673,161
5846,-0.03941666666666532,1.2144444444444453,211
5847,1.0653055555555557,0.46502777777777937,214
5848,2.7319722222222262,1.68963888888889,552
5849,1.0261111111111116,0.09819444444444503,161
5850,3.2473611111111125,3.375138888888892,649
5851,0.21972222222222326,1.3022222222222237,211
5852,0.3760833333333342,1.2418055555555572,211
5853,3.200055555555557,2.711611111111115,649
5854,1.1453055555555562,0.46019444444444524,214
5855,0.8534722222222225,0.019027777777778587,161
5856,0.2787500000000013,1.0206944444444455,211
5857,1.0248055555555562,-0.07680555555555446,161
5858,1.0238055555555563,0.4345000000000009,214
5859,0.32194444444444625,1.4419444444444451,211
5860,1.3013888888888896,0.0927777777777784,214
5861,0.2685277777777796,1.117750000000001,211
5862,1.499444444444446,0.002916666666668122,214
5863,3.6437222222222228,2.584305555555555,649
5864,0.9553333333333348,-0.04672222222222111,214
5865,1.1577777777777793,0.11208333333333487,214
5866,0.9351388888888897,-0.01861111111111019,161
5867,0.30402777777777845,1.3898611111111125,211
5868,-0.18286111111111047,1.1229722222222236,211
5869,1.4944444444444456,0.4023611111111125,214
5870,-0.18291666666666595,1.2720555555555566,211
5871,0.0434722222222238,1.210833333333335,211
5872,0.7420277777777786,-0.11433333333333262,161
5873,0.9387500000000009,-0.3173611111111103,161
5874,1.112083333333334,-0.0963888888888873,161
5875,0.9061111111111113,0.12916666666666793,161
5876,3.5722500000000057,2.5491944444444483,649
5877,0.9523611111111121,-0.052638888888888125,161
5878,-0.0018333333333321322,1.2133333333333347,211
5879,0.9358333333333345,0.4325000000000011,214
5880,4.194833333333335,1.8004166666666706,651
5881,0.3298888888888911,1.3326666666666689,316
5882,-0.052361111111110414,1.4206944444444465,211
5883,0.8886111111111116,0.06013888888888941,161
5884,0.9507222222222227,0.021944444444445432,161
5885,1.1762777777777786,-0.044833333333332503,214
5886,3.467111111111119,2.0220277777777813,649
5887,0.10902777777777795,0.817305555555556,211
5888,1.01538888888889,0.1505833333333343,161
5889,3.629027777777777,1.4410833333333364,649
5890,0.8219444444444456,-0.06638888888888811,161
5891,0.08236111111111133,0.9650000000000011,211
5892,1.0187777777777787,0.15366666666666806,161
5893,3.9540277777777812,4.680583333333338,906
5894,1.1620000000000015,0.3031388888888895,214
5895,0.8755555555555563,-0.13208333333333222,161
5896,1.23863888888889,-0.12305555555555492,214
5897,0.19066666666666754,1.3381944444444451,211
5898,0.6902777777777784,-0.060833333333332074,161
5899,3.7764999999999995,2.923611111111115,649
5900,1.0939444444444453,0.184500000000001,214
5901,0.9029444444444452,-0.1046111111111106,161
5902,1.0784444444444448,0.1359722222222236,161
5903,0.23791666666666766,1.3245833333333354,211
5904,0.4019444444444453,1.1805277777777787,211
5905,0.9135833333333345,-0.1931944444444434,161
5906,0.3903611111111135,1.2948611111111132,316
5907,0.054166666666668806,1.2300833333333352,211
5908,0.36469444444444654,1.5023888888888894,316
5909,1.095972222222223,-0.23974999999999935,161
5910,0.07844444444444543,0.9475000000000009,211
5911,0.8763888888888904,0.011777777777778553,161
5912,0.35322222222222344,1.7555555555555569,316
5913,0.9887500000000012,0.027361111111111558,161
5914,0.299722222222224,1.215972222222223,211
5915,0.7559722222222236,-0.16586111111110996,161
5916,0.9217777777777787,-0.19347222222222177,161
5917,0.32219444444444645,1.1247222222222237,211
5918,1.3325000000000025,0.29805555555555685,214
5919,1.2193055555555563,-0.14374999999999893,161
5920,1.1396944444444455,0.28252777777777993,214
5921,0.9045833333333342,0.15500000000000164,161
5922,1.2540000000000013,-0.06897222222222144,161
5923,1.2747222222222236,0.1311111111111123,161
5924,0.05747222222222326,1.2724166666666679,211
5925,0.1381944444444454,1.0024166666666674,211
5926,1.212500000000001,0.48458333333333437,214
5927,0.834861111111112,-0.0858333333333326,161
5928,1.054000000000001,0.07125000000000081,161
5929,2.8169166666666685,2.855166666666671,649
5930,1.4623611111111126,0.22708333333333452,214
5931,0.06486111111111226,1.0541666666666676,211
5932,1.0865277777777784,-0.15708333333333324,161
5933,1.2109722222222234,-0.036944444444443336,214
5934,1.0340277777777784,-0.1109722222222217,161
5935,0.40702777777777943,1.2982777777777785,316
5936,0.4748333333333348,0.9426111111111117,211
5937,1.042888888888889,-0.20505555555555482,161
5938,1.2145833333333356,-0.044166666666665355,161
5939,0.7844444444444445,0.0002777777777788759,161
5940,0.23652777777777978,1.1263888888888907,211
5941,0.04236111111111229,0.9397777777777784,211
5942,1.0248611111111123,-0.21249999999999925,214
5943,0.5192777777777798,1.302638888888891,316
5944,1.0268333333333346,-0.1627222222222215,161
5945,0.10541666666666794,1.0055555555555569,211
5946,-0.21266666666666556,1.5458333333333356,211
5947,1.0566666666666686,-0.04055555555555429,161
5948,0.26944444444444526,1.2213888888888893,211
5949,-0.08361111111111086,0.9576388888888898,211
5950,0.25538888888889,1.2336111111111125,211
5951,0.9925000000000006,0.10083333333333416,161
5952,1.160555555555557,-0.11597222222222175,161
5953,0.9461111111111118,0.04152777777777911,161
5954,1.1555555555555563,-0.09694444444444328,161
5955,-0.1421666666666651,1.1074999999999997,211
5956,0.17569444444444615,1.2940000000000016,211
5957,3.3474444444444456,2.4149444444444472,651
5958,4.843638888888895,1.9931388888888915,649
5959,2.523333333333334,1.5612500000000034,465
5960,0.2025000000000008,1.2179166666666674,211
5961,3.299138888888892,2.3382222222222273,649
5962,0.2655277777777785,1.3449166666666679,211
5963,0.79763888888889,-0.2504999999999997,161
5964,5.5979166666666655,2.4867777777777818,649
5965,0.9621388888888893,0.0280555555555565,161
5966,1.298583333333334,0.4072777777777783,214
5967,-0.1445833333333323,1.4404166666666682,211
5968,0.9735000000000013,0.4397777777777786,214
5969,-0.05608333333333271,1.3050000000000015,211
5970,0.8158888888888894,0.02186111111111172,161
5971,0.7481666666666675,-0.07238888888888761,161
5972,0.9158333333333344,-0.07611111111111013,161
5973,2.9951111111111213,0.6345555555555555,649
5974,-0.09211111111111048,0.9289444444444449,211
5975,1.0723611111111122,-0.19847222222222144,161
5976,0.6761111111111118,0.04944444444444546,161
5977,0.16458333333333364,1.2901388888888907,211
5978,5.256944444444454,2.934444444444453,649
5979,0.053750000000001186,1.3331666666666675,211
5980,1.186361111111112,0.01997222222222378,161
5981,0.96038888888889,-0.025166666666666004,161
5982,0.2600000000000011,0.9145833333333346,211
5983,1.1516666666666673,-0.12961111111110996,161
5984,1.0812500000000014,0.06819444444444483,161
5985,1.0670833333333343,0.3636111111111128,214
5986,1.077083333333334,0.5468055555555572,214
5987,0.2044444444444451,1.6197222222222232,211
5988,0.9630555555555567,-0.35930555555555477,161
5989,0.35219444444444625,1.3137777777777786,316
5990,-0.05930555555555406,1.4656944444444457,211
5991,-0.10055555555555484,1.025694444444445,211
5992,0.11986111111111175,0.963722222222223,211
5993,0.3076388888888908,0.9891666666666689,211
5994,0.28277777777777935,1.4462500000000003,211
5995,0.8045000000000013,0.03416666666666729,161
5996,0.7675000000000022,1.196388888888891,211
5997,1.2647777777777784,-0.19633333333333247,214
5998,3.4371944444444464,2.5121111111111136,649
5999,0.3921111111111124,1.2035833333333352,211
6000,-0.09802777777777771,1.111111111111112,211
6001,1.0334722222222228,-0.08416666666666595,161
6002,0.9088333333333347,-0.16944444444444373,161
6003,0.9050000000000005,-0.007777777777776884,161
6004,0.08291666666666764,1.3838888888888905,211
6005,0.9818055555555563,-0.003055555555555256,214
6006,0.3362500000000014,1.4873611111111125,316
6007,0.7098611111111122,0.12097222222222281,161
6008,0.041583333333334416,1.236944444444445,211
6009,0.8259722222222231,0.05583333333333396,161
6010,0.49050000000000127,1.6491388888888925,316
6011,2.531555555555558,1.8506388888888912,470
6012,0.26944444444444626,1.083194444444445,211
6013,1.1311111111111127,0.04791666666666805,161
6014,0.973916666666668,-0.21847222222222118,214
6015,0.01055555555555654,1.2254444444444461,211
6016,0.04041666666666788,1.3870833333333343,211
6017,0.010138888888890807,1.2895833333333346,211
6018,0.16052777777777916,1.2580277777777793,211
6019,0.1873611111111132,0.8503055555555565,211
6020,1.0430277777777794,0.017500000000000848,214
6021,0.8386111111111113,0.09125000000000105,214
6022,0.36597222222222325,0.7714166666666674,211
6023,0.72888888888889,-0.05299999999999877,161
6024,1.1597222222222228,-0.18694444444444336,214
6025,0.005000000000000671,1.0893055555555562,211
6026,1.2172222222222224,-0.026472222222221564,214
6027,0.5473611111111121,1.4638888888888892,316
6028,0.22733333333333483,1.2318055555555563,211
6029,0.4136666666666676,1.6663333333333348,316
6030,1.0988888888888901,-0.1294444444444443,161
6031,1.0773611111111119,0.027222222222223424,161
6032,0.5493888888888899,1.5409444444444462,316
6033,0.04894444444444612,1.1730555555555564,211
6034,1.1303333333333336,0.2833055555555568,214
6035,1.189027777777779,-0.054722222222221784,161
6036,1.4195833333333339,0.06236111111111253,214
6037,-0.0639444444444437,0.8138611111111119,211
6038,1.022861111111112,0.11000000000000087,161
6039,1.4362777777777798,0.18825000000000147,214
6040,0.24375000000000058,1.0706944444444457,211
6041,1.079305555555557,-0.0680555555555547,161
6042,0.9920833333333339,-0.09905555555555445,161
6043,0.41638888888889025,1.1612500000000017,211
6044,1.2131111111111128,0.09991666666666721,214
6045,0.363527777777779,1.4658888888888901,211
6046,1.366,0.31505555555555564,214
6047,1.1496666666666675,0.11572222222222261,214
6048,0.9259722222222232,-0.24888888888888788,161
6049,0.8334722222222233,-0.05738888888888871,161
6050,0.812722222222223,-0.050305555555554604,161
6051,0.2414444444444458,1.0829166666666674,211
6052,0.16483333333333394,1.100916666666668,211
6053,0.3272222222222232,1.4230277777777787,211
6054,0.010000000000001341,1.4278888888888903,211
6055,0.3666666666666676,0.9940277777777795,211
6056,0.4774166666666686,1.3777222222222232,316
6057,0.25052777777777946,1.2626111111111122,211
6058,3.9593333333333374,5.3013611111111185,907
6059,0.8091666666666674,0.07250000000000145,161
6060,0.8551666666666669,0.024972222222222784,161
6061,-0.012083333333332336,1.298166666666668,211
6062,0.3922777777777795,1.4367777777777797,316
6063,0.9465555555555567,-0.2832777777777765,161
6064,0.1688611111111129,0.9363055555555556,211
6065,0.28763888888889,1.192222222222224,211
6066,0.3217777777777789,1.4328611111111127,316
6067,0.15819444444444564,1.0606944444444457,211
6068,0.1693333333333339,1.3544444444444461,211
6069,-0.21819444444444314,1.4143055555555573,211
6070,0.9302500000000006,0.08433333333333426,161
6071,7.284861111111114,6.511027777777781,1184
6072,1.0023611111111121,-0.17444444444444412,161
6073,0.18958333333333477,1.3002777777777794,211
6074,0.10594444444444462,1.4767777777777797,211
6075,0.5794166666666672,1.3351944444444463,316
6076,1.0881666666666676,-0.15502777777777715,161
6077,-0.05286111111111036,1.0239444444444454,211
6078,1.1220833333333347,-0.11744444444444407,161
6079,1.11038888888889,0.0005555555555568636,161
6080,0.9606944444444455,-0.08138888888888923,161
6081,0.23361111111111266,1.1276111111111125,211
6082,0.4528888888888908,1.1720555555555578,211
6083,-0.028777777777777014,1.3861666666666685,211
6084,0.7689166666666676,0.46541666666666826,214
6085,0.23888888888889026,1.1726111111111124,211
6086,-0.02416666666666545,1.065000000000001,211
6087,-0.09052777777777687,1.2047222222222238,211
6088,0.03236111111111162,1.0120833333333341,211
6089,0.5029166666666683,1.1872222222222242,211
6090,0.8934722222222231,-0.18874999999999853,161
6091,4.351694444444453,2.219805555555559,649
6092,0.7544444444444456,0.06427777777777866,161
6093,0.9771944444444454,0.021500000000000907,161
6094,1.0031944444444458,-0.09680555555555426,161
6095,1.0072222222222231,0.21291666666666753,214
6096,0.8527777777777789,-0.1580555555555549,161
6097,0.6655000000000004,0.03808333333333447,214
6098,1.06388888888889,-0.14263888888888743,161
6099,1.0888055555555565,0.44377777777778016,214
6100,1.054972222222223,-0.11313888888888785,161
6101,0.24783333333333524,1.4100277777777792,316
6102,0.9715277777777787,0.05005555555555674,161
6103,2.457027777777779,1.8408611111111148,465
6104,0.02722222222222337,1.4693055555555576,211
6105,0.3056666666666681,0.9788333333333347,211
6106,1.2105555555555578,0.47069444444444575,214
6107,0.48905555555555724,1.3977777777777782,316
6108,0.9612500000000006,-0.16233333333333222,214
6109,0.9876666666666675,0.197972222222224,214
6110,0.9737500000000014,-0.08277777777777623,161
6111,1.0434444444444453,-0.3021666666666664,161
6112,0.023333333333334427,1.2180555555555563,211
6113,1.060555555555557,-0.2477777777777771,161
6114,0.9323333333333346,0.038305555555556536,161
6115,0.07736111111111166,0.695361111111112,211
6116,0.49388888888889015,1.3310555555555577,316
6117,0.9255555555555566,-0.03041666666666537,161
6118,0.5098333333333348,1.1613888888888906,211
6119,0.3986111111111129,1.3447222222222233,211
6120,0.49902777777778085,1.4858611111111124,316
6121,0.9093055555555565,-0.2487777777777775,161
6122,0.390000000000002,1.31388888888889,316
6123,0.0984722222222234,1.3327777777777785,211
6124,1.124472222222223,0.5870000000000012,214
6125,0.32775000000000126,1.4473333333333351,316
6126,0.2333611111111129,1.4593055555555579,316
6127,1.282500000000002,0.12777777777777843,161
6128,-0.16372222222222133,1.1537500000000014,211
6129,0.8667222222222228,0.1735833333333352,214
6130,0.8359722222222222,-0.17291666666666644,161
6131,0.3605555555555562,1.1059722222222232,211
6132,0.6611111111111119,-0.02774999999999972,161
6133,0.05736111111111175,0.8290555555555567,211
6134,0.1650000000000008,1.2343055555555567,211
6135,1.0508333333333348,-0.023472222222221173,161
6136,0.19400000000000162,0.7387222222222227,211
6137,0.7583333333333335,-0.08602777777777654,161
6138,1.1470833333333346,0.14666666666666794,161
6139,0.17138888888889015,1.337277777777779,211
6140,-0.04411111111110999,1.0531666666666681,211
6141,1.0616666666666674,-0.301249999999999,161
6142,1.0681944444444447,-0.26563888888888887,214
6143,0.9505555555555566,0.29916666666666725,214
6144,1.3482222222222238,0.31808333333333494,214
6145,0.2778611111111118,1.086916666666668,211
6146,0.03236111111111195,0.8205000000000006,211
6147,0.6393055555555581,1.6020277777777778,316
6148,0.37125000000000163,0.9256944444444453,211
6149,0.15597222222222373,1.2247777777777786,211
6150,0.9158055555555566,0.16072222222222365,161
6151,1.1016944444444452,0.1169722222222217,214
6152,-0.13930555555555446,1.525555555555556,211
6153,1.0483333333333351,-0.026249999999999662,214
6154,2.606388888888893,2.2681944444444495,552
6155,0.5676388888888908,1.419861111111112,316
6156,1.0905555555555564,0.028166666666667783,161
6157,0.09441666666666737,1.302194444444446,211
6158,0.47791666666666865,1.5218333333333343,316
6159,0.5192222222222246,1.535000000000002,316
6160,1.2088055555555557,0.3058888888888899,214
6161,0.2654166666666684,1.285277777777779,211
6162,0.92638888888889,-0.2693055555555544,161
6163,0.11861111111111222,0.8439722222222225,211
6164,1.3206944444444453,-0.14541666666666536,161
6165,0.7448611111111123,-0.030277777777777126,161
6166,0.9545833333333338,0.13138888888888967,161
6167,0.6877777777777793,0.8737222222222236,211
6168,0.909861111111112,0.1013888888888902,161
6169,2.650666666666669,1.391777777777781,465
6170,0.4588888888888899,1.0175000000000014,211
6171,1.1436111111111122,0.16930555555555704,214
6172,0.4238611111111127,1.3709722222222238,316
6173,1.0749166666666676,-0.09277777777777685,161
6174,1.307500000000001,-0.06727777777777721,214
6175,0.7758055555555565,0.1612222222222246,161
6176,1.3500277777777794,0.0793611111111121,214
6177,1.031805555555557,0.028750000000001275,161
6178,0.7731111111111119,0.3112777777777791,214
6179,0.40072222222222287,1.5022500000000014,316
6180,0.18066666666666753,1.3869166666666675,211
6181,0.11547222222222331,1.1490277777777786,211
6182,3.842666666666676,4.545027777777786,906
6183,1.0411666666666677,0.40325000000000233,214
6184,3.5934166666666707,1.4455555555555581,552
6185,0.13416666666666732,1.0862500000000013,211
6186,0.38213888888888986,1.6126944444444462,316
6187,0.632750000000001,1.0752777777777789,211
6188,1.287555555555558,-0.12538888888888833,214
6189,-0.037638888888887556,1.3084722222222238,211
6190,1.0806944444444453,0.2066666666666679,214
6191,0.026888888888889406,1.231166666666669,211
6192,0.05930555555555628,1.1583055555555568,211
6193,1.101527777777779,0.37319444444444616,214
6194,1.1380555555555572,0.18402777777777812,214
6195,1.4234722222222242,0.3283333333333347,214
6196,0.4699444444444457,1.6151666666666686,316
6197,1.1291666666666678,0.1234722222222231,161
6198,1.1358333333333341,0.17236111111111163,161
6199,0.16122222222222338,1.3922222222222234,211
6200,0.3151388888888904,1.159083333333335,211
6201,5.460250000000008,2.294305555555561,649
6202,-0.11777777777777665,1.3415277777777797,211
6203,1.3172777777777795,-0.1750555555555544,214
6204,3.7938611111111142,2.7904722222222254,649
6205,-0.07336111111110988,0.9130277777777791,211
6206,1.1764166666666678,0.15377777777777857,214
6207,1.1875000000000013,0.33680555555555736,214
6208,0.06944444444444542,1.1966666666666672,211
6209,0.13472222222222285,0.883527777777779,211
6210,1.46727777777778,0.27613888888889027,214
6211,0.9700000000000006,0.12208333333333421,214
6212,0.3550000000000013,1.2984722222222234,211
6213,0.9676666666666678,-0.13161111111111007,161
6214,-0.06613888888888853,1.3302777777777786,211
6215,0.36000000000000154,1.1551111111111132,211
6216,1.1046388888888896,-0.3073888888888879,161
6217,0.7672222222222231,-0.24638888888888777,161
6218,0.8773611111111124,-0.004555555555554758,161
6219,1.0091388888888897,-0.01869444444444296,161
6220,0.9710833333333342,0.024972222222222173,161
6221,0.9490277777777794,0.029222222222222816,161
6222,0.13041666666666774,1.0988888888888897,211
6223,0.4066944444444446,1.503333333333333,316
6224,2.93449999999999,1.7346388888888902,649
6225,0.0875555555555565,1.2194166666666673,211
6226,0.907361111111112,-0.15791666666666587,161
6227,-0.019722222222221752,1.2526388888888902,211
6228,0.9815833333333349,0.5137777777777794,214
6229,-0.08680555555555503,1.3437500000000013,211
6230,0.8857500000000009,-0.14780555555555447,161
6231,4.090083333333336,1.3029166666666705,552
6232,0.882472222222223,0.17997222222222287,161
6233,3.572916666666671,2.223722222222225,649
6234,2.4581666666666697,1.1114722222222224,465
6235,3.978555555555559,2.19155555555556,649
6236,0.1405555555555562,1.0594444444444455,211
6237,0.28088888888889063,0.853972222222223,211
6238,1.3528333333333347,-0.20991666666666564,214
6239,1.4001388888888902,-0.01833333333333198,214
6240,0.7851388888888899,0.06941666666666768,161
6241,1.0541666666666676,0.09916666666666785,161
6242,1.2541666666666682,0.0016666666666677599,161
6243,1.045805555555557,0.055166666666667474,214
6244,3.394750000000008,2.5692777777777773,649
6245,0.05083333333333451,1.1148333333333356,211
6246,0.873166666666668,0.05427777777777887,161
6247,0.03944444444444606,1.3633333333333342,211
6248,0.919361111111112,-0.11749999999999883,161
6249,0.1518055555555573,1.312916666666668,316
6250,1.0712500000000018,-0.030694444444442914,161
6251,0.8181944444444458,-0.19744444444444337,161
6252,0.849444444444446,-0.14124999999999932,161
6253,0.29527777777777864,1.4454722222222238,316
6254,0.14236111111111127,1.4447222222222234,211
6255,0.37919444444444717,1.3672222222222232,316
6256,0.8933888888888899,0.058805555555557,214
6257,0.06972222222222402,1.074305555555557,211
6258,-0.12536111111111037,1.552500000000001,211
6259,0.6131944444444473,1.4055555555555577,211
6260,5.810500000000004,2.086750000000002,649
6261,0.11611111111111172,0.8081944444444452,211
6262,0.30791666666666795,0.9244722222222219,211
6263,0.06597222222222321,0.8295000000000011,211
6264,0.9154166666666674,-0.06791666666666663,161
6265,1.1412500000000008,0.3856944444444459,214
6266,0.8686388888888903,0.188500000000001,214
6267,0.18750000000000144,0.8571666666666682,211
6268,0.42722222222222395,1.304166666666668,211
6269,1.0220833333333341,0.1527500000000015,161
6270,1.0529166666666678,-0.10319444444444359,161
6271,0.21566666666666756,1.499694444444446,316
6272,1.1077777777777795,-0.2763888888888881,161
6273,1.3241944444444462,0.037888888888890304,214
6274,5.933833333333346,5.3883611111111165,1184
6275,0.06625000000000081,1.313055555555556,211
6276,3.8548333333333393,2.3394722222222257,649
6277,0.09152777777777876,1.1643055555555575,211
6278,0.8923611111111115,0.062222222222222845,161
6279,1.0508333333333344,0.426250000000002,214
6280,0.05125000000000102,1.5029166666666678,211
6281,0.028833333333334377,1.065833333333333,211
6282,0.4011111111111133,1.4180555555555574,316
6283,0.8418333333333337,0.007638888888889861,161
6284,0.8115555555555567,-0.2287777777777763,161
6285,1.3565277777777798,0.1891666666666677,214
6286,0.20058333333333422,1.334583333333335,316
6287,0.6324722222222233,-0.2812777777777774,161
6288,0.6016388888888915,1.6509444444444454,316
6289,1.0023611111111121,0.45013888888889,214
6290,0.16336111111111207,1.1276388888888904,211
6291,-0.16611111111111032,1.1338888888888892,211
6292,1.161944444444446,0.2043055555555573,214
6293,0.9640000000000006,-0.19472222222222113,161
6294,1.3414444444444453,-0.019416666666666083,214
6295,1.48513888888889,0.4306944444444458,214
6296,0.3565277777777792,1.099027777777779,211
6297,1.2728333333333344,-0.25966666666666594,214
6298,0.6086666666666675,1.0252777777777786,211
6299,0.38916666666666844,1.5581944444444464,211
6300,1.458194444444445,-0.008472222222221326,214
6301,0.830833333333334,-0.3688888888888881,161
6302,0.7326388888888894,0.22305555555555745,161
6303,0.34666666666666757,1.296833333333335,316
6304,0.28725000000000134,1.1916111111111127,211
6305,0.8596111111111115,-0.09655555555555462,161
6306,0.8793055555555565,-0.14472222222222186,161
6307,-0.04597222222222119,0.9805555555555561,211
6308,0.9372777777777788,-0.2586111111111104,161
6309,0.11500000000000099,1.2471388888888901,211
6310,0.840805555555556,-0.023749999999999105,161
6311,1.433805555555557,0.12116666666666809,214
6312,0.4746388888888906,1.473222222222224,316
6313,0.9759722222222229,-0.10208333333333192,161
6314,0.8104166666666675,-0.08027777777777667,161
6315,0.4292500000000006,1.1926666666666685,316
6316,1.0883333333333343,-0.3277777777777767,161
6317,1.1145833333333337,0.019027777777779753,214
6318,1.2553888888888909,-0.2751944444444434,214
6319,0.015972222222223498,1.2202777777777782,211
6320,0.46597222222222345,1.1723611111111123,211
6321,0.829722222222223,-0.228555555555555,161
6322,0.18152777777777873,0.9562500000000009,211
6323,0.7916666666666683,-0.0920833333333328,161
6324,1.2806944444444455,0.27611111111111275,214
6325,-0.13366666666666605,1.2829444444444458,211
6326,0.38013888888889,0.9387500000000012,211
6327,0.3790277777777794,1.1847222222222231,211
6328,1.4768055555555566,0.10291666666666788,214
6329,0.8283611111111123,0.2879722222222245,214
6330,0.04263888888888967,1.1566666666666674,211
6331,0.41436111111111273,0.7954166666666679,211
6332,4.158916666666671,4.87111111111112,906
6333,-0.02791666666666548,1.0873611111111137,211
6334,1.2315277777777789,0.10416666666666774,161
6335,0.7642777777777785,-0.21458333333333213,161
6336,0.07233333333333447,1.0113888888888907,211
6337,0.9111111111111113,-0.3719999999999992,161
6338,0.9831944444444456,-0.2302777777777772,161
6339,1.0519444444444461,0.0019444444444460252,161
6340,2.6121388888888903,1.6946111111111155,470
6341,1.2813055555555568,0.26233333333333475,214
6342,1.1563888888888898,0.10888888888889003,161
6343,1.3472500000000012,0.3364166666666689,214
6344,1.3423611111111124,0.0766666666666681,214
6345,0.914000000000001,0.004694444444445556,161
6346,0.885000000000001,-0.15652777777777777,161
6347,0.9823611111111117,0.05305555555555619,161
6348,0.9812500000000011,0.05722222222222273,161
6349,0.07513888888889042,1.2272222222222238,211
6350,3.8022222222222246,2.6058333333333383,649
6351,1.2452777777777793,0.025277777777778454,161
6352,1.0083055555555553,-0.04516666666666502,161
6353,0.05513888888888929,0.9640000000000007,211
6354,2.2122777777777802,1.3214166666666691,465
6355,0.688027777777778,-0.13888888888888828,161
6356,0.21430555555555653,0.978055555555556,211
6357,0.18069444444444516,1.1193055555555569,211
6358,0.7757500000000007,-0.09308333333333224,161
6359,0.3568055555555575,1.6443055555555586,316
6360,0.07916666666666794,0.9986111111111126,211
6361,1.1753333333333342,-0.03855555555555468,214
6362,3.3505000000000043,2.588083333333337,649
6363,0.35866666666666835,1.5069444444444446,316
6364,0.8351111111111116,-0.041944444444443785,161
6365,4.416916666666668,1.8555277777777828,652
6366,0.45263888888889126,0.8390277777777783,211
6367,0.018750000000001155,1.3865277777777791,211
6368,0.135694444444446,1.2105555555555556,211
6369,0.8720555555555566,-0.19308333333333283,161
6370,0.9636111111111122,0.14736111111111194,214
6371,-0.15708333333333224,1.2777777777777795,211
6372,3.6257500000000062,2.418722222222227,649
6373,1.1771111111111126,0.2682500000000003,214
6374,0.17069444444444515,1.3269444444444458,211
6375,1.0726388888888894,0.29180555555555676,214
6376,3.6665000000000054,3.2198888888888924,649
6377,0.3018055555555571,1.053472222222224,211
6378,1.0750277777777784,0.26366666666666794,214
6379,1.3597222222222234,0.18958333333333444,214
6380,0.9508333333333343,-0.33986111111111017,161
6381,0.31250000000000155,0.9959722222222225,211
6382,-0.07666666666666588,1.0379166666666677,211
6383,0.9466666666666674,0.028055555555556333,161
6384,1.2686666666666673,-0.19202777777777713,214
6385,0.6966666666666688,0.8039722222222231,211
6386,0.31675000000000075,1.234611111111112,211
6387,1.2888055555555569,0.307555555555556,214
6388,0.4136111111111118,1.0866666666666667,211
6389,1.1619444444444456,-0.11299999999999888,161
6390,0.6066666666666675,0.13061111111111234,214
6391,0.1356666666666676,0.9797500000000018,211
6392,0.3713888888888909,1.5205277777777788,316
6393,0.8802777777777786,0.1759722222222233,161
6394,0.8190277777777786,-0.005694444444443558,161
6395,0.6996944444444451,-0.17958333333333182,161
6396,2.6200277777777803,1.741750000000005,469
6397,0.40361111111111225,1.3103333333333345,211
6398,0.08125000000000027,1.0831944444444463,211
6399,0.1819444444444449,1.122083333333334,211
6400,0.1827777777777786,1.2213888888888904,211
6401,0.8783333333333334,0.15583333333333504,161
6402,0.945694444444446,0.014305555555556515,161
6403,0.4103055555555578,1.4551388888888908,316
6404,1.2693055555555568,-0.05874999999999925,161
6405,0.094444444444446,1.130277777777779,211
6406,0.8830555555555571,-0.08083333333333254,161
6407,3.767972222222224,2.3911388888888947,649
6408,0.03708333333333402,1.2973611111111123,211
6409,0.96888888888889,-0.004305555555554119,161
6410,0.4629166666666683,1.1895833333333345,211
6411,0.28538888888889014,1.3334444444444458,211
6412,0.5539166666666678,1.552361111111113,316
6413,0.313055555555557,1.2375000000000007,211
6414,1.2780555555555566,0.21152777777777887,214
6415,1.1001666666666678,0.06663888888888969,214
6416,0.30394444444444524,1.0733333333333346,211
6417,0.2523611111111119,1.2515277777777787,211
6418,0.9214166666666677,0.08044444444444576,161
6419,0.8145833333333339,-0.1695833333333326,161
6420,0.43447222222222315,1.5181111111111112,316
6421,-0.042083333333331474,1.231666666666668,211
6422,0.0890277777777786,1.1540277777777788,211
6423,0.8150555555555563,-0.2997222222222212,161
6424,0.591611111111113,1.478027777777779,316
6425,0.23402777777777928,1.2798611111111131,211
6426,-0.27705555555555494,1.4671944444444454,211
6427,0.9363888888888894,0.03302777777777832,161
6428,0.9040277777777789,-0.005277777777777104,161
6429,0.31066666666666787,1.3576111111111127,211
6430,-0.08416666666666572,0.99763888888889,211
6431,0.7290277777777787,-0.023194444444443407,161
6432,0.8590277777777796,0.06775000000000087,161
6433,0.9601111111111117,-0.15355555555555378,161
6434,0.9191388888888903,0.3831944444444464,214
6435,0.0033333333333341875,0.9863888888888894,211
6436,-0.07913888888888787,0.8920833333333342,211
6437,0.9175000000000008,-0.20794444444444382,161
6438,0.5298611111111126,1.3522222222222235,211
6439,1.0260833333333346,-0.07963888888888815,161
6440,1.114027777777779,0.08166666666666778,161
6441,1.0138888888888895,-0.03969444444444392,161
6442,0.0037500000000019185,1.050944444444446,211
6443,1.3591111111111123,0.2813333333333351,214
6444,1.1097777777777795,-0.07788888888888812,214
6445,0.8419444444444449,-0.21680555555555425,161
6446,1.257833333333334,0.3611666666666674,214
6447,1.2165555555555572,-0.06636111111110998,214
6448,0.7495833333333347,-0.11527777777777742,161
6449,0.4759722222222229,1.205,211
6450,0.13916666666666733,1.018472222222222,211
6451,0.8491111111111117,0.13805555555555682,161
6452,0.19861111111111307,1.8041666666666685,316
6453,0.5433888888888894,0.1930277777777789,214
6454,0.5126388888888911,1.422361111111112,316
6455,0.9253888888888897,-0.2756388888888883,161
6456,0.9395000000000011,-0.11838888888888754,161
6457,0.9613888888888904,-0.017249999999999044,161
6458,1.2215833333333346,-0.049416666666665776,214
6459,1.1429166666666677,-0.3102222222222213,161
6460,0.9927777777777786,0.1852500000000007,161
6461,0.10277777777777897,1.1583333333333339,211
6462,0.8861111111111123,-0.04055555555555501,161
6463,2.7621944444444484,1.5191944444444458,465
6464,0.9870833333333342,0.4356944444444456,214
6465,1.2058333333333349,0.15972222222222365,214
6466,1.1611388888888903,0.0464444444444459,161
6467,0.13025000000000153,1.0986666666666678,211
6468,1.1691666666666674,-0.209055555555555,161
6469,0.7786388888888898,0.10622222222222272,161
6470,0.1686666666666683,0.9744444444444451,211
6471,0.05011111111111266,1.1413055555555565,211
6472,0.8963888888888903,-0.10291666666666677,161
6473,0.8447222222222228,-0.10016666666666574,161
6474,0.13969444444444534,1.2066666666666679,211
6475,0.09166666666666778,1.2008333333333345,211
6476,1.11513888888889,-0.021111111111110248,161
6477,3.855722222222223,2.3392777777777827,649
6478,10.832222222222228,9.223666666666693,1623
6479,0.7143055555555562,-0.16222222222222188,161
6480,0.956083333333334,-0.1781944444444431,161
6481,1.3956666666666673,0.2675277777777785,214
6482,0.3956944444444461,1.4208611111111127,316
6483,0.8990277777777784,0.11111111111111238,161
6484,0.3077777777777795,1.2691666666666679,211
6485,-0.08236111111111022,1.1101388888888906,211
6486,0.9311111111111124,0.0008055555555573357,161
6487,1.0832777777777785,0.10183333333333433,214
6488,4.303305555555555,3.1655277777777835,649
6489,4.156777777777791,5.203222222222223,992
6490,1.0554722222222237,-0.07016666666666571,161
6491,0.24833333333333485,1.5441666666666685,211
6492,1.0819444444444462,0.11069444444444643,214
6493,0.9087500000000011,-0.03597222222222135,161
6494,0.0917222222222237,1.0753888888888892,211
6495,1.0082222222222232,-0.046138888888888285,214
6496,0.09044444444444533,1.1473888888888892,211
6497,3.3663611111111127,2.1508611111111153,649
6498,0.2873888888888899,1.5427777777777791,316
6499,0.05183333333333373,0.9969166666666677,211
6500,-0.010138888888888142,1.1674166666666688,211
6501,1.0434722222222237,0.013888888888889672,161
6502,0.22219444444444558,1.2320555555555563,211
6503,1.0636111111111124,-0.05347222222222153,161
6504,4.736250000000001,1.6079166666666684,649
6505,-0.021694444444443794,1.6301111111111135,211
6506,0.42277777777777825,1.1313611111111124,211
6507,0.32138888888889106,1.204583333333335,211
6508,0.6845833333333344,-0.3133611111111108,161
6509,0.8905277777777783,-0.17836111111111053,161
6510,0.4079444444444459,1.5987500000000021,316
6511,1.007333333333334,-0.03558333333333208,161
6512,0.25338888888889066,1.2569444444444455,316
6513,0.712361111111113,1.3340833333333353,211
6514,0.315666666666668,1.2752777777777797,211
6515,0.7044166666666676,-0.1330833333333315,161
6516,1.2471388888888892,-0.07961111111111052,214
6517,0.9355555555555561,0.03527777777777841,214
6518,0.8565277777777782,-0.21763888888888777,161
6519,0.5270833333333339,1.5418055555555585,211
6520,0.3418888888888902,1.5758055555555566,316
6521,1.2508333333333348,-0.09644444444444322,214
6522,0.15461111111111137,1.1630277777777789,211
6523,4.7482500000000085,2.489138888888893,649
6524,0.4561388888888892,1.5369166666666678,316
6525,0.8829166666666679,-0.1734722222222217,161
6526,0.29541666666666866,1.136527777777778,211
6527,0.14763888888888932,1.3265277777777789,211
6528,0.20141666666666758,1.0069166666666676,211
6529,1.1186666666666678,0.38047222222222277,214
6530,1.11363888888889,0.07127777777777888,214
6531,1.3104722222222238,0.11972222222222328,214
6532,1.0237500000000015,-0.09124999999999883,161
6533,0.06525000000000136,1.238722222222223,211
6534,-0.24802777777777674,0.6798333333333342,211
6535,0.4698055555555566,1.17088888888889,316
6536,0.8530555555555561,-0.2026388888888882,161
6537,3.4153611111111153,2.132861111111114,649
6538,0.9590000000000005,0.2972777777777791,161
6539,0.9561666666666676,-0.07777777777777684,161
6540,1.072777777777779,-0.15194444444444338,161
6541,0.7876388888888894,-0.06336111111110976,161
6542,0.3633333333333352,0.7467222222222226,211
6543,0.03041666666666787,0.8621944444444457,211
6544,0.8941388888888898,-0.22058333333333258,161
6545,-0.35294444444444373,1.221250000000001,211
6546,1.037916666666667,-0.14222222222222136,161
6547,0.22888888888889114,1.1534444444444458,211
6548,0.18000000000000105,0.85538888888889,211
6549,1.0131944444444454,-0.17827777777777698,161
6550,1.0112777777777784,0.22863888888888972,214
6551,0.6655833333333344,1.441944444444445,316
6552,0.4180555555555566,1.1109166666666686,211
6553,0.7718055555555563,-0.1297222222222208,161
6554,4.851388888888895,1.4061666666666688,649
6555,0.49363888888889007,1.258833333333334,316
6556,0.10722222222222277,1.2450000000000023,211
6557,1.0904166666666684,-0.024722222222221646,161
6558,1.4177777777777791,0.05680555555555711,214
6559,0.28363888888889033,1.5013888888888896,316
6560,1.1853333333333345,0.11780555555555716,214
6561,4.317361111111115,2.1514444444444467,552
6562,0.7086666666666672,-0.3316944444444438,161
6563,0.9273611111111115,-0.03069444444444347,161
6564,0.045555555555556904,1.120694444444446,211
6565,4.296083333333333,3.619972222222225,649
6566,0.18177777777777937,1.2376666666666678,211
6567,0.06175000000000086,1.1118055555555557,211
6568,1.2386388888888908,-0.16294444444444417,161
6569,-0.19811111111110957,1.1801666666666677,211
6570,-0.10708333333333253,1.3170833333333354,211
6571,1.245555555555556,-0.08597222222222167,161
6572,0.31375000000000086,1.1413888888888908,211
6573,0.38416666666666843,1.239722222222223,211
6574,0.16777777777777847,1.2061111111111122,211
6575,0.8017222222222231,0.06500000000000078,161
6576,1.013722222222223,0.373388888888889,214
6577,-0.04638888888888715,0.7236111111111121,211
6578,1.1434444444444454,0.024638888888890764,161
6579,1.20738888888889,0.026722222222222092,214
6580,1.0347222222222232,0.10555555555555618,161
6581,0.6596944444444448,-0.36433333333333284,161
6582,3.373527777777776,2.1425555555555573,649
6583,0.5495833333333365,1.77052777777778,316
6584,1.0762500000000013,0.11000000000000121,161
6585,0.03580555555555642,0.6560833333333337,211
6586,5.473222222222229,7.503388888888894,1184
6587,1.0012500000000004,-0.054999999999999494,161
6588,0.09761111111111265,1.4025555555555576,211
6589,0.26302777777777975,1.4331111111111121,211
6590,0.7915277777777786,-0.28111111111111037,161
6591,0.4436388888888908,1.271250000000001,316
6592,1.2070833333333344,0.195972222222224,214
6593,0.019166666666667664,1.1055277777777794,211
6594,0.8455555555555561,-0.1102777777777767,161
6595,0.9254166666666677,-0.20097222222222128,161
6596,1.073944444444446,0.16419444444444564,214
6597,0.9340277777777779,-0.057083333333332764,161
6598,4.341750000000006,2.3608888888888915,649
6599,0.8851388888888894,-0.15291666666666615,161
6600,1.0083055555555576,0.6565277777777796,214
6601,0.14138888888889,1.4809444444444464,211
6602,0.3797222222222235,0.8931944444444458,211
6603,0.7822777777777781,-0.33677777777777723,161
6604,1.083750000000001,0.38652777777778036,214
6605,1.1306944444444464,-0.2969444444444436,161
6606,0.14163888888889042,1.1269166666666675,211
6607,1.0291666666666675,-0.061805555555555225,161
6608,-0.15527777777777751,1.2429722222222235,211
6609,1.3912222222222237,0.2715555555555571,214
6610,0.8569166666666677,-0.04027777777777691,161
6611,0.7520277777777791,0.05236111111111186,161
6612,0.9912500000000006,-0.46583333333333277,161
6613,-0.106222222222221,0.8468055555555561,211
6614,0.3251388888888904,1.093055555555557,211
6615,0.515472222222223,1.3352500000000012,316
6616,1.2861111111111123,-0.005027777777776965,161
6617,0.5051388888888916,1.3119166666666675,211
6618,0.11833333333333407,1.4133333333333342,211
6619,0.9908055555555568,-0.03288888888888797,161
6620,1.4723611111111128,0.15130555555555691,214
6621,1.0291944444444454,-0.08794444444444321,161
6622,1.2821944444444464,0.03950000000000087,214
6623,0.11283333333333434,1.2679166666666688,211
6624,1.0232500000000018,-0.008083333333332221,161
6625,0.9048611111111122,-0.1680555555555543,161
6626,0.35416666666666863,1.6859722222222242,316
6627,0.08386111111111272,1.170277777777779,211
6628,0.4256944444444458,1.5947222222222244,316
6629,0.7340277777777787,-0.28722222222222155,161
6630,1.0980277777777778,-0.3039999999999992,161
6631,0.12402777777777863,1.5461111111111125,211
6632,4.241805555555562,2.4369166666666695,649
6633,0.915555555555557,0.01733333333333409,161
6634,0.687611111111113,1.3307777777777794,316
6635,-0.08149999999999924,1.168750000000001,211
6636,0.9838888888888899,0.06891666666666818,214
6637,0.6792500000000012,1.2593055555555572,316
6638,1.1005277777777793,-0.18058333333333232,161
6639,-0.1255555555555541,0.7859722222222231,211
6640,3.4364444444444464,1.3681666666666694,552
6641,0.882222222222223,-0.14458333333333295,161
6642,0.34591666666666826,1.506500000000001,316
6643,0.4783333333333344,1.3143055555555578,211
6644,0.15150000000000174,1.2580555555555566,211
6645,0.3484722222222234,1.2584722222222235,211
6646,1.0041388888888896,-0.09974999999999917,161
6647,0.5026111111111127,1.3936666666666682,211
6648,0.9273611111111114,-0.08194444444444426,161
6649,-0.24516666666666576,1.415972222222224,211
6650,3.9370277777777822,2.0209722222222246,649
6651,5.465361111111116,8.346555555555558,1184
6652,1.0837222222222231,-0.19861111111111074,161
6653,-0.009583333333333277,1.162222222222224,211
6654,1.256722222222223,0.08186111111111227,214
6655,3.876055555555557,1.5116111111111148,649
6656,0.2933333333333349,1.3638888888888898,211
6657,0.6443055555555575,1.5050277777777794,316
6658,0.825277777777779,-0.014444444444442817,161
6659,0.2187500000000014,1.5946111111111128,316
6660,1.434166666666668,-0.1315277777777767,214
6661,1.0654166666666676,0.059861111111112475,161
6662,1.0238888888888895,0.017500000000000848,161
6663,0.9029166666666675,0.016250000000000653,161
6664,0.10680555555555682,0.9891388888888899,211
6665,0.8818055555555564,-0.038777777777777356,161
6666,1.4179444444444462,0.3593333333333353,214
6667,0.8488333333333347,0.04275000000000101,161
6668,0.7386111111111122,0.09388888888888935,161
6669,0.29583333333333417,1.2029166666666682,211
6670,0.5349722222222244,1.1220555555555567,316
6671,0.3583055555555579,1.2363888888888903,211
6672,0.8186111111111114,0.016527777777779362,161
6673,0.9872777777777783,-0.1346111111111104,161
6674,0.1566666666666675,1.3701388888888897,211
6675,3.0585000000000035,1.9289444444444503,649
6676,0.5345277777777795,1.5151111111111129,316
6677,1.3047222222222237,0.4177777777777797,214
6678,3.689222222222226,2.4687500000000018,649
6679,1.0385833333333347,-0.1418055555555544,161
6680,0.25613888888889025,1.3890277777777789,316
6681,0.031666666666668175,0.9594444444444453,211
6682,0.2788888888888894,1.1791666666666678,211
6683,1.140833333333335,0.18736111111111087,214
6684,-0.32536111111111077,1.052500000000001,211
6685,1.0952777777777785,-0.0693055555555544,161
6686,0.9884722222222232,-0.11888888888888821,161
6687,0.9170555555555565,0.024166666666668002,161
6688,3.322444444444445,2.3051111111111164,649
6689,0.34555555555555606,0.9156944444444451,211
6690,0.8985833333333342,0.23775000000000135,161
6691,0.9328888888888901,-0.045444444444443066,161
6692,3.343472222222223,2.3656666666666686,649
6693,0.9079166666666667,0.20388888888889045,161
6694,1.1994444444444452,0.2731944444444454,214
6695,3.0170277777777783,2.134333333333336,552
6696,1.2487500000000011,0.15583333333333393,214
6697,1.2943333333333347,0.08344444444444543,214
6698,0.1388888888888905,1.1466666666666683,211
6699,0.9770833333333337,0.041527777777778885,161
6700,0.9590277777777783,-0.3472222222222219,161
6701,1.2180555555555566,-0.04541666666666566,161
6702,0.9784722222222225,0.2047777777777794,161
6703,0.10802777777777839,1.3280277777777791,211
6704,11.160305555555565,8.038999999999998,1192
6705,0.9740000000000009,0.007333333333333969,161
6706,0.08569444444444518,1.2380555555555572,211
6707,1.0993055555555562,0.25041666666666784,214
6708,0.9863888888888899,0.046666666666667134,161
6709,1.2979722222222234,-0.011111111111110294,214
6710,0.21086111111111117,1.190361111111113,316
6711,2.2896666666666694,2.207916666666671,465
6712,0.43816666666666704,1.3798055555555555,316
6713,0.4586388888888898,1.2815277777777805,316
6714,1.2000000000000006,0.09625000000000061,161
6715,0.9627777777777782,-0.13422222222222158,161
6716,0.758944444444445,0.06930555555555717,161
6717,0.1997222222222238,1.290666666666667,211
6718,0.4755277777777789,1.1313888888888899,211
6719,0.08552777777777876,1.422361111111113,211
6720,1.2063888888888912,0.02430555555555669,214
6721,0.21416666666666773,1.127972222222224,211
6722,0.03816666666666779,1.1650000000000016,211
6723,0.9575555555555562,0.08375000000000166,161
6724,-0.13836111111111005,1.1848611111111118,211
6725,0.7620555555555564,0.00983333333333447,161
6726,-0.036972222222221185,1.21138888888889,211
6727,1.1208888888888904,-0.13541666666666624,161
6728,0.8991666666666677,-0.12583333333333213,161
6729,0.07041666666666713,1.1434444444444458,211
6730,0.8345833333333347,-0.14208333333333212,161
6731,0.3678611111111121,1.4394444444444467,316
6732,0.3151388888888893,1.3488888888888906,211
6733,0.8198611111111119,-0.2488888888888881,161
6734,3.5750277777777857,2.4580833333333394,649
6735,1.021805555555556,-0.24933333333333269,161
6736,0.9863611111111116,0.17941666666666767,161
6737,0.8631944444444455,0.233750000000001,161
6738,1.0959166666666675,0.07238888888888972,214
6739,0.15180555555555608,1.233472222222223,211
6740,3.94355555555556,2.1821944444444474,649
6741,-0.03419444444444286,1.1113888888888896,211
6742,-0.22013888888888788,1.4195555555555566,211
6743,0.3071111111111128,1.208750000000002,316
6744,0.8362222222222224,-0.4277777777777772,161
6745,0.0843055555555573,1.1726388888888901,211
6746,0.6575277777777782,0.07513888888889031,214
6747,0.2347222222222235,1.1119444444444457,211
6748,0.4568055555555566,1.3287500000000003,211
6749,0.3363888888888906,1.847250000000001,316
6750,0.8913888888888895,-0.01430555555555435,161
6751,0.05041666666666755,0.8141944444444453,211
6752,1.2267777777777782,-0.02958333333333213,161
6753,-0.03058333333333252,0.974500000000001,211
6754,0.9458055555555565,-0.3333333333333322,161
6755,0.4301944444444461,1.2653055555555568,211
6756,0.15833333333333421,1.1994444444444452,211
6757,0.9748611111111125,0.13472222222222352,161
6758,0.4439444444444448,-0.28849999999999937,161
6759,1.209722222222223,0.15527777777777907,161
6760,1.1263888888888904,0.27658333333333496,214
6761,0.3427777777777782,1.3701388888888895,211
6762,0.4331666666666689,1.3579444444444464,316
6763,0.15444444444444583,1.2825000000000015,211
6764,0.6513888888888896,-0.05777777777777632,161
6765,-0.18166666666666564,1.192055555555557,211
6766,0.033750000000000724,1.1802777777777784,211
6767,1.0826666666666682,0.10044444444444567,214
6768,1.0181944444444455,-0.22402777777777666,161
6769,0.47650000000000214,1.2784722222222222,316
6770,0.5216666666666674,1.5026388888888897,211
6771,0.17644444444444507,1.0981666666666685,211
6772,0.13791666666666835,1.3188888888888897,211
6773,1.0865555555555566,0.25055555555555653,214
6774,1.6546388888888917,0.20122222222222463,214
6775,1.1050000000000013,0.4045833333333344,214
6776,0.6623611111111112,0.05111111111111233,161
6777,0.11180555555555549,1.2627777777777784,211
6778,1.0596388888888901,0.0867222222222237,214
6779,6.985166666666675,7.983944444444438,1514
6780,0.27611111111111164,1.032777777777779,211
6781,3.5433611111111167,2.2909166666666696,649
6782,0.3853055555555569,1.3889722222222236,316
6783,3.652333333333339,2.4890833333333378,649
6784,0.23666666666666825,1.3657500000000014,211
6785,0.9943055555555562,-0.0651388888888883,161
6786,0.44847222222222305,1.1764166666666687,211
6787,1.374166666666668,0.39402777777777975,214
6788,0.1411111111111123,0.8914722222222228,211
6789,1.0467777777777787,-0.2505833333333327,161
6790,1.11388888888889,-0.04249999999999954,214
6791,4.83383333333334,4.934250000000011,992
6792,0.9110833333333337,-0.08905555555555478,161
6793,1.0606944444444455,-0.29552777777777645,161
6794,0.93125,-0.04372222222222144,161
6795,1.4133333333333344,0.23111111111111304,214
6796,0.9884722222222229,0.07097222222222399,214
6797,1.0135833333333333,0.14388888888889018,161
6798,0.7934444444444456,0.031111111111111422,161
6799,1.2331944444444456,0.027638888888889768,214
6800,0.49502777777777873,1.272222222222224,316
6801,0.5331666666666682,1.4956944444444462,211
6802,0.8649166666666676,0.10019444444444559,161
6803,0.8670555555555564,0.08416666666666828,161
6804,1.113583333333335,-0.00166666666666615,161
6805,0.7890833333333339,-0.11494444444444346,161
6806,0.11333333333333462,1.0345555555555566,211
6807,0.8115277777777783,-0.022222222222221866,161
6808,1.2648611111111114,0.036527777777778825,214
6809,0.5386666666666684,1.6657222222222228,316
6810,4.086972222222224,5.344083333333333,992
6811,0.31652777777777885,1.3675000000000015,211
6812,0.08152777777777953,1.0865000000000014,211
6813,1.0344444444444452,0.41875000000000173,214
6814,4.0201944444444475,2.670000000000004,649
6815,-0.018194444444443403,1.444444444444445,211
6816,4.353194444444449,1.3400277777777818,649
6817,0.34330555555555664,1.2044166666666682,211
6818,1.2271111111111115,0.23075000000000145,214
6819,0.9409444444444451,-0.34272222222222165,161
6820,1.0513888888888896,0.21736111111111256,214
6821,0.8133888888888893,0.012805555555556958,214
6822,0.9919166666666677,-0.036194444444442975,161
6823,0.12769444444444578,1.45013888888889,211
6824,-0.11319444444444304,1.0461111111111132,211
6825,1.4120000000000017,-0.08766666666666645,214
6826,0.442194444444446,1.770972222222223,316
6827,0.31275000000000164,1.5951111111111116,211
6828,0.5158333333333345,1.4180277777777794,211
6829,0.3915277777777789,0.7604166666666676,211
6830,0.792694444444445,-0.07383333333333247,161
6831,-0.03127777777777718,1.5029166666666685,211
6832,0.6495833333333341,-0.009027777777777246,161
6833,0.2009444444444458,1.8911111111111114,316
6834,-0.16813888888888784,1.1205277777777796,211
6835,1.140833333333334,0.34208333333333596,214
6836,0.921944444444445,0.000805555555556059,161
6837,0.7253055555555565,0.031166666666667564,214
6838,0.8826388888888899,-0.12472222222222129,161
6839,1.1353611111111113,0.002500000000000724,161
6840,0.42597222222222364,1.3740277777777783,211
6841,0.33930555555555686,1.4609722222222234,211
6842,-0.07308333333333128,1.1763055555555577,211
6843,0.9253333333333348,0.0063055555555566745,161
6844,0.533805555555557,1.1256944444444454,211
6845,1.2588888888888907,-0.46249999999999936,161
6846,0.4001388888888905,1.0933611111111126,211
6847,0.3532500000000012,1.5233055555555584,316
6848,1.1697222222222234,0.037361111111111955,214
6849,0.8252777777777787,-0.22763888888888778,161
6850,3.929472222222224,1.7465833333333345,556
6851,0.4540555555555569,1.7219722222222256,316
6852,0.702305555555556,-0.09430555555555487,161
6853,3.5710555555555605,2.5165555555555583,649
6854,0.2581944444444457,1.2177777777777783,211
6855,0.7725000000000013,1.0837500000000009,211
6856,0.44652777777777997,1.0786111111111125,211
6857,0.778944444444445,0.22519444444444525,214
6858,-0.24877777777777677,1.4398333333333342,211
6859,1.2602777777777792,0.13458333333333472,214
6860,0.9662500000000012,0.04930555555555616,161
6861,1.1158333333333346,-0.20927777777777706,161
6862,0.7075000000000006,-0.18916666666666554,161
6863,1.1360277777777794,-0.1454166666666662,214
6864,1.3618888888888898,-0.01124999999999865,214
6865,0.7701388888888896,0.11708333333333432,161
6866,0.03655555555555767,1.5835555555555578,316
6867,0.4542222222222242,1.7591388888888897,316
6868,0.8677777777777788,0.24652777777777957,214
6869,1.2755555555555564,-0.01277777777777711,214
6870,0.9700000000000011,-0.14030555555555446,161
6871,0.6994444444444448,-0.12999999999999967,161
6872,1.1470833333333348,0.3454166666666678,214
6873,0.29922222222222294,1.0045555555555565,211
6874,0.3103055555555567,1.6545000000000019,316
6875,0.4471944444444459,1.0682500000000008,211
6876,1.3650555555555566,-0.024416666666665088,214
6877,1.0883055555555559,-0.10363888888888761,161
6878,10.499111111111118,6.665999999999996,1517
6879,0.6701388888888892,-0.04252777777777694,161
6880,0.11583333333333368,0.9358888888888903,211
6881,3.8775000000000044,2.424861111111114,649
6882,1.1017777777777795,0.14266666666666838,214
6883,0.47063888888889105,1.663916666666669,316
6884,1.100944444444445,-0.1307222222222219,161
6885,0.3004166666666688,1.231527777777779,211
6886,1.096805555555556,0.21486111111111317,161
6887,0.9090000000000003,0.04152777777777866,161
6888,1.2088611111111125,-0.10266666666666646,214
6889,0.5290000000000014,1.268944444444445,316
6890,1.1266666666666685,-0.1904444444444438,161
6891,0.7744166666666674,-0.07961111111110919,161
6892,0.22972222222222283,1.313750000000001,211
6893,0.9641111111111127,-0.19861111111111018,214
6894,0.8403888888888897,-0.12438888888888822,161
6895,0.16761111111111227,1.1804166666666678,211
6896,0.4694444444444451,1.547916666666668,211
6897,0.8909722222222229,-0.10972222222222144,161
6898,0.25922222222222246,0.8230833333333345,211
6899,0.18958333333333532,1.1522222222222231,211
6900,3.245694444444446,2.0273333333333357,649
6901,0.8452777777777787,1.6610555555555568,316
6902,2.7822499999999986,3.438305555555557,649
6903,0.4403055555555567,1.4293611111111142,316
6904,-0.037083333333332136,1.0437500000000002,211
6905,0.2926388888888898,1.5044444444444456,211
6906,1.1205833333333337,0.31200000000000105,214
6907,1.295611111111112,-0.21511111111111025,214
6908,1.139694444444445,-0.22711111111111065,161
6909,0.3324722222222229,1.803444444444446,316
6910,0.9102500000000011,0.4047500000000023,214
6911,5.16641666666668,6.282666666666673,1184
6912,1.147222222222224,-0.09013888888888744,161
6913,0.6118055555555564,1.0516666666666679,211
6914,0.9733333333333347,0.009305555555556677,161
6915,0.5084722222222237,1.6031944444444464,211
6916,0.7780555555555558,-0.10544444444444362,161
6917,0.672083333333334,-0.16777777777777658,161
6918,0.10561111111111199,1.0866666666666682,211
6919,4.1153611111111115,3.4419166666666685,651
6920,1.068305555555556,-0.18055555555555486,161
6921,1.2988888888888903,0.0227222222222232,214
6922,0.8967777777777785,-0.1566111111111101,161
6923,-0.26888888888888796,0.9996111111111126,211
6924,0.09986111111111173,1.1948611111111123,211
6925,-0.03447222222222068,1.125944444444446,211
6926,1.2941666666666685,0.041027777777778496,161
6927,0.1545833333333344,1.3301388888888899,211
6928,0.0213888888888909,1.3715833333333345,211
6929,0.18402777777777946,1.0754166666666676,211
6930,0.0973333333333346,1.4309444444444461,211
6931,0.32333333333333525,1.1577777777777776,211
6932,0.5111111111111132,1.0765277777777793,211
6933,1.2773611111111127,0.0091666666666676,161
6934,0.4770833333333345,1.0881944444444454,211
6935,-0.09447222222222085,1.4513888888888902,211
6936,1.1230555555555566,0.2087500000000011,161
6937,0.5446388888888898,1.6652777777777787,316
6938,0.1066666666666678,1.0851666666666677,211
6939,-0.07269444444444373,1.3916666666666684,211
6940,0.4515555555555566,1.691250000000002,316
6941,0.9965277777777783,0.08272222222222347,161
6942,0.8825000000000007,-0.030361111111110395,161
6943,3.7481111111111165,2.356888888888892,649
6944,1.1370000000000013,0.42697222222222386,214
6945,0.27566666666666806,1.2520555555555566,211
6946,0.894138888888889,-0.4433611111111109,161
6947,0.17808333333333526,1.572222222222223,316
6948,1.3059722222222245,0.07261111111111251,214
6949,0.7180555555555562,-0.2780555555555546,161
6950,0.21333333333333382,1.276805555555557,211
6951,1.0634444444444457,-0.06999999999999906,214
6952,1.0506944444444455,-0.1966666666666655,161
6953,4.133722222222223,3.4583888888888907,649
6954,0.8701111111111127,-0.014833333333332255,161
6955,0.7951111111111118,0.006222222222223628,161
6956,1.1029166666666668,0.17325000000000146,214
6957,1.157777777777779,0.0013888888888899942,161
6958,0.9413611111111113,0.17694444444444535,161
6959,-0.06472222222222179,1.3373611111111128,211
6960,1.0939444444444446,-0.10969444444444365,214
6961,0.9535833333333341,0.05205555555555763,161
6962,2.498194444444435,3.943027777777793,906
6963,0.019722222222223196,0.8279166666666675,211
6964,0.4301111111111132,1.650527777777779,316
6965,0.4519166666666685,0.986361111111112,211
6966,1.204861111111113,0.3404166666666668,214
6967,1.027750000000001,-0.16336111111111046,161
6968,1.2391666666666683,0.3961111111111121,214
6969,0.5649722222222245,1.15188888888889,316
6970,1.1400000000000015,0.2352777777777788,214
6971,0.09388888888889035,1.0762500000000002,211
6972,0.8465555555555565,0.05483333333333407,161
6973,0.407500000000001,1.3296111111111126,316
6974,1.2200000000000013,-0.263888888888888,161
6975,-0.10791666666666622,1.2201388888888902,211
6976,0.5079722222222243,0.9736944444444461,211
6977,1.080833333333334,0.27541666666666864,161
6978,1.0494444444444453,0.04138888888888981,161
6979,0.01969444444444457,1.182416666666668,211
6980,0.8302500000000006,0.1280555555555566,161
6981,0.9011111111111114,0.045833333333334225,161
6982,3.9584166666666705,2.2756666666666687,649
6983,2.3421111111111155,2.8883333333333363,649
6984,0.5708611111111128,1.3688333333333347,316
6985,0.15180555555555741,1.4438888888888899,211
6986,0.39138888888889023,1.0946111111111125,316
6987,0.9100000000000013,-0.164027777777777,161
6988,0.3690277777777792,0.9597500000000011,211
6989,4.131444444444448,3.4791388888888943,649
6990,0.17069444444444482,1.293750000000001,211
6991,0.1341388888888898,1.2869444444444453,211
6992,0.05733333333333501,0.8701388888888898,211
6993,0.012361111111112377,1.0190277777777792,211
6994,0.8647500000000008,-0.09761111111110948,161
6995,1.141111111111111,-0.12238888888888799,161
6996,0.41875000000000107,1.5443055555555576,316
6997,0.6587500000000007,0.019444444444445874,161
6998,1.0018055555555567,-0.07024999999999915,161
6999,1.2434722222222234,0.424166666666669,214
7000,1.2300555555555568,0.2039166666666674,214
7001,-0.2675833333333323,1.4368611111111118,211
7002,0.416805555555557,1.724583333333335,316
7003,0.8806944444444447,-0.08277777777777667,161
7004,0.7821944444444455,0.08330555555555658,161
7005,0.10347222222222308,1.5637500000000015,211
7006,0.2025000000000008,1.225972222222223,211
7007,0.15416666666666767,1.1594444444444454,211
7008,1.3530555555555566,0.30958333333333465,214
7009,1.4984166666666678,0.08886111111111339,214
7010,0.9691666666666677,0.06083333333333396,161
7011,0.2526388888888902,1.3000000000000012,211
7012,0.026805555555557192,1.0453888888888896,211
7013,1.210472222222223,0.03600000000000059,214
7014,1.1925277777777783,0.44266666666666776,214
7015,1.0190277777777785,0.130277777777779,161
7016,3.8996666666666657,2.2287500000000025,649
7017,0.2859444444444448,1.0597222222222238,211
7018,0.20430555555555685,1.2101388888888898,211
7019,1.273111111111113,0.23030555555555643,214
7020,0.8313888888888887,-0.21541666666666598,161
7021,1.2666666666666675,0.20611111111111302,214
7022,0.32183333333333486,1.340416666666668,316
7023,0.47319444444444514,1.6095833333333347,316
7024,1.3333611111111123,-0.25436111111111004,214
7025,0.9169444444444449,0.22555555555555618,214
7026,0.8488888888888892,-0.2947222222222208,161
7027,0.37255555555555697,1.0442777777777787,211
7028,0.8480555555555562,0.0763888888888895,161
7029,5.220944444444456,6.558027777777777,1185
7030,0.5380833333333355,1.2555277777777802,316
7031,0.039444444444445836,0.7405833333333346,211
7032,0.9058333333333338,-0.22227777777777719,161
7033,0.4093055555555565,1.620555555555556,316
7034,0.2955555555555571,1.232888888888891,211
7035,0.9100000000000013,0.017222222222223027,161
7036,1.3037500000000017,0.17819444444444588,214
7037,0.15750000000000108,0.9530277777777783,211
7038,1.1324722222222234,-0.20627777777777673,161
7039,3.6638888888888896,1.8681111111111122,552
7040,0.8345833333333339,-0.021249999999998326,161
7041,0.7392777777777786,0.01616666666666733,161
7042,0.23430555555555654,1.103750000000001,211
7043,1.2936666666666687,0.3208888888888892,214
7044,0.03705555555555606,1.011583333333335,211
7045,0.9361111111111121,0.025694444444444797,161
7046,0.840250000000001,-0.13749999999999873,161
7047,0.7393055555555561,-0.2194444444444439,161
7048,0.9792777777777792,0.13275000000000092,161
7049,4.56641666666667,9.00652777777779,1184
7050,1.0638611111111125,0.049972222222222695,161
7051,0.8923611111111118,-0.17638888888888798,161
7052,-0.03916666666666646,1.2001388888888902,211
7053,1.7336111111111139,0.33263888888889037,214
7054,1.2680277777777789,0.1594722222222229,214
7055,3.2794166666666684,2.3660555555555587,653
7056,1.181666666666667,0.25180555555555695,214
7057,0.5168055555555563,1.341805555555557,211
7058,0.7739166666666675,0.0974166666666676,161
7059,0.8304166666666675,0.010694444444445006,161
7060,0.933194444444446,-0.07916666666666583,161
7061,0.09361111111111275,1.2895000000000012,211
7062,1.4475000000000025,0.05083333333333506,214
7063,0.9883888888888898,0.25880555555555673,214
7064,1.314583333333334,-0.09097222222222112,161
7065,0.47794444444444617,1.5072222222222242,316
7066,0.8820833333333339,-0.020972222222221504,161
7067,0.3483333333333347,1.1931944444444456,211
7068,0.8766666666666674,-0.2596111111111101,161
7069,1.4694444444444459,0.1481944444444454,214
7070,0.2472222222222238,1.0851388888888898,211
7071,0.9676111111111119,0.08525000000000055,161
7072,0.7950000000000013,0.16583333333333472,161
7073,0.7041666666666677,-0.11722222222222134,161
7074,0.9451944444444456,-0.02374999999999894,161
7075,0.9258333333333337,-0.2818055555555549,161
7076,0.16291666666666815,0.725416666666668,211
7077,0.20697222222222333,0.8475555555555562,211
7078,0.7148611111111123,-0.1744444444444438,161
7079,1.065833333333334,-0.11902777777777707,161
7080,0.8874722222222234,0.03597222222222313,161
7081,2.24313888888889,1.5266666666666708,470
7082,0.898194444444445,0.05736111111111253,161
7083,0.9613055555555563,0.010694444444444784,161
7084,0.2097222222222238,1.3902500000000009,211
7085,0.8691666666666673,-0.12208333333333249,161
7086,0.32141666666666713,1.6461111111111117,316
7087,0.9915277777777791,-0.09027777777777696,161
7088,-0.12736111111111048,0.9261944444444462,211
7089,-0.19194444444444425,1.4683333333333344,211
7090,-0.01822222222222103,1.0279722222222234,211
7091,1.1356666666666675,0.03930555555555648,161
7092,0.4500555555555589,1.3260833333333353,316
7093,1.2191666666666678,0.04875000000000085,214
7094,0.0825000000000008,1.0506111111111125,211
7095,2.5306666666666695,1.303833333333337,466
7096,0.04152777777777805,1.0161111111111119,211
7097,2.4084722222222252,2.369361111111114,470
7098,1.2808888888888896,0.47019444444444636,214
7099,0.8134722222222228,-0.0016666666666655394,161
7100,0.6215277777777788,0.08427777777777878,161
7101,1.0981944444444454,0.26805555555555716,214
7102,0.9598333333333345,-0.07016666666666577,161
7103,1.1400000000000015,0.3044444444444465,214
7104,-0.06652777777777652,1.3808333333333347,211
7105,0.9956111111111117,0.01058333333333461,214
7106,0.5169444444444461,1.6405555555555564,211
7107,0.8999722222222231,0.04927777777777842,161
7108,1.0222222222222228,0.1577777777777788,161
7109,0.9841944444444455,0.017888888888889953,161
7110,0.8864166666666677,0.16708333333333436,161
7111,0.14513888888889037,0.9417777777777785,211
7112,0.1180833333333342,1.1594166666666683,211
7113,0.7097222222222234,0.2912500000000019,161
7114,1.0433611111111116,0.624638888888891,214
7115,0.22247222222222407,1.0639444444444441,211
7116,1.167222222222224,-0.21058333333333246,161
7117,-0.021249999999998437,0.9361111111111122,211
7118,4.928833333333342,1.8911666666666678,657
7119,1.1090277777777793,0.07250000000000123,214
7120,1.1202500000000004,-0.03772222222222149,161
7121,0.781083333333334,-0.12933333333333286,161
7122,0.8600000000000012,-0.20097222222222155,161
7123,-0.10924999999999918,1.1911111111111117,211
7124,0.48138888888889053,1.4713611111111122,211
7125,0.15319444444444608,1.4241666666666677,211
7126,0.9292222222222227,-0.0683611111111102,161
7127,0.46291666666666853,1.431611111111113,316
7128,0.0401111111111121,0.8668888888888899,211
7129,0.42166666666666774,1.3764166666666675,316
7130,0.0048333333333350215,1.269861111111112,211
7131,1.2786666666666686,0.485750000000002,214
7132,0.8676666666666679,0.14933333333333443,214
7133,0.9302500000000006,-0.1995277777777772,161
7134,0.2577500000000009,1.737055555555556,316
7135,0.9251111111111119,-0.2727222222222213,161
7136,1.0946388888888903,-0.23624999999999913,161
7137,0.2180555555555561,1.0137500000000008,211
7138,0.8529722222222232,-0.14308333333333279,161
7139,0.06277777777777838,1.3343055555555563,211
7140,0.9655277777777783,-0.1615555555555548,161
7141,0.20402777777777814,0.8262500000000007,211
7142,0.024277777777779064,0.7000000000000004,211
7143,3.763027777777779,2.40013888888889,649
7144,1.1312500000000012,0.01763888888888998,161
7145,1.033750000000001,0.1305555555555563,214
7146,0.27466666666666906,1.5308333333333348,316
7147,0.7983055555555564,0.0911111111111117,161
7148,0.7727500000000014,-0.16405555555555462,161
7149,0.4952777777777782,0.019444444444445874,161
7150,0.13666666666666827,1.1041666666666676,211
7151,0.3463888888888904,1.0483333333333344,211
7152,1.1180277777777787,-0.12680555555555423,161
7153,0.13541666666666785,1.1228888888888904,211
7154,-0.03138888888888758,1.2463888888888903,211
7155,0.9271111111111128,1.529777777777778,316
7156,0.1840555555555572,1.3055277777777787,211
7157,3.3751666666666704,2.197500000000001,649
7158,1.186805555555557,0.3847222222222222,214
7159,0.9612500000000002,-0.1075555555555543,161
7160,1.401277777777779,0.11644444444444568,214
7161,3.648500000000009,3.9884166666666703,992
7162,-0.017499999999999072,1.2020833333333347,211
7163,0.7783611111111117,-0.11961111111111045,161
7164,0.5354166666666687,1.4877777777777783,211
7165,3.3591944444444475,2.317055555555559,649
7166,-0.11933333333333274,1.2352500000000006,211
7167,3.3046388888888947,2.7078333333333395,649
7168,0.9527777777777785,-0.029583333333332795,161
7169,0.9213888888888901,-0.3509722222222219,161
7170,2.791722222222219,2.1131944444444475,649
7171,0.921583333333334,-0.10833333333333178,161
7172,3.504527777777785,2.0888611111111137,649
7173,0.4165277777777787,1.206361111111112,211
7174,0.47986111111111396,1.564333333333336,316
7175,0.6625000000000006,0.100833333333334,161
7176,0.4141666666666679,0.9779166666666674,211
7177,2.9909166666666556,1.0248055555555564,552
7178,1.1534722222222233,-0.24763888888888758,161
7179,0.8465277777777788,0.27083333333333526,214
7180,0.9630555555555562,0.09958333333333436,161
7181,0.34638888888888963,1.0876388888888904,211
7182,-0.12452777777777746,1.0091388888888901,211
7183,0.8138888888888897,0.14236111111111283,161
7184,0.4156944444444467,1.1912500000000013,211
7185,5.929083333333336,7.2063888888888945,1088
7186,1.0408055555555564,0.06719444444444622,161
7187,1.0919444444444457,0.03694444444444567,161
7188,1.3368055555555565,-0.22902777777777705,214
7189,2.714361111111102,1.403666666666672,649
7190,0.7335277777777786,0.07736111111111243,161
7191,0.8809722222222227,0.14722222222222336,161
7192,0.33772222222222426,1.0696944444444452,211
7193,0.36388888888889026,1.6783333333333341,211
7194,0.8703888888888891,-0.27083333333333265,161
7195,1.2165833333333342,0.08241666666666825,214
7196,-0.048333333333331896,1.5388888888888896,211
7197,0.01250000000000051,1.3560833333333342,211
7198,0.051500000000000434,0.9233333333333347,211
7199,0.9137500000000007,-0.092638888888888,161
7200,0.5688888888888904,1.4861111111111125,316
7201,0.0470833333333347,1.4423055555555564,316
7202,0.7761111111111119,0.044166666666667076,161
7203,0.12594444444444464,1.0353055555555557,211
7204,0.9753888888888904,-0.08872222222222126,161
7205,1.0016666666666674,-0.19013888888888797,161
7206,0.005805555555555952,1.2948333333333348,211
7207,0.33900000000000174,1.6257500000000022,316
7208,0.053722222222224114,1.220833333333335,211
7209,-0.04974999999999896,1.0845833333333343,211
7210,0.023027777777777425,1.3920833333333344,211
7211,0.3185833333333351,1.2952777777777795,211
7212,1.5954722222222237,0.18141666666666778,214
7213,1.0769444444444454,0.13930555555555657,161
7214,1.0466666666666686,0.19833333333333503,214
7215,0.8555555555555564,-0.009027777777776524,161
7216,0.9250000000000004,-0.04152777777777705,161
7217,0.9636666666666676,0.17972222222222312,161
7218,1.1626944444444465,-0.24533333333333296,214
7219,0.9393055555555566,0.04555555555555635,161
7220,0.2529166666666677,0.8438888888888901,211
7221,-0.025861111111109558,1.2569166666666685,211
7222,3.058250000000005,2.360916666666669,649
7223,1.4145833333333344,-0.1856944444444435,161
7224,0.8370555555555566,-0.08486111111111061,161
7225,4.417694444444454,4.791861111111117,819
7226,1.0675000000000014,0.04416666666666813,161
7227,1.1891666666666678,-0.193194444444444,161
7228,1.0975277777777783,-0.25411111111111007,214
7229,0.09027777777777968,1.0787500000000005,211
7230,2.872138888888892,1.5571388888888908,552
7231,-0.008222222222221909,0.9936666666666676,211
7232,0.23944444444444624,1.0129166666666678,211
7233,2.3623333333333343,1.6872500000000044,470
7234,1.098055555555557,0.4925000000000014,214
7235,-0.2140277777777766,0.7508333333333337,211
7236,0.9427500000000004,-0.22472222222222138,161
7237,3.1585000000000054,1.776861111111116,552
7238,0.09652777777777877,1.1202777777777784,211
7239,1.0220833333333341,0.5115277777777796,214
7240,0.5707777777777777,1.4306944444444463,316
7241,0.13805555555555737,0.8941666666666677,211
7242,2.830527777777778,1.9738333333333324,649
7243,0.08413888888888899,0.9998888888888889,211
7244,1.1133333333333348,-0.2072222222222213,161
7245,0.9744444444444453,0.13597222222222372,161
7246,0.3651388888888899,0.8509722222222225,211
7247,0.43094444444444546,1.4451666666666672,316
7248,0.823861111111112,0.1558055555555562,161
7249,0.013888888888889173,1.3579166666666687,211
7250,3.625972222222222,2.4775277777777815,649
7251,0.762694444444445,0.09872222222222354,161
7252,0.01902777777777931,0.9638888888888901,211
7253,0.13444444444444592,1.1587500000000017,211
7254,-0.06694444444444336,1.264305555555556,211
7255,0.3694444444444457,1.4834166666666688,316
7256,-0.1740833333333327,1.0695833333333333,211
7257,1.00638888888889,-0.2744444444444441,161
7258,5.321444444444449,2.595611111111113,649
7259,1.0794444444444458,-0.07291666666666563,161
7260,1.074305555555557,-0.17708333333333282,161
7261,0.9010833333333346,-0.07080555555555523,214
7262,1.4624166666666683,0.31116666666666737,214
7263,4.761472222222236,1.9227222222222242,649
7264,0.17250000000000087,1.3247222222222232,211
7265,6.01236111111111,0.9433888888888913,649
7266,0.18125000000000135,1.24013888888889,211
7267,1.2073611111111127,0.024861111111113277,161
7268,0.8957500000000012,0.013055555555555931,161
7269,1.0693055555555566,-0.07294444444444448,161
7270,0.030555555555556335,0.955055555555556,211
7271,3.2364722222222277,2.320888888888893,649
7272,1.0248611111111114,0.028888888888890296,161
7273,0.12997222222222238,1.1489166666666688,211
7274,1.3928055555555567,0.1649166666666676,214
7275,1.0091666666666677,-0.024305555555553804,161
7276,0.968527777777779,-0.3436944444444434,161
7277,1.018055555555557,-0.0749999999999994,161
7278,0.509750000000002,1.584388888888889,316
7279,0.9572222222222228,-0.06291666666666568,161
7280,1.0945833333333344,0.05736111111111181,161
7281,1.4116666666666673,0.5315277777777796,214
7282,0.3050000000000025,1.644555555555558,316
7283,1.0009722222222237,-0.056805555555554665,161
7284,0.8251111111111118,-0.19499999999999967,161
7285,1.3861666666666674,0.4726944444444465,214
7286,0.5998611111111131,1.4290555555555584,316
7287,0.09900000000000153,1.208333333333335,211
7288,0.6256388888888891,0.01791666666666747,161
7289,3.7846388888888947,2.4050000000000074,649
7290,0.8926388888888895,0.025111111111111084,161
7291,0.3645833333333346,1.172083333333334,211
7292,0.8798611111111121,-0.11666666666666631,161
7293,3.022583333333336,1.8767500000000001,649
7294,0.5945833333333349,1.5140277777777793,316
7295,0.9881111111111123,-0.09591666666666543,214
7296,1.4474444444444463,0.3777777777777789,214
7297,0.8704166666666677,-0.036527777777777104,161
7298,-0.2930833333333327,1.0306944444444457,211
7299,0.2291666666666684,1.4397222222222226,211
7300,0.36475000000000135,1.2715277777777787,211
7301,0.9028333333333343,-0.049055555555554575,161
7302,1.3191944444444457,0.23463888888889006,214
7303,0.9130555555555565,-0.03361111111110987,161
7304,0.7718611111111121,0.07177777777777916,161
7305,1.183194444444446,-0.15986111111110973,161
7306,0.13655555555555682,1.428305555555558,316
7307,1.1898888888888897,-0.009138888888887808,214
7308,0.26008333333333433,1.062361111111113,211
7309,1.0781666666666676,0.018194444444445013,161
7310,0.1954166666666679,0.827638888888889,211
7311,0.9019444444444453,-0.24969444444444372,161
7312,1.032777777777779,-0.06416666666666582,161
7313,3.527638888888891,2.897694444444448,649
7314,1.2148611111111123,-0.026388888888887962,161
7315,1.0167222222222234,-0.08716666666666573,161
7316,1.114861111111112,-0.041472222222221855,161
7317,0.3681944444444456,1.1873611111111126,211
7318,1.0055555555555569,0.1700833333333347,214
7319,0.9833333333333337,0.024305555555557357,161
7320,0.2873611111111123,1.4956944444444442,316
7321,5.523666666666676,0.9243888888888928,649
7322,0.9365277777777787,0.5186111111111125,214
7323,3.4980555555555584,2.2935000000000034,649
7324,1.0762500000000008,-0.05861111111110989,161
7325,0.8450000000000011,-0.11222222222222139,161
7326,1.1477777777777785,-0.14805555555555489,161
7327,0.9334722222222231,0.047361111111112186,161
7328,4.136805555555562,5.131416666666672,906
7329,0.9679166666666675,0.013055555555557374,214
7330,0.7494444444444452,-0.06413888888888764,161
7331,0.9066944444444456,0.22277777777777896,214
7332,1.0441666666666678,-0.20041666666666558,161
7333,0.8951111111111116,-0.02113888888888804,161
7334,1.0027500000000007,0.09830555555555698,161
7335,0.44597222222222355,0.9712500000000015,211
7336,0.006250000000000422,1.3798611111111128,211
7337,0.9269444444444458,-0.07444444444444348,161
7338,0.20888888888889057,1.4215277777777788,211
7339,0.18005555555555652,1.3205555555555568,211
7340,0.8466666666666673,0.06388888888888977,161
7341,0.8208055555555562,-0.2469444444444437,161
7342,0.17819444444444577,1.049027777777779,211
7343,0.6840000000000009,-0.08461111111111008,161
7344,1.241305555555557,-0.15111111111110986,214
7345,0.3651111111111123,1.114444444444445,211
7346,0.14777777777777878,1.4569444444444462,211
7347,0.8822500000000011,-0.26758333333333273,214
7348,0.3584722222222233,1.1347222222222226,211
7349,0.23486111111111185,1.4919444444444458,211
7350,0.9255555555555564,0.00944444444444581,161
7351,0.28930555555555737,1.5441666666666682,211
7352,0.22944444444444578,1.1520833333333345,211
7353,0.8533055555555558,0.017222222222223138,161
7354,0.933750000000001,-0.28877777777777647,161
7355,0.22769444444444553,1.1624166666666682,211
7356,1.3225277777777786,0.31177777777777893,214
7357,-0.04630555555555482,0.9667777777777793,211
7358,0.3506666666666671,1.107527777777778,211
7359,0.3027777777777789,1.182222222222224,211
7360,-0.045861111111110575,1.1435277777777786,211
7361,0.2781944444444461,1.3853888888888894,211
7362,5.42219444444445,1.5033055555555586,649
7363,0.8714166666666672,0.095750000000001,214
7364,0.7759444444444457,-0.1663333333333324,161
7365,0.8451111111111114,-0.14861111111111036,161
7366,1.029722222222223,0.34055555555555705,214
7367,0.7686111111111124,-0.21291666666666587,214
7368,0.2816666666666684,1.1633333333333344,211
7369,-0.14447222222222156,1.4013611111111124,211
7370,1.104722222222223,0.09652777777777966,214
7371,0.32177777777777794,1.3740000000000017,211
7372,0.16500000000000092,1.379694444444446,211
7373,1.1997500000000014,0.1560000000000017,214
7374,-0.1554999999999992,0.9825000000000015,211
7375,0.0869166666666672,0.8798333333333349,211
7376,1.0072222222222236,0.4884722222222242,214
7377,2.4903055555555578,1.9842500000000052,470
7378,0.7748333333333343,-0.21497222222222145,161
7379,0.2620833333333341,1.3110833333333334,211
7380,1.1194444444444454,0.1559722222222224,161
7381,0.8695555555555569,0.13400000000000012,161
7382,1.0722222222222233,-0.15980555555555448,161
7383,1.1126388888888896,0.010555555555556762,161
7384,0.9380000000000013,0.171722222222224,214
7385,0.8590555555555561,-0.1530833333333329,161
7386,0.8786111111111117,-0.044111111111109325,161
7387,1.051555555555557,0.25969444444444667,214
7388,0.20250000000000157,0.990972222222223,211
7389,0.19875000000000065,1.1673611111111126,211
7390,1.1314166666666678,0.06977777777777816,214
7391,2.625083333333336,1.9184722222222188,649
7392,0.8165277777777783,-0.07930555555555491,161
7393,1.0166666666666677,0.5563888888888899,214
7394,1.2609722222222237,0.35250000000000137,214
7395,0.42994444444444524,1.8433333333333357,316
7396,0.9375000000000009,0.14708333333333357,161
7397,0.8820555555555567,-0.23930555555555477,161
7398,0.03041666666666709,1.2373611111111127,211
7399,3.730805555555559,2.210861111111111,649
7400,1.2306666666666681,0.04361111111111132,161
7401,0.4085833333333341,1.2326111111111127,211
7402,0.5999166666666694,1.504583333333335,316
7403,0.05030555555555716,1.2912500000000011,211
7404,6.013888888888897,6.9080000000000155,1188
7405,1.1356111111111122,-0.04524999999999946,214
7406,0.9999722222222232,-0.06669444444444372,161
7407,0.9398333333333339,-0.19613888888888814,161
7408,1.2115277777777793,0.3311111111111129,214
7409,1.5944722222222236,0.1626388888888899,214
7410,0.1545833333333343,1.1243055555555566,211
7411,0.5641666666666671,1.2423611111111121,211
7412,-0.023611111111110805,1.1059722222222232,211
7413,0.030138888888889825,0.8972222222222227,211
7414,0.9722222222222231,-0.1613888888888877,161
7415,1.1459444444444453,-0.3804444444444433,161
7416,0.17513888888888862,1.285027777777779,211
7417,2.755805555555568,0.8633055555555544,552
7418,1.339861111111113,0.5611111111111133,214
7419,1.5075000000000014,0.02963888888888988,214
7420,0.18722222222222373,0.9003611111111125,211
7421,3.665694444444448,2.343138888888893,651
7422,1.1568055555555565,0.007638888888889639,161
7423,0.8525000000000009,-0.0847222222222207,161
7424,0.08930555555555564,1.1293055555555571,211
7425,1.0854166666666683,0.15819444444444464,214
7426,1.066361111111112,-0.20863888888888832,161
7427,0.8733055555555561,-0.006805555555554399,161
7428,0.23308333333333475,1.8654166666666678,316
7429,1.1258333333333346,-0.07180555555555473,161
7430,1.1001388888888899,-0.075277777777777,161
7431,0.41583333333333494,1.4738888888888897,211
7432,0.858194444444445,-0.13513888888888814,161
7433,1.3162500000000017,0.1137500000000008,214
7434,0.4252777777777793,1.1063888888888898,211
7435,1.0916666666666675,0.043750000000000455,161
7436,0.9255555555555564,-0.10461111111111049,161
7437,0.2387777777777793,1.2786388888888913,316
7438,4.013527777777776,2.3583333333333356,649
7439,1.220277777777778,0.12736111111111148,214
7440,0.8569444444444452,0.01388888888889006,161
7441,0.10052777777777833,1.1720555555555572,211
7442,1.3530555555555568,0.3626388888888902,214
7443,0.33775000000000177,0.7518888888888897,211
7444,1.0444444444444456,-0.21627777777777707,161
7445,1.1204444444444461,0.03719444444444475,214
7446,0.44705555555555665,1.6965833333333344,316
7447,1.0822222222222235,0.3877777777777791,214
7448,0.43722222222222384,1.3576388888888915,211
7449,0.07427777777777844,0.8779166666666671,211
7450,1.074861111111112,0.17013888888889062,214
7451,8.750499999999999,6.861000000000014,1531
7452,0.9394444444444456,0.04263888888888956,161
7453,-0.027777777777777124,0.9977500000000012,211
7454,0.8115833333333338,0.11777777777777909,214
7455,0.9952777777777781,0.14819444444444552,214
7456,0.9365277777777785,0.01455555555555621,161
7457,-0.31963888888888803,1.2425000000000015,211
7458,3.2077777777777823,1.7521666666666693,552
7459,1.3853888888888894,0.21369444444444619,214
7460,0.8385277777777786,-0.12513888888888802,161
7461,1.2973888888888898,-0.23424999999999985,214
7462,1.070277777777778,-0.07847222222222139,161
7463,0.9190277777777791,-0.20319444444444335,161
7464,0.8427777777777782,0.12166666666666814,161
7465,0.8971388888888896,-0.1833333333333329,161
7466,-0.020527777777777256,1.3059722222222236,211
7467,0.9551388888888895,-0.062222222222220736,161
7468,0.11122222222222344,0.9248611111111122,211
7469,1.2020277777777792,0.2919722222222233,214
7470,0.12263888888889085,1.2677777777777792,211
7471,0.28388888888889063,1.3858333333333346,211
7472,1.1776388888888905,0.09916666666666796,161
7473,0.39186111111111266,0.896972222222224,211
7474,0.9927777777777786,-0.02180555555555508,161
7475,2.7864166666666694,2.8495833333333387,552
7476,0.5775000000000002,-0.05888888888888821,161
7477,1.3840277777777787,0.16666666666666807,214
7478,0.9753888888888905,0.09100000000000164,161
7479,0.18888888888889044,0.9497222222222228,211
7480,1.0986111111111123,-0.1651388888888886,161
7481,1.1479166666666676,-0.01883333333333237,161
7482,0.9292500000000006,0.41277777777777924,214
7483,0.03027777777777907,1.3698611111111128,211
7484,1.0539444444444452,-0.04166666666666635,161
7485,0.3458611111111123,1.0592222222222238,211
7486,0.8848611111111115,0.132083333333334,161
7487,1.236527777777779,0.42944444444444607,214
7488,0.4036111111111118,1.0427777777777791,211
7489,0.8476388888888895,-0.04722222222222189,161
7490,1.05902777777778,-0.1848611111111101,161
7491,1.3919444444444458,-0.012777777777776445,214
7492,-0.04024999999999879,1.1059722222222228,211
7493,0.3540555555555568,1.4347222222222233,316
7494,0.38416666666666843,1.1788055555555568,211
7495,3.805250000000005,2.2551944444444456,655
7496,0.8638888888888896,-0.07305555555555493,161
7497,1.2451944444444458,0.17822222222222328,214
7498,0.24163888888888962,1.0198611111111124,211
7499,0.21375000000000166,1.2550000000000021,211
7500,0.1120555555555568,1.1370555555555568,211
7501,0.979861111111112,0.09986111111111212,161
7502,0.08708333333333396,1.413027777777779,211
7503,3.2930000000000055,2.8940000000000015,649
7504,1.1087222222222226,-0.059027777777776846,161
7505,0.34236111111111256,1.5705833333333334,316
7506,-0.017083333333332673,1.3868611111111133,211
7507,0.9970833333333347,-0.21402777777777715,161
7508,0.15797222222222407,1.264972222222223,211
7509,1.1344444444444453,0.25469444444444633,161
7510,-0.09816666666666607,1.054444444444446,211
7511,0.13527777777777894,0.8107777777777792,211
7512,0.9026388888888894,-0.11475000000000002,161
7513,0.796222222222223,-0.07952777777777681,161
7514,0.5261388888888888,1.4872222222222233,316
7515,0.519222222222223,1.7787500000000034,316
7516,1.0452777777777782,-0.06486111111111048,161
7517,0.04955555555555602,0.936111111111112,211
7518,0.18527777777777865,0.8901666666666679,211
7519,5.2260555555555674,6.6468055555555665,1184
7520,3.018000000000018,1.603083333333341,649
7521,1.0705555555555568,0.3831944444444455,214
7522,0.819361111111112,0.4573333333333346,214
7523,0.8495555555555566,0.21755555555555728,161
7524,-0.0061388888888870285,1.060750000000001,211
7525,0.9665000000000011,0.1270555555555563,161
7526,0.14625000000000077,1.1356944444444461,211
7527,1.0125277777777786,0.3320000000000014,214
7528,0.6295833333333337,1.4531944444444471,211
7529,0.9190000000000011,-0.15024999999999927,161
7530,0.8736111111111122,-0.21333333333333265,161
7531,3.164138888888893,2.2706388888888944,649
7532,1.091666666666668,-0.18697222222222126,161
7533,1.44888888888889,-0.05402777777777634,214
7534,0.48311111111111316,0.8183055555555567,211
7535,0.9081944444444454,-0.06861111111111051,161
7536,0.9707222222222229,0.030388888888889798,161
7537,0.9455555555555564,-0.09955555555555462,161
7538,0.7268055555555563,0.034305555555556144,161
7539,1.1925000000000008,-0.03930555555555487,161
7540,3.379333333333332,2.867944444444449,649
7541,0.9598333333333338,-0.27097222222222167,161
7542,0.1686111111111115,1.1100000000000012,211
7543,0.48738888888888965,1.2544166666666683,316
7544,0.38094444444444486,1.4590277777777785,316
7545,1.20963888888889,0.04713888888888995,214
7546,0.9214722222222232,0.2611111111111126,214
7547,0.25111111111111195,1.348194444444445,211
7548,3.3545277777777813,2.2062777777777822,649
7549,1.0362500000000008,0.1444444444444457,161
7550,0.11344444444444479,1.4597222222222235,211
7551,0.14875000000000094,1.1325833333333346,211
7552,0.27305555555555716,1.3991666666666678,211
7553,1.250027777777779,0.13780555555555596,214
7554,0.1872222222222224,1.1406944444444451,211
7555,0.4184722222222232,1.6106666666666687,316
7556,3.934222222222225,2.19413888888889,649
7557,0.7661666666666672,-0.02169444444444346,161
7558,0.8491666666666674,-0.27244444444444366,161
7559,0.30027777777777853,0.8362500000000014,211
7560,0.5811111111111122,1.2245833333333347,211
7561,1.2756111111111128,-0.23911111111111005,214
7562,0.43583333333333485,1.6013888888888914,316
7563,0.15791666666666737,0.8548611111111122,211
7564,0.6749722222222232,0.13863888888889087,214
7565,0.8243055555555561,-0.1698611111111099,161
7566,0.3343055555555574,1.1098611111111127,211
7567,0.08361111111111164,1.1636111111111118,211
7568,3.2283611111111115,2.273638888888893,649
7569,4.5157500000000015,2.8335277777777805,649
7570,0.4664166666666679,1.4488333333333334,316
7571,1.276944444444446,0.06125000000000075,161
7572,0.887777777777778,0.11375000000000068,161
7573,3.390277777777781,2.1700000000000026,649
7574,0.9209722222222232,0.023333333333334372,161
7575,1.2394444444444452,-0.14944444444444321,161
7576,1.0270833333333347,-0.2797222222222211,161
7577,0.8263333333333347,-0.19391666666666568,161
7578,-0.05791666666666562,1.3084444444444459,211
7579,-0.07430555555555507,1.3716666666666684,211
7580,0.08972222222222359,1.554166666666669,316
7581,-0.10472222222222183,1.4056944444444457,211
7582,0.8124722222222234,0.011777777777778997,161
7583,0.6809444444444452,-0.15322222222222132,161
7584,1.3549166666666679,-0.015222222222221804,214
7585,0.12333333333333496,1.3318055555555564,211
7586,0.48166666666666813,1.4444444444444462,211
7587,1.1301388888888901,-0.008611111111110126,161
7588,0.30819444444444566,1.5390277777777808,211
7589,0.05750000000000066,0.8778888888888903,211
7590,4.4683055555555615,2.882638888888895,657
7591,0.23486111111111263,1.1361111111111124,211
7592,1.0377777777777781,-0.02972222222222165,161
7593,0.1594444444444455,1.1755555555555577,211
7594,0.5273611111111126,1.0120833333333346,211
7595,0.8559722222222232,0.168333333333335,161
7596,1.0973611111111117,0.4123611111111122,214
7597,0.8646944444444455,-0.13558333333333317,161
7598,0.8746944444444453,-0.07191666666666574,161
7599,3.5458611111111167,2.265527777777779,649
7600,1.3315277777777799,0.22583333333333444,214
7601,0.04069444444444448,1.017888888888889,211
7602,0.6403055555555563,0.28136111111111284,161
7603,0.19819444444444623,1.0504166666666672,211
7604,0.7770555555555567,0.18386111111111259,161
7605,1.0488611111111121,0.04736111111111163,161
7606,1.4488888888888904,-0.1965277777777762,214
7607,4.031444444444446,2.3208888888888906,649
7608,0.06983333333333397,1.2061111111111131,211
7609,-0.14038888888888856,1.1284722222222237,211
7610,1.226694444444446,0.3529444444444454,214
7611,1.2079722222222238,0.0661666666666687,214
7612,0.027000000000001245,1.0173333333333345,211
7613,0.8495555555555565,-0.026666666666665062,161
7614,3.529583333333343,2.595777777777786,651
7615,0.9215000000000008,-0.04466666666666663,161
7616,0.1545833333333353,0.8603333333333346,211
7617,0.8540277777777792,-0.16541666666666577,161
7618,1.0004722222222235,-0.014277777777776834,214
7619,0.9047222222222232,-0.10983333333333217,161
7620,1.0144444444444454,-0.09069444444444358,161
7621,0.8573611111111114,-0.08958333333333257,161
7622,0.6097500000000001,1.6053055555555575,316
7623,1.2525000000000015,0.16625000000000134,214
7624,0.22125000000000106,0.9844444444444455,211
7625,0.9670833333333343,-0.16097222222222135,161
7626,0.887250000000001,-0.024694444444443464,214
7627,0.9309722222222228,-0.012916666666666132,161
7628,0.35427777777777913,1.4360833333333345,211
7629,0.8636111111111114,-0.22341666666666532,161
7630,1.3770833333333343,-0.03291666666666593,214
7631,0.9791666666666681,-0.1098611111111098,161
7632,0.21025000000000116,1.2248333333333346,211
7633,1.1891666666666685,0.1408333333333336,161
7634,0.50763888888889,1.388472222222224,211
7635,0.043750000000001066,1.2665277777777801,211
7636,0.83838888888889,0.029555555555556,161
7637,-0.22013888888888788,1.114083333333334,211
7638,0.88488888888889,0.10166666666666774,161
7639,0.15386111111111134,1.1788611111111127,211
7640,1.2708333333333348,-0.02222222222222131,161
7641,0.9470833333333339,-0.17180555555555466,214
7642,0.0238055555555573,0.8343333333333345,211
7643,0.8036111111111119,-0.03141666666666593,161
7644,0.25055555555555675,1.2137222222222237,211
7645,1.0563055555555563,-0.27363888888888843,161
7646,0.3248611111111128,1.3981944444444456,211
7647,0.9500000000000013,-0.2398611111111113,161
7648,5.0394444444444275,5.166194444444462,1085
7649,1.3193888888888894,0.2795833333333342,214
7650,-0.005138888888888249,1.6529166666666673,211
7651,0.88613888888889,0.14725000000000055,214
7652,0.2781944444444463,1.2552777777777788,211
7653,1.2302777777777787,0.195972222222223,214
7654,0.2277222222222237,1.8145277777777793,316
7655,1.5205555555555577,0.1848611111111116,214
7656,0.18505555555555697,1.3398333333333348,211
7657,-0.04508333333333159,1.1805277777777785,211
7658,4.356138888888892,2.856500000000004,649
7659,0.9676388888888899,-0.23802777777777723,161
7660,0.7426388888888901,-0.08430555555555425,161
7661,0.43947222222222426,1.5733333333333341,316
7662,0.6837500000000013,-0.0674166666666659,161
7663,0.7738888888888888,-0.13044444444444375,161
7664,0.9173888888888898,0.060388888888890824,161
7665,4.129861111111116,3.310055555555561,649
7666,0.5491666666666682,1.0259722222222238,211
7667,1.1662500000000007,-0.024027777777776538,214
7668,-0.16916666666666602,1.3070833333333354,211
7669,0.8231944444444456,-0.18930555555555478,161
7670,0.9558333333333351,0.5950000000000021,214
7671,1.194500000000001,0.15377777777777923,214
7672,0.9544444444444458,-0.11208333333333226,161
7673,0.25500000000000167,1.3165277777777789,211
7674,0.9693055555555561,-0.00486111111111015,161
7675,1.3479722222222232,0.20636111111111266,214
7676,0.3456944444444452,1.2815277777777787,211
7677,0.96263888888889,-0.014444444444443816,161
7678,-0.08111111111111002,1.5463888888888906,211
7679,0.4013888888888898,0.9970833333333349,211
7680,0.7476944444444453,-0.1361388888888877,161
7681,-0.03877777777777647,1.1209722222222234,211
7682,0.8523333333333342,0.12972222222222296,161
7683,2.2188333333333348,1.239805555555559,408
7684,0.3801388888888897,0.9359722222222236,211
7685,1.120250000000001,-0.26291666666666613,161
7686,9.306527777777777,4.443944444444453,1162
7687,0.511861111111113,1.3037222222222247,316
7688,0.5003055555555577,1.7717500000000026,316
7689,0.18430555555555594,1.1797222222222237,211
7690,-0.06666666666666587,1.2488888888888898,211
7691,0.8791388888888905,-0.16966666666666624,161
7692,3.2653888888888924,2.0396388888888914,649
7693,1.0663888888888906,0.013722222222223357,161
7694,5.23988888888889,1.2842222222222253,649
7695,0.3106111111111127,1.4081666666666686,211
7696,4.07647222222223,2.2051111111111124,649
7697,1.1059722222222237,-0.057638888888887574,214
7698,-0.08305555555555477,0.9862500000000007,211
7699,0.907722222222223,0.07811111111111246,214
7700,8.703194444444447,9.403888888888895,1517
7701,0.919305555555556,0.1449166666666677,161
7702,1.0361666666666678,-0.1669999999999996,161
7703,0.9994444444444454,0.3156111111111125,214
7704,0.21027777777777934,1.1695833333333343,211
7705,0.9593055555555554,-0.14680555555555475,161
7706,0.9599166666666681,0.15413888888889038,214
7707,1.1275555555555572,-0.28558333333333263,214
7708,0.8487500000000014,0.8755000000000004,211
7709,0.5602777777777797,1.3936666666666682,211
7710,1.0458055555555565,0.024305555555556413,161
7711,1.3545833333333355,0.3136111111111126,214
7712,0.8806388888888901,0.08241666666666747,214
7713,1.2058611111111128,0.028444444444445383,214
7714,0.7300833333333341,-0.041416666666665714,161
7715,3.9856666666666714,1.8374722222222264,649
7716,0.7044444444444447,-0.07597222222222144,161
7717,0.1477777777777789,1.1223888888888898,211
7718,-0.14777777777777634,0.9837500000000007,211
7719,1.454416666666669,0.04586111111111213,214
7720,-0.16413888888888795,1.2530555555555565,211
7721,0.4712500000000017,1.0606944444444455,211
7722,0.9819444444444466,-0.00944444444444359,214
7723,1.118777777777778,-0.07544444444444365,214
7724,0.2782777777777786,1.4266666666666676,211
7725,0.8908333333333336,-0.16999999999999865,161
7726,0.8594444444444458,0.004027777777778352,161
7727,0.9518055555555567,-0.1531944444444438,161
7728,0.944916666666667,0.0850000000000008,161
7729,1.1986111111111124,-0.11583333333333207,161
7730,0.2880555555555566,0.9438055555555571,211
7731,0.8113888888888898,-0.018749999999999545,161
7732,3.5753888888888903,1.7495833333333373,649
7733,0.6975000000000002,-0.17694444444444385,161
7734,0.9030555555555558,-0.11069444444444343,214
7735,0.803055555555557,-0.08972222222222231,161
7736,1.1488055555555574,0.33336111111111233,214
7737,-0.04752777777777639,0.9343055555555565,211
7738,-0.058166666666666034,0.7273333333333342,211
7739,0.18336111111111209,1.4714166666666677,316
7740,0.9095833333333336,-0.06763888888888797,161
7741,1.2956944444444458,0.1959722222222242,214
7742,3.3148055555555573,2.1894166666666695,649
7743,0.010694444444445117,1.1429166666666681,211
7744,1.4611111111111126,0.25763888888888986,214
7745,0.2888888888888904,1.4355833333333365,316
7746,1.5980833333333342,0.10716666666666796,214
7747,0.939444444444445,-0.051388888888887874,161
7748,0.2940000000000007,1.3952500000000014,211
7749,0.9796388888888898,-0.032083333333332076,161
7750,0.28166666666666673,0.9441666666666686,211
7751,1.1688333333333345,0.39169444444444523,214
7752,0.4852777777777789,1.4520833333333343,316
7753,0.9158333333333339,-0.10083333333333278,161
7754,1.2094444444444445,0.21330555555555686,214
7755,1.4293611111111115,0.1771388888888903,214
7756,0.8013888888888896,-0.2426111111111101,161
7757,0.926666666666668,-0.023333333333332096,214
7758,0.7224166666666674,-0.0582222222222219,161
7759,0.2701388888888909,0.8080555555555564,211
7760,0.9778888888888899,-0.08958333333333268,161
7761,1.0693055555555557,-0.1108333333333324,161
7762,0.38697222222222405,1.4884722222222238,316
7763,0.4550000000000015,1.2767222222222232,316
7764,0.011805555555556402,1.554305555555557,211
7765,0.16375000000000095,1.1273611111111124,211
7766,0.8176388888888895,-0.2538888888888884,161
7767,3.9499444444444514,1.9537500000000008,649
7768,0.4737500000000011,1.3727777777777783,211
7769,1.018861111111112,-0.005138888888887971,161
7770,0.5149722222222237,1.1497777777777787,211
7771,0.9319444444444451,-0.05430555555555494,161
7772,0.5499722222222241,1.5338611111111122,316
7773,0.9548611111111115,-0.11486111111111053,161
7774,1.6448888888888906,-0.08919444444444435,214
7775,2.9833611111111162,2.613027777777785,552
7776,0.20763888888888982,1.1879166666666672,211
7777,1.077805555555557,0.24205555555555613,214
7778,-0.018555555555554326,1.0160277777777782,211
7779,0.955166666666668,0.009055555555556816,214
7780,1.0483333333333342,0.06888888888889033,161
7781,3.3043333333333353,3.0190000000000063,465
7782,-0.10708333333333231,1.0654722222222233,211
7783,0.16736111111111174,1.0850000000000009,211
7784,1.1506944444444458,0.12430555555555589,161
7785,0.8516944444444453,0.06794444444444492,214
7786,0.05830555555555572,0.8944166666666677,211
7787,3.545000000000004,2.275250000000008,649
7788,1.2428888888888903,-0.2707222222222212,161
7789,0.9334722222222228,0.02886111111111278,161
7790,1.0675277777777783,0.08191666666666786,214
7791,0.17916666666666814,1.587222222222224,211
7792,0.7891666666666676,-0.12111111111110973,161
7793,0.4177777777777796,1.0061111111111123,211
7794,0.783750000000001,0.14611111111111164,161
7795,8.358888888888895,7.9723055555555655,1518
7796,0.4705555555555567,1.3230555555555568,211
7797,0.06427777777777977,1.0615833333333344,211
7798,0.9668055555555571,-0.07361111111111002,161
7799,0.3358333333333344,1.3444444444444459,211
7800,0.2952500000000007,0.962916666666667,211
7801,0.8612500000000011,-0.09636111111110984,161
7802,0.05061111111111205,1.1141666666666676,211
7803,0.024750000000001382,1.2936111111111126,211
7804,1.127083333333334,-0.03652777777777749,161
7805,0.11913888888889035,0.9361944444444456,211
7806,1.1251111111111127,-0.08883333333333204,161
7807,0.8958055555555564,-0.24986111111111015,161
7808,4.701361111111114,3.850749999999998,751
7809,3.548611111111114,2.1754444444444503,649
7810,0.7869444444444442,-0.17577777777777714,161
7811,0.009444444444445366,1.236944444444446,211
7812,0.009027777777778967,1.497194444444446,211
7813,1.1702777777777786,-0.10208333333333247,161
7814,0.888027777777779,-0.03141666666666565,161
7815,0.895361111111112,0.24455555555555608,214
7816,0.4544722222222235,1.6034722222222233,316
7817,0.37144444444444713,1.5405277777777797,316
7818,1.4005555555555569,0.2048611111111125,214
7819,0.9391666666666683,0.03555555555555667,161
7820,-0.08486111111111039,1.3730555555555566,211
7821,0.8573611111111126,0.18625000000000191,161
7822,1.5501388888888903,0.1437500000000007,214
7823,0.28680555555555665,1.3156944444444456,211
7824,0.337611111111112,0.6458055555555565,211
7825,0.32994444444444515,1.5002500000000027,316
7826,0.7771944444444486,1.5644166666666672,316
7827,1.1298888888888892,0.23977777777777975,214
7828,0.04038888888888992,1.0526111111111125,211
7829,0.08027777777777856,1.0422222222222233,211
7830,0.05530555555555583,0.6908055555555563,211
7831,-0.009722222222220522,1.367361111111113,211
7832,2.8503888888888724,1.9898888888888924,649
7833,1.1078055555555568,0.3470000000000012,214
7834,0.7584444444444453,-0.06322222222222168,161
7835,1.1201666666666674,-0.2999444444444439,214
7836,0.46283333333333554,1.5023333333333353,316
7837,3.45863888888889,2.801138888888892,649
7838,0.3330000000000013,1.3088888888888905,316
7839,3.36719444444445,2.2172777777777797,649
7840,0.42127777777777886,1.467055555555556,316
7841,1.159583333333335,0.33138888888888973,214
7842,0.25180555555555584,1.1445833333333346,211
7843,0.19255555555555715,1.2271944444444463,211
7844,0.6572222222222226,-0.1643055555555552,161
7845,0.9758333333333341,-0.03383333333333294,161
7846,3.726777777777781,2.96991666666667,649
7847,4.170666666666664,2.9813055555555588,649
7848,0.023888888888889515,1.1361111111111117,211
7849,0.6100000000000017,1.0701944444444456,211
7850,3.522361111111113,2.304055555555557,649
7851,0.37188888888889204,1.6388888888888913,316
7852,0.09527777777777924,1.3336111111111126,211
7853,0.6219166666666672,1.178305555555557,211
7854,0.14527777777777917,1.0177777777777788,211
7855,0.3493611111111128,1.1678888888888899,211
7856,0.3341666666666686,1.3450555555555572,316
7857,-0.11555555555555397,0.8883333333333348,211
7858,0.205972222222224,0.9704166666666677,211
7859,1.571944444444446,0.17305555555555763,214
7860,0.6925833333333342,-0.16730555555555388,161
7861,0.8388888888888899,-0.2633333333333323,161
7862,1.2768055555555569,0.010194444444445727,214
7863,0.0033333333333340764,1.4184722222222237,211
7864,0.6576388888888892,-0.24702777777777707,161
7865,0.9712500000000008,0.006388888888889999,161
7866,1.045694444444446,0.20652777777777986,214
7867,0.07469444444444506,0.9124722222222234,211
7868,1.0793055555555564,-0.08430555555555463,161
7869,0.08902777777777848,0.6529166666666673,211
7870,1.145833333333335,-0.18763888888888786,161
7871,0.9062500000000009,-0.14549999999999885,161
7872,1.130000000000001,0.040833333333334165,214
7873,1.178750000000001,0.14752777777777826,214
7874,0.9713888888888899,-0.20777777777777728,161
7875,0.3326388888888909,1.3509444444444458,211
7876,1.135250000000001,0.22416666666666774,161
7877,0.8880555555555565,-0.09002777777777704,161
7878,1.220166666666668,0.2314444444444459,214
7879,0.45216666666666816,1.761777777777779,316
7880,0.12180555555555739,1.014972222222223,211
7881,1.0067222222222232,0.16002777777777966,214
7882,1.0351388888888895,0.06152777777777807,161
7883,0.4763333333333355,1.3596944444444454,316
7884,1.477416666666668,0.3316944444444454,214
7885,0.024916666666667475,1.1923611111111119,211
7886,1.1233333333333346,-0.1676388888888884,161
7887,0.8024722222222231,-0.18013888888888824,161
7888,0.9051388888888903,0.07263888888889003,161
7889,0.9408333333333346,-0.04680555555555432,214
7890,1.218111111111113,0.2872777777777795,214
7891,-0.22588888888888836,1.07138888888889,211
7892,0.13013888888888991,0.8723055555555563,211
7893,0.8238888888888898,-0.07597222222222105,161
7894,1.077416666666667,0.02141666666666764,214
7895,0.975694444444446,-0.1593055555555546,161
7896,1.1909722222222239,0.014722222222222525,214
7897,1.0975555555555563,0.3303333333333349,214
7898,1.226805555555556,0.13458333333333428,214
7899,-0.16194444444444378,1.445833333333335,211
7900,1.0693055555555564,-0.309944444444444,161
7901,1.0231944444444458,-0.21444444444444327,161
7902,0.7830555555555565,-0.2058055555555547,161
7903,1.2077777777777783,-0.10083333333333222,161
7904,3.992250000000003,3.0081944444444493,649
7905,0.8763611111111123,0.14722222222222414,161
7906,0.9645833333333345,-0.20194444444444315,161
7907,0.2753888888888898,1.2538611111111122,211
7908,0.03122222222222304,1.1402777777777788,211
7909,0.2537500000000018,1.7491666666666692,316
7910,0.7759444444444452,-0.07224999999999915,161
7911,0.10900000000000121,1.1219444444444449,211
7912,1.2371388888888906,0.06019444444444533,214
7913,1.876277777777779,2.478972222222228,465
7914,-0.0009722222222204868,0.7018333333333346,211
7915,1.075833333333334,-0.12124999999999925,161
7916,0.36983333333333523,1.1203888888888898,211
7917,0.8359166666666671,0.2121944444444469,161
7918,0.24652777777777846,1.1731666666666674,211
7919,0.8797222222222232,0.040416666666667767,161
7920,1.465027777777779,0.454361111111113,214
7921,0.6188888888888895,-0.1456388888888877,161
7922,0.05725000000000202,1.3431944444444468,211
7923,0.4515000000000016,1.4848333333333348,316
7924,0.5031388888888914,1.3894722222222238,316
7925,0.031250000000001,0.9888888888888896,211
7926,-0.0028055555555546174,1.4688888888888902,211
7927,0.412250000000001,1.5755833333333347,316
7928,1.0154166666666673,-0.09097222222222157,161
7929,0.15750000000000086,1.1954166666666666,211
7930,-0.14016666666666555,1.1991666666666678,211
7931,1.4818055555555565,-0.08074999999999888,214
7932,1.2051388888888899,0.03291666666666776,161
7933,0.4019444444444452,1.1586111111111126,211
7934,0.8088888888888899,-0.25002777777777657,161
7935,0.9640000000000007,-0.01905555555555488,161
7936,0.3113888888888897,1.2572222222222225,211
7937,0.8815277777777784,0.02941666666666709,161
7938,0.8990277777777793,-0.02652777777777665,161
7939,-0.11208333333333287,1.025527777777778,211
7940,6.454027777777785,6.76297222222224,1184
7941,0.782416666666667,-0.15933333333333255,161
7942,0.22486111111111318,0.7918888888888894,211
7943,0.27713888888888993,1.3087222222222235,211
7944,0.03361111111111181,1.5968055555555567,211
7945,0.31130555555555706,1.5948611111111126,316
7946,0.4603888888888903,1.021361111111112,211
7947,0.29169444444444637,1.8427777777777794,316
7948,0.8994444444444448,0.13111111111111284,161
7949,0.012694444444446562,1.0072222222222225,211
7950,0.8748055555555562,0.004583333333333939,161
7951,0.5077500000000025,1.4645277777777799,316
7952,4.051472222222223,2.5145000000000035,651
7953,0.9015277777777781,-0.19263888888888814,161
7954,0.07361111111111196,1.3975000000000017,211
7955,1.0676666666666679,0.28780555555555654,214
7956,1.013444444444445,-0.15349999999999886,161
7957,1.2002500000000007,-0.3340555555555547,161
7958,0.19691666666666763,1.0754166666666674,211
7959,0.8622222222222227,0.07763888888888903,161
7960,0.09638888888888941,1.2884722222222234,211
7961,1.1256944444444463,0.0894444444444451,214
7962,0.93638888888889,0.32125000000000115,214
7963,0.9837500000000009,-0.22841666666666677,161
7964,0.20875000000000093,1.4683055555555573,316
7965,0.9360277777777788,0.04900000000000093,161
7966,0.5745833333333344,1.2270833333333342,211
7967,4.1335,1.3473055555555602,552
7968,1.0453333333333348,0.029500000000000748,214
7969,0.8981666666666672,-0.15319444444444263,161
7970,0.9028333333333352,-0.07680555555555463,161
7971,-0.03694444444444345,1.3019444444444455,211
7972,1.1133333333333344,0.044027777777779276,161
7973,4.470666666666673,3.120916666666668,649
7974,-0.036222222222221934,1.3026944444444462,211
7975,0.31644444444444575,1.116805555555556,211
7976,0.9404166666666678,-0.18538888888888816,214
7977,1.374861111111112,0.29805555555555596,214
7978,1.0090277777777783,-0.2880555555555544,161
7979,0.9253055555555563,-0.1144444444444433,161
7980,0.4410000000000025,1.6377500000000023,316
7981,3.4642222222222285,2.1928055555555597,649
7982,0.417888888888891,1.319277777777779,316
7983,0.7316666666666668,-0.12163888888888819,214
7984,0.3691944444444457,1.7440555555555577,316
7985,0.19436111111111254,1.3228888888888901,211
7986,0.9941666666666682,-0.25736111111111043,161
7987,0.7513888888888899,-0.12777777777777682,161
7988,0.0835277777777792,1.0576388888888892,211
7989,0.15033333333333543,1.1914444444444459,211
7990,4.70680555555556,2.1230277777777804,649
7991,0.8073055555555566,0.3440833333333353,214
7992,-0.18236111111111075,1.1367777777777788,211
7993,0.6844444444444456,0.31705555555555653,161
7994,0.21902777777777938,0.9261111111111127,211
7995,0.9679166666666681,0.0850000000000008,161
7996,0.21486111111111172,1.1744444444444453,211
7997,0.009305555555557343,0.9469444444444461,211
7998,1.4259722222222222,0.4534722222222234,214
7999,1.0086666666666686,0.07533333333333447,214
8000,0.3281666666666686,1.4654166666666675,316
8001,1.0124166666666679,0.21327777777777868,214
8002,0.1833333333333348,1.2100000000000006,211
8003,8.098722222222241,5.431222222222226,1521
8004,0.9402500000000009,-0.08544444444444349,161
8005,3.82266666666667,2.428277777777784,649
8006,0.32875000000000154,1.4310555555555575,316
8007,0.23722222222222322,1.2712500000000007,211
8008,1.2012500000000017,0.18913888888888952,161
8009,1.3801388888888901,0.16805555555555607,214
8010,0.270555555555557,1.1423611111111116,211
8011,0.9402500000000005,-0.021277777777776896,161
8012,0.9656944444444454,0.17877777777777992,214
8013,0.012055555555556152,0.9729722222222236,211
8014,-0.08291666666666597,0.776305555555556,211
8015,1.06513888888889,0.09833333333333416,161
8016,-0.06486111111111004,1.372916666666668,211
8017,0.7821666666666672,-0.09877777777777641,214
8018,0.9898611111111115,-0.32086111111110965,161
8019,0.9868611111111119,-0.02744444444444344,161
8020,0.2163888888888894,1.1726388888888895,211
8021,1.5801111111111135,0.17825000000000202,214
8022,1.1288888888888913,0.07638888888888984,214
8023,1.1433333333333342,-0.2698611111111099,161
8024,0.8247777777777788,-0.018305555555554687,214
8025,1.0565000000000013,-0.13638888888888795,161
8026,0.8455833333333344,0.1983888888888895,214
8027,-0.0029166666666655683,1.1040277777777794,211
8028,1.0566666666666678,-0.09624999999999817,214
8029,0.9366666666666674,-0.04097222222222191,161
8030,3.7408055555555606,2.1566388888888923,649
8031,-0.024416666666665754,1.0458888888888902,211
8032,0.520083333333335,1.4193055555555558,316
8033,1.0547222222222232,0.11527777777777937,161
8034,0.20250000000000223,1.394583333333336,316
8035,1.1348888888888895,0.45444444444444554,214
8036,3.7770277777777777,2.4522499999999994,649
8037,0.8502777777777787,0.013611111111111962,161
8038,4.37505555555556,4.005194444444447,649
8039,0.951666666666667,0.16986111111111168,161
8040,0.21138888888888963,0.989972222222223,211
8041,0.8220000000000003,-0.08611111111111008,161
8042,0.3875000000000015,1.042361111111113,211
8043,0.09625000000000106,0.8726666666666677,211
8044,0.31038888888889055,1.451666666666669,316
8045,0.7288888888888898,-0.026944444444443494,161
8046,1.2916666666666672,0.10805555555555668,214
8047,0.18833333333333413,1.1769444444444448,211
8048,1.083750000000001,0.04972222222222333,161
8049,1.8388888888888906,0.18269444444444527,214
8050,1.0738888888888898,-0.22836111111111096,161
8051,0.01677777777777789,1.2930555555555574,211
8052,1.2560833333333346,-0.026277777777777178,161
8053,-0.06138888888888794,1.0435277777777785,211
8054,0.903055555555557,-0.007916666666665462,161
8055,0.08166666666666766,1.4054166666666679,211
8056,0.6616666666666671,-0.27263888888888826,161
8057,0.7931111111111122,-0.10874999999999924,161
8058,0.4001111111111124,1.308805555555557,316
8059,0.3912500000000012,1.2253333333333347,316
8060,0.23777777777777875,1.4129166666666682,316
8061,-0.056694444444443604,1.2024722222222233,211
8062,3.422416666666669,2.564722222222225,649
8063,0.04733333333333367,1.1052500000000012,211
8064,1.07738888888889,0.29572222222222333,214
8065,0.9480555555555565,-0.14794444444444405,161
8066,1.175555555555557,0.17472222222222444,214
8067,0.1840277777777789,1.264444444444447,211
8068,0.9606666666666668,-0.15849999999999909,161
8069,1.0080277777777789,-0.45744444444444365,161
8070,0.6140277777777783,-0.28086111111111,161
8071,3.840083333333334,1.949444444444446,554
8072,-0.21055555555555472,0.8770555555555565,211
8073,3.2731944444444454,2.309055555555562,649
8074,0.05997222222222309,1.1675000000000013,211
8075,-0.13205555555555448,1.3390000000000015,211
8076,0.9681944444444455,-0.02683333333333221,161
8077,1.3501388888888906,0.4094444444444463,214
8078,3.144944444444451,1.7745555555555583,649
8079,0.31291666666666784,1.3544444444444466,211
8080,1.1739166666666672,-0.15602777777777754,214
8081,0.7552777777777786,-0.11430555555555483,161
8082,0.9588888888888903,-0.006944444444443143,161
8083,1.318194444444446,0.07722222222222286,214
8084,0.7283055555555562,-0.12586111111111042,161
8085,0.40605555555555695,0.9373055555555573,211
8086,0.3943055555555578,1.4921388888888911,211
8087,-0.0959999999999992,1.1949722222222228,211
8088,-0.21736111111111034,1.5498611111111122,211
8089,0.5267777777777787,1.584666666666668,316
8090,-0.11161111111110966,1.1125000000000012,211
8091,1.293500000000001,0.26488888888889084,214
8092,0.30125000000000246,1.149305555555557,211
8093,6.530638888888905,7.325916666666671,1184
8094,0.09375000000000056,1.3745833333333346,211
8095,0.7420833333333337,-0.2624999999999992,161
8096,1.0961388888888899,0.4779444444444456,214
8097,0.7325000000000008,0.028194444444445632,161
8098,1.1375555555555563,0.28141666666666854,214
8099,2.3268333333333384,1.7703055555555562,469
8100,0.40441666666666753,1.3934722222222238,316
8101,0.3327777777777796,1.2602777777777794,211
8102,0.209583333333335,1.173750000000001,211
8103,0.39447222222222345,1.4369444444444477,316
8104,0.7690277777777791,-0.3144444444444437,161
8105,1.4289444444444461,0.5154722222222239,214
8106,0.8148333333333342,0.11608333333333426,161
8107,0.013472222222222552,1.267222222222224,211
8108,0.8858333333333344,0.10902777777777861,161
8109,0.988055555555557,0.19055555555555737,214
8110,0.15305555555555772,1.4450833333333353,316
8111,0.247083333333334,0.9461944444444453,211
8112,0.3581944444444458,1.6893888888888917,316
8113,1.1826388888888895,0.09458333333333424,161
8114,0.2590277777777792,0.8694444444444456,211
8115,0.5045555555555573,1.6366388888888892,316
8116,1.2320277777777786,0.14877777777777867,214
8117,0.27625000000000055,1.1183333333333336,211
8118,0.8311666666666673,-0.07777777777777667,161
8119,0.8783333333333343,-0.02958333333333263,161
8120,1.322777777777779,-0.16152777777777705,161
8121,0.996527777777779,0.1290277777777793,161
8122,0.9150000000000006,0.010972222222223438,161
8123,0.21111111111111347,1.1284722222222234,211
8124,3.7239722222222253,2.0230277777777825,649
8125,1.1266388888888892,0.0945833333333349,161
8126,0.8696944444444448,-0.2390555555555549,161
8127,0.7737500000000004,0.007500000000000839,161
8128,0.14111111111111296,1.3047222222222228,211
8129,2.809111111111113,1.8127777777777774,552
8130,-0.020277777777777617,1.258611111111112,211
8131,0.7738888888888901,-0.12611111111111017,161
8132,1.220083333333335,0.2647777777777791,214
8133,0.978472222222223,0.1098333333333339,161
8134,0.715833333333334,0.06430555555555661,161
8135,0.8388611111111117,0.07861111111111196,161
8136,0.3155833333333339,1.4462500000000007,316
8137,0.8957500000000007,-0.3127777777777774,161
8138,0.4116666666666683,1.0450000000000017,211
8139,0.5166388888888893,1.2150000000000014,211
8140,0.9515277777777786,-0.1444444444444432,161
8141,0.45888888888889046,1.4644722222222226,316
8142,0.8526388888888901,0.3048611111111126,214
8143,0.09463888888889016,0.5948333333333338,211
8144,1.0201111111111127,-0.07716666666666566,161
8145,-0.006805555555553733,0.881333333333334,211
8146,0.8733333333333344,-0.09583333333333299,161
8147,1.130805555555557,0.03538888888888936,161
8148,0.21986111111111217,1.4048333333333352,211
8149,0.8536666666666677,-0.043361111111110295,161
8150,0.9544444444444451,-0.0913611111111095,161
8151,0.19319444444444633,1.6362500000000029,211
8152,3.8727222222222246,2.866666666666667,649
8153,1.1820833333333334,-0.015833333333331978,161
8154,4.004444444444449,2.4391111111111146,649
8155,1.170861111111112,0.105444444444446,214
8156,0.14272222222222353,1.218722222222223,316
8157,-0.018888888888888067,1.3723611111111134,211
8158,1.1617777777777787,0.010250000000000425,161
8159,0.9851388888888903,0.03013888888889027,214
8160,0.2466388888888904,0.8120833333333338,211
8161,0.14180555555555674,1.2767222222222232,211
8162,1.085555555555557,-0.17888888888888893,161
8163,0.8669166666666677,-0.019583333333332453,161
8164,0.9411666666666676,0.03450000000000153,214
8165,0.16375000000000162,0.9531944444444451,211
8166,1.020083333333335,0.25013888888888947,214
8167,0.9180277777777779,-0.1651666666666664,161
8168,0.14380555555555663,1.30413888888889,211
8169,0.39188888888888984,1.3641944444444458,316
8170,4.297138888888883,4.736833333333332,906
8171,1.0193055555555572,-0.11819444444444382,161
8172,0.4255555555555569,1.5303055555555574,316
8173,5.33402777777777,5.528138888888882,1184
8174,0.06944444444444542,1.1593055555555567,211
8175,0.29463888888889,1.668472222222224,316
8176,3.3879722222222277,2.179222222222228,649
8177,0.7945833333333343,0.11533333333333473,214
8178,0.004638888888889747,1.101944444444446,211
8179,2.3089166666666707,1.3513888888888923,465
8180,0.4010277777777792,1.4780277777777786,316
8181,0.7406111111111113,-0.11236111111110991,161
8182,1.237500000000001,0.18513888888889107,214
8183,0.9185000000000009,0.3157500000000001,214
8184,1.047666666666668,-0.04349999999999887,161
8185,0.7998888888888892,0.09347222222222351,214
8186,0.3093055555555564,1.1552777777777787,211
8187,0.22158333333333424,0.6772222222222223,211
8188,0.2050000000000014,1.296666666666667,211
8189,4.707611111111116,2.3134722222222255,552
8190,0.8736111111111118,-0.33283333333333265,161
8191,1.1187500000000012,0.08930555555555736,161
8192,3.2932222222222265,2.133388888888892,649
8193,1.2331111111111122,0.43700000000000183,214
8194,1.0331944444444456,0.00388888888888983,161
8195,0.3419166666666674,1.3203333333333342,316
8196,3.7621111111111167,2.2382222222222263,649
8197,1.046027777777779,-0.32122222222222147,161
8198,0.0008333333333343518,1.0112500000000009,211
8199,0.4057222222222232,1.472583333333334,316
8200,1.1054722222222226,0.5171388888888903,214
8201,0.6901388888888897,-0.08194444444444354,161
8202,0.9875555555555561,-0.11897222222222203,161
8203,1.1261666666666676,0.09680555555555664,161
8204,3.5713055555555573,1.4003611111111158,552
8205,1.1318055555555566,0.047694444444445594,214
8206,1.1999722222222238,-0.04188888888888764,161
8207,-0.10208333333333186,1.0477500000000006,211
8208,0.9990000000000013,-0.09686111111111018,161
8209,0.11983333333333401,1.3168055555555576,211
8210,0.11000000000000121,1.102472222222223,211
8211,1.11263888888889,-0.4223055555555551,161
8212,0.30666666666666753,1.3353888888888894,211
8213,-0.09922222222222132,0.9469444444444453,211
8214,1.2531944444444458,0.18708333333333538,214
8215,1.1720000000000004,0.0933611111111119,214
8216,-0.1378333333333328,1.2097222222222235,211
8217,0.2620555555555564,1.5602777777777794,211
8218,0.9641666666666677,-0.14819444444444352,161
8219,0.7511111111111116,0.24513888888889035,161
8220,-0.07416666666666583,1.1220833333333338,211
8221,1.131527777777779,0.5629166666666678,214
8222,1.0034722222222234,-0.10611111111111038,161
8223,0.09055555555555672,1.0206944444444455,211
8224,4.346027777777785,2.031888888888893,649
8225,1.5175555555555569,0.06383333333333496,214
8226,2.422861111111115,3.3280277777777814,558
8227,-0.00263888888888808,1.3890277777777793,211
8228,0.4417500000000023,1.3001388888888887,316
8229,0.4303055555555567,1.1735277777777782,316
8230,1.0019722222222232,0.45950000000000113,214
8231,0.8094444444444446,-0.09986111111111062,161
8232,0.7718055555555561,-0.4250833333333327,161
8233,0.2801388888888895,1.0397222222222235,211
8234,1.2862777777777787,-0.13613888888888748,214
8235,-0.15124999999999866,0.9652777777777796,211
8236,0.3042777777777794,0.8420277777777783,211
8237,1.1293333333333349,0.21200000000000074,214
8238,0.36305555555555724,1.5923888888888915,316
8239,0.403694444444445,1.3215277777777785,316
8240,1.3204166666666675,0.35930555555555643,214
8241,-0.08152777777777642,1.3044444444444458,211
8242,0.2688888888888902,0.9179166666666674,211
8243,0.30750000000000155,1.3585000000000007,316
8244,0.5145833333333354,1.0916666666666675,211
8245,0.9042222222222236,0.514333333333335,214
8246,0.5725000000000008,1.2530277777777787,211
8247,0.9598611111111116,-0.021388888888888014,161
8248,-0.18999999999999895,1.2913888888888905,211
8249,0.15875000000000183,1.0544444444444456,211
8250,-0.05138888888888815,1.2034722222222232,211
8251,0.8473611111111117,-0.18058333333333265,161
8252,0.16958333333333464,1.0405555555555577,211
8253,0.28208333333333446,1.0647777777777798,211
8254,0.9418055555555567,-0.11319444444444343,161
8255,0.2322222222222231,0.9400000000000001,211
8256,1.3208888888888892,-0.026361111111109725,214
8257,0.899444444444445,-0.3573055555555545,161
8258,0.031111111111111867,1.0879166666666675,211
8259,0.250138888888891,1.3223611111111127,211
8260,1.2127500000000007,-0.2145277777777772,214
8261,0.3395833333333348,0.9445833333333348,211
8262,0.2437777777777782,1.1217500000000011,211
8263,0.8813888888888899,-0.05708333333333243,161
8264,1.3779166666666693,-0.023583333333332734,214
8265,2.4097777777777805,1.6283333333333336,552
8266,0.7491666666666676,-0.16819444444444376,161
8267,1.1343055555555568,0.5268055555555562,214
8268,0.2723888888888899,1.4463055555555577,316
8269,0.9274166666666669,-0.08044444444444343,214
8270,0.8716388888888899,-0.045666666666665245,161
8271,0.7288888888888897,0.08263888888889026,161
8272,0.355972222222223,1.0236111111111124,211
8273,-0.1596111111111107,1.3527500000000008,211
8274,0.23872222222222317,0.985972222222224,211
8275,0.6245555555555575,1.3487222222222242,211
8276,0.6454166666666682,1.5206666666666688,211
8277,1.054361111111112,-0.047111111111110104,161
8278,0.36527777777777826,1.0651388888888902,211
8279,0.7557500000000009,0.45769444444444574,214
8280,1.190527777777779,-0.15127777777777712,161
8281,1.2549722222222242,0.09919444444444447,214
8282,-0.05869444444444283,1.0305555555555574,211
8283,-0.15638888888888813,1.1512222222222226,211
8284,0.17122222222222383,1.137638888888889,211
8285,0.965694444444446,-0.31252777777777707,161
8286,0.912472222222223,0.06886111111111248,161
8287,0.4791388888888909,1.6326111111111123,316
8288,0.25625000000000153,1.419527777777779,316
8289,0.7970000000000014,0.10811111111111127,161
8290,0.38569444444444656,1.344305555555556,316
8291,3.336583333333338,2.410416666666666,649
8292,4.7427222222222305,2.5032777777777806,650
8293,1.174861111111113,-0.07222222222222113,161
8294,0.944277777777778,-0.1093611111111108,214
8295,3.0206944444444424,2.5121111111111136,552
8296,0.9575000000000014,0.13500000000000073,161
8297,0.8112222222222232,-0.02930555555555464,161
8298,1.027222222222223,0.02163888888888993,161
8299,0.7480555555555564,-0.21069444444444307,161
8300,0.7887222222222234,0.11588888888889032,161
8301,0.0337222222222231,1.0242777777777792,211
8302,0.9135833333333343,-0.13499999999999956,161
8303,0.12722222222222346,1.1522222222222238,211
8304,0.5571111111111127,1.2773055555555572,316
8305,-0.12261111111110945,1.1704166666666675,211
8306,0.6920833333333339,0.053722222222223726,161
8307,3.4716944444444433,2.0440000000000005,649
8308,1.0128888888888903,-0.12708333333333216,161
8309,0.909583333333334,-0.20486111111111016,161
8310,4.025250000000005,3.1978888888888957,649
8311,1.1531944444444453,-0.0031666666666659293,161
8312,1.0120833333333346,-0.03361111111111004,214
8313,4.16519444444445,2.3288333333333346,649
8314,0.7455277777777785,0.020833333333334092,161
8315,0.036500000000000976,1.1210277777777793,211
8316,0.9259722222222229,-0.06111111111111045,161
8317,1.163750000000001,-0.09902777777777794,214
8318,1.3607222222222233,0.5761944444444461,214
8319,0.9277777777777787,0.03650000000000175,161
8320,0.1070833333333352,0.9483055555555565,211
8321,1.1050000000000022,0.20763888888888982,214
8322,4.067027777777787,6.42591666666668,992
8323,1.1911388888888896,0.12505555555555614,214
8324,-0.14152777777777714,0.9853333333333348,211
8325,0.3123611111111131,1.0619166666666684,211
8326,-0.10730555555555443,0.938611111111112,211
8327,1.0896944444444452,0.2867222222222232,214
8328,0.9133333333333342,0.08541666666666797,161
8329,3.5414166666666684,1.6317222222222267,552
8330,1.3566944444444453,0.049083333333334145,214
8331,1.2740277777777795,0.2543055555555569,214
8332,0.9411111111111117,-0.0161111111111098,161
8333,1.486805555555557,0.31736111111111154,214
8334,0.7927500000000012,-0.059305555555554,161
8335,0.39222222222222236,1.1701388888888897,211
8336,0.23402777777777806,1.0826388888888898,211
8337,1.0921388888888903,0.07252777777777819,214
8338,0.22013888888888977,1.1493055555555562,211
8339,1.1043611111111136,0.28050000000000175,214
8340,1.2662500000000017,0.32541666666666913,214
8341,0.8156944444444456,-0.08902777777777637,161
8342,0.43669444444444616,1.2720555555555566,211
8343,0.897888888888889,-0.19222222222222146,161
8344,1.1940277777777786,0.008472222222223158,161
8345,1.5099722222222234,0.23752777777777945,214
8346,0.780666666666668,-0.06708333333333266,161
8347,0.33027777777777956,1.2633333333333348,316
8348,0.8142777777777781,-0.19174999999999948,161
8349,0.2130555555555571,1.655000000000002,316
8350,0.40941666666666765,1.6356666666666682,316
8351,0.9855555555555566,0.039444444444444726,214
8352,0.8269166666666676,-0.1713055555555546,161
8353,0.9341666666666673,0.0033333333333338544,161
8354,1.3833888888888908,0.19691666666666774,214
8355,0.26013888888889014,1.6297222222222225,211
8356,0.7230555555555563,-0.2592499999999998,161
8357,0.3907500000000014,1.205861111111112,316
8358,0.8904166666666666,-0.12319444444444366,161
8359,0.9640277777777785,-0.3330555555555548,161
8360,0.9890833333333342,0.20402777777777892,214
8361,1.3789166666666681,0.22891666666666755,214
8362,0.41638888888889025,1.0020555555555557,211
8363,0.9208333333333345,-0.11527777777777704,161
8364,0.5441388888888897,1.4466944444444463,211
8365,0.8032222222222235,0.21544444444444566,214
8366,1.2900000000000007,0.08111111111111236,214
8367,1.0201388888888903,-0.21402777777777698,161
8368,0.7994166666666667,-0.29986111111111036,161
8369,0.11069444444444565,1.207000000000001,211
8370,1.2229444444444462,8.333333333399029e-05,214
8371,0.8294444444444453,0.1958333333333343,161
8372,0.17944444444444607,1.2215000000000011,211
8373,0.9220833333333349,-0.20694444444444415,161
8374,1.2429166666666682,0.5290277777777793,214
8375,0.5765833333333336,-0.15555555555555495,161
8376,0.2872222222222234,1.0680555555555569,211
8377,1.040111111111113,-0.21655555555555495,161
8378,0.007944444444445531,1.1137222222222232,211
8379,0.8447222222222233,0.0680555555555562,161
8380,1.2176388888888898,0.5806944444444461,214
8381,0.8156666666666679,-0.08777777777777712,161
8382,0.7646944444444449,-0.049333333333332785,161
8383,0.2151388888888911,1.342222222222223,211
8384,0.19052777777777907,1.1991388888888912,211
8385,0.34127777777777957,1.5935000000000001,316
8386,0.878500000000001,0.023055555555556273,214
8387,1.1617222222222234,0.15880555555555687,214
8388,1.0266666666666682,-0.05402777777777734,161
8389,0.12016666666666842,1.5437222222222244,316
8390,0.333055555555557,1.4991944444444452,316
8391,0.9209166666666674,-0.09008333333333274,161
8392,2.240361111111114,1.2514166666666697,467
8393,0.9336111111111122,-0.1002777777777773,161
8394,1.1309722222222238,0.08044444444444476,214
8395,0.7980555555555564,-0.204861111111111,161
8396,0.5908333333333357,1.4450277777777802,316
8397,0.07708333333333439,1.1362500000000015,211
8398,-0.047944444444443124,1.2746944444444455,211
8399,0.17819444444444543,1.365416666666669,211
8400,0.06347222222222271,1.6329166666666688,211
8401,0.8690277777777788,-0.3273611111111105,161
8402,1.2119444444444452,-0.08452777777777709,161
8403,0.8995000000000004,0.014416666666667632,161
8404,1.0141666666666675,0.12680555555555667,161
8405,0.9413888888888902,-0.007222222222221131,161
8406,1.0661111111111126,-0.0708333333333323,161
8407,1.2130555555555567,-0.07333333333333236,161
8408,1.756805555555557,0.8195833333333338,214
8409,0.42361111111111205,1.250000000000001,211
8410,0.35750000000000126,1.2294444444444457,211
8411,3.5411388888888884,2.5109444444444455,649
8412,0.4518055555555567,1.490833333333335,211
8413,1.0796944444444463,0.44702777777777947,214
8414,0.0076944444444457805,1.1437500000000007,211
8415,0.18625000000000136,1.4612500000000006,211
8416,0.8885833333333345,0.09788888888889052,161
8417,0.5789166666666682,1.471083333333334,316
8418,3.6540833333333396,2.192972222222226,649
8419,0.5036388888888899,1.0556666666666679,211
8420,0.31708333333333427,1.3383333333333345,211
8421,1.3040000000000007,0.13186111111111254,214
8422,1.0306111111111118,-0.04958333333333231,161
8423,0.9441666666666675,-0.010555555555554763,161
8424,1.1294444444444458,0.05930555555555683,214
8425,0.4858333333333349,1.232777777777779,316
8426,0.9568333333333341,-0.07766666666666605,161
8427,1.2240277777777793,-0.10472222222222122,161
8428,3.5084444444444416,2.121305555555555,649
8429,0.5041666666666682,0.9676388888888903,211
8430,0.1467222222222243,1.5201111111111132,211
8431,0.8745833333333337,0.05777777777777782,161
8432,1.0497500000000022,0.16127777777777896,214
8433,0.04308333333333414,1.0801388888888894,211
8434,0.04513888888889017,1.46777777777778,211
8435,1.267111111111112,0.2957500000000006,214
8436,0.42719444444444615,1.563638888888891,316
8437,1.1431944444444453,0.43013888888888985,214
8438,1.049583333333334,0.04861111111111177,161
8439,0.9901666666666675,0.15336111111111206,214
8440,1.1636111111111116,-0.0020833333333323267,161
8441,0.9820555555555557,-0.18138888888888904,161
8442,3.239250000000006,2.4865000000000035,649
8443,0.011500000000000066,1.2077500000000014,211
8444,0.08708333333333473,1.4631944444444458,211
8445,0.14180555555555674,1.3680555555555576,316
8446,4.78213888888889,1.3885555555555587,649
8447,0.5492222222222236,1.3740277777777785,316
8448,3.3955277777777813,2.294111111111116,649
8449,1.3816666666666682,0.1794444444444454,214
8450,1.5522222222222242,0.2480555555555568,214
8451,0.7094722222222234,0.03522222222222304,161
8452,0.4161111111111129,1.3729166666666681,211
8453,1.3780555555555563,-0.07277777777777694,214
8454,2.6380000000000043,1.4995555555555575,465
8455,0.9997222222222233,-0.06536111111110943,161
8456,1.6320833333333344,0.3652777777777787,214
8457,0.8043333333333342,-0.054194444444444156,161
8458,0.025416666666667198,0.9904722222222228,211
8459,1.0615555555555571,0.713388888888891,214
8460,1.3981944444444456,0.23666666666666836,214
8461,0.20666666666666733,1.3283333333333351,211
8462,1.1911111111111121,0.11597222222222303,161
8463,0.4858333333333349,1.3079444444444461,316
8464,0.962083333333334,0.06638888888888944,161
8465,1.074305555555557,0.052416666666667666,161
8466,0.44666666666666677,1.3631944444444462,316
8467,-0.03916666666666502,1.3684444444444461,211
8468,0.4470833333333353,1.2547222222222243,211
8469,1.2282500000000007,0.42213888888889084,214
8470,0.8113888888888898,0.1413888888888899,161
8471,0.8809166666666676,0.29236111111111307,214
8472,0.9955555555555565,-0.04055555555555518,161
8473,4.960361111111114,2.061472222222224,649
8474,0.6994444444444448,-0.06861111111111007,161
8475,0.44094444444444625,1.2925000000000015,211
8476,0.8867500000000009,0.11958333333333443,161
8477,-0.11358333333333248,1.0865277777777784,211
8478,0.9020833333333346,-0.08944444444444333,161
8479,1.2467777777777784,0.06944444444444459,161
8480,1.5490833333333351,0.34600000000000153,214
8481,0.8462500000000006,0.12722222222222324,161
8482,1.07038888888889,-0.17697222222222203,161
8483,1.08788888888889,-0.16666666666666513,161
8484,0.879166666666668,0.1425833333333345,161
8485,1.0786111111111123,0.1402777777777785,161
8486,0.14472222222222297,1.544444444444446,211
8487,2.880333333333339,2.167944444444455,649
8488,2.651722222222226,1.7489166666666698,552
8489,0.8600555555555571,-0.00247222222222121,214
8490,1.1165277777777785,0.08069444444444573,214
8491,0.7741944444444451,0.013250000000000539,161
8492,0.9917777777777789,-0.04480555555555449,161
8493,1.0095555555555569,0.13766666666666727,214
8494,0.3246944444444456,1.0880277777777785,316
8495,0.9266666666666676,-0.14333333333333287,161
8496,0.14527777777777906,1.1871944444444458,211
8497,0.8960277777777792,0.02494444444444499,161
8498,0.7961111111111128,-0.0009722222222212085,161
8499,0.7549722222222233,-0.17116666666666597,161
8500,0.12777777777777988,1.0873611111111126,211
8501,0.9841944444444453,0.09408333333333418,214
8502,0.6502777777777791,0.05208333333333409,161
8503,4.3419166666666715,1.962222222222226,649
8504,0.05819444444444544,1.4202222222222236,211
8505,0.29255555555555646,1.381416666666668,316
8506,0.7084722222222225,0.4929444444444462,214
8507,0.7668055555555566,0.154861111111113,214
8508,0.9858333333333347,-0.0895833333333329,161
8509,5.376111111111106,7.039694444444449,1186
8510,0.8755555555555556,1.7033333333333338,316
8511,0.40177777777777957,0.9728888888888894,211
8512,0.2006944444444455,1.6718055555555575,211
8513,0.014805555555555627,1.0286666666666673,211
8514,0.8458055555555564,0.046388888888890145,161
8515,0.9108055555555562,0.07830555555555696,161
8516,0.66363888888889,-0.18122222222222117,161
8517,0.22597222222222313,0.96013888888889,211
8518,1.012277777777779,0.3110000000000016,214
8519,0.13819444444444506,0.876527777777779,211
8520,0.053583333333334315,1.3956666666666682,211
8521,0.5698611111111136,1.4969444444444464,211
8522,1.2215277777777787,0.394305555555557,214
8523,1.02763888888889,0.14625000000000143,161
8524,0.8578333333333346,-0.20961111111111047,161
8525,2.864944444444448,1.4867500000000025,467
8526,0.6203333333333347,0.9720833333333344,211
8527,0.9675000000000002,-0.17419444444444454,161
8528,0.8403888888888915,1.773861111111112,316
8529,0.13880555555555696,1.2413611111111122,211
8530,0.802361111111112,-0.01222222222222158,161
8531,2.4129722222222245,1.5573333333333368,467
8532,0.9603888888888896,0.06250000000000117,161
8533,0.6311666666666672,-0.003194444444444333,161
8534,0.2452777777777786,1.363194444444447,211
8535,1.4976944444444464,0.510916666666668,214
8536,0.7008333333333341,0.0678055555555569,161
8537,0.45458333333333467,1.4640277777777797,316
8538,0.8458333333333341,0.10180555555555643,161
8539,0.8390277777777784,-0.12194444444444397,161
8540,1.325861111111113,-0.14741666666666609,214
8541,0.8700833333333338,0.379305555555556,214
8542,0.2916666666666673,1.0766666666666678,211
8543,0.15152777777777826,1.4638888888888903,211
8544,3.5496111111111124,2.3542500000000044,649
8545,0.8747222222222228,0.2398611111111124,161
8546,0.8393333333333339,0.02844444444444505,161
8547,1.2291666666666679,0.26625000000000143,214
8548,1.0253888888888905,0.029138888888889825,161
8549,3.9739444444444474,2.3583888888888915,649
8550,1.109722222222224,-0.1713055555555556,214
8551,4.58330555555556,3.406944444444446,649
8552,1.0036666666666672,0.16911111111111232,214
8553,1.0626388888888894,-0.12111111111111078,161
8554,0.39166666666666794,1.5067222222222243,316
8555,0.9795833333333341,0.09708333333333485,214
8556,3.4016111111111114,1.1460833333333365,552
8557,1.2112500000000015,-0.1834722222222212,161
8558,0.5621111111111129,1.5634722222222235,316
8559,3.81338888888889,1.9940277777777822,649
8560,0.5398611111111123,1.113861111111112,211
8561,0.4872222222222241,1.1376388888888889,211
8562,0.9045833333333335,0.27666666666666795,214
8563,1.125000000000001,-0.08227777777777667,214
8564,0.14611111111111297,1.5623611111111124,211
8565,1.091138888888889,0.3738888888888898,214
8566,0.9431944444444457,-0.08736111111111017,161
8567,1.4245000000000019,-0.15480555555555375,214
8568,1.0030277777777792,-0.05377777777777726,161
8569,0.8338888888888896,-0.07044444444444353,161
8570,0.9904166666666676,0.08791666666666759,161
8571,0.2629166666666678,1.1658333333333344,211
8572,3.357472222222225,2.4869166666666693,649
8573,1.1237500000000014,0.3683333333333352,214
8574,1.0094166666666675,-0.1029166666666656,161
8575,0.9499166666666675,-0.09066666666666495,161
8576,1.0591666666666675,-0.23438888888888804,161
8577,0.9914166666666675,0.09830555555555615,161
8578,4.264000000000007,2.0932222222222254,650
8579,0.9619444444444449,-0.09486111111111034,161
8580,-0.04377777777777725,0.841222222222223,211
8581,4.423805555555559,2.9461666666666715,652
8582,1.0052777777777782,0.07305555555555643,161
8583,0.056666666666668086,1.2461111111111125,211
8584,1.1976666666666675,0.1678055555555571,214
8585,0.20430555555555707,1.1915277777777795,211
8586,3.244750000000004,2.379583333333338,649
8587,1.285472222222223,0.5793611111111128,214
8588,0.5361111111111116,-0.2041666666666656,161
8589,0.8826388888888897,-0.03569444444444342,161
8590,0.30163888888889123,1.0444722222222234,211
8591,0.9188888888888902,0.16097222222222318,161
8592,0.9845555555555562,0.0990000000000012,161
8593,1.0123611111111117,0.31611111111111245,214
8594,-0.2644999999999993,1.4782222222222239,211
8595,0.08830555555555653,1.2485833333333352,211
8596,3.106083333333335,1.46163888888889,552
8597,0.10833333333333461,1.169722222222223,211
8598,0.45911111111111247,1.4143888888888916,316
8599,0.41333333333333466,0.9658333333333344,211
8600,-0.1315277777777768,1.1555555555555574,211
8601,0.1090277777777785,1.3061111111111119,211
8602,6.061166666666671,6.645777777777783,1184
8603,1.1725000000000008,0.31194444444444547,214
8604,0.21486111111111217,1.1919444444444456,211
8605,0.40927777777777835,1.2186666666666686,316
8606,0.6705833333333354,1.4113888888888917,316
8607,3.6785277777777803,2.2272777777777772,649
8608,0.963750000000001,-0.03847222222222196,161
8609,0.19750000000000112,1.1863055555555566,211
8610,0.776722222222223,0.0068055555555569525,161
8611,0.54388888888889,1.394722222222224,211
8612,0.1401111111111123,1.1095833333333343,211
8613,0.2638888888888907,1.1988888888888902,211
8614,0.6159722222222224,0.08838888888889063,161
8615,-0.04011111111111032,1.2708888888888898,211
8616,0.9507222222222239,-0.06244444444444286,214
8617,1.0900000000000019,0.3731111111111125,214
8618,1.2193055555555565,0.188194444444447,214
8619,0.13861111111111224,1.3351111111111125,211
8620,1.4429166666666675,0.11708333333333554,214
8621,0.8009722222222231,0.21430555555555747,161
8622,3.123500000000001,2.2523888888888917,649
8623,0.9683888888888893,0.5020000000000011,214
8624,0.9387500000000009,-0.05291666666666556,161
8625,0.9673611111111123,0.07152777777777919,161
8626,0.7783055555555567,-0.07180555555555451,161
8627,3.3493611111111137,2.111722222222225,649
8628,0.06458333333333388,1.2572222222222236,211
8629,0.8550555555555559,-0.06694444444444347,161
8630,0.8306944444444446,-0.0358611111111104,161
8631,1.0723611111111122,0.5716666666666688,214
8632,-0.034999999999999254,0.9558888888888902,211
8633,1.3577777777777793,0.4845833333333347,214
8634,1.6094166666666685,0.13711111111111296,214
8635,0.32350000000000123,1.5015555555555586,316
8636,0.11125000000000107,1.3391666666666682,211
8637,1.2805555555555563,-0.00027777777777598933,161
8638,-0.023916666666665587,1.0993055555555558,211
8639,0.9365277777777785,-0.07777777777777678,161
8640,0.6637777777777789,-0.08336111111111072,161
8641,1.2454166666666677,0.012361111111111933,214
8642,0.810694444444447,1.5952777777777802,316
8643,0.22450000000000125,1.127916666666668,211
8644,0.9976388888888897,0.09277777777777901,161
8645,0.22747222222222352,1.3077777777777788,316
8646,-0.0640833333333326,1.0844444444444465,211
8647,0.28033333333333443,0.957500000000001,211
8648,1.087361111111112,-0.19083333333333286,161
8649,0.13263888888889008,1.4488888888888902,211
8650,3.3309722222222256,2.3854722222222273,649
8651,1.3359722222222241,-0.03555555555555423,214
8652,-0.0536388888888879,0.9102777777777786,211
8653,0.5049722222222247,1.309111111111113,316
8654,2.9023611111111127,1.9651944444444454,649
8655,-0.09316666666666618,0.8055555555555564,211
8656,-0.008888888888888391,1.1155555555555563,211
8657,1.2385000000000015,0.3474166666666677,214
8658,0.1305555555555571,1.2408333333333346,211
8659,0.882500000000001,-0.0447222222222215,161
8660,1.1893888888888893,0.16752777777777894,214
8661,1.1555833333333339,0.06780555555555645,214
8662,1.2440277777777804,-0.13041666666666596,161
8663,1.0250000000000006,0.33208333333333473,214
8664,1.2625000000000013,0.10500000000000154,214
8665,0.8012500000000002,-0.2711388888888879,161
8666,1.1331111111111123,-0.19447222222222238,161
8667,0.046250000000001235,1.406111111111113,211
8668,0.3463611111111127,0.9883333333333343,211
8669,1.3296111111111126,0.2914166666666679,214
8670,3.9019722222222253,2.199527777777784,649
8671,0.7621388888888898,0.10719444444444587,161
8672,0.8526388888888891,-0.2909722222222218,161
8673,0.061111111111113114,1.626055555555558,316
8674,1.2634722222222234,-0.18291666666666656,161
8675,1.076722222222223,0.09875000000000156,161
8676,1.050555555555556,-0.08416666666666595,161
8677,0.19986111111111193,1.4725000000000028,211
8678,0.4144166666666683,1.3240000000000012,211
8679,0.8354166666666675,0.35944444444444557,214
8680,-0.007305555555555565,1.2039444444444456,211
8681,1.030194444444445,-0.07974999999999938,161
8682,0.9836111111111123,-0.05958333333333188,214
8683,0.4155555555555557,1.0143055555555571,211
8684,0.29194444444444523,1.5346944444444457,316
8685,0.8308333333333344,-0.2205833333333329,161
8686,1.3125000000000022,-0.0770833333333315,214
8687,2.9269722222222256,2.0414166666666693,649
8688,0.884083333333334,-0.19833333333333203,161
8689,-0.054722222222221784,1.3161111111111126,211
8690,1.1588888888888897,-0.14361111111111063,161
8691,0.4285833333333348,1.4479444444444476,316
8692,-0.053916666666665725,1.0920000000000005,211
8693,0.004583333333333939,1.3943333333333345,211
8694,0.9725000000000008,-0.09477777777777607,161
8695,0.2915277777777787,1.1122222222222236,211
8696,0.8477777777777791,-0.2856944444444439,161
8697,1.5438055555555568,0.05308333333333415,214
8698,0.020555555555555438,0.9141666666666681,211
8699,0.20205555555555643,1.22288888888889,211
8700,1.1637500000000012,0.31680555555555645,214
8701,0.24041666666666828,0.7952777777777789,211
8702,0.8901388888888901,-0.014027777777776085,161
8703,0.20291666666666752,1.7034444444444463,211
8704,0.08791666666666742,1.6172500000000016,316
8705,-0.001972222222221598,1.3066388888888896,211
8706,4.670555555555558,2.7533333333333383,649
8707,0.6984722222222229,-0.05833333333333318,161
8708,1.075972222222222,-0.09147222222222129,161
8709,1.1704722222222224,-0.12477777777777677,214
8710,2.941694444444448,2.9871111111111155,649
8711,1.052500000000001,-0.08180555555555469,161
8712,0.33527777777777845,1.4530833333333333,316
8713,0.8965277777777787,-0.062083333333332213,161
8714,0.48647222222222186,1.3886388888888905,316
8715,0.12061111111111222,1.056805555555556,211
8716,1.3877777777777789,0.18000000000000105,214
8717,1.023055555555557,0.28000000000000136,214
8718,4.65880555555556,2.1467222222222246,649
8719,0.47275000000000156,1.4514444444444456,211
8720,0.9265000000000008,-0.12016666666666564,161
8721,0.2704166666666671,1.1640277777777785,211
8722,0.451361111111113,1.473833333333335,316
8723,0.5190555555555583,1.6501111111111133,316
8724,0.44847222222222427,1.6426111111111128,316
8725,0.33736111111111233,1.3541666666666676,211
8726,0.47013888888888933,1.3523611111111125,211
8727,-0.022666666666665836,1.519916666666668,211
8728,0.3345833333333347,1.3819444444444464,211
8729,3.5590277777777812,2.6274722222222255,649
8730,0.9943333333333335,-0.33833333333333226,161
8731,4.7723055555555565,3.327250000000003,649
8732,0.8462222222222235,-0.043055555555554625,161
8733,0.31447222222222393,1.645833333333336,316
8734,1.0377777777777788,-0.061666666666665815,161
8735,0.7897222222222224,-0.13624999999999915,161
8736,3.5633333333333392,2.354388888888895,649
8737,0.17163888888889,1.2512222222222227,211
8738,0.8023611111111124,-0.02069444444444324,161
8739,1.8231944444444463,0.03069444444444558,214
8740,0.7997222222222226,-0.014999999999999514,161
8741,1.2795833333333357,0.0830555555555561,161
8742,1.0305000000000013,-0.21908333333333208,214
8743,0.7506944444444448,-0.26322222222222175,161
8744,0.9933333333333345,0.05527777777777837,161
8745,-0.02402777777777676,1.0005555555555568,211
8746,1.0022222222222226,-0.18419444444444377,161
8747,0.7988888888888896,0.029305555555556695,161
8748,2.1165833333333355,1.5618333333333345,470
8749,-0.22749999999999881,1.3075555555555567,211
8750,1.0743055555555563,0.0725000000000009,161
8751,3.5921666666666687,2.392250000000005,649
8752,-0.09905555555555479,1.387444444444445,211
8753,1.1094444444444453,-0.3647222222222216,161
8754,0.2720555555555568,1.1802500000000011,211
8755,1.050027777777778,0.1016388888888895,161
8756,0.21205555555555666,1.4226388888888897,211
8757,0.02963888888888988,1.32913888888889,211
8758,-0.05888888888888788,0.9494444444444448,211
8759,0.21194444444444627,1.2695277777777783,316
8760,0.12597222222222337,0.7816388888888899,211
8761,1.315416666666668,-0.06541666666666646,214
8762,0.021222222222223475,1.1011666666666686,211
8763,0.8310833333333345,-0.07791666666666575,161
8764,-0.0906944444444433,1.328055555555557,211
8765,0.9914444444444455,0.18997222222222282,161
8766,0.17958333333333432,0.7578611111111122,211
8767,1.2915277777777794,0.29000000000000115,214
8768,1.4899166666666683,0.1924166666666678,214
8769,1.0991666666666677,-0.08999999999999897,161
8770,2.3974722222222278,0.9828888888888923,552
8771,0.28902777777777844,1.248750000000002,211
8772,0.06847222222222393,1.2573611111111118,211
8773,1.0803333333333343,0.2573888888888912,214
8774,0.9962500000000016,0.02611111111111164,161
8775,0.9497222222222226,-0.02736111111111067,161
8776,1.0427777777777791,0.10555555555555712,161
8777,0.005027777777778908,1.6958333333333355,316
8778,0.7098611111111125,0.959027777777779,211
8779,1.251694444444445,-0.15824999999999956,214
8780,0.9683888888888903,-0.10116666666666552,214
8781,0.298194444444446,0.8604444444444452,211
8782,1.0653333333333344,-0.09780555555555481,161
8783,0.23011111111111238,0.8501944444444451,211
8784,0.18819444444444577,1.4677500000000017,211
8785,0.9830555555555569,-0.16055555555555417,161
8786,0.08055555555555727,1.28638888888889,211
8787,0.15638888888888924,1.1694444444444458,211
8788,0.15263888888888977,1.6241388888888904,211
8789,0.8162500000000009,0.031111111111111867,161
8790,2.92963888888889,1.9302500000000036,552
8791,0.655694444444445,0.12375000000000114,161
8792,0.8666944444444444,-0.031694444444443914,161
8793,0.838361111111112,0.2043055555555563,214
8794,0.15280555555555675,1.345972222222223,316
8795,0.1454166666666683,1.3051388888888908,211
8796,0.10138888888888975,0.9946944444444458,211
8797,0.9098611111111113,-0.12694444444444347,161
8798,-0.06402777777777635,1.0929166666666672,211
8799,1.1146111111111123,-0.22213888888888833,214
8800,3.8798055555555564,3.2257222222222226,649
8801,0.7612500000000009,-0.1636111111111102,161
8802,4.545694444444449,1.9147777777777806,649
8803,1.044305555555557,-0.1143055555555551,161
8804,0.12969444444444578,0.8472777777777782,211
8805,0.9984722222222232,0.10263888888888884,214
8806,0.9005555555555564,-0.049027777777776727,161
8807,1.1301666666666672,0.45269444444444584,214
8808,0.9215277777777791,-0.12361111111111017,161
8809,0.01638888888889012,1.1433333333333344,211
8810,1.047916666666668,-0.25263888888888797,161
8811,0.8948333333333347,-0.10572222222222083,161
8812,0.39261111111111147,1.3576111111111127,211
8813,0.6707777777777784,-0.07277777777777727,214
8814,3.642638888888892,2.1641666666666692,649
8815,-0.012638888888887645,1.082555555555557,211
8816,0.9423611111111116,-0.13916666666666588,161
8817,0.03833333333333411,1.1033333333333337,211
8818,0.9153888888888898,-0.053333333333332233,161
8819,4.482527777777782,2.3896944444444483,650
8820,3.9110833333333397,1.7840277777777809,649
8821,0.8802500000000006,-0.2843055555555549,161
8822,1.3251111111111125,-0.01574999999999893,214
8823,1.0346666666666675,0.3397777777777785,214
8824,1.3190833333333345,-0.2076666666666661,214
8825,5.766583333333342,2.0039444444444507,649
8826,0.11444444444444635,1.135972222222223,211
8827,1.2656944444444456,0.2375000000000015,214
8828,0.9844444444444452,0.14263888888888898,161
8829,-0.25152777777777713,1.4318055555555564,211
8830,1.097916666666667,-0.2369444444444434,214
8831,0.0029166666666678998,1.0562777777777788,211
8832,-0.03186111111111045,1.3303888888888904,211
8833,0.07872222222222325,1.2075000000000014,211
8834,0.04386111111111157,1.0147222222222239,211
8835,0.27416666666666856,1.468750000000002,316
8836,1.2679166666666672,-0.24402777777777668,161
8837,0.7991666666666681,-0.07583333333333198,161
8838,0.9913888888888898,-0.2200000000000002,161
8839,0.8937500000000007,-0.15497222222222173,161
8840,-0.1710277777777771,1.4011111111111134,211
8841,1.255805555555556,0.3865555555555571,214
8842,0.824722222222223,-0.24555555555555486,161
8843,0.8945555555555559,-0.04847222222222125,161
8844,1.2193611111111118,0.353916666666668,214
8845,0.428722222222225,1.4284722222222237,211
8846,-0.02227777777777673,0.8804166666666677,211
8847,0.7923611111111122,0.09166666666666845,161
8848,0.7012222222222233,-0.13108333333333266,161
8849,0.8740277777777783,-0.2097222222222211,161
8850,0.22177777777777907,1.1799444444444465,316
8851,1.0441666666666676,0.17791666666666806,161
8852,1.366805555555557,0.17875000000000152,214
8853,1.0547500000000005,0.3799166666666678,214
8854,0.6457777777777789,-0.03402777777777671,161
8855,0.29291666666666705,1.1616666666666675,211
8856,-0.1465277777777776,1.2736111111111124,211
8857,0.831638888888889,-0.0972222222222216,161
8858,1.195000000000001,0.25402777777777974,214
8859,0.8861944444444446,-0.1308333333333324,161
8860,-0.08183333333333254,1.4315277777777782,211
8861,4.540916666666672,3.180666666666674,649
8862,2.3696944444444465,1.512055555555559,467
8863,1.1373611111111117,-0.04194444444444362,161
8864,0.8969444444444452,-0.08819444444444352,161
8865,0.18625000000000203,1.4840833333333348,316
8866,0.8736111111111118,-0.04611111111111005,161
8867,1.0194444444444453,0.0038888888888893858,161
8868,0.8337222222222228,0.038166666666667126,161
8869,1.4128055555555572,0.3246111111111125,214
8870,0.25763888888888997,1.022333333333335,211
8871,1.2188888888888905,-0.04069444444444431,161
8872,7.980666666666668,3.7525000000000097,1420
8873,0.39233333333333476,1.08888888888889,211
8874,0.9186111111111113,-0.2005833333333329,161
8875,0.8702777777777786,-0.37749999999999984,161
8876,0.07661111111111174,0.8769722222222232,211
8877,0.2778055555555572,0.8193611111111121,211
8878,0.7308333333333342,0.005972222222224155,161
8879,0.5365277777777785,1.5306944444444455,211
8880,0.3093888888888905,1.4839444444444463,316
8881,0.1745000000000012,0.8600555555555566,211
8882,0.052222222222223835,1.310833333333334,211
8883,0.09547222222222418,1.0930555555555572,211
8884,1.1091666666666675,-0.11527777777777692,161
8885,1.0209166666666676,0.15061111111111236,214
8886,0.1497777777777789,1.3341666666666678,211
8887,0.034861111111112675,1.1826388888888906,211
8888,0.5616944444444455,1.4333333333333345,316
8889,0.9349722222222232,0.28261111111111237,161
8890,0.7310000000000003,-0.16961111111111005,161
8891,0.13755555555555699,0.9345833333333337,211
8892,0.9381944444444457,0.028888888888890518,161
8893,0.017083333333334227,1.0443055555555574,211
8894,0.9711666666666676,0.6041388888888906,214
8895,0.7236666666666671,-0.09766666666666585,161
8896,3.3900000000000023,1.984055555555561,649
8897,1.1169166666666672,0.17538888888888993,214
8898,0.9752500000000005,-0.3116944444444439,161
8899,0.11055555555555718,1.1879166666666685,211
8900,-0.018666666666665832,1.0456666666666679,211
8901,0.9862500000000012,-0.11152777777777645,161
8902,0.7111111111111121,-0.03908333333333258,161
8903,0.9070833333333339,0.03180555555555653,161
8904,1.2954166666666687,0.3134722222222235,214
8905,0.8984722222222237,0.10250000000000153,161
8906,0.777194444444445,-0.025499999999998302,161
8907,0.9229166666666677,0.13722222222222324,161
8908,0.0641666666666676,1.515000000000001,211
8909,0.008611111111111902,1.5293055555555573,211
8910,0.5445833333333344,1.1583333333333339,211
8911,0.3545833333333347,0.9533333333333339,211
8912,0.42208333333333403,0.9333333333333342,211
8913,0.13000000000000045,1.4102777777777789,211
8914,1.027222222222223,0.22763888888888972,161
8915,0.43288888888888966,1.1813888888888895,211
8916,-0.03308333333333202,1.2808055555555564,211
8917,0.2308333333333339,1.6018055555555573,211
8918,1.4494444444444456,0.2995833333333342,214
8919,0.9838888888888899,0.10986111111111224,161
8920,1.3592222222222237,0.44683333333333475,214
8921,1.1891666666666676,-0.26905555555555516,161
8922,0.2241944444444458,1.5318055555555574,211
8923,0.7642500000000007,0.4318333333333343,214
8924,0.9315277777777788,0.3136111111111124,214
8925,0.8488055555555563,-0.022527777777777924,161
8926,1.094555555555557,-0.08738888888888774,161
8927,0.6731666666666687,1.4708611111111132,316
8928,3.2113055555555596,2.2309722222222255,649
8929,0.2751388888888905,1.1584722222222235,211
8930,0.8781666666666677,0.022694444444446238,161
8931,0.18163888888889024,1.193333333333335,211
8932,0.48983333333333556,1.64566666666667,316
8933,0.20172222222222314,1.2522222222222237,211
8934,0.2513055555555569,1.2163611111111123,211
8935,0.08469444444444418,1.1849722222222234,211
8936,0.8714722222222236,0.41977777777777947,214
8937,1.0243055555555567,-0.007777777777777273,161
8938,1.126472222222223,0.036861111111112455,214
8939,0.18005555555555697,1.4343055555555573,316
8940,-0.014722222222221859,1.2845833333333347,211
8941,0.20152777777777986,1.1361111111111126,211
8942,0.461666666666668,0.987222222222223,211
8943,0.09027777777777812,1.0404166666666679,211
8944,1.0065277777777788,-0.0009722222222216526,161
8945,3.3438611111111145,2.0442222222222277,649
8946,3.4157500000000063,2.3960277777777805,649
8947,1.1818055555555564,-0.18847222222222149,161
8948,2.3159166666666673,1.3473888888888899,467
8949,1.0222222222222235,0.09194444444444577,161
8950,0.28500000000000125,1.1106666666666674,211
8951,0.8637500000000005,0.028888888888890185,161
8952,0.18375000000000052,1.3344444444444448,211
8953,0.8830555555555565,0.05069444444444554,161
8954,0.9584166666666671,-0.18736111111111076,161
8955,1.3813055555555578,0.1445000000000014,214
8956,1.0314166666666675,0.22000000000000108,214
8957,1.6398611111111125,0.19333333333333502,214
8958,1.0143055555555565,-0.1658333333333326,161
8959,0.5736111111111127,1.5259722222222236,316
8960,1.1298333333333341,0.006388888888888833,161
8961,0.8165000000000007,-0.15874999999999856,161
8962,1.222555555555557,0.13002777777777863,214
8963,1.0476388888888897,-0.06458333333333316,161
8964,1.0542222222222235,-0.02591666666666631,161
8965,0.17125000000000035,0.7165555555555564,211
8966,0.3515277777777793,1.153722222222223,211
8967,0.8841666666666679,0.06944444444444575,161
8968,-0.042083333333331585,1.1090277777777784,211
8969,4.139722222222224,2.8980277777777754,649
8970,0.956250000000001,0.44486111111111193,214
8971,0.20013888888889086,1.28888888888889,211
8972,3.3962500000000024,2.7080277777777804,649
8973,-0.30911111111111067,0.9915277777777798,211
8974,0.4471388888888911,1.5478888888888902,316
8975,0.3415277777777791,0.6863055555555563,211
8976,1.183388888888889,0.31227777777777876,214
8977,3.4009166666666655,2.1671388888888927,649
8978,1.071111111111112,-0.11955555555555442,214
8979,1.099861111111112,-0.13886111111110994,161
8980,-0.022638888888887765,1.1573611111111122,211
8981,1.095250000000001,0.32138888888888995,161
8982,1.174166666666668,0.06680555555555623,214
8983,1.3077777777777793,0.20819444444444613,161
8984,0.9649722222222226,-0.13016666666666543,161
8985,1.0008333333333346,-0.2699999999999992,161
8986,0.06208333333333338,1.3993055555555554,211
8987,0.877916666666667,-0.01249999999999879,161
8988,-0.05972222222222079,1.1927777777777777,211
8989,0.06886111111111182,1.438333333333334,211
8990,0.35986111111111196,0.9074166666666678,211
8991,0.4343333333333351,1.4098055555555564,316
8992,-0.18102777777777634,1.1931111111111126,211
8993,-0.04958333333333209,1.2329166666666682,211
8994,0.9991388888888904,-0.17833333333333207,161
8995,0.27638888888889,1.364972222222223,211
8996,0.2082222222222243,1.3856666666666682,316
8997,0.12805555555555637,0.8523611111111121,211
8998,1.376583333333335,-0.015805555555555295,214
8999,0.8863055555555568,-0.1324999999999989,161
9000,0.1530555555555566,1.439583333333335,211
9001,0.16152777777777882,0.8076666666666678,211
9002,0.05750000000000055,1.3584722222222236,211
9003,-0.010555555555553542,1.2363888888888899,211
9004,0.8844444444444453,0.14291666666666814,161
9005,0.8665000000000009,-0.052777777777777035,161
9006,1.0303888888888904,-0.1727777777777767,161
9007,0.07936111111111221,0.9708333333333338,211
9008,0.539944444444447,1.7278055555555571,316
9009,0.3155833333333351,1.319750000000001,211
9010,0.03191666666666759,0.9216666666666672,211
9011,1.0909722222222233,-0.04041666666666577,161
9012,0.9191666666666676,0.22902777777777772,161
9013,0.45525000000000115,1.3059722222222236,211
9014,0.12388888888889149,1.50638888888889,211
9015,0.9266666666666674,-0.062499999999999,161
9016,0.74888888888889,0.10041666666666749,214
9017,0.19558333333333444,1.0526111111111123,211
9018,0.9175000000000009,-0.10169444444444409,161
9019,0.9927777777777786,-0.17999999999999933,161
9020,1.3440277777777796,-0.04124999999999934,214
9021,0.945916666666668,0.21152777777777887,214
9022,1.5625833333333354,0.3376944444444455,214
9023,0.07652777777777875,1.0790277777777786,211
9024,0.9946944444444454,-0.048611111111110716,161
9025,-0.1340555555555546,1.3191666666666684,211
9026,1.2694444444444457,-0.27138888888888796,161
9027,0.616722222222223,-0.19708333333333294,161
9028,4.907083333333336,2.3256944444444496,649
9029,0.099444444444446,0.9813611111111121,211
9030,7.410138888888894,5.913333333333332,1187
9031,0.958333333333334,-0.08388888888888751,161
9032,0.2733055555555569,1.2321944444444455,211
9033,0.27944444444444627,1.2802500000000012,211
9034,0.29136111111111296,1.0652777777777787,211
9035,0.02913888888889027,1.236944444444446,211
9036,0.2765277777777786,0.8461111111111118,211
9037,0.7786111111111116,-0.24013888888888796,161
9038,-0.14841666666666553,1.232972222222223,211
9039,1.2426944444444454,0.1482500000000021,214
9040,0.19827777777777855,1.6637222222222228,211
9041,0.05944444444444619,1.4437500000000014,211
9042,1.1551388888888892,-0.15805555555555428,161
9043,0.9515277777777784,-0.238333333333332,161
9044,1.042888888888889,-0.18069444444444288,161
9045,-0.021138888888887153,1.2002777777777793,211
9046,-0.09094444444444305,1.0480555555555564,211
9047,-0.05433333333333179,1.368944444444445,211
9048,-0.04930555555555427,1.6481944444444458,211
9049,1.5458333333333347,0.03666666666666707,214
9050,-0.0338888888888883,0.9573888888888903,211
9051,1.1897222222222241,0.3947222222222243,214
9052,0.4729444444444455,1.1952777777777788,211
9053,-0.050444444444443404,1.3302500000000013,211
9054,-0.13266666666666582,1.2067222222222236,211
9055,0.8752500000000011,-0.08986111111111011,161
9056,0.3076111111111117,1.430916666666668,316
9057,0.16250000000000164,1.3705555555555569,211
9058,1.374722222222223,0.18875000000000064,214
9059,0.005000000000000893,0.963861111111112,211
9060,0.9630555555555567,0.21986111111111173,214
9061,0.45888888888889123,1.321111111111112,211
9062,1.272000000000002,0.32916666666666783,214
9063,0.5597222222222237,0.8709722222222235,211
9064,3.448444444444454,2.5108055555555584,649
9065,0.3047222222222231,1.3205555555555564,316
9066,0.9869166666666671,0.20013888888888953,161
9067,4.346861111111115,3.4572777777777848,649
9068,3.248249999999999,2.398750000000002,649
9069,0.02638888888889057,1.0186111111111118,211
9070,0.3154166666666678,1.3865555555555562,316
9071,1.0263888888888901,0.13611111111111263,161
9072,-0.12472222222222129,1.5002777777777787,211
9073,2.9594444444444465,1.9296388888888922,554
9074,1.3002777777777792,0.18055555555555602,214
9075,0.3134444444444444,1.3056944444444452,211
9076,-0.051694444444443044,1.2994444444444464,211
9077,1.2776388888888905,0.38180555555555684,214
9078,1.4098611111111135,0.4301388888888904,214
9079,4.824611111111118,2.844833333333339,649
9080,1.0927777777777778,0.047972222222222916,161
9081,1.1282222222222233,0.14113888888888992,214
9082,0.28850000000000087,1.7858333333333367,316
9083,0.2750000000000017,0.8590555555555565,211
9084,0.3205000000000007,1.1941111111111125,316
9085,5.064805555555564,1.3253888888888938,649
9086,0.5347222222222251,1.3741111111111124,316
9087,0.30236111111111286,1.0230555555555567,211
9088,1.2288888888888891,0.029833333333334433,161
9089,4.3488333333333395,2.6396388888888898,652
9090,0.8943055555555564,-0.3183333333333324,161
9091,0.8058333333333338,-0.0844444444444436,161
9092,1.042111111111112,0.22680555555555637,214
9093,0.29891666666666805,1.2061388888888902,211
9094,0.209361111111111,0.9506944444444454,211
9095,-0.24611111111111061,0.9766944444444461,211
9096,0.7594166666666677,-0.1868333333333328,161
9097,0.07444444444444465,1.0137222222222237,211
9098,0.069500000000001,1.264166666666668,211
9099,0.09458333333333446,1.4281111111111136,316
9100,0.20913888888888965,1.228861111111113,211
9101,0.08302777777777948,1.3205277777777793,211
9102,0.8608611111111117,0.1831666666666678,161
9103,0.9841666666666675,0.033888888888889857,161
9104,1.1563888888888902,0.32277777777777894,214
9105,1.0441944444444458,0.12575000000000192,214
9106,0.2984722222222237,1.1055555555555567,211
9107,0.3435555555555575,1.4480555555555568,316
9108,0.9836111111111121,-0.11624999999999963,161
9109,0.9716666666666668,-0.24374999999999925,161
9110,1.0329166666666678,-0.15586111111110984,161
9111,0.09191666666666798,1.4033333333333342,211
9112,1.3476388888888902,0.14013888888888992,214
9113,1.0211111111111124,0.2040277777777788,214
9114,0.9454166666666681,0.1695833333333343,161
9115,3.247000000000002,2.137305555555559,649
9116,1.1306944444444453,0.043611111111112155,214
9117,1.0631944444444452,0.33638888888889085,214
9118,0.3908333333333349,1.2237500000000017,211
9119,8.136972222222228,5.9385833333333355,1184
9120,0.819333333333334,-0.01877777777777656,214
9121,1.1376388888888893,0.2702777777777793,214
9122,0.7949722222222229,0.07288888888888967,161
9123,-0.09144444444444277,0.9946944444444455,211
9124,1.1736111111111116,-0.22402777777777722,161
9125,0.6772777777777783,-0.012083333333332225,161
9126,0.19072222222222412,1.0870555555555559,211
9127,0.4855833333333357,1.2291944444444463,316
9128,0.2428888888888895,0.8761666666666681,211
9129,0.8258055555555558,0.4896111111111118,214
9130,0.8245833333333343,-0.21736111111111062,161
9131,0.3334722222222237,1.150972222222224,211
9132,3.63094444444445,2.9035833333333354,649
9133,0.34608333333333463,0.9740000000000005,211
9134,1.0384722222222225,0.07305555555555604,161
9135,0.4718333333333353,1.3866666666666685,316
9136,0.117611111111113,0.8744444444444449,211
9137,4.587138888888893,2.458333333333334,649
9138,1.251305555555557,0.2191944444444468,214
9139,0.9770000000000013,-0.35680555555555515,161
9140,1.0536111111111124,-0.09069444444444352,161
9141,-0.17486111111111047,0.8453333333333339,211
9142,0.9070833333333341,-0.139166666666666,161
9143,0.9252777777777788,-0.21088888888888796,161
9144,0.09805555555555634,1.28513888888889,211
9145,0.2609722222222238,1.1765277777777796,211
9146,1.0583055555555565,0.17055555555555668,161
9147,0.9637500000000018,0.02263888888889043,161
9148,0.34027777777777957,1.3452222222222239,316
9149,0.25305555555555614,0.8251388888888892,211
9150,0.8591666666666669,-0.26638888888888834,161
9151,0.797083333333334,-0.10930555555555432,214
9152,0.10972222222222316,1.0509722222222226,211
9153,0.2086111111111142,1.5523333333333345,316
9154,-0.06805555555555509,1.300944444444446,211
9155,0.22388888888889014,1.430833333333335,211
9156,1.1163888888888902,-0.0815277777777772,161
9157,1.0950000000000002,0.19888888888889011,214
9158,2.9363055555555606,3.126555555555558,649
9159,-0.0011111111111099525,0.9429166666666685,211
9160,0.8556944444444454,-0.1255555555555547,161
9161,2.9830000000000063,2.5976666666666692,649
9162,0.11830555555555566,0.9049722222222238,211
9163,0.05111111111111277,1.0906944444444457,211
9164,0.37538888888889,1.371805555555556,211
9165,0.39086111111111377,1.2337500000000006,316
9166,1.2565555555555574,0.45325000000000226,214
9167,0.7986944444444453,-0.08072222222222114,161
9168,0.9280277777777781,-0.3384999999999995,161
9169,2.9566666666666697,3.9730277777777827,754
9170,0.9281666666666668,-0.03827777777777591,161
9171,0.06430555555555639,1.0740277777777787,211
9172,0.9545833333333336,0.08805555555555633,161
9173,5.733972222222226,4.345250000000007,1087
9174,-0.10727777777777703,1.2176944444444453,211
9175,1.055833333333334,-0.18638888888888794,161
9176,0.6230555555555561,0.017777777777778503,161
9177,0.5555277777777792,1.1877777777777787,211
9178,0.4063888888888907,1.5746111111111134,316
9179,1.0100000000000007,-0.07652777777777675,161
9180,0.25763888888888964,0.8497222222222235,211
9181,0.16902777777777822,1.0026388888888895,211
9182,-0.04461111111111027,1.3638888888888903,316
9183,0.8338888888888896,-0.038972222222221464,161
9184,0.39600000000000135,1.5729722222222233,316
9185,1.0690277777777788,-0.1534166666666666,161
9186,0.9515277777777782,0.06927777777777966,161
9187,0.8425000000000015,-0.1643055555555547,161
9188,0.7605277777777781,-0.16858333333333259,161
9189,1.1758333333333348,0.19333333333333425,214
9190,0.3056388888888907,1.4380555555555576,316
9191,-0.2646944444444437,0.979416666666667,211
9192,0.9342777777777787,0.14636111111111272,161
9193,0.9829166666666673,0.04513888888888967,161
9194,0.8916388888888894,-0.0040833333333323285,161
9195,1.0429166666666674,-0.04486111111111002,161
9196,0.15250000000000097,1.4583333333333341,211
9197,0.03480555555555653,1.4601388888888902,211
9198,0.8887222222222231,0.14511111111111208,161
9199,0.10638888888889075,0.979305555555556,211
9200,4.487055555555564,4.608583333333341,649
9201,0.14552777777777925,1.342833333333334,211
9202,0.8035833333333342,-0.23513888888888762,161
9203,1.0326388888888904,-0.07416666666666549,161
9204,0.4440277777777789,0.9852777777777784,211
9205,1.0844444444444457,-0.06458333333333188,161
9206,0.9329166666666671,-0.16141666666666554,161
9207,0.09305555555555745,1.0520833333333353,211
9208,0.024138888888890264,1.2081666666666675,211
9209,-0.12222222222222145,1.2613611111111127,211
9210,1.4702777777777782,-0.16819444444444287,214
9211,0.5612500000000017,1.511250000000002,211
9212,0.2971944444444451,1.537472222222224,316
9213,1.1901388888888902,-0.11358333333333215,214
9214,5.799777777777781,6.404555555555559,1188
9215,1.0486111111111123,-0.11766666666666609,161
9216,1.3470000000000009,-0.17327777777777742,214
9217,0.88388888888889,-0.16055555555555506,161
9218,4.669027777777773,7.791944444444452,1185
9219,0.24277777777777854,1.350694444444446,211
9220,0.965250000000001,-0.17155555555555496,161
9221,1.101555555555557,-0.20569444444444385,214
9222,0.08361111111111152,1.4623611111111114,211
9223,1.3344444444444452,0.06266666666666765,214
9224,1.171000000000001,0.49641666666666817,214
9225,1.4955555555555564,0.10083333333333488,214
9226,0.13930555555555724,1.1983333333333355,211
9227,0.17611111111111133,1.2229166666666682,211
9228,5.46777777777778,8.141111111111128,1184
9229,1.078472222222223,-0.11166666666666558,161
9230,0.077277777777779,1.1859722222222238,211
9231,-0.07777777777777706,1.3805555555555562,211
9232,1.0744444444444454,0.17194444444444512,161
9233,0.7640277777777792,0.018055555555556713,161
9234,-0.20963888888888815,1.3285833333333341,211
9235,-0.14063888888888854,1.221000000000001,211
9236,0.8575000000000013,-0.08111111111111041,161
9237,-0.18999999999999861,1.1422222222222238,211
9238,2.728472222222216,1.478361111111115,649
9239,3.61033333333334,1.752305555555557,649
9240,0.8584444444444463,-0.04583333333333284,161
9241,0.1620833333333347,1.0244166666666674,211
9242,0.8213888888888903,-0.34291666666666565,161
9243,-0.002638888888887969,1.2205555555555574,211
9244,0.642222222222223,-0.11522222222222217,161
9245,0.3637777777777794,1.587222222222223,316
9246,0.20194444444444604,1.2494444444444457,211
9247,-0.08938888888888741,0.8050000000000006,211
9248,4.933861111111116,3.2774722222222197,649
9249,2.5533055555555686,0.6462222222222211,649
9250,0.8449722222222232,-0.08805555555555394,161
9251,1.13013888888889,0.1337500000000008,161
9252,-0.10255555555555484,1.045694444444446,211
9253,0.8788888888888895,0.05041666666666761,161
9254,0.091666666666668,1.1248611111111115,211
9255,0.10680555555555649,1.1816944444444455,211
9256,0.9711111111111123,0.022083333333334232,161
9257,0.32194444444444603,1.0666666666666675,211
9258,4.0623611111111115,2.131138888888893,649
9259,0.9742777777777789,-0.14736111111111005,161
9260,0.9361666666666676,0.30297222222222286,214
9261,0.7951666666666675,0.011500000000001065,161
9262,-0.03958333333333186,1.138055555555557,211
9263,0.22386111111111273,1.1423333333333348,211
9264,0.09777777777777918,1.4608333333333348,211
9265,0.334444444444445,1.5188888888888905,211
9266,-0.2368055555555546,1.1797222222222237,211
9267,-0.2477499999999998,1.3775000000000013,211
9268,1.0548611111111117,-0.15697222222222157,161
9269,0.4741666666666673,1.2631944444444454,211
9270,0.8811111111111124,-0.22847222222222136,161
9271,0.3306944444444466,1.405138888888891,211
9272,0.18986111111111192,0.8204444444444453,211
9273,0.5897222222222238,1.517472222222225,211
9274,1.0233055555555564,-0.1515555555555545,161
9275,0.8281666666666674,0.006833333333334468,161
9276,3.345055555555559,2.4955277777777827,649
9277,-0.19680555555555468,1.3261944444444458,211
9278,0.24997222222222304,0.9745833333333348,211
9279,1.0873888888888894,0.5958888888888907,214
9280,1.1823333333333348,0.6104444444444461,214
9281,0.1802777777777792,1.2283333333333337,211
9282,1.0790277777777781,0.29097222222222385,214
9283,0.9575833333333342,-0.2408333333333329,161
9284,1.1293055555555565,0.2369444444444453,214
9285,0.9834722222222224,-0.06969444444444384,161
9286,1.2829166666666676,0.18250000000000022,214
9287,0.9737500000000017,-0.08499999999999891,161
9288,0.9559722222222224,-0.1294722222222211,161
9289,0.06430555555555739,1.7411388888888903,316
9290,1.0077777777777785,0.03125000000000078,161
9291,1.0986111111111128,-0.0755555555555541,161
9292,1.1054166666666674,0.09583333333333471,161
9293,0.8477777777777787,0.08580555555555613,161
9294,0.9625000000000012,-0.12002777777777662,161
9295,0.7581666666666671,-0.007527777777776912,161
9296,-0.27958333333333163,0.8601388888888906,211
9297,0.7995000000000011,0.03427777777777846,161
9298,-0.011666666666665715,1.5166666666666688,211
9299,0.09083333333333365,1.1070555555555572,211
9300,0.9559722222222236,0.26541666666666763,161
9301,1.3360000000000016,0.20227777777777867,214
9302,2.427333333333334,1.7277500000000021,465
9303,-0.26149999999999873,1.3526111111111132,211
9304,3.4362777777777813,2.1958055555555607,649
9305,0.4183333333333349,0.9916666666666684,211
9306,0.9294166666666679,-0.07166666666666494,161
9307,1.1569444444444454,-0.14736111111111078,161
9308,0.4791944444444446,0.2771111111111131,214
9309,0.1341666666666672,1.7122222222222239,316
9310,1.2891944444444463,0.15894444444444544,214
9311,-0.12152777777777668,1.338166666666669,211
9312,0.39433333333333365,1.7317777777777783,316
9313,0.13472222222222285,1.0847222222222226,211
9314,0.5297222222222238,1.1301388888888897,211
9315,0.19208333333333394,0.9888888888888898,211
9316,0.08761111111111175,1.3246944444444462,211
9317,1.0100555555555566,0.1113888888888897,161
9318,-0.07588888888888823,0.5536388888888892,211
9319,1.0478888888888898,0.37755555555555687,214
9320,3.1790000000000047,1.2561666666666684,552
9321,1.0648333333333344,-0.20980555555555458,161
9322,0.9225000000000018,-0.10277777777777758,161
9323,0.15791666666666848,1.1741666666666684,211
9324,0.4570833333333345,1.4975833333333346,316
9325,0.2718055555555572,1.1745833333333344,211
9326,0.9786111111111118,0.11750000000000149,161
9327,1.4987777777777795,0.06905555555555709,214
9328,0.014583333333333837,0.5833888888888896,211
9329,0.4005277777777789,1.4165277777777803,211
9330,1.3365833333333346,0.3236388888888908,214
9331,8.599638888888897,8.70411111111111,1421
9332,1.2646666666666677,0.02380555555555741,214
9333,-0.07680555555555557,1.6593055555555571,211
9334,1.1372222222222232,-0.05694444444444402,161
9335,0.5966666666666681,0.9288888888888904,211
9336,0.8262777777777776,0.15313888888888982,214
9337,1.0287500000000014,-0.19930555555555485,161
9338,0.9731944444444451,-0.007777777777777439,161
9339,1.0900000000000007,-0.38263888888888775,161
9340,0.3393055555555571,1.2384722222222233,211
9341,0.868333333333334,-0.03097222222222129,161
9342,0.926777777777779,-0.12916666666666554,161
9343,1.0098333333333347,0.14736111111111228,161
9344,0.9219444444444456,-0.010999999999998844,161
9345,0.5483333333333338,1.0108888888888896,211
9346,-0.14758333333333218,1.1162222222222233,211
9347,0.3477222222222255,1.553361111111112,316
9348,0.7145833333333342,-0.06513888888888925,161
9349,3.08055555555556,1.829083333333336,552
9350,1.2921111111111123,0.3480277777777787,214
9351,0.6306944444444447,1.3785277777777794,316
9352,1.0266666666666673,0.3730555555555577,214
9353,-0.06980555555555457,1.3145833333333345,211
9354,0.9401944444444452,0.061638888888890186,161
9355,1.3465833333333341,-0.22844444444444356,214
9356,1.224166666666668,-0.21138888888888785,161
9357,-0.2134722222222213,1.4933333333333358,211
9358,-0.004999999999998117,1.5368055555555569,211
9359,0.3884444444444456,1.2933055555555575,316
9360,3.0566666666666684,2.2075000000000022,649
9361,1.1000000000000014,-0.0644444444444433,161
9362,0.16527777777777886,0.7729444444444455,211
9363,0.8938055555555566,0.009138888888889918,161
9364,1.0498333333333347,0.06611111111111145,161
9365,0.34194444444444627,1.4772500000000028,316
9366,0.583722222222224,1.223055555555558,316
9367,0.10486111111111251,1.324861111111113,211
9368,1.0236111111111128,0.11283333333333434,214
9369,-0.09766666666666524,1.3742222222222238,211
9370,1.1236111111111136,0.041527777777778774,161
9371,0.9206666666666683,-0.020972222222222003,161
9372,0.9115277777777788,-0.1956944444444439,161
9373,0.5190277777777789,1.5708333333333337,211
9374,3.437111111111118,2.1988888888888916,649
9375,0.5093055555555572,0.7683055555555557,211
9376,0.0821388888888901,1.108333333333335,211
9377,0.27902777777777965,1.1990277777777778,211
9378,0.24638888888889043,1.3365277777777793,211
9379,0.46475000000000155,1.5295833333333353,316
9380,4.155694444444438,5.676305555555567,912
9381,0.18197222222222398,1.3322222222222244,316
9382,-0.15324999999999922,1.2975000000000014,211
9383,1.1839166666666678,0.42650000000000154,214
9384,1.6162500000000015,-0.039722222222221104,214
9385,0.7912500000000011,-0.11611111111110983,161
9386,0.005250000000001087,0.9615833333333337,211
9387,0.20927777777777967,1.6301111111111124,211
9388,0.44144444444444575,1.6935555555555573,316
9389,1.3188888888888903,0.5087500000000023,214
9390,0.9573611111111122,0.12958333333333494,161
9391,0.14408333333333434,1.1733888888888895,211
9392,0.13933333333333453,1.1948611111111123,211
9393,0.6754166666666669,-0.1624999999999991,161
9394,0.9793055555555568,-0.14013888888888848,161
9395,1.227916666666668,-0.1570833333333327,161
9396,0.9365000000000004,0.06263888888888947,161
9397,0.06825000000000125,0.9456944444444455,211
9398,0.11805555555555591,0.9995833333333343,211
9399,0.24936111111111192,1.0015277777777787,211
9400,0.7971944444444454,-0.31833333333333286,161
9401,0.9467777777777794,-0.14402777777777642,161
9402,0.15722222222222315,0.7772222222222239,211
9403,1.1102777777777795,0.1620555555555569,161
9404,5.164805555555555,6.9257777777777765,1185
9405,0.6338055555555564,1.3790833333333345,316
9406,1.1516666666666673,0.49533333333333496,214
9407,0.9244444444444455,-0.20655555555555433,161
9408,1.035416666666667,0.07386111111111293,161
9409,0.13416666666666754,0.9290000000000008,211
9410,0.9425833333333341,-0.12072222222222162,161
9411,3.614777777777784,2.743972222222225,649
9412,0.1095555555555564,1.1969444444444448,211
9413,-0.017666666666666164,1.4215000000000004,211
9414,-0.06797222222222088,1.0721666666666678,211
9415,0.3884166666666682,1.5763333333333351,316
9416,0.81763888888889,-0.056972222222221536,161
9417,1.0708333333333342,-0.11249999999999899,161
9418,0.010666666666667934,0.6669166666666676,211
9419,0.1247222222222234,1.5187500000000023,316
9420,0.559944444444445,1.3819722222222242,316
9421,0.7870277777777785,0.4318055555555562,214
9422,0.5354166666666689,1.762388888888891,316
9423,0.35555555555555696,1.1105555555555564,211
9424,0.7751388888888914,1.2918055555555572,211
9425,0.16444444444444573,1.1404166666666677,211
9426,1.287111111111111,0.2969166666666676,214
9427,1.108166666666667,-0.24097222222222175,161
9428,0.7735277777777788,-0.06938888888888761,214
9429,0.8898611111111124,-0.17333333333333312,161
9430,0.7901388888888903,-0.05216666666666592,161
9431,0.13358333333333372,1.2378888888888904,211
9432,0.08869444444444519,1.0894444444444453,211
9433,1.203055555555557,0.2800000000000009,214
9434,-0.13791666666666536,1.446527777777779,211
9435,1.1261111111111124,0.03097222222222218,161
9436,1.649444444444446,0.1651388888888906,214
9437,3.032111111111117,1.8835277777777815,649
9438,0.3203888888888903,1.1637222222222237,211
9439,1.0856111111111129,-0.007638888888887363,161
9440,0.1503055555555569,1.5603055555555567,316
9441,0.9904444444444457,-0.15044444444444383,161
9442,0.9550000000000012,-0.06249999999999928,161
9443,0.40111111111111253,0.916194444444446,211
9444,0.4395833333333351,1.5433333333333352,316
9445,1.1412222222222237,-0.15002777777777726,161
9446,1.3197777777777784,-0.2973611111111105,214
9447,0.9586944444444451,0.17141666666666722,214
9448,0.9029166666666676,0.0383333333333335,161
9449,4.107972222222224,2.14591666666667,655
9450,0.7751111111111119,0.4858888888888897,214
9451,1.0076111111111121,0.15658333333333485,214
9452,1.1317222222222239,0.1104722222222233,214
9453,1.2215555555555562,-0.14849999999999952,214
9454,-0.10616666666666585,0.8028055555555577,211
9455,0.831527777777779,-0.056666666666665644,161
9456,0.5808333333333349,1.1593055555555567,211
9457,9.522861111111121,5.190388888888898,1517
9458,0.8254166666666678,0.01694444444444504,161
9459,0.5101388888888901,1.1394444444444456,211
9460,0.9491388888888894,-0.0017777777777768788,161
9461,0.22900000000000142,1.2952777777777793,211
9462,0.4336388888888887,1.2921111111111128,316
9463,1.1297500000000005,0.48352777777777944,214
9464,0.9258333333333342,-0.24930555555555495,161
9465,0.3952777777777784,1.2516666666666674,211
9466,0.3723888888888901,1.3566666666666682,316
9467,0.8565833333333331,0.15638888888889052,161
9468,1.132888888888889,-0.127472222222222,161
9469,-0.05527777777777765,1.071722222222224,211
9470,1.0254166666666682,-0.10538888888888842,214
9471,0.8873055555555562,-0.08152777777777764,161
9472,0.9258333333333337,0.028611111111112197,161
9473,0.9546111111111124,0.16808333333333536,214
9474,0.12080555555555683,1.4125555555555578,211
9475,0.3094444444444454,0.9904166666666674,211
9476,0.8897222222222233,-0.06541666666666607,161
9477,0.8973333333333335,0.11527777777777903,161
9478,0.9120833333333351,-0.23688888888888815,161
9479,0.8325000000000009,-0.25222222222222124,161
9480,3.524333333333335,1.9195277777777815,649
9481,1.1251388888888905,0.4555555555555566,214
9482,1.2858055555555574,0.06150000000000111,214
9483,0.9002777777777785,0.08361111111111208,161
9484,0.4563611111111132,1.7600833333333346,316
9485,0.2600000000000011,1.1120833333333346,211
9486,0.3026944444444457,0.9649722222222227,211
9487,0.9811388888888902,-0.028583333333332073,214
9488,1.1009722222222236,0.06138888888888894,214
9489,1.027250000000001,-0.046916666666665385,214
9490,1.3687222222222246,0.3695555555555571,214
9491,0.3345833333333351,1.4907222222222243,316
9492,2.711055555555574,0.5394444444444422,649
9493,0.4280833333333349,1.4772222222222244,316
9494,0.833194444444445,-0.29944444444444374,161
9495,-0.1613888888888878,1.2965277777777797,211
9496,0.27750000000000274,1.2023611111111117,211
9497,0.8397222222222234,-0.0743055555555544,161
9498,0.8016666666666674,-0.19972222222222125,161
9499,6.158111111111117,7.004111111111118,1189
9500,0.1907222222222238,0.8224722222222232,211
9501,0.9221388888888891,-0.24877777777777726,161
9502,1.1700000000000008,0.34861111111111265,214
9503,0.7231111111111124,0.05750000000000188,161
9504,1.047500000000001,-0.09347222222222196,161
9505,4.762694444444447,1.1250555555555548,649
9506,0.9762500000000007,0.15611111111111153,161
9507,0.2586111111111127,0.7135833333333346,211
9508,-0.08041666666666558,1.5215277777777803,211
9509,0.03625000000000056,1.494972222222223,211
9510,0.2146111111111113,1.6140277777777798,316
9511,0.7082500000000013,-0.1291666666666657,161
9512,0.3287222222222239,1.075611111111112,211
9513,0.12055555555555719,1.2968055555555562,211
9514,0.8086111111111121,-0.15249999999999925,161
9515,0.46691666666666776,1.4991111111111124,316
9516,2.6680555555555587,1.338361111111113,552
9517,1.5259722222222238,0.2054166666666678,214
9518,1.109722222222223,-0.003749999999999143,161
9519,0.23430555555555643,1.373888888888891,211
9520,0.9422500000000005,0.04222222222222305,214
9521,1.0313055555555564,-0.01624999999999921,161
9522,-0.2130833333333334,1.447333333333334,211
9523,0.861250000000001,-0.05888888888888816,161
9524,0.08694444444444538,1.0221388888888896,211
9525,0.8989444444444454,-0.049999999999999045,161
9526,1.1138055555555573,0.13594444444444553,161
9527,0.8638888888888896,0.12569444444444533,161
9528,0.9460833333333344,0.08191666666666764,161
9529,1.304166666666667,0.1654166666666691,214
9530,0.8538055555555563,0.012888888888890282,161
9531,0.28566666666666785,1.2292222222222227,211
9532,0.9254722222222233,-0.07786111111111016,214
9533,5.052916666666672,1.4240833333333347,649
9534,1.0158333333333336,-0.020833333333331594,161
9535,3.7148333333333348,1.9743333333333408,649
9536,0.3547222222222236,0.9093055555555561,211
9537,0.43794444444444647,1.4356666666666686,316
9538,-0.10986111111111019,0.8791666666666675,211
9539,0.24305555555555758,1.2390000000000005,211
9540,8.172750000000015,5.837500000000006,1184
9541,0.9946111111111124,-0.1498611111111105,161
9542,0.10277777777777886,1.149583333333334,211
9543,1.0968055555555563,-0.05613888888888868,161
9544,0.8547777777777792,0.15344444444444527,161
9545,1.1187222222222242,-0.13508333333333244,161
9546,0.807500000000001,0.06625000000000147,161
9547,0.11594444444444474,1.5843333333333345,211
9548,1.0629166666666678,0.06250000000000178,161
9549,1.016250000000001,0.09097222222222401,214
9550,0.3542500000000013,1.4359722222222242,316
9551,0.9354722222222234,-0.3011944444444442,161
9552,1.4634722222222238,0.2483333333333343,214
9553,-0.1387499999999996,0.771111111111112,211
9554,0.01597222222222383,0.9066944444444455,211
9555,1.4469444444444461,0.11111111111111316,214
9556,1.1044444444444452,-0.08416666666666489,161
9557,0.9352777777777783,-0.3097222222222212,161
9558,0.9329166666666684,0.007083333333334441,161
9559,1.341694444444446,-0.09558333333333224,214
9560,0.40427777777777973,1.791972222222224,316
9561,8.476055555555567,7.0027500000000105,1517
9562,1.0261111111111119,-0.04355555555555446,161
9563,0.003888888888889719,1.516666666666669,211
9564,0.4525000000000011,0.9016666666666675,211
9565,1.1444444444444457,0.057638888888889905,214
9566,1.4544444444444458,0.2162500000000006,214
9567,1.0034722222222234,-0.230027777777777,161
9568,0.7880555555555571,0.1116666666666683,161
9569,1.0185833333333352,-0.126916666666665,161
9570,1.0365833333333345,-0.21638888888888846,161
9571,3.1488055555555587,2.1010277777777824,649
9572,0.14791666666666825,1.4441666666666686,211
9573,0.13111111111111218,0.9082222222222234,211
9574,8.271888888888885,4.890583333333346,1160
9575,1.160972222222223,0.28405555555555717,214
9576,1.131805555555557,0.11208333333333409,214
9577,2.5731944444444483,1.197277777777777,649
9578,0.9548611111111118,-0.11083333333333195,161
9579,1.3813333333333337,-0.1611944444444432,214
9580,1.104722222222223,-0.06874999999999859,161
9581,1.3761111111111128,0.49555555555555597,214
9582,-0.02327777777777651,1.5801111111111132,211
9583,3.838500000000002,2.3460555555555604,649
9584,1.2522222222222235,-0.20166666666666583,161
9585,0.2158888888888898,1.268305555555556,211
9586,0.903333333333334,-0.08611111111111036,161
9587,0.195666666666668,1.3698888888888905,211
9588,1.1165277777777787,-0.03458333333333252,161
9589,2.6634444444444463,1.3347500000000043,552
9590,1.549222222222224,0.32927777777777967,214
9591,1.0880555555555567,-0.017527777777776754,161
9592,-0.03430555555555492,1.2931388888888895,211
9593,0.17319444444444643,0.8027222222222223,211
9594,3.6517777777777805,2.0314722222222232,649
9595,1.0669444444444456,-0.37766666666666626,161
9596,0.19763888888889003,1.0571111111111118,211
9597,3.609972222222225,2.371222222222227,651
9598,0.9748611111111123,-0.19569444444444373,161
9599,0.8590000000000013,0.2127777777777785,161
9600,0.8469444444444453,0.2630555555555554,161
9601,1.0923611111111124,-0.061388888888887605,161
9602,0.30888888888889054,1.6359722222222246,316
9603,-0.04124999999999923,1.0665277777777789,211
9604,1.0348333333333344,0.5146111111111126,214
9605,1.1744722222222235,0.25491666666666735,214
9606,0.12205555555555658,0.9874722222222225,211
9607,0.2731944444444464,1.3615277777777781,211
9608,0.6595833333333345,-0.10930555555555493,161
9609,-0.0222222222222207,1.1389722222222236,211
9610,1.3190833333333352,-0.07738888888888806,214
9611,0.8575000000000008,-0.05138888888888765,161
9612,0.05652777777777829,0.8782222222222235,211
9613,0.9968055555555559,0.0312500000000005,161
9614,1.2880555555555566,-0.1731944444444442,214
9615,5.433777777777781,3.300000000000007,649
9616,-0.05291666666666561,0.6726944444444454,211
9617,0.44186111111111237,0.9822777777777787,211
9618,1.0169444444444453,-0.07361111111111074,161
9619,0.18583333333333463,0.8676388888888895,211
9620,0.9708333333333338,0.05027777777777942,161
9621,0.19747222222222394,1.5503055555555565,211
9622,0.9772222222222238,0.01677777777777878,161
9623,0.09888888888888991,1.4009722222222245,211
9624,0.7220833333333343,-0.21930555555555437,161
9625,0.2666388888888903,1.208472222222224,211
9626,0.24236111111111214,1.1110277777777793,211
9627,1.0850000000000009,0.21083333333333432,214
9628,2.401388888888891,1.6830000000000034,470
9629,0.5710555555555561,0.11541666666666817,161
9630,2.94888888888889,1.9704722222222273,649
9631,0.8081944444444458,0.12527777777777882,161
9632,0.855972222222223,-0.03305555555555495,161
9633,1.031805555555557,-0.048055555555554574,161
9634,4.845555555555555,2.949305555555557,649
9635,-0.044583333333332864,1.040277777777779,211
9636,1.1026388888888898,0.05313888888889051,161
9637,0.8729166666666673,0.08416666666666783,161
9638,1.1280555555555571,0.03302777777777893,161
9639,1.0841666666666676,-0.14599999999999957,161
9640,0.1358333333333347,1.2975000000000012,211
9641,0.6020833333333342,-0.024305555555554303,161
9642,0.12972222222222307,1.3644444444444457,211
9643,0.349583333333335,1.7447500000000018,316
9644,0.500027777777779,1.1323611111111118,211
9645,1.0648333333333344,-0.1268333333333327,161
9646,2.9145555555555567,2.9554444444444505,649
9647,0.781111111111112,0.12250000000000083,161
9648,1.1501666666666672,0.10811111111111171,214
9649,4.381277777777781,2.664638888888894,649
9650,0.6551388888888916,1.2406666666666677,211
9651,0.1616666666666679,1.3338888888888905,316
9652,1.067916666666667,-0.1454166666666657,161
9653,0.09166666666666778,1.2415277777777782,211
9654,0.7802777777777778,-0.02527777777777679,161
9655,1.0069166666666678,-0.25166666666666576,161
9656,-0.03391666666666604,1.1653055555555567,211
9657,0.011083333333334777,1.1374722222222233,211
9658,1.1322222222222234,0.14027777777777906,161
9659,1.0858055555555557,-0.059527777777776625,214
9660,0.988611111111112,0.3231111111111118,214
9661,1.6047222222222233,0.0726388888888897,214
9662,0.8608055555555557,0.07513888888888975,161
9663,3.5731388888888898,2.757611111111115,649
9664,0.8205555555555564,0.04541666666666716,161
9665,0.8043055555555563,0.11525000000000118,161
9666,0.3344166666666677,1.1162222222222236,211
9667,0.07472222222222258,1.4583333333333346,211
9668,0.9947222222222232,0.0679166666666679,161
9669,0.8725000000000007,-0.15916666666666562,161
9670,2.2682222222222315,1.379444444444446,649
9671,0.1894444444444463,1.3212500000000018,211
9672,0.26027777777777916,1.225277777777779,211
9673,0.9248611111111118,0.09500000000000175,161
9674,0.966805555555558,1.1679166666666683,211
9675,1.5168611111111123,0.2336666666666679,214
9676,1.1048611111111124,0.16316666666666724,161
9677,0.03638888888889047,1.279305555555557,211
9678,0.8068055555555571,8.881784197001252e-16,161
9679,0.877916666666667,0.1200000000000011,161
9680,0.2590000000000019,1.1408055555555572,211
9681,0.338500000000002,1.3277777777777793,316
9682,0.16944444444444517,1.39263888888889,211
9683,0.7897777777777786,-0.1426111111111108,214
9684,1.0700000000000012,-0.045972222222221415,161
9685,2.9753333333333383,1.2639444444444472,649
9686,1.069361111111113,0.21044444444444488,214
9687,0.9130555555555573,-0.11763888888888807,161
9688,0.3951388888888907,1.112222222222223,211
9689,0.47847222222222374,1.1577777777777787,211
9690,0.14122222222222325,1.0235833333333348,211
9691,1.1501388888888902,-0.19777777777777705,161
9692,0.9349444444444452,0.23430555555555566,214
9693,0.2905555555555568,1.0363888888888892,211
9694,0.13355555555555587,1.0562500000000008,211
9695,0.8703888888888902,0.0401388888888895,161
9696,0.325416666666668,1.220972222222223,211
9697,0.9102500000000009,0.016388888888889896,161
9698,0.9212500000000011,0.08944444444444533,161
9699,-0.06891666666666563,1.0902777777777781,211
9700,1.1091666666666673,0.29569444444444604,214
9701,0.8384444444444454,-0.2859999999999986,161
9702,1.0982777777777788,-0.005555555555554315,214
9703,0.821916666666668,-0.18783333333333263,161
9704,-0.0022222222222220145,1.4245555555555576,211
9705,0.14111111111111274,1.1836111111111123,211
9706,1.0923611111111127,-0.10144444444444345,214
9707,0.24619444444444571,1.3343055555555572,316
9708,0.8837500000000009,-0.13541666666666585,161
9709,2.7821111111111128,1.3538055555555557,649
9710,1.5082500000000019,0.3282500000000008,214
9711,1.1401388888888895,-0.21458333333333302,214
9712,0.6833055555555567,0.4185000000000013,214
9713,0.9677777777777784,0.024861111111112277,161
9714,0.36636111111111247,1.2502500000000007,211
9715,0.2303888888888901,1.0885833333333348,211
9716,0.8904166666666671,-0.06847222222222155,161
9717,0.1253888888888901,1.1426944444444458,211
9718,1.5421388888888914,0.05716666666666781,214
9719,0.3049722222222234,0.8316388888888897,211
9720,0.9420000000000008,-0.1415277777777777,161
9721,0.8633333333333344,-0.16283333333333222,161
9722,0.849305555555556,-0.156527777777777,161
9723,0.08455555555555694,1.282055555555557,211
9724,0.2161944444444457,1.56427777777778,316
9725,0.6218611111111119,-0.05916666666666509,161
9726,3.7625555555555588,2.7733888888888973,649
9727,0.8180555555555564,0.007638888888889694,161
9728,1.3243055555555574,0.024166666666667225,214
9729,0.9098611111111115,-0.10558333333333275,161
9730,1.0644444444444454,0.05305555555555641,214
9731,1.271250000000001,-0.1891666666666656,161
9732,0.2086388888888896,0.7623333333333338,211
9733,0.8261111111111121,0.09875000000000078,161
9734,3.8636666666666666,2.6337500000000063,649
9735,0.9009722222222234,-0.1220833333333331,161
9736,1.172000000000001,-0.09261111111110965,214
9737,0.2658333333333345,1.3369444444444456,211
9738,0.6438611111111114,0.07900000000000096,161
9739,1.4093055555555571,0.09777777777777874,214
9740,1.2795000000000016,-0.09883333333333177,214
9741,0.561222222222223,0.2669444444444458,161
9742,-0.23330555555555454,1.415527777777779,211
9743,1.2279722222222236,0.36869444444444577,214
9744,1.0366666666666668,0.04125000000000134,161
9745,2.4668611111111147,1.719083333333335,466
9746,0.9698611111111117,-0.12291666666666573,161
9747,1.1016666666666677,-0.02374999999999927,214
9748,3.716083333333336,2.3535833333333374,649
9749,-0.08288888888888812,1.6369444444444454,211
9750,0.5445555555555566,0.02394444444444499,161
9751,1.3316666666666683,0.44458333333333455,214
9752,0.04402777777777833,1.2602777777777803,211
9753,1.0040000000000013,-0.20752777777777676,161
9754,1.038194444444446,-0.16666666666666635,161
9755,0.26447222222222333,1.5997500000000024,316
9756,0.8480555555555566,-0.08208333333333262,161
9757,-0.19347222222222127,1.1394444444444451,211
9758,0.8329166666666672,-0.08722222222222192,161
9759,1.040694444444446,0.03263888888888944,161
9760,1.0779722222222226,0.288722222222223,214
9761,0.16166666666666774,1.3115277777777794,211
9762,1.0309722222222226,0.0894444444444456,161
9763,1.0775000000000015,-0.054305555555554996,161
9764,1.157777777777779,-0.008333333333332138,161
9765,1.2435833333333344,0.21988888888889013,214
9766,3.1213611111111144,1.806166666666671,552
9767,0.35636111111111224,1.2595555555555562,211
9768,-0.10444444444444356,1.1819444444444447,211
9769,-0.03888888888888764,1.3423611111111116,211
9770,0.7684444444444448,-0.15947222222222168,161
9771,0.9550000000000016,-0.023749999999998828,161
9772,4.223138888888892,1.0756388888888913,465
9773,0.2427777777777793,1.5636666666666679,316
9774,0.04236111111111185,1.0627500000000007,211
9775,1.2223611111111121,0.2098611111111124,214
9776,3.4500833333333363,1.7940555555555577,649
9777,0.5840277777777796,1.1951111111111121,211
9778,0.24475000000000113,1.759166666666668,316
9779,1.4130833333333355,0.4000277777777793,214
9780,0.9544444444444453,-0.27472222222222076,161
9781,1.10288888888889,-0.01797222222222139,161
9782,3.74541666666667,2.5277500000000064,649
9783,2.0885555555555584,1.34052777777778,465
9784,0.8103333333333345,-0.18755555555555475,161
9785,2.2120833333333363,1.7152777777777797,466
9786,0.9066388888888899,-0.10638888888888776,161
9787,0.11455555555555641,1.496666666666668,316
9788,0.8758055555555564,-0.05238888888888804,161
9789,1.2419722222222231,-0.34441666666666615,214
9790,0.06669444444444594,1.0231666666666683,211
9791,0.9400555555555561,-0.19808333333333217,161
9792,0.3556666666666679,1.4214166666666699,211
9793,1.015666666666668,-0.02861111111110981,161
9794,2.1858055555555573,1.3361666666666694,465
9795,1.244000000000001,0.32863888888889026,214
9796,-0.08249999999999913,1.2162500000000012,211
9797,-0.026499999999998747,1.6068055555555583,316
9798,1.2004166666666678,-0.20458333333333223,214
9799,-0.11652777777777645,1.1817222222222226,211
9800,0.831972222222223,-0.22627777777777658,161
9801,4.997777777777784,5.608055555555561,882
9802,0.27625000000000133,1.2475000000000012,211
9803,0.8695833333333347,0.06152777777777846,161
9804,0.9570555555555571,-0.08216666666666567,161
9805,-0.008749999999998592,1.0255555555555564,211
9806,3.4518333333333375,0.8219444444444467,552
9807,1.0714444444444455,0.011805555555556568,161
9808,0.33930555555555697,1.604583333333335,316
9809,0.580638888888889,-0.25244444444444397,161
9810,3.5034444444444506,3.405722222222227,649
9811,0.11291666666666778,1.0368055555555564,211
9812,0.6941666666666676,-0.036694444444442975,161
9813,0.16844444444444606,1.2973333333333348,211
9814,-0.0724999999999999,1.4520555555555563,211
9815,1.0394166666666682,0.3737777777777799,214
9816,3.9973611111111156,1.471333333333336,552
9817,0.33055555555555705,1.013472222222223,211
9818,0.8201388888888896,-0.36833333333333274,161
9819,-0.0543055555555545,1.1733888888888901,211
9820,-0.030194444444443413,1.4024722222222232,211
9821,-0.03958333333333308,1.293055555555557,211
9822,1.1220833333333349,-0.23138888888888803,161
9823,4.103916666666654,4.413916666666673,906
9824,-0.20694444444444327,0.9113888888888899,211
9825,3.3053333333333392,2.302694444444447,649
9826,0.7916388888888899,-0.04211111111111038,161
9827,1.1379166666666676,0.31222222222222373,214
9828,0.051111111111110996,1.4665555555555572,211
9829,0.9837500000000008,-0.02430555555555519,161
9830,0.6681388888888895,0.1127777777777787,161
9831,0.8259722222222234,0.0408333333333335,161
9832,3.6235555555555594,2.650555555555557,649
9833,-0.01030555555555479,1.0604722222222227,211
9834,4.90841666666667,4.917194444444458,930
9835,0.8137777777777787,0.003500000000002168,214
9836,1.4351388888888903,0.2590277777777783,214
9837,0.8475000000000004,-0.21758333333333263,161
9838,1.1464166666666675,-0.055666666666665865,161
9839,1.005277777777779,-0.031111111111110146,161
9840,1.1366666666666674,-0.11013888888888801,214
9841,-0.10138888888888808,1.2212500000000015,211
9842,0.10036111111111223,1.3255555555555567,211
9843,1.2994444444444462,0.2690277777777794,214
9844,0.03569444444444547,1.1883333333333346,211
9845,0.963611111111112,-0.04808333333333281,161
9846,1.0898888888888902,-0.24294444444444396,161
9847,0.1308333333333338,1.3418055555555568,211
9848,1.1045833333333341,-0.041111111111110876,161
9849,1.161166666666668,0.1306666666666677,161
9850,0.7471111111111114,0.24594444444444574,214
9851,1.0459722222222236,-0.0881944444444428,161
9852,0.15708333333333424,1.1201388888888897,211
9853,1.0463888888888897,0.10930555555555677,161
9854,0.7620833333333347,-0.06944444444444298,161
9855,0.9240277777777791,0.13611111111111224,161
9856,-0.01124999999999865,1.2520833333333345,211
9857,3.6352777777777834,2.20527777777778,649
9858,0.974444444444445,0.021111111111112135,161
9859,0.20583333333333442,1.0326388888888898,211
9860,0.9139444444444457,0.1047777777777783,214
9861,1.1118055555555564,-0.021805555555554024,161
9862,1.459722222222223,0.26305555555555715,214
9863,-0.14330555555555446,1.1330277777777784,211
9864,7.771561172376096e-16,1.0284722222222231,211
9865,0.9326388888888899,-0.2409722222222218,161
9866,-0.17916666666666548,1.5216666666666687,211
9867,1.0448333333333344,-0.15513888888888788,161
9868,0.7812222222222227,1.4664444444444467,316
9869,0.7518055555555563,-0.06388888888888833,161
9870,0.9731944444444454,0.17750000000000088,214
9871,1.0626944444444448,-0.09291666666666543,214
9872,0.1850000000000016,1.0277777777777795,211
9873,0.29213888888888995,0.9496111111111114,211
9874,0.9757222222222226,-0.1523333333333321,214
9875,-0.0014166666666659555,1.4429166666666686,211
9876,0.19986111111111227,0.9634722222222234,211
9877,0.8998333333333338,-0.11655555555555441,214
9878,0.7567777777777787,-0.14877777777777812,161
9879,0.3648333333333338,1.63288888888889,316
9880,1.0699722222222239,-0.1344166666666658,161
9881,-0.010277777777776942,1.335555555555557,211
9882,8.270472222222237,6.046638888888896,1517
9883,0.05797222222222265,1.2170833333333348,211
9884,0.9323333333333346,-0.059722222222221455,161
9885,0.8518055555555563,0.08277777777777917,161
9886,3.7896666666666685,1.8491111111111116,649
9887,0.9654166666666675,0.054861111111111915,161
9888,1.0422500000000006,0.5591944444444472,214
9889,0.9076388888888902,-0.13611111111111074,161
9890,0.36413888888889134,1.3153611111111114,316
9891,1.1704166666666678,-0.048805555555554325,161
9892,0.994361111111113,0.3115833333333351,214
9893,0.29791666666666794,0.8868055555555571,211
9894,0.9602777777777788,0.2131944444444458,214
9895,1.1522222222222238,-0.045277777777776196,214
9896,1.123777777777778,0.01972222222222264,214
9897,0.8402500000000002,0.12261111111111167,161
9898,1.0116388888888905,0.13333333333333397,161
9899,0.32800000000000185,1.5166666666666686,316
9900,0.2060833333333354,1.3991666666666687,316
9901,0.8373611111111124,-0.23055555555555401,161
9902,0.8420833333333346,0.2611111111111122,214
9903,3.5303333333333344,2.6854444444444474,649
9904,-0.08458333333333257,1.0959444444444453,211
9905,0.5666388888888915,1.4336944444444457,316
9906,0.18625000000000114,1.3863611111111118,211
9907,1.0979166666666678,-0.10263888888888828,161
9908,0.18788888888889055,1.179583333333335,211
9909,0.04638888888888959,1.4934722222222236,211
9910,0.9338611111111121,-0.24555555555555447,161
9911,5.977111111111112,7.341277777777786,1186
9912,1.0621944444444456,-0.033333333333333215,161
9913,1.0022222222222232,-0.1881944444444431,161
9914,0.8354166666666678,-0.13436111111111043,161
9915,3.5065833333333347,2.4276388888888896,649
9916,0.865694444444445,-0.21499999999999908,161
9917,0.41797222222222263,0.9440833333333346,211
9918,0.28486111111111234,1.598111111111113,316
9919,-0.2579722222222215,1.0647222222222235,211
9920,3.2076388888888934,2.3728611111111118,649
9921,0.9193055555555567,-0.02474999999999966,161
9922,1.1839166666666672,0.1453888888888898,161
9923,0.7602777777777785,-0.20008333333333228,161
9924,3.1581944444444483,1.9650000000000025,649
9925,0.044027777777778554,1.016805555555557,211
9926,3.654388888888898,4.657277777777784,906
9927,0.3859722222222245,1.2334722222222236,211
9928,0.8508333333333341,-0.05063888888888857,161
9929,0.14611111111111186,1.0340277777777787,211
9930,0.4065000000000021,1.121916666666669,211
9931,0.7740000000000009,0.03363888888888966,161
9932,0.18444444444444585,0.9843611111111132,211
9933,3.239333333333335,2.3854444444444454,649
9934,0.18144444444444552,1.1326944444444456,211
9935,0.8550000000000011,-0.14249999999999913,161
9936,3.7830555555555554,3.5788333333333284,906
9937,0.5741666666666688,1.4192500000000021,316
9938,4.452444444444448,1.7633611111111125,653
9939,0.07372222222222269,1.4,211
9940,0.26319444444444573,1.143583333333335,211
9941,0.25738888888889044,1.2642222222222228,211
9942,1.2649166666666674,0.29502777777777833,214
9943,0.03277777777777835,1.0559722222222245,211
9944,3.1646944444444487,2.2659444444444494,649
9945,0.31347222222222404,1.5311944444444467,316
9946,-0.07736111111111044,0.9608333333333341,211
9947,-0.19002777777777724,1.29613888888889,211
9948,0.07972222222222347,1.10138888888889,211
9949,3.707583333333336,3.3290277777777844,649
9950,1.2580555555555568,-0.005138888888888582,214
9951,0.08647222222222262,1.6345833333333346,211
9952,0.6815000000000009,0.12277777777777898,161
9953,0.13583333333333392,0.9973888888888899,211
9954,0.12722222222222357,1.116305555555556,211
9955,-0.16944444444444373,1.1863888888888896,211
9956,0.19761111111111274,1.0970833333333343,211
9957,1.480416666666668,0.36833333333333407,214
9958,1.1251388888888902,-0.30138888888888843,161
9959,0.7442777777777784,0.036666666666666514,161
9960,0.0760833333333345,1.026361111111112,211
9961,0.897694444444445,0.07519444444444578,214
9962,0.9741666666666675,-0.20222222222222092,161
9963,4.434194444444445,3.4776388888888894,649
9964,1.1628888888888902,0.03802777777777955,161
9965,0.9524722222222234,-0.0950833333333323,161
9966,3.307472222222223,1.5006388888888884,649
9967,1.1081944444444458,0.07066666666666788,161
9968,1.1386388888888903,0.4406111111111124,214
9969,0.22011111111111226,1.5494444444444462,316
9970,3.698583333333331,1.533472222222223,649
9971,0.33333333333333415,1.2706944444444455,211
9972,1.0993611111111115,-0.17961111111111028,161
9973,3.8319166666666735,2.0403333333333373,649
9974,0.7778333333333343,0.13613888888888936,214
9975,0.3269444444444459,0.8592500000000015,211
9976,1.147777777777778,0.25166666666666726,214
9977,1.087638888888891,0.10152777777777933,214
9978,0.7552500000000009,-0.02891666666666537,161
9979,0.6684444444444454,0.20113888888889042,161
9980,0.8585833333333346,0.003722222222223459,161
9981,0.2636111111111128,1.2911111111111127,211
9982,0.2677777777777798,1.052083333333334,211
9983,0.4279166666666683,1.0294444444444453,211
9984,0.12797222222222415,1.1346944444444458,211
9985,1.0229166666666683,-0.16877777777777708,161
9986,1.0450000000000004,-0.044166666666666465,161
9987,0.8494444444444449,0.13358333333333483,161
9988,0.43972222222222357,0.836111111111112,211
9989,0.20291666666666797,1.3518055555555564,211
9990,0.8451388888888893,-0.23819444444444393,161
9991,1.184444444444446,0.28069444444444525,214
9992,0.41266666666667173,1.3041666666666676,316
9993,-0.05249999999999977,1.3318055555555564,211
9994,1.1026388888888896,-0.10472222222222138,161
9995,0.905861111111112,0.2016944444444455,214
9996,0.9895833333333337,-0.18444444444444313,161
9997,0.27475000000000194,1.3179722222222232,316
9998,0.22388888888889014,1.4868055555555577,316
9999,0.8594166666666676,0.011472222222223272,161
10000,0.9309722222222232,-0.05652777777777651,161
