Episodio,Score,Passos
0,0,12
1,0,12
2,1,36
3,0,15
4,0,15
5,0,15
6,1,36
7,2,60
8,0,12
9,0,12
10,0,12
11,0,15
12,0,15
13,5,47
14,1,36
15,0,12
16,1,36
17,0,12
18,0,15
19,2,61
20,2,60
21,0,12
22,0,15
23,1,36
24,2,71
25,1,36
26,1,36
27,0,12
28,0,15
29,0,15
30,1,37
31,5,94
32,1,36
33,0,12
34,0,12
35,0,15
36,0,15
37,0,12
38,1,36
39,1,36
40,0,12
41,0,15
42,0,15
43,2,60
44,0,12
45,0,12
46,0,15
47,0,12
48,0,15
49,0,12
50,1,36
51,0,18
52,0,12
53,0,12
54,0,12
55,1,36
56,0,12
57,0,12
58,0,12
59,0,15
60,0,15
61,0,15
62,0,15
63,0,15
64,1,36
65,0,15
66,0,12
67,0,15
68,0,15
69,0,12
70,1,36
71,0,12
72,0,12
73,1,36
74,1,36
75,1,36
76,0,12
77,1,36
78,2,60
79,0,12
80,1,36
81,1,36
82,0,15
83,0,15
84,5,44
85,1,36
86,0,15
87,0,15
88,0,12
89,0,15
90,0,15
91,0,12
92,1,36
93,1,36
94,0,12
95,0,15
96,0,12
97,0,15
98,1,36
99,0,12
100,1,36
101,1,36
102,1,36
103,1,36
104,0,15
105,0,12
106,0,15
107,0,15
108,1,36
109,0,15
110,0,12
111,1,36
112,23,71
113,0,15
114,1,37
115,1,36
116,0,12
117,0,12
118,0,12
119,0,12
120,0,12
121,0,15
122,0,12
123,0,12
124,0,15
125,0,15
126,0,12
127,0,12
128,0,12
129,0,12
130,1,37
131,0,12
132,0,12
133,0,12
134,0,12
135,0,15
136,0,12
137,2,61
138,0,12
139,1,36
140,1,37
141,0,15
142,0,18
143,1,36
144,1,37
145,0,12
146,0,12
147,0,15
148,0,12
149,1,36
150,1,36
151,0,15
152,0,15
153,1,36
154,1,37
155,0,12
156,0,15
157,0,15
158,0,12
159,0,15
160,0,12
161,0,12
162,0,15
163,0,15
164,0,15
165,1,36
166,0,15
167,0,15
168,0,12
169,0,12
170,0,12
171,2,61
172,0,15
173,1,36
174,0,15
175,0,12
176,2,61
177,0,15
178,1,36
179,0,15
180,0,15
181,1,36
182,0,15
183,0,12
184,1,36
185,0,12
186,0,12
187,1,43
188,0,15
189,1,36
190,0,12
191,0,12
192,0,15
193,1,36
194,0,12
195,0,12
196,0,12
197,1,36
198,0,12
199,0,15
200,1,36
201,0,12
202,0,12
203,0,12
204,1,36
205,0,15
206,0,15
207,0,12
208,0,12
209,0,12
210,0,12
211,1,36
212,1,37
213,0,15
214,1,36
215,0,15
216,0,15
217,0,15
218,2,66
219,1,36
220,1,36
221,0,12
222,0,15
223,1,36
224,1,37
225,1,36
226,0,12
227,0,12
228,0,12
229,0,15
230,4,66
231,0,12
232,0,15
233,1,36
234,0,12
235,0,12
236,2,60
237,0,15
238,0,15
239,0,15
240,0,12
241,2,61
242,0,12
243,0,12
244,1,36
245,1,36
246,0,12
247,0,15
248,0,12
249,0,15
250,0,15
251,1,36
252,1,36
253,0,12
254,0,15
255,0,15
256,1,36
257,0,12
258,0,15
259,1,36
260,0,15
261,0,15
262,0,15
263,0,15
264,0,12
265,0,12
266,0,15
267,0,12
268,2,60
269,0,15
270,0,12
271,0,15
272,0,15
273,1,36
274,0,12
275,0,12
276,1,36
277,0,12
278,1,36
279,0,15
280,1,36
281,0,15
282,0,12
283,1,36
284,0,15
285,1,36
286,0,12
287,1,43
288,0,15
289,0,15
290,2,60
291,0,15
292,0,15
293,0,12
294,0,12
295,0,15
296,0,15
297,1,36
298,0,12
299,1,36
300,0,15
301,0,12
302,1,36
303,1,37
304,1,36
305,1,36
306,2,60
307,1,36
308,2,61
309,0,15
310,0,15
311,0,12
312,1,36
313,0,12
314,1,36
315,1,43
316,1,36
317,0,12
318,0,12
319,0,12
320,1,36
321,0,12
322,1,36
323,2,63
324,0,15
325,0,15
326,0,15
327,1,36
328,0,15
329,0,15
330,30,124
331,0,15
332,0,15
333,0,15
334,0,12
335,0,15
336,0,15
337,0,15
338,2,60
339,0,15
340,1,36
341,0,15
342,0,12
343,0,12
344,2,63
345,0,12
346,0,15
347,1,37
348,0,15
349,0,12
350,1,36
351,1,36
352,1,36
353,0,15
354,0,15
355,0,12
356,1,43
357,1,43
358,0,12
359,0,12
360,0,12
361,0,15
362,0,12
363,0,12
364,0,12
365,0,15
366,1,36
367,0,15
368,3,88
369,1,36
370,0,12
371,0,15
372,0,12
373,0,12
374,0,12
375,0,15
376,1,36
377,1,36
378,1,36
379,0,15
380,0,18
381,0,15
382,0,15
383,1,45
384,0,15
385,0,12
386,0,15
387,0,15
388,0,15
389,1,36
390,1,36
391,3,103
392,0,12
393,0,15
394,1,36
395,0,12
396,1,36
397,1,36
398,0,12
399,0,15
400,0,12
401,1,44
402,0,15
403,0,12
404,0,12
405,0,12
406,1,36
407,0,15
408,0,12
409,0,12
410,0,15
411,0,12
412,2,60
413,0,12
414,0,15
415,2,60
416,2,60
417,0,15
418,0,15
419,1,36
420,0,15
421,0,15
422,0,12
423,0,12
424,0,12
425,0,12
426,2,61
427,0,12
428,3,88
429,1,36
430,0,12
431,0,15
432,0,15
433,0,12
434,0,12
435,0,12
436,0,12
437,0,12
438,0,15
439,0,15
440,0,12
441,0,15
442,0,15
443,1,36
444,0,12
445,0,15
446,2,61
447,0,15
448,1,36
449,0,12
450,0,15
451,1,36
452,0,15
453,1,36
454,0,15
455,1,36
456,2,60
457,0,15
458,1,36
459,1,36
460,1,36
461,1,36
462,0,15
463,0,12
464,0,12
465,5,44
466,0,12
467,1,36
468,0,12
469,1,36
470,0,15
471,0,12
472,1,37
473,0,12
474,0,15
475,1,36
476,1,36
477,0,12
478,0,12
479,0,15
480,0,15
481,1,36
482,0,15
483,0,15
484,1,36
485,2,60
486,0,12
487,0,12
488,0,12
489,0,15
490,1,36
491,0,15
492,0,15
493,1,36
494,1,36
495,0,12
496,0,12
497,1,36
498,1,43
499,1,36
500,1,37
501,0,12
502,0,15
503,0,15
504,0,12
505,0,12
506,0,12
507,0,15
508,0,15
509,0,18
510,0,15
511,0,12
512,0,12
513,0,15
514,0,12
515,0,15
516,1,36
517,1,43
518,0,15
519,0,12
520,0,15
521,0,12
522,0,12
523,0,12
524,0,12
525,0,12
526,0,12
527,0,15
528,0,12
529,1,37
530,0,12
531,1,36
532,0,15
533,0,12
534,0,15
535,0,12
536,0,12
537,0,15
538,0,12
539,0,12
540,0,12
541,0,12
542,0,15
543,0,12
544,0,12
545,1,36
546,1,37
547,0,15
548,1,36
549,0,12
550,1,36
551,0,12
552,0,12
553,1,36
554,0,12
555,0,15
556,0,15
557,0,15
558,1,36
559,2,60
560,2,60
561,1,37
562,1,36
563,0,12
564,1,36
565,1,36
566,0,12
567,0,12
568,0,12
569,0,15
570,0,12
571,0,12
572,0,12
573,0,15
574,0,15
575,0,15
576,0,15
577,1,36
578,0,12
579,0,12
580,1,45
581,0,12
582,0,15
583,0,12
584,0,12
585,1,43
586,0,12
587,32,133
588,1,36
589,0,15
590,1,36
591,0,12
592,1,36
593,1,36
594,0,12
595,0,12
596,0,15
597,0,12
598,0,12
599,1,36
600,1,36
601,0,12
602,1,36
603,2,60
604,0,12
605,0,15
606,0,12
607,0,15
608,1,36
609,0,12
610,2,63
611,2,71
612,1,45
613,0,12
614,0,15
615,0,12
616,1,36
617,1,36
618,0,15
619,0,12
620,1,36
621,0,12
622,0,12
623,2,60
624,1,37
625,0,12
626,0,12
627,1,36
628,0,15
629,0,12
630,2,61
631,0,12
632,1,36
633,1,36
634,0,15
635,0,12
636,2,60
637,1,43
638,0,12
639,0,12
640,1,36
641,1,36
642,0,12
643,1,36
644,1,36
645,5,91
646,1,36
647,0,15
648,0,15
649,1,36
650,0,12
651,0,12
652,0,12
653,0,15
654,0,12
655,0,15
656,0,12
657,0,15
658,0,15
659,0,15
660,0,12
661,0,12
662,1,36
663,0,15
664,0,12
665,5,45
666,0,12
667,0,12
668,5,47
669,0,12
670,0,12
671,1,36
672,1,36
673,0,12
674,1,44
675,0,12
676,0,12
677,0,12
678,0,15
679,0,12
680,0,12
681,0,15
682,0,12
683,3,100
684,0,12
685,0,12
686,5,44
687,0,15
688,0,12
689,0,12
690,0,12
691,1,45
692,5,45
693,0,15
694,0,12
695,6,69
696,1,43
697,0,12
698,1,36
699,0,12
700,0,12
701,0,12
702,1,36
703,0,12
704,0,15
705,1,36
706,0,12
707,0,12
708,0,12
709,0,12
710,1,36
711,0,12
712,1,36
713,0,15
714,0,12
715,0,15
716,0,12
717,5,44
718,0,12
719,0,12
720,0,15
721,1,36
722,0,12
723,0,12
724,0,12
725,1,36
726,24,96
727,0,15
728,0,12
729,0,12
730,0,12
731,1,36
732,6,68
733,0,15
734,0,15
735,0,15
736,0,12
737,1,36
738,0,15
739,0,12
740,0,15
741,0,12
742,0,12
743,0,12
744,0,12
745,0,15
746,0,12
747,0,15
748,1,37
749,1,36
750,0,15
751,0,15
752,1,37
753,0,12
754,1,36
755,1,37
756,0,15
757,0,12
758,0,12
759,1,36
760,1,36
761,23,71
762,0,12
763,5,45
764,0,15
765,0,12
766,0,12
767,2,61
768,0,18
769,0,12
770,0,15
771,2,66
772,0,12
773,0,15
774,0,12
775,0,12
776,0,12
777,0,15
778,0,15
779,0,15
780,1,36
781,0,12
782,0,15
783,0,12
784,0,15
785,0,15
786,0,12
787,1,36
788,1,36
789,0,12
790,0,15
791,0,12
792,1,36
793,1,36
794,0,15
795,1,36
796,0,12
797,1,36
798,0,12
799,0,12
800,0,12
801,0,18
802,0,12
803,0,12
804,1,36
805,0,15
806,0,15
807,0,12
808,0,12
809,1,36
810,1,36
811,1,44
812,5,44
813,0,12
814,0,15
815,5,47
816,0,15
817,0,12
818,0,12
819,0,12
820,1,36
821,0,15
822,0,15
823,0,15
824,0,12
825,0,15
826,0,12
827,1,36
828,0,12
829,0,15
830,1,36
831,0,12
832,0,15
833,0,15
834,0,15
835,0,15
836,0,12
837,0,12
838,0,12
839,0,12
840,0,12
841,0,12
842,0,12
843,0,12
844,0,18
845,1,36
846,0,12
847,1,36
848,0,12
849,0,12
850,0,15
851,0,12
852,1,37
853,1,36
854,0,15
855,5,45
856,1,36
857,0,12
858,0,12
859,0,15
860,0,12
861,5,45
862,0,12
863,1,44
864,0,12
865,1,36
866,0,12
867,0,12
868,0,12
869,0,12
870,0,12
871,0,12
872,1,36
873,0,15
874,1,36
875,0,12
876,1,36
877,0,12
878,0,12
879,1,36
880,0,15
881,1,43
882,1,36
883,0,15
884,1,36
885,0,12
886,0,12
887,0,12
888,0,18
889,0,12
890,0,12
891,0,15
892,0,15
893,0,12
894,1,36
895,1,36
896,0,12
897,0,12
898,0,12
899,0,12
900,0,12
901,1,36
902,0,15
903,0,15
904,0,12
905,0,12
906,0,12
907,0,15
908,1,36
909,1,37
910,1,36
911,1,37
912,0,12
913,0,12
914,0,12
915,0,12
916,1,43
917,0,15
918,0,12
919,0,15
920,0,12
921,0,12
922,0,12
923,2,60
924,0,15
925,0,12
926,0,12
927,0,12
928,0,12
929,0,12
930,0,12
931,0,12
932,1,53
933,1,36
934,0,15
935,0,12
936,0,12
937,0,12
938,0,12
939,0,15
940,2,60
941,0,18
942,0,12
943,1,43
944,0,12
945,0,15
946,0,15
947,0,12
948,0,15
949,0,12
950,0,15
951,5,45
952,1,37
953,0,12
954,0,15
955,0,12
956,0,15
957,1,36
958,0,12
959,0,15
960,1,36
961,0,15
962,0,15
963,0,12
964,1,37
965,0,12
966,2,74
967,0,12
968,0,12
969,2,71
970,0,12
971,1,36
972,0,12
973,1,36
974,0,18
975,0,15
976,0,12
977,0,12
978,1,36
979,0,12
980,0,15
981,0,12
982,0,12
983,0,15
984,0,12
985,0,12
986,0,15
987,0,12
988,0,12
989,0,18
990,0,12
991,0,15
992,0,15
993,1,36
994,1,37
995,2,60
996,0,12
997,0,12
998,2,63
999,0,12
1000,0,15
1001,0,15
1002,0,12
1003,1,36
1004,1,36
1005,2,61
1006,0,12
1007,1,36
1008,0,12
1009,0,15
1010,0,12
1011,0,15
1012,0,15
1013,0,15
1014,1,36
1015,5,44
1016,0,12
1017,0,12
1018,2,60
1019,1,36
1020,0,12
1021,0,15
1022,0,12
1023,0,12
1024,0,12
1025,0,12
1026,2,60
1027,0,12
1028,0,12
1029,0,15
1030,2,71
1031,1,36
1032,0,12
1033,0,12
1034,1,43
1035,2,60
1036,1,36
1037,1,36
1038,1,37
1039,0,12
1040,0,12
1041,1,36
1042,0,12
1043,0,12
1044,1,36
1045,1,36
1046,1,43
1047,0,15
1048,0,12
1049,0,12
1050,0,15
1051,0,12
1052,0,12
1053,0,12
1054,0,15
1055,1,36
1056,1,36
1057,1,36
1058,0,12
1059,0,12
1060,0,12
1061,2,60
1062,0,12
1063,0,15
1064,0,15
1065,0,12
1066,0,12
1067,1,37
1068,0,15
1069,0,12
1070,0,12
1071,1,36
1072,0,12
1073,0,12
1074,1,36
1075,1,36
1076,1,36
1077,0,15
1078,1,36
1079,0,15
1080,0,12
1081,0,12
1082,0,15
1083,0,12
1084,0,15
1085,0,15
1086,0,15
1087,0,15
1088,0,15
1089,1,37
1090,0,12
1091,1,36
1092,2,66
1093,0,12
1094,0,12
1095,1,36
1096,0,15
1097,0,12
1098,1,36
1099,0,12
1100,1,36
1101,1,36
1102,0,12
1103,2,60
1104,1,36
1105,1,36
1106,0,12
1107,29,192
1108,1,36
1109,0,12
1110,1,37
1111,0,12
1112,0,15
1113,0,15
1114,1,36
1115,0,12
1116,0,12
1117,0,18
1118,0,12
1119,0,15
1120,0,12
1121,6,69
1122,0,15
1123,0,12
1124,0,15
1125,0,15
1126,0,12
1127,0,12
1128,1,36
1129,0,15
1130,0,15
1131,0,15
1132,0,15
1133,0,15
1134,2,61
1135,0,12
1136,1,36
1137,0,15
1138,0,15
1139,0,15
1140,1,36
1141,0,15
1142,0,12
1143,0,12
1144,0,15
1145,0,18
1146,1,36
1147,1,36
1148,0,15
1149,1,36
1150,0,12
1151,0,12
1152,0,12
1153,0,12
1154,0,12
1155,0,12
1156,0,15
1157,0,15
1158,0,15
1159,1,36
1160,0,12
1161,0,12
1162,0,15
1163,0,12
1164,0,15
1165,2,71
1166,0,18
1167,0,15
1168,0,12
1169,0,12
1170,0,15
1171,2,61
1172,0,12
1173,1,36
1174,5,45
1175,1,36
1176,0,15
1177,0,15
1178,0,12
1179,1,36
1180,1,36
1181,0,12
1182,0,15
1183,0,15
1184,1,36
1185,0,12
1186,0,12
1187,0,12
1188,1,36
1189,1,36
1190,1,36
1191,0,12
1192,0,12
1193,0,18
1194,0,15
1195,0,15
1196,0,15
1197,1,36
1198,0,15
1199,0,12
1200,0,12
1201,0,12
1202,0,15
1203,0,12
1204,0,15
1205,0,12
1206,1,36
1207,0,12
1208,0,12
1209,0,12
1210,2,61
1211,0,12
1212,1,36
1213,0,15
1214,0,12
1215,0,12
1216,0,15
1217,0,12
1218,0,15
1219,0,12
1220,0,12
1221,0,15
1222,0,12
1223,0,12
1224,1,36
1225,0,12
1226,0,15
1227,0,12
1228,0,12
1229,0,12
1230,0,12
1231,0,15
1232,1,36
1233,1,36
1234,0,12
1235,0,12
1236,0,12
1237,1,36
1238,0,12
1239,0,15
1240,0,12
1241,0,15
1242,1,36
1243,0,15
1244,1,36
1245,1,36
1246,0,15
1247,1,36
1248,1,43
1249,0,15
1250,0,12
1251,0,12
1252,0,15
1253,0,12
1254,1,36
1255,0,12
1256,2,60
1257,1,36
1258,1,36
1259,0,12
1260,0,12
1261,0,15
1262,0,12
1263,4,66
1264,1,36
1265,1,36
1266,2,61
1267,4,66
1268,1,36
1269,1,36
1270,0,15
1271,0,12
1272,0,12
1273,0,12
1274,0,12
1275,0,15
1276,0,12
1277,0,12
1278,0,15
1279,0,15
1280,1,36
1281,2,60
1282,0,12
1283,0,15
1284,0,15
1285,0,12
1286,0,15
1287,0,15
1288,0,15
1289,0,12
1290,0,12
1291,0,12
1292,0,12
1293,0,15
1294,1,36
1295,0,15
1296,0,15
1297,0,12
1298,1,36
1299,0,12
1300,0,12
1301,1,36
1302,0,15
1303,1,36
1304,0,15
1305,0,12
1306,1,36
1307,1,43
1308,0,12
1309,0,15
1310,0,12
1311,0,12
1312,0,12
1313,0,12
1314,0,15
1315,0,12
1316,0,12
1317,0,12
1318,1,36
1319,0,12
1320,0,12
1321,0,12
1322,0,12
1323,0,12
1324,0,15
1325,0,15
1326,0,15
1327,0,12
1328,0,15
1329,1,36
1330,0,15
1331,1,36
1332,0,15
1333,0,12
1334,0,15
1335,0,12
1336,0,15
1337,0,12
1338,0,15
1339,1,36
1340,0,12
1341,0,12
1342,0,12
1343,0,12
1344,0,15
1345,0,12
1346,0,12
1347,0,12
1348,0,12
1349,0,12
1350,0,12
1351,0,15
1352,0,15
1353,0,12
1354,5,90
1355,0,12
1356,0,12
1357,0,15
1358,2,60
1359,0,12
1360,2,60
1361,0,12
1362,0,15
1363,0,15
1364,0,15
1365,0,12
1366,1,36
1367,0,12
1368,0,12
1369,0,12
1370,0,12
1371,0,12
1372,0,12
1373,1,36
1374,1,36
1375,0,15
1376,1,36
1377,1,36
1378,0,12
1379,0,12
1380,0,12
1381,0,12
1382,2,61
1383,0,15
1384,1,36
1385,0,12
1386,0,15
1387,0,15
1388,1,36
1389,0,12
1390,5,89
1391,0,15
1392,0,12
1393,1,36
1394,0,12
1395,0,15
1396,1,36
1397,1,37
1398,2,60
1399,0,12
1400,0,15
1401,1,36
1402,1,37
1403,0,12
1404,0,12
1405,1,36
1406,1,36
1407,0,12
1408,0,12
1409,1,36
1410,1,45
1411,2,60
1412,0,15
1413,0,12
1414,0,15
1415,0,12
1416,1,36
1417,1,36
1418,1,36
1419,2,61
1420,0,15
1421,0,12
1422,0,12
1423,0,12
1424,0,15
1425,0,15
1426,0,12
1427,1,43
1428,0,12
1429,0,12
1430,1,36
1431,0,12
1432,0,15
1433,0,15
1434,0,12
1435,1,36
1436,0,12
1437,0,12
1438,0,12
1439,0,12
1440,1,36
1441,0,15
1442,1,36
1443,1,36
1444,1,36
1445,0,15
1446,0,12
1447,0,15
1448,0,12
1449,0,15
1450,0,15
1451,0,15
1452,0,15
1453,0,15
1454,0,12
1455,0,12
1456,0,15
1457,0,12
1458,0,12
1459,2,60
1460,0,18
1461,0,12
1462,0,12
1463,1,36
1464,1,36
1465,0,15
1466,0,15
1467,1,36
1468,1,36
1469,1,36
1470,0,12
1471,0,15
1472,1,37
1473,0,12
1474,0,15
1475,0,15
1476,1,36
1477,1,36
1478,0,12
1479,1,36
1480,5,45
1481,0,15
1482,0,12
1483,1,36
1484,1,36
1485,0,15
1486,0,15
1487,0,12
1488,0,12
1489,1,37
1490,1,36
1491,1,36
1492,1,36
1493,0,15
1494,0,12
1495,0,15
1496,0,12
1497,0,12
1498,0,15
1499,0,15
1500,0,12
1501,1,43
1502,0,12
1503,0,15
1504,1,36
1505,0,12
1506,0,15
1507,0,12
1508,0,18
1509,1,36
1510,1,45
1511,0,12
1512,1,36
1513,0,15
1514,1,45
1515,0,15
1516,0,15
1517,0,12
1518,2,61
1519,1,36
1520,0,12
1521,1,36
1522,2,60
1523,0,12
1524,0,15
1525,0,12
1526,1,36
1527,1,36
1528,0,12
1529,0,12
1530,1,36
1531,0,15
1532,0,15
1533,0,15
1534,1,36
1535,0,15
1536,2,71
1537,0,12
1538,0,18
1539,0,15
1540,1,36
1541,0,15
1542,0,12
1543,1,36
1544,0,15
1545,1,36
1546,0,12
1547,2,73
1548,1,43
1549,0,12
1550,0,12
1551,1,43
1552,1,36
1553,1,36
1554,1,36
1555,3,87
1556,1,36
1557,1,36
1558,0,12
1559,0,12
1560,0,12
1561,0,12
1562,1,36
1563,1,36
1564,0,15
1565,0,12
1566,1,36
1567,0,12
1568,1,43
1569,1,36
1570,0,12
1571,0,15
1572,0,15
1573,2,61
1574,1,36
1575,0,15
1576,0,15
1577,0,12
1578,1,36
1579,0,15
1580,5,45
1581,0,15
1582,1,36
1583,0,12
1584,1,36
1585,0,12
1586,1,45
1587,2,60
1588,0,15
1589,1,36
1590,1,36
1591,0,18
1592,0,12
1593,0,12
1594,0,12
1595,0,15
1596,0,12
1597,0,12
1598,0,12
1599,0,15
1600,0,15
1601,0,12
1602,0,15
1603,1,37
1604,0,12
1605,0,12
1606,0,15
1607,0,15
1608,1,36
1609,0,12
1610,0,15
1611,1,36
1612,0,12
1613,1,36
1614,0,12
1615,0,12
1616,0,12
1617,2,60
1618,1,36
1619,0,12
1620,0,12
1621,0,15
1622,0,15
1623,1,36
1624,0,15
1625,1,36
1626,1,43
1627,0,12
1628,0,15
1629,0,12
1630,1,36
1631,0,12
1632,0,12
1633,1,36
1634,2,63
1635,0,15
1636,0,15
1637,2,71
1638,0,12
1639,0,15
1640,0,12
1641,0,12
1642,0,15
1643,1,36
1644,0,12
1645,0,12
1646,1,45
1647,0,12
1648,0,15
1649,0,12
1650,0,12
1651,1,36
1652,1,36
1653,0,12
1654,0,12
1655,0,12
1656,0,12
1657,0,12
1658,0,12
1659,0,12
1660,0,15
1661,1,45
1662,0,12
1663,0,15
1664,0,15
1665,1,36
1666,1,36
1667,0,15
1668,0,15
1669,0,15
1670,0,12
1671,0,12
1672,0,12
1673,0,15
1674,0,15
1675,0,15
1676,1,36
1677,1,36
1678,0,15
1679,0,15
1680,0,15
1681,1,36
1682,7,96
1683,2,64
1684,0,12
1685,1,36
1686,0,15
1687,1,36
1688,0,12
1689,0,15
1690,0,12
1691,0,12
1692,0,12
1693,0,12
1694,1,36
1695,0,12
1696,0,15
1697,0,12
1698,1,36
1699,0,12
1700,0,15
1701,0,12
1702,24,163
1703,0,15
1704,0,15
1705,1,36
1706,0,12
1707,0,12
1708,0,15
1709,0,15
1710,0,15
1711,2,61
1712,0,15
1713,0,15
1714,0,12
1715,0,12
1716,0,12
1717,1,43
1718,0,12
1719,1,37
1720,0,12
1721,0,12
1722,0,12
1723,0,15
1724,1,36
1725,0,12
1726,0,15
1727,0,15
1728,0,12
1729,0,12
1730,0,12
1731,1,36
1732,0,15
1733,1,36
1734,0,12
1735,1,37
1736,0,12
1737,1,36
1738,0,15
1739,1,43
1740,0,15
1741,0,15
1742,0,12
1743,0,12
1744,0,12
1745,0,15
1746,3,88
1747,0,12
1748,1,36
1749,0,12
1750,1,36
1751,0,12
1752,0,12
1753,0,15
1754,0,12
1755,0,12
1756,1,37
1757,0,12
1758,0,15
1759,0,12
1760,0,15
1761,0,12
1762,0,15
1763,1,36
1764,0,12
1765,5,44
1766,1,53
1767,0,12
1768,0,15
1769,1,36
1770,0,15
1771,0,15
1772,0,15
1773,1,36
1774,0,12
1775,0,15
1776,1,36
1777,0,12
1778,1,36
1779,0,15
1780,1,36
1781,0,12
1782,0,15
1783,0,15
1784,0,12
1785,0,12
1786,1,36
1787,0,12
1788,0,15
1789,0,15
1790,0,12
1791,0,15
1792,1,36
1793,1,36
1794,0,15
1795,0,15
1796,1,36
1797,0,15
1798,0,12
1799,1,36
1800,0,15
1801,2,60
1802,0,12
1803,0,15
1804,2,61
1805,0,15
1806,0,15
1807,0,12
1808,0,12
1809,0,15
1810,1,36
1811,1,36
1812,0,15
1813,1,36
1814,0,12
1815,1,53
1816,0,12
1817,1,36
1818,0,15
1819,0,15
1820,0,15
1821,0,15
1822,0,12
1823,0,15
1824,0,12
1825,1,43
1826,0,15
1827,0,12
1828,0,12
1829,0,15
1830,0,12
1831,0,12
1832,0,12
1833,0,12
1834,1,43
1835,0,18
1836,0,12
1837,0,15
1838,0,12
1839,0,12
1840,0,12
1841,1,36
1842,0,12
1843,0,15
1844,1,36
1845,1,36
1846,0,12
1847,0,12
1848,1,36
1849,0,15
1850,0,12
1851,0,15
1852,0,15
1853,1,36
1854,5,44
1855,0,15
1856,0,12
1857,0,12
1858,0,12
1859,0,12
1860,0,12
1861,1,37
1862,3,86
1863,1,43
1864,0,15
1865,0,12
1866,2,71
1867,0,12
1868,0,15
1869,0,12
1870,0,12
1871,0,12
1872,1,43
1873,1,36
1874,0,12
1875,0,12
1876,0,15
1877,0,15
1878,1,36
1879,0,12
1880,0,15
1881,0,15
1882,0,12
1883,0,15
1884,1,37
1885,1,36
1886,0,12
1887,0,15
1888,0,15
1889,1,37
1890,0,12
1891,1,36
1892,0,15
1893,0,15
1894,0,12
1895,0,12
1896,0,12
1897,3,89
1898,1,37
1899,0,12
1900,0,12
1901,0,15
1902,0,15
1903,1,36
1904,0,12
1905,0,12
1906,1,36
1907,0,12
1908,0,12
1909,0,12
1910,0,12
1911,0,12
1912,1,36
1913,0,12
1914,0,12
1915,0,12
1916,1,36
1917,1,43
1918,0,15
1919,0,15
1920,1,36
1921,2,61
1922,1,37
1923,0,15
1924,0,15
1925,0,18
1926,0,12
1927,0,12
1928,0,12
1929,0,12
1930,1,36
1931,6,68
1932,0,12
1933,0,15
1934,0,15
1935,1,36
1936,0,12
1937,0,15
1938,0,12
1939,0,12
1940,0,12
1941,0,12
1942,0,12
1943,1,36
1944,0,15
1945,0,12
1946,0,12
1947,0,15
1948,0,15
1949,2,63
1950,1,36
1951,0,12
1952,0,12
1953,1,36
1954,0,12
1955,0,12
1956,1,36
1957,1,36
1958,0,12
1959,0,12
1960,0,15
1961,1,36
1962,0,12
1963,1,37
1964,1,37
1965,0,12
1966,0,15
1967,1,43
1968,0,12
1969,1,36
1970,2,60
1971,1,36
1972,1,37
1973,0,12
1974,0,12
1975,0,12
1976,1,36
1977,0,15
1978,1,36
1979,0,12
1980,0,15
1981,0,15
1982,0,12
1983,0,12
1984,0,15
1985,0,12
1986,0,12
1987,5,47
1988,1,43
1989,0,12
1990,0,15
1991,0,12
1992,0,15
1993,1,36
1994,0,15
1995,0,15
1996,0,12
1997,0,12
1998,0,15
1999,0,12
2000,0,12
2001,31,134
2002,0,12
2003,0,12
2004,0,15
2005,0,15
2006,0,12
2007,1,36
2008,0,15
2009,1,37
2010,2,71
2011,1,37
2012,1,37
2013,1,37
2014,0,12
2015,0,12
2016,0,12
2017,0,12
2018,0,15
2019,0,12
2020,0,12
2021,0,15
2022,0,12
2023,2,71
2024,0,12
2025,0,12
2026,0,12
2027,0,12
2028,1,36
2029,0,12
2030,1,36
2031,0,15
2032,0,15
2033,0,12
2034,0,12
2035,3,103
2036,0,15
2037,0,15
2038,1,36
2039,0,12
2040,1,36
2041,0,15
2042,0,12
2043,1,36
2044,0,12
2045,0,12
2046,0,18
2047,0,15
2048,2,71
2049,1,36
2050,0,15
2051,1,37
2052,0,15
2053,0,12
2054,0,12
2055,0,15
2056,0,12
2057,1,36
2058,23,71
2059,1,36
2060,0,15
2061,0,12
2062,0,15
2063,0,18
2064,0,12
2065,0,15
2066,0,12
2067,0,12
2068,0,15
2069,2,71
2070,0,18
2071,23,71
2072,0,12
2073,0,12
2074,1,36
2075,1,37
2076,0,12
2077,0,12
2078,2,61
2079,0,12
2080,1,36
2081,0,15
2082,0,12
2083,0,15
2084,0,12
2085,0,15
2086,2,61
2087,0,12
2088,0,12
2089,5,103
2090,0,12
2091,1,36
2092,0,15
2093,1,43
2094,0,15
2095,0,12
2096,0,12
2097,0,12
2098,0,12
2099,1,43
2100,0,12
2101,0,15
2102,0,15
2103,0,12
2104,0,15
2105,1,43
2106,0,15
2107,0,15
2108,0,15
2109,0,12
2110,0,15
2111,0,15
2112,0,15
2113,1,36
2114,0,15
2115,0,15
2116,0,12
2117,2,60
2118,0,15
2119,0,15
2120,1,36
2121,0,12
2122,0,12
2123,1,37
2124,1,36
2125,5,44
2126,0,12
2127,1,45
2128,0,12
2129,0,15
2130,0,12
2131,0,12
2132,0,12
2133,2,60
2134,0,12
2135,0,12
2136,0,12
2137,0,15
2138,1,36
2139,0,12
2140,0,12
2141,0,12
2142,0,15
2143,1,36
2144,0,12
2145,1,36
2146,0,15
2147,0,15
2148,0,15
2149,0,12
2150,0,12
2151,0,12
2152,0,12
2153,0,12
2154,0,12
2155,0,12
2156,0,12
2157,1,36
2158,2,60
2159,0,15
2160,0,15
2161,0,12
2162,1,36
2163,1,36
2164,0,15
2165,1,36
2166,0,12
2167,1,36
2168,1,43
2169,0,15
2170,0,15
2171,0,15
2172,1,37
2173,0,15
2174,0,15
2175,0,12
2176,0,15
2177,0,12
2178,0,12
2179,4,67
2180,1,36
2181,1,36
2182,0,15
2183,0,12
2184,1,36
2185,1,36
2186,1,43
2187,0,12
2188,1,43
2189,0,15
2190,0,12
2191,0,15
2192,0,12
2193,1,36
2194,1,36
2195,0,12
2196,0,12
2197,0,15
2198,1,36
2199,0,12
2200,0,12
2201,0,12
2202,1,36
2203,0,12
2204,0,15
2205,1,36
2206,1,36
2207,1,36
2208,0,12
2209,0,12
2210,1,37
2211,0,12
2212,1,36
2213,0,15
2214,0,12
2215,0,12
2216,2,63
2217,0,12
2218,0,12
2219,0,15
2220,0,12
2221,1,43
2222,0,15
2223,0,12
2224,0,12
2225,29,257
2226,0,15
2227,0,12
2228,1,36
2229,1,36
2230,0,12
2231,0,15
2232,5,47
2233,0,12
2234,0,15
2235,1,36
2236,1,36
2237,0,15
2238,0,12
2239,0,12
2240,0,12
2241,0,12
2242,0,12
2243,0,12
2244,0,12
2245,0,12
2246,5,45
2247,0,12
2248,2,60
2249,0,15
2250,1,36
2251,1,36
2252,1,36
2253,3,87
2254,0,12
2255,0,12
2256,0,12
2257,0,12
2258,0,15
2259,0,12
2260,1,36
2261,0,15
2262,0,12
2263,0,12
2264,1,43
2265,0,12
2266,0,12
2267,0,15
2268,0,15
2269,1,36
2270,0,15
2271,0,18
2272,0,12
2273,0,12
2274,0,15
2275,0,12
2276,1,36
2277,2,71
2278,0,12
2279,1,36
2280,1,37
2281,1,37
2282,0,15
2283,0,12
2284,1,36
2285,1,36
2286,0,12
2287,1,36
2288,0,12
2289,2,60
2290,0,12
2291,0,15
2292,0,15
2293,1,43
2294,0,15
2295,0,15
2296,0,12
2297,0,15
2298,0,12
2299,0,15
2300,5,44
2301,1,37
2302,2,60
2303,0,15
2304,1,36
2305,0,12
2306,0,12
2307,2,60
2308,0,12
2309,1,36
2310,0,15
2311,1,36
2312,1,36
2313,0,12
2314,0,12
2315,1,37
2316,0,12
2317,0,12
2318,0,12
2319,0,12
2320,0,12
2321,1,36
2322,0,12
2323,0,12
2324,0,15
2325,1,43
2326,0,15
2327,1,36
2328,0,12
2329,0,12
2330,0,12
2331,0,12
2332,4,66
2333,0,12
2334,1,36
2335,2,60
2336,0,15
2337,1,36
2338,0,12
2339,1,36
2340,0,12
2341,1,36
2342,0,12
2343,1,36
2344,0,12
2345,1,36
2346,2,60
2347,1,36
2348,1,36
2349,0,15
2350,0,12
2351,0,12
2352,2,60
2353,0,12
2354,0,12
2355,0,12
2356,0,12
2357,1,43
2358,0,12
2359,3,84
2360,0,15
2361,2,60
2362,1,36
2363,1,36
2364,0,12
2365,1,36
2366,1,36
2367,1,36
2368,0,12
2369,1,36
2370,0,12
2371,33,170
2372,0,12
2373,0,12
2374,0,12
2375,1,36
2376,0,12
2377,0,12
2378,0,12
2379,2,60
2380,5,44
2381,1,36
2382,1,36
2383,1,36
2384,0,15
2385,0,12
2386,2,60
2387,1,45
2388,0,15
2389,0,12
2390,0,12
2391,0,15
2392,0,12
2393,0,12
2394,0,15
2395,0,15
2396,0,12
2397,1,36
2398,1,36
2399,0,12
2400,0,12
2401,1,45
2402,0,15
2403,0,12
2404,1,36
2405,1,36
2406,0,15
2407,0,12
2408,5,96
2409,0,12
2410,0,12
2411,0,12
2412,1,36
2413,1,36
2414,1,36
2415,0,12
2416,0,12
2417,0,15
2418,0,15
2419,2,61
2420,0,12
2421,0,12
2422,2,64
2423,0,12
2424,1,36
2425,1,36
2426,0,12
2427,2,61
2428,0,12
2429,1,36
2430,0,15
2431,1,43
2432,1,36
2433,35,179
2434,0,12
2435,1,36
2436,0,12
2437,0,12
2438,0,15
2439,0,12
2440,0,15
2441,0,12
2442,1,36
2443,1,36
2444,1,36
2445,0,15
2446,0,12
2447,1,36
2448,0,12
2449,0,12
2450,0,15
2451,29,130
2452,0,12
2453,1,36
2454,3,88
2455,1,36
2456,0,15
2457,1,36
2458,0,15
2459,0,12
2460,0,18
2461,2,60
2462,0,12
2463,1,36
2464,0,12
2465,1,36
2466,0,15
2467,0,12
2468,0,15
2469,0,12
2470,0,15
2471,0,12
2472,0,15
2473,0,15
2474,0,15
2475,0,12
2476,0,12
2477,0,15
2478,0,15
2479,0,15
2480,0,12
2481,1,36
2482,0,12
2483,0,12
2484,1,37
2485,27,161
2486,1,36
2487,1,37
2488,1,36
2489,0,12
2490,5,44
2491,1,36
2492,0,12
2493,1,36
2494,0,15
2495,0,15
2496,2,61
2497,1,45
2498,0,15
2499,1,37
2500,0,12
2501,1,36
2502,0,15
2503,0,15
2504,0,15
2505,0,12
2506,23,71
2507,0,12
2508,0,12
2509,0,12
2510,0,12
2511,0,15
2512,0,15
2513,0,15
2514,1,36
2515,1,36
2516,0,12
2517,2,60
2518,1,36
2519,1,37
2520,0,15
2521,1,36
2522,0,15
2523,0,15
2524,0,15
2525,0,15
2526,0,12
2527,0,12
2528,0,15
2529,0,15
2530,0,12
2531,0,15
2532,0,15
2533,0,15
2534,1,36
2535,1,43
2536,0,12
2537,0,12
2538,0,15
2539,0,12
2540,0,12
2541,0,12
2542,1,36
2543,0,15
2544,0,12
2545,1,43
2546,0,12
2547,0,18
2548,0,12
2549,1,36
2550,0,12
2551,2,63
2552,0,12
2553,0,12
2554,0,12
2555,0,12
2556,1,36
2557,0,15
2558,0,12
2559,2,61
2560,1,36
2561,0,15
2562,0,15
2563,0,12
2564,1,36
2565,1,36
2566,0,15
2567,0,12
2568,0,12
2569,1,37
2570,0,12
2571,1,36
2572,0,12
2573,0,15
2574,4,66
2575,5,44
2576,0,12
2577,5,44
2578,1,36
2579,0,15
2580,1,36
2581,0,12
2582,0,12
2583,0,15
2584,0,12
2585,0,12
2586,0,12
2587,0,15
2588,0,18
2589,0,12
2590,0,12
2591,0,12
2592,2,60
2593,0,12
2594,0,15
2595,0,15
2596,1,36
2597,5,45
2598,0,12
2599,0,12
2600,0,15
2601,0,12
2602,2,60
2603,1,36
2604,0,15
2605,0,15
2606,1,36
2607,1,36
2608,1,36
2609,0,15
2610,6,68
2611,0,12
2612,0,12
2613,1,36
2614,1,36
2615,0,15
2616,0,12
2617,2,71
2618,0,15
2619,0,12
2620,0,12
2621,0,12
2622,0,15
2623,0,12
2624,6,68
2625,0,15
2626,0,15
2627,5,45
2628,0,12
2629,0,15
2630,1,43
2631,0,12
2632,1,36
2633,0,12
2634,0,12
2635,0,15
2636,1,36
2637,1,43
2638,0,15
2639,0,12
2640,0,15
2641,0,12
2642,0,18
2643,0,12
2644,0,12
2645,1,36
2646,0,15
2647,1,36
2648,1,37
2649,0,15
2650,1,43
2651,0,12
2652,2,60
2653,1,36
2654,0,15
2655,0,12
2656,1,37
2657,1,36
2658,0,12
2659,5,47
2660,2,60
2661,1,36
2662,0,12
2663,1,37
2664,1,36
2665,1,36
2666,1,37
2667,0,15
2668,0,15
2669,0,12
2670,1,36
2671,1,36
2672,1,36
2673,1,36
2674,0,12
2675,1,36
2676,0,15
2677,1,37
2678,1,36
2679,0,12
2680,0,15
2681,2,61
2682,0,12
2683,0,12
2684,0,12
2685,0,12
2686,3,88
2687,0,15
2688,1,36
2689,0,15
2690,0,15
2691,0,12
2692,1,36
2693,1,36
2694,0,12
2695,1,36
2696,0,12
2697,1,36
2698,0,12
2699,0,12
2700,0,15
2701,0,12
2702,0,12
2703,0,15
2704,0,12
2705,0,12
2706,0,15
2707,1,36
2708,2,60
2709,0,15
2710,0,12
2711,0,15
2712,0,15
2713,0,15
2714,0,15
2715,0,15
2716,0,12
2717,0,12
2718,1,37
2719,1,36
2720,1,40
2721,1,36
2722,1,36
2723,0,15
2724,0,15
2725,0,12
2726,0,12
2727,1,36
2728,0,12
2729,3,100
2730,0,12
2731,0,15
2732,2,60
2733,0,15
2734,0,12
2735,0,12
2736,1,36
2737,0,12
2738,0,12
2739,5,47
2740,0,12
2741,2,64
2742,0,12
2743,2,60
2744,1,36
2745,0,12
2746,0,12
2747,0,12
2748,5,44
2749,0,12
2750,2,60
2751,0,12
2752,0,12
2753,5,45
2754,1,36
2755,2,60
2756,1,37
2757,1,36
2758,0,12
2759,0,15
2760,0,12
2761,0,15
2762,0,15
2763,1,43
2764,0,12
2765,0,12
2766,0,12
2767,0,12
2768,0,15
2769,0,15
2770,0,12
2771,0,15
2772,0,15
2773,0,12
2774,0,12
2775,0,12
2776,0,15
2777,0,12
2778,5,44
2779,0,15
2780,0,12
2781,1,36
2782,0,15
2783,1,36
2784,2,63
2785,0,12
2786,0,15
2787,1,36
2788,0,18
2789,1,36
2790,0,15
2791,0,15
2792,0,12
2793,0,12
2794,0,12
2795,1,43
2796,1,36
2797,0,15
2798,0,15
2799,0,12
2800,4,66
2801,1,36
2802,0,12
2803,1,37
2804,0,12
2805,1,36
2806,1,36
2807,0,18
2808,1,36
2809,0,15
2810,0,12
2811,0,12
2812,30,153
2813,0,15
2814,0,12
2815,0,12
2816,1,36
2817,0,12
2818,1,36
2819,0,15
2820,2,78
2821,1,36
2822,0,12
2823,0,15
2824,0,12
2825,0,12
2826,0,15
2827,0,12
2828,0,15
2829,1,36
2830,0,12
2831,0,12
2832,0,12
2833,1,36
2834,1,44
2835,0,12
2836,0,15
2837,1,36
2838,0,12
2839,1,36
2840,0,12
2841,0,12
2842,1,37
2843,0,12
2844,0,15
2845,0,12
2846,0,12
2847,0,15
2848,1,36
2849,0,12
2850,2,60
2851,3,85
2852,1,37
2853,0,12
2854,0,15
2855,1,36
2856,0,12
2857,1,37
2858,11,132
2859,0,12
2860,5,44
2861,0,12
2862,2,60
2863,0,12
2864,0,12
2865,0,15
2866,0,15
2867,0,15
2868,0,12
2869,0,15
2870,1,36
2871,0,12
2872,0,15
2873,0,15
2874,0,12
2875,0,15
2876,1,36
2877,0,12
2878,0,12
2879,0,12
2880,0,12
2881,0,15
2882,0,15
2883,0,12
2884,1,37
2885,0,15
2886,0,15
2887,1,36
2888,0,15
2889,0,12
2890,1,43
2891,4,108
2892,1,43
2893,1,36
2894,0,12
2895,0,12
2896,0,15
2897,0,12
2898,1,40
2899,1,43
2900,0,12
2901,0,12
2902,0,12
2903,0,15
2904,0,12
2905,0,12
2906,0,12
2907,0,15
2908,0,15
2909,0,12
2910,0,12
2911,0,12
2912,0,15
2913,0,15
2914,0,12
2915,0,15
2916,0,12
2917,1,36
2918,0,12
2919,0,12
2920,0,12
2921,1,36
2922,0,12
2923,0,15
2924,2,60
2925,0,12
2926,3,103
2927,0,12
2928,0,12
2929,0,12
2930,0,15
2931,0,12
2932,0,12
2933,0,15
2934,1,43
2935,1,36
2936,0,12
2937,0,15
2938,0,12
2939,0,12
2940,1,36
2941,0,15
2942,0,12
2943,1,36
2944,1,36
2945,0,12
2946,0,12
2947,0,12
2948,1,36
2949,1,36
2950,1,36
2951,0,15
2952,0,12
2953,0,12
2954,1,36
2955,2,63
2956,1,36
2957,0,12
2958,0,15
2959,3,103
2960,0,15
2961,0,15
2962,1,45
2963,0,12
2964,0,12
2965,3,84
2966,1,43
2967,0,12
2968,0,12
2969,5,44
2970,0,12
2971,0,15
2972,0,12
2973,1,36
2974,0,12
2975,0,12
2976,0,15
2977,0,15
2978,0,12
2979,0,12
2980,0,12
2981,0,15
2982,0,15
2983,1,36
2984,0,12
2985,0,12
2986,0,12
2987,1,36
2988,1,37
2989,0,12
2990,1,43
2991,1,36
2992,1,36
2993,1,36
2994,0,12
2995,1,36
2996,0,18
2997,0,12
2998,0,12
2999,2,71
3000,0,12
3001,1,37
3002,0,12
3003,1,43
3004,0,12
3005,1,43
3006,1,36
3007,0,12
3008,0,12
3009,1,43
3010,1,36
3011,1,36
3012,0,15
3013,0,12
3014,0,18
3015,0,15
3016,1,37
3017,0,12
3018,0,12
3019,1,36
3020,0,12
3021,1,36
3022,0,12
3023,1,36
3024,0,12
3025,0,12
3026,0,15
3027,0,12
3028,0,12
3029,1,36
3030,0,18
3031,0,15
3032,2,71
3033,1,36
3034,1,36
3035,0,12
3036,0,15
3037,0,12
3038,0,12
3039,0,12
3040,0,15
3041,0,12
3042,1,36
3043,2,60
3044,0,12
3045,0,12
3046,0,12
3047,0,12
3048,0,15
3049,1,37
3050,0,12
3051,0,12
3052,1,36
3053,0,15
3054,0,15
3055,0,12
3056,1,36
3057,0,15
3058,0,15
3059,0,15
3060,1,36
3061,0,15
3062,0,12
3063,0,15
3064,2,64
3065,0,15
3066,0,12
3067,1,36
3068,0,12
3069,1,36
3070,0,15
3071,0,12
3072,1,36
3073,1,36
3074,2,60
3075,0,12
3076,2,63
3077,0,12
3078,0,12
3079,0,12
3080,2,71
3081,0,15
3082,0,15
3083,0,12
3084,0,15
3085,0,15
3086,0,12
3087,0,12
3088,0,12
3089,0,15
3090,0,12
3091,0,15
3092,0,15
3093,0,12
3094,0,12
3095,0,12
3096,0,12
3097,1,36
3098,1,36
3099,2,60
3100,0,12
3101,3,103
3102,0,12
3103,0,15
3104,0,15
3105,0,15
3106,0,15
3107,0,15
3108,1,36
3109,0,15
3110,0,12
3111,0,12
3112,1,36
3113,0,15
3114,0,12
3115,0,15
3116,1,36
3117,5,47
3118,1,36
3119,1,36
3120,0,12
3121,23,71
3122,1,36
3123,0,15
3124,1,36
3125,0,12
3126,0,15
3127,0,12
3128,1,36
3129,1,36
3130,1,36
3131,1,36
3132,21,164
3133,0,12
3134,0,12
3135,0,12
3136,1,36
3137,0,12
3138,1,36
3139,1,37
3140,1,37
3141,0,15
3142,0,12
3143,1,36
3144,0,12
3145,0,12
3146,0,12
3147,1,36
3148,2,63
3149,0,12
3150,1,36
3151,0,15
3152,0,15
3153,0,12
3154,0,15
3155,0,18
3156,5,44
3157,0,18
3158,2,61
3159,0,15
3160,0,12
3161,0,12
3162,0,15
3163,0,15
3164,0,12
3165,0,12
3166,0,12
3167,0,15
3168,0,12
3169,0,12
3170,1,37
3171,1,37
3172,0,12
3173,1,43
3174,0,12
3175,0,12
3176,0,12
3177,0,12
3178,3,88
3179,1,36
3180,0,12
3181,2,60
3182,0,18
3183,0,12
3184,0,15
3185,0,12
3186,2,60
3187,3,84
3188,0,12
3189,0,12
3190,0,15
3191,0,15
3192,2,61
3193,0,15
3194,0,12
3195,0,15
3196,0,12
3197,0,15
3198,0,12
3199,1,36
3200,0,12
3201,0,12
3202,0,15
3203,0,12
3204,0,15
3205,0,15
3206,0,15
3207,1,36
3208,0,12
3209,0,12
3210,1,36
3211,1,36
3212,1,36
3213,0,12
3214,0,15
3215,5,45
3216,1,36
3217,0,15
3218,0,15
3219,2,61
3220,1,36
3221,0,12
3222,0,12
3223,0,15
3224,0,15
3225,0,15
3226,1,36
3227,3,85
3228,1,36
3229,2,60
3230,1,36
3231,1,36
3232,0,12
3233,0,12
3234,0,15
3235,1,36
3236,1,36
3237,0,12
3238,1,36
3239,1,36
3240,0,12
3241,0,12
3242,0,15
3243,0,15
3244,0,12
3245,1,36
3246,0,12
3247,0,12
3248,1,36
3249,0,12
3250,0,15
3251,0,15
3252,0,12
3253,0,12
3254,1,37
3255,1,37
3256,1,36
3257,0,15
3258,0,15
3259,0,15
3260,0,12
3261,0,12
3262,0,12
3263,1,36
3264,0,15
3265,0,12
3266,0,15
3267,1,36
3268,1,36
3269,0,12
3270,0,12
3271,0,15
3272,0,15
3273,1,36
3274,0,15
3275,0,15
3276,0,15
3277,0,12
3278,1,36
3279,0,12
3280,5,44
3281,0,15
3282,0,12
3283,0,12
3284,0,15
3285,0,12
3286,0,12
3287,1,43
3288,0,15
3289,0,15
3290,0,12
3291,1,36
3292,0,15
3293,0,15
3294,0,12
3295,0,12
3296,0,12
3297,0,12
3298,0,15
3299,0,12
3300,0,15
3301,1,36
3302,1,36
3303,0,12
3304,0,12
3305,1,36
3306,4,80
3307,0,12
3308,0,15
3309,0,15
3310,1,36
3311,0,15
3312,0,15
3313,0,12
3314,0,12
3315,1,36
3316,1,43
3317,0,12
3318,1,37
3319,1,36
3320,0,12
3321,0,12
3322,1,36
3323,0,12
3324,0,12
3325,1,36
3326,0,12
3327,0,12
3328,0,15
3329,1,37
3330,0,12
3331,0,15
3332,0,15
3333,1,36
3334,0,12
3335,0,12
3336,0,12
3337,1,36
3338,1,36
3339,1,36
3340,0,15
3341,5,44
3342,1,36
3343,2,60
3344,1,36
3345,0,12
3346,0,12
3347,0,12
3348,0,12
3349,1,44
3350,0,15
3351,0,12
3352,0,15
3353,1,36
3354,0,12
3355,1,36
3356,0,12
3357,1,36
3358,0,15
3359,0,12
3360,1,36
3361,0,12
3362,1,36
3363,0,15
3364,0,12
3365,0,12
3366,0,12
3367,1,37
3368,0,12
3369,1,36
3370,0,12
3371,0,12
3372,1,36
3373,0,15
3374,2,60
3375,0,12
3376,0,12
3377,1,36
3378,0,12
3379,0,12
3380,0,15
3381,0,12
3382,0,12
3383,1,36
3384,0,15
3385,0,15
3386,1,43
3387,0,12
3388,1,36
3389,0,15
3390,1,37
3391,0,12
3392,1,36
3393,1,37
3394,0,15
3395,1,36
3396,0,12
3397,0,12
3398,1,36
3399,0,15
3400,0,12
3401,0,15
3402,0,12
3403,1,43
3404,0,15
3405,0,12
3406,0,15
3407,0,15
3408,0,15
3409,0,12
3410,1,36
3411,5,44
3412,0,12
3413,4,78
3414,1,37
3415,0,15
3416,0,12
3417,1,36
3418,0,15
3419,5,47
3420,1,36
3421,1,37
3422,1,36
3423,0,12
3424,0,12
3425,1,36
3426,1,36
3427,0,12
3428,1,36
3429,0,12
3430,0,12
3431,0,12
3432,5,44
3433,0,12
3434,1,37
3435,0,12
3436,0,15
3437,0,12
3438,1,36
3439,0,15
3440,1,36
3441,0,15
3442,1,37
3443,0,15
3444,0,12
3445,0,12
3446,0,12
3447,1,36
3448,0,12
3449,0,15
3450,1,37
3451,1,36
3452,2,60
3453,0,12
3454,1,37
3455,0,12
3456,0,12
3457,0,15
3458,0,15
3459,0,15
3460,0,12
3461,1,36
3462,0,15
3463,2,63
3464,0,15
3465,0,15
3466,0,15
3467,1,43
3468,0,12
3469,0,12
3470,0,15
3471,1,36
3472,0,12
3473,0,12
3474,0,15
3475,2,60
3476,0,12
3477,1,36
3478,0,12
3479,0,12
3480,1,36
3481,1,37
3482,0,12
3483,0,12
3484,1,36
3485,0,12
3486,0,15
3487,2,75
3488,0,15
3489,0,12
3490,1,36
3491,1,36
3492,2,60
3493,0,12
3494,0,12
3495,1,36
3496,0,12
3497,1,36
3498,0,15
3499,0,12
3500,1,36
3501,0,12
3502,1,36
3503,0,12
3504,0,12
3505,0,12
3506,0,12
3507,1,36
3508,1,43
3509,0,12
3510,0,15
3511,0,12
3512,0,12
3513,0,12
3514,0,12
3515,0,12
3516,0,12
3517,0,12
3518,0,12
3519,0,15
3520,1,36
3521,0,15
3522,0,12
3523,0,12
3524,0,12
3525,1,36
3526,0,15
3527,1,43
3528,3,88
3529,1,36
3530,0,12
3531,0,12
3532,0,12
3533,0,12
3534,0,15
3535,0,12
3536,0,15
3537,0,12
3538,2,63
3539,0,12
3540,0,12
3541,0,12
3542,0,15
3543,0,12
3544,26,137
3545,0,12
3546,1,36
3547,0,12
3548,0,15
3549,1,36
3550,0,12
3551,0,15
3552,1,43
3553,0,12
3554,0,15
3555,1,36
3556,1,45
3557,0,12
3558,0,12
3559,0,15
3560,0,12
3561,0,12
3562,0,12
3563,0,15
3564,1,36
3565,0,12
3566,0,12
3567,0,12
3568,1,43
3569,1,36
3570,2,71
3571,0,12
3572,0,15
3573,0,15
3574,0,15
3575,0,15
3576,0,12
3577,1,36
3578,1,36
3579,1,36
3580,0,15
3581,1,37
3582,0,12
3583,0,12
3584,1,36
3585,2,60
3586,0,12
3587,1,36
3588,0,12
3589,0,18
3590,0,15
3591,0,12
3592,1,36
3593,0,15
3594,0,15
3595,0,12
3596,1,43
3597,0,12
3598,0,15
3599,0,15
3600,0,12
3601,0,12
3602,0,15
3603,0,15
3604,0,15
3605,0,12
3606,0,15
3607,0,15
3608,0,12
3609,0,12
3610,0,15
3611,0,15
3612,0,15
3613,0,15
3614,0,12
3615,0,15
3616,0,15
3617,0,18
3618,1,36
3619,0,15
3620,0,12
3621,0,12
3622,0,15
3623,0,12
3624,0,15
3625,0,15
3626,1,37
3627,0,12
3628,1,43
3629,0,15
3630,0,15
3631,1,36
3632,3,87
3633,0,15
3634,0,15
3635,0,12
3636,1,36
3637,0,15
3638,1,36
3639,0,15
3640,1,43
3641,0,15
3642,5,44
3643,0,12
3644,0,12
3645,0,12
3646,1,36
3647,1,36
3648,1,43
3649,0,12
3650,1,36
3651,0,12
3652,0,15
3653,0,15
3654,0,15
3655,0,12
3656,0,15
3657,0,12
3658,0,12
3659,0,15
3660,0,12
3661,0,15
3662,0,12
3663,1,36
3664,2,63
3665,0,12
3666,0,12
3667,0,12
3668,1,36
3669,0,12
3670,1,43
3671,0,12
3672,1,36
3673,1,36
3674,0,15
3675,1,36
3676,0,15
3677,0,15
3678,0,12
3679,0,15
3680,0,12
3681,0,15
3682,3,91
3683,1,37
3684,0,12
3685,0,12
3686,0,15
3687,0,15
3688,0,12
3689,1,36
3690,0,12
3691,1,37
3692,0,12
3693,0,12
3694,9,96
3695,0,12
3696,0,12
3697,1,45
3698,0,15
3699,0,15
3700,0,15
3701,0,15
3702,0,12
3703,0,12
3704,1,36
3705,0,12
3706,0,12
3707,0,12
3708,1,36
3709,0,12
3710,0,15
3711,0,15
3712,1,36
3713,0,15
3714,0,12
3715,0,15
3716,0,12
3717,1,36
3718,1,45
3719,1,43
3720,0,12
3721,0,12
3722,0,12
3723,2,60
3724,1,36
3725,1,36
3726,0,12
3727,1,36
3728,1,36
3729,0,15
3730,0,12
3731,2,72
3732,1,36
3733,1,36
3734,0,12
3735,1,36
3736,5,45
3737,0,12
3738,0,15
3739,0,12
3740,1,36
3741,1,36
3742,1,36
3743,0,12
3744,0,12
3745,0,12
3746,0,15
3747,0,15
3748,1,36
3749,0,15
3750,3,84
3751,1,36
3752,2,60
3753,0,15
3754,0,12
3755,0,12
3756,0,15
3757,1,36
3758,0,15
3759,1,36
3760,0,12
3761,1,36
3762,0,12
3763,1,36
3764,0,12
3765,0,15
3766,0,15
3767,0,12
3768,0,15
3769,0,12
3770,1,36
3771,0,15
3772,0,12
3773,1,37
3774,0,12
3775,0,15
3776,0,15
3777,0,15
3778,2,61
3779,0,12
3780,0,12
3781,0,12
3782,1,36
3783,0,12
3784,0,12
3785,0,15
3786,0,12
3787,0,15
3788,1,37
3789,0,12
3790,0,15
3791,0,15
3792,1,36
3793,1,36
3794,1,36
3795,0,12
3796,0,12
3797,0,12
3798,1,36
3799,1,36
3800,1,36
3801,1,36
3802,1,36
3803,0,12
3804,0,12
3805,1,36
3806,0,12
3807,1,36
3808,1,36
3809,0,12
3810,0,12
3811,0,12
3812,0,15
3813,1,36
3814,0,12
3815,0,12
3816,0,12
3817,0,15
3818,1,36
3819,0,12
3820,0,15
3821,5,45
3822,0,12
3823,0,12
3824,1,36
3825,0,12
3826,0,15
3827,0,15
3828,0,15
3829,0,15
3830,0,12
3831,0,12
3832,0,15
3833,0,15
3834,0,12
3835,1,36
3836,1,37
3837,0,15
3838,0,12
3839,0,15
3840,0,12
3841,1,36
3842,0,15
3843,1,36
3844,0,15
3845,1,43
3846,2,60
3847,0,15
3848,1,36
3849,0,12
3850,0,12
3851,1,36
3852,1,37
3853,1,36
3854,0,12
3855,0,15
3856,0,12
3857,0,12
3858,0,12
3859,0,12
3860,0,12
3861,1,36
3862,0,15
3863,0,12
3864,1,43
3865,0,12
3866,1,36
3867,2,71
3868,0,12
3869,0,12
3870,0,12
3871,0,15
3872,1,36
3873,1,36
3874,1,36
3875,1,36
3876,0,12
3877,0,12
3878,0,15
3879,0,15
3880,1,43
3881,2,71
3882,1,37
3883,0,15
3884,0,12
3885,0,15
3886,2,60
3887,0,15
3888,0,12
3889,0,15
3890,0,15
3891,1,36
3892,1,36
3893,1,36
3894,1,36
3895,0,12
3896,0,12
3897,0,12
3898,2,64
3899,0,12
3900,1,36
3901,2,60
3902,1,43
3903,0,15
3904,0,15
3905,1,36
3906,0,15
3907,0,15
3908,1,36
3909,0,12
3910,0,15
3911,0,12
3912,0,12
3913,0,12
3914,0,12
3915,1,36
3916,0,15
3917,0,12
3918,0,12
3919,0,15
3920,1,45
3921,1,36
3922,1,36
3923,1,36
3924,0,15
3925,0,12
3926,1,36
3927,0,15
3928,0,15
3929,0,15
3930,0,12
3931,0,12
3932,0,15
3933,0,12
3934,0,12
3935,1,43
3936,0,18
3937,0,12
3938,0,15
3939,0,12
3940,0,12
3941,1,36
3942,0,12
3943,0,12
3944,0,18
3945,0,12
3946,0,15
3947,0,12
3948,0,15
3949,1,36
3950,0,15
3951,0,15
3952,0,12
3953,0,12
3954,0,12
3955,0,15
3956,0,12
3957,1,36
3958,0,15
3959,0,15
3960,5,44
3961,0,15
3962,1,43
3963,1,36
3964,0,15
3965,1,43
3966,1,43
3967,0,15
3968,1,36
3969,1,45
3970,0,12
3971,0,12
3972,0,12
3973,0,15
3974,0,12
3975,0,18
3976,0,12
3977,0,12
3978,2,71
3979,1,36
3980,0,12
3981,1,43
3982,1,36
3983,0,12
3984,0,12
3985,2,60
3986,0,12
3987,0,12
3988,0,12
3989,0,12
3990,0,15
3991,0,12
3992,1,36
3993,1,36
3994,0,15
3995,0,12
3996,0,15
3997,0,12
3998,0,12
3999,0,12
4000,0,15
4001,0,12
4002,0,12
4003,1,36
4004,0,15
4005,0,12
4006,0,15
4007,0,15
4008,0,12
4009,0,12
4010,0,15
4011,1,36
4012,1,36
4013,0,15
4014,1,45
4015,1,36
4016,1,36
4017,0,12
4018,1,36
4019,0,15
4020,1,36
4021,0,15
4022,0,12
4023,1,36
4024,0,18
4025,1,45
4026,1,43
4027,0,15
4028,1,36
4029,0,12
4030,1,43
4031,0,15
4032,1,43
4033,0,15
4034,0,12
4035,1,36
4036,0,12
4037,0,12
4038,0,12
4039,0,12
4040,0,12
4041,0,15
4042,0,12
4043,5,44
4044,1,36
4045,0,15
4046,0,15
4047,0,15
4048,0,12
4049,1,43
4050,0,15
4051,1,36
4052,1,43
4053,1,36
4054,0,12
4055,0,15
4056,0,12
4057,0,15
4058,0,12
4059,0,12
4060,0,15
4061,1,36
4062,1,43
4063,0,15
4064,0,12
4065,1,36
4066,1,36
4067,2,60
4068,1,37
4069,0,15
4070,0,15
4071,0,12
4072,0,15
4073,0,12
4074,0,12
4075,0,12
4076,1,43
4077,1,37
4078,0,12
4079,0,15
4080,1,36
4081,1,36
4082,0,15
4083,1,36
4084,0,12
4085,0,15
4086,0,12
4087,0,15
4088,0,15
4089,0,12
4090,0,12
4091,32,133
4092,1,37
4093,1,40
4094,0,12
4095,1,36
4096,0,12
4097,0,12
4098,2,61
4099,0,12
4100,0,12
4101,0,15
4102,0,15
4103,1,36
4104,1,36
4105,0,15
4106,0,12
4107,1,36
4108,0,18
4109,5,44
4110,0,15
4111,0,12
4112,2,63
4113,0,12
4114,0,12
4115,1,36
4116,1,43
4117,1,36
4118,1,36
4119,2,61
4120,0,12
4121,0,12
4122,0,12
4123,0,12
4124,0,12
4125,0,12
4126,0,12
4127,1,36
4128,2,61
4129,0,15
4130,1,36
4131,0,12
4132,0,15
4133,5,44
4134,1,36
4135,0,15
4136,0,12
4137,1,36
4138,0,12
4139,2,63
4140,0,15
4141,0,15
4142,0,12
4143,0,12
4144,1,43
4145,1,37
4146,0,15
4147,1,36
4148,2,60
4149,1,36
4150,0,15
4151,0,12
4152,1,36
4153,0,15
4154,1,36
4155,0,12
4156,0,15
4157,0,15
4158,0,12
4159,1,37
4160,1,36
4161,0,12
4162,0,12
4163,1,36
4164,0,15
4165,1,36
4166,2,60
4167,0,12
4168,0,12
4169,0,12
4170,1,36
4171,1,36
4172,1,43
4173,1,36
4174,0,12
4175,1,36
4176,0,15
4177,0,15
4178,0,12
4179,1,36
4180,0,12
4181,0,12
4182,1,37
4183,1,36
4184,0,15
4185,0,12
4186,0,15
4187,1,36
4188,0,15
4189,0,15
4190,0,12
4191,0,15
4192,2,61
4193,0,12
4194,1,36
4195,0,12
4196,0,15
4197,0,12
4198,1,36
4199,0,12
4200,2,61
4201,0,15
4202,0,12
4203,0,12
4204,0,12
4205,0,12
4206,0,15
4207,0,12
4208,1,37
4209,0,15
4210,0,15
4211,0,15
4212,0,12
4213,1,36
4214,0,12
4215,0,12
4216,1,36
4217,0,12
4218,1,43
4219,0,12
4220,23,71
4221,0,15
4222,0,12
4223,0,12
4224,0,15
4225,0,12
4226,0,12
4227,1,43
4228,0,15
4229,1,36
4230,1,36
4231,0,15
4232,1,36
4233,0,15
4234,0,15
4235,0,12
4236,1,36
4237,0,12
4238,0,15
4239,0,12
4240,2,65
4241,0,12
4242,0,18
4243,0,12
4244,0,15
4245,0,12
4246,1,43
4247,0,15
4248,1,37
4249,1,36
4250,1,36
4251,1,37
4252,0,12
4253,0,12
4254,0,15
4255,5,45
4256,1,36
4257,0,15
4258,0,15
4259,1,36
4260,0,12
4261,1,40
4262,0,12
4263,0,12
4264,0,12
4265,0,12
4266,1,36
4267,1,37
4268,0,15
4269,0,12
4270,0,12
4271,0,12
4272,0,15
4273,1,36
4274,0,12
4275,1,36
4276,5,44
4277,0,12
4278,0,12
4279,5,45
4280,0,12
4281,0,12
4282,0,12
4283,0,15
4284,0,15
4285,1,45
4286,1,36
4287,0,12
4288,0,12
4289,1,36
4290,0,15
4291,0,12
4292,1,37
4293,0,12
4294,0,12
4295,0,12
4296,0,15
4297,1,36
4298,1,36
4299,0,15
4300,1,40
4301,0,15
4302,1,36
4303,0,15
4304,0,15
4305,0,12
4306,1,36
4307,0,12
4308,0,12
4309,0,12
4310,0,12
4311,0,15
4312,0,15
4313,1,36
4314,0,18
4315,2,71
4316,1,36
4317,0,12
4318,0,12
4319,0,12
4320,5,44
4321,0,12
4322,1,36
4323,0,15
4324,1,36
4325,0,12
4326,0,12
4327,0,12
4328,0,12
4329,0,12
4330,1,36
4331,5,44
4332,0,12
4333,1,36
4334,0,12
4335,0,15
4336,0,12
4337,0,15
4338,0,12
4339,0,15
4340,0,15
4341,0,12
4342,0,12
4343,0,15
4344,0,12
4345,2,74
4346,0,12
4347,0,15
4348,0,12
4349,0,12
4350,0,15
4351,0,12
4352,0,15
4353,0,12
4354,0,15
4355,0,12
4356,0,12
4357,3,87
4358,1,36
4359,0,15
4360,0,15
4361,0,12
4362,0,12
4363,1,36
4364,0,15
4365,1,36
4366,1,36
4367,0,15
4368,0,15
4369,0,12
4370,1,36
4371,1,36
4372,1,36
4373,0,15
4374,0,12
4375,0,12
4376,1,36
4377,0,15
4378,0,15
4379,0,12
4380,1,36
4381,0,12
4382,1,36
4383,0,15
4384,0,12
4385,0,12
4386,0,15
4387,1,37
4388,0,15
4389,1,36
4390,0,15
4391,1,36
4392,0,12
4393,0,12
4394,0,15
4395,0,15
4396,0,15
4397,1,36
4398,0,12
4399,1,43
4400,0,15
4401,0,12
4402,0,12
4403,1,36
4404,2,60
4405,0,15
4406,1,36
4407,0,15
4408,0,12
4409,0,12
4410,0,12
4411,1,36
4412,1,37
4413,0,12
4414,1,43
4415,0,15
4416,1,36
4417,3,87
4418,0,15
4419,0,15
4420,0,15
4421,2,64
4422,1,36
4423,1,36
4424,1,36
4425,1,36
4426,0,12
4427,1,36
4428,1,36
4429,1,36
4430,0,12
4431,0,12
4432,1,36
4433,0,15
4434,0,12
4435,0,15
4436,1,36
4437,0,12
4438,0,12
4439,0,12
4440,1,36
4441,2,71
4442,1,36
4443,2,60
4444,0,12
4445,0,12
4446,2,60
4447,0,12
4448,0,12
4449,0,15
4450,3,101
4451,0,12
4452,1,37
4453,1,37
4454,1,36
4455,0,15
4456,0,12
4457,0,12
4458,0,12
4459,0,12
4460,2,60
4461,1,37
4462,0,12
4463,0,15
4464,0,12
4465,4,76
4466,1,43
4467,1,36
4468,0,12
4469,1,36
4470,0,12
4471,0,12
4472,1,43
4473,0,12
4474,0,12
4475,1,37
4476,1,36
4477,0,12
4478,2,60
4479,0,15
4480,1,43
4481,0,12
4482,2,60
4483,0,12
4484,0,15
4485,0,15
4486,0,15
4487,0,12
4488,0,12
4489,1,36
4490,0,12
4491,5,44
4492,0,12
4493,0,15
4494,2,122
4495,0,15
4496,0,12
4497,0,15
4498,0,12
4499,1,36
4500,0,12
4501,0,15
4502,1,43
4503,0,15
4504,1,36
4505,0,12
4506,0,12
4507,1,36
4508,0,15
4509,0,15
4510,2,60
4511,1,43
4512,1,36
4513,1,36
4514,0,15
4515,0,15
4516,0,15
4517,0,12
4518,0,18
4519,0,12
4520,0,15
4521,0,12
4522,1,36
4523,1,36
4524,1,36
4525,0,12
4526,1,36
4527,0,12
4528,0,12
4529,0,15
4530,0,12
4531,0,12
4532,0,15
4533,0,12
4534,0,12
4535,0,12
4536,1,43
4537,0,12
4538,0,15
4539,0,12
4540,1,36
4541,1,36
4542,1,36
4543,0,15
4544,0,15
4545,0,15
4546,0,12
4547,1,36
4548,1,37
4549,0,18
4550,0,12
4551,0,12
4552,1,36
4553,0,15
4554,0,12
4555,1,36
4556,1,36
4557,4,65
4558,0,12
4559,0,12
4560,1,36
4561,1,36
4562,1,43
4563,1,36
4564,0,12
4565,0,12
4566,0,15
4567,0,12
4568,0,15
4569,0,15
4570,0,12
4571,1,36
4572,1,36
4573,0,12
4574,0,12
4575,1,36
4576,0,12
4577,0,12
4578,1,36
4579,0,15
4580,1,36
4581,2,60
4582,0,12
4583,0,12
4584,0,12
4585,1,36
4586,3,87
4587,0,12
4588,1,37
4589,1,53
4590,0,12
4591,0,18
4592,0,15
4593,4,66
4594,0,12
4595,0,12
4596,0,15
4597,0,12
4598,0,12
4599,0,12
4600,0,15
4601,0,12
4602,1,36
4603,0,15
4604,1,36
4605,1,36
4606,0,12
4607,0,12
4608,0,12
4609,0,15
4610,1,36
4611,2,61
4612,1,43
4613,0,15
4614,0,15
4615,2,61
4616,1,37
4617,1,36
4618,0,12
4619,5,45
4620,1,43
4621,0,15
4622,0,12
4623,1,36
4624,0,12
4625,0,15
4626,0,12
4627,0,15
4628,2,60
4629,0,12
4630,1,36
4631,1,36
4632,1,43
4633,1,44
4634,0,12
4635,0,12
4636,1,36
4637,1,36
4638,1,36
4639,1,36
4640,0,12
4641,1,36
4642,0,12
4643,0,12
4644,1,36
4645,0,12
4646,0,12
4647,0,12
4648,1,36
4649,0,12
4650,0,12
4651,1,43
4652,0,15
4653,0,12
4654,0,12
4655,0,15
4656,0,12
4657,0,12
4658,1,43
4659,1,37
4660,0,12
4661,1,36
4662,0,15
4663,5,45
4664,0,15
4665,0,12
4666,2,71
4667,1,36
4668,1,36
4669,2,103
4670,1,36
4671,0,12
4672,1,36
4673,1,36
4674,0,12
4675,1,37
4676,0,12
4677,1,37
4678,0,15
4679,1,36
4680,0,12
4681,0,12
4682,0,12
4683,0,15
4684,1,43
4685,5,45
4686,0,15
4687,1,43
4688,0,15
4689,1,43
4690,2,88
4691,0,15
4692,0,12
4693,1,36
4694,0,12
4695,2,60
4696,0,15
4697,1,36
4698,3,88
4699,0,12
4700,0,12
4701,1,36
4702,0,12
4703,0,15
4704,0,12
4705,0,12
4706,1,43
4707,2,72
4708,0,12
4709,0,12
4710,0,15
4711,0,12
4712,2,72
4713,1,36
4714,0,12
4715,0,12
4716,0,12
4717,1,36
4718,2,71
4719,0,12
4720,0,12
4721,1,36
4722,2,72
4723,0,12
4724,2,89
4725,1,36
4726,5,45
4727,1,36
4728,0,15
4729,0,12
4730,2,63
4731,2,63
4732,0,12
4733,0,15
4734,0,12
4735,1,36
4736,0,12
4737,1,36
4738,1,36
4739,0,12
4740,1,43
4741,0,12
4742,0,15
4743,0,12
4744,1,36
4745,0,12
4746,1,43
4747,2,61
4748,1,36
4749,0,12
4750,0,12
4751,1,37
4752,0,18
4753,1,36
4754,0,15
4755,1,36
4756,0,12
4757,1,36
4758,0,12
4759,0,15
4760,0,12
4761,0,12
4762,0,12
4763,0,12
4764,1,36
4765,0,12
4766,0,15
4767,0,12
4768,0,15
4769,0,15
4770,0,12
4771,1,36
4772,1,36
4773,0,12
4774,2,61
4775,0,12
4776,4,78
4777,0,15
4778,1,36
4779,1,43
4780,0,18
4781,0,12
4782,0,12
4783,1,45
4784,0,15
4785,1,43
4786,0,15
4787,0,15
4788,1,36
4789,1,36
4790,0,15
4791,0,12
4792,0,15
4793,0,12
4794,0,12
4795,0,15
4796,0,12
4797,1,36
4798,1,36
4799,5,44
4800,0,12
4801,0,15
4802,1,36
4803,2,60
4804,0,15
4805,0,12
4806,0,12
4807,0,12
4808,0,12
4809,1,37
4810,0,15
4811,0,15
4812,0,15
4813,0,12
4814,4,67
4815,0,12
4816,1,43
4817,0,12
4818,1,36
4819,2,72
4820,0,15
4821,1,36
4822,1,43
4823,0,12
4824,0,15
4825,0,12
4826,1,36
4827,2,60
4828,0,15
4829,0,12
4830,0,12
4831,1,36
4832,0,12
4833,1,36
4834,0,12
4835,0,15
4836,0,15
4837,1,36
4838,0,12
4839,0,12
4840,0,12
4841,0,12
4842,0,12
4843,0,12
4844,1,36
4845,0,12
4846,0,12
4847,0,12
4848,0,12
4849,1,36
4850,0,12
4851,1,36
4852,0,12
4853,2,63
4854,0,12
4855,1,43
4856,0,15
4857,2,60
4858,0,12
4859,0,12
4860,0,15
4861,1,43
4862,0,15
4863,0,12
4864,0,15
4865,0,12
4866,0,12
4867,1,36
4868,0,12
4869,0,12
4870,1,36
4871,0,12
4872,0,12
4873,2,60
4874,0,12
4875,0,12
4876,1,36
4877,1,43
4878,0,15
4879,0,12
4880,1,36
4881,0,12
4882,0,15
4883,2,61
4884,0,15
4885,0,12
4886,0,12
4887,1,44
4888,0,15
4889,0,12
4890,0,12
4891,0,15
4892,0,15
4893,5,45
4894,1,36
4895,1,37
4896,1,36
4897,1,36
4898,0,12
4899,1,43
4900,1,36
4901,0,12
4902,0,15
4903,0,12
4904,1,36
4905,1,36
4906,5,45
4907,0,12
4908,0,15
4909,0,12
4910,1,36
4911,0,15
4912,0,12
4913,0,15
4914,0,15
4915,5,45
4916,0,12
4917,0,15
4918,0,12
4919,0,12
4920,1,43
4921,1,36
4922,0,15
4923,2,60
4924,2,60
4925,1,36
4926,0,15
4927,0,15
4928,1,36
4929,1,36
4930,1,36
4931,0,12
4932,0,12
4933,0,12
4934,1,43
4935,1,36
4936,1,36
4937,1,36
4938,1,36
4939,0,12
4940,0,12
4941,0,12
4942,0,12
4943,1,36
4944,1,43
4945,0,12
4946,1,36
4947,2,63
4948,0,12
4949,0,12
4950,0,12
4951,0,12
4952,0,15
4953,0,12
4954,0,12
4955,0,15
4956,2,72
4957,1,36
4958,5,47
4959,1,36
4960,0,12
4961,0,15
4962,2,71
4963,0,12
4964,0,15
4965,0,12
4966,0,12
4967,0,12
4968,1,36
4969,1,36
4970,0,12
4971,1,36
4972,0,12
4973,1,36
4974,0,12
4975,1,36
4976,1,43
4977,0,15
4978,0,15
4979,0,15
4980,1,37
4981,1,36
4982,0,15
4983,0,12
4984,4,110
4985,2,64
4986,0,12
4987,1,36
4988,1,36
4989,1,36
4990,1,36
4991,0,15
4992,0,15
4993,1,36
4994,0,12
4995,1,37
4996,0,12
4997,1,36
4998,1,36
4999,0,12
5000,0,12
5001,1,36
5002,1,36
5003,0,15
5004,0,15
5005,0,12
5006,0,15
5007,1,44
5008,0,12
5009,1,36
5010,1,36
5011,0,15
5012,0,15
5013,0,12
5014,0,12
5015,0,12
5016,0,15
5017,0,12
5018,0,12
5019,1,36
5020,0,12
5021,0,12
5022,0,15
5023,0,15
5024,1,36
5025,1,36
5026,0,15
5027,0,15
5028,1,36
5029,1,36
5030,1,36
5031,0,15
5032,5,45
5033,1,40
5034,0,15
5035,0,12
5036,0,15
5037,0,12
5038,0,15
5039,1,36
5040,1,43
5041,0,15
5042,0,12
5043,0,12
5044,0,15
5045,2,60
5046,0,15
5047,0,15
5048,0,15
5049,1,36
5050,1,36
5051,0,15
5052,0,12
5053,0,12
5054,0,12
5055,0,12
5056,0,12
5057,1,36
5058,0,15
5059,0,15
5060,0,12
5061,0,15
5062,0,12
5063,0,12
5064,4,65
5065,0,12
5066,0,12
5067,1,36
5068,5,44
5069,1,36
5070,1,36
5071,0,15
5072,0,18
5073,2,63
5074,0,12
5075,0,15
5076,2,60
5077,0,15
5078,0,12
5079,0,12
5080,0,12
5081,1,36
5082,1,36
5083,0,12
5084,1,43
5085,0,12
5086,0,12
5087,1,36
5088,0,15
5089,3,103
5090,0,12
5091,1,36
5092,0,12
5093,5,135
5094,0,12
5095,0,15
5096,2,60
5097,2,60
5098,0,12
5099,0,15
5100,1,36
5101,0,15
5102,1,36
5103,2,102
5104,0,12
5105,0,15
5106,0,12
5107,1,36
5108,1,43
5109,1,37
5110,0,15
5111,0,12
5112,0,12
5113,0,12
5114,0,15
5115,0,12
5116,2,71
5117,0,12
5118,1,37
5119,0,12
5120,0,15
5121,0,15
5122,1,36
5123,1,37
5124,0,12
5125,0,12
5126,0,12
5127,1,43
5128,1,36
5129,0,12
5130,0,12
5131,0,12
5132,1,36
5133,0,15
5134,0,12
5135,0,15
5136,0,15
5137,0,12
5138,1,36
5139,0,12
5140,0,15
5141,0,12
5142,1,37
5143,1,36
5144,0,15
5145,0,15
5146,0,12
5147,0,12
5148,0,12
5149,0,12
5150,1,36
5151,0,12
5152,1,36
5153,0,12
5154,1,36
5155,1,43
5156,0,15
5157,1,43
5158,0,12
5159,0,12
5160,0,15
5161,1,36
5162,0,12
5163,1,36
5164,0,15
5165,1,36
5166,0,15
5167,0,12
5168,0,15
5169,1,36
5170,0,12
5171,0,15
5172,0,12
5173,1,36
5174,1,43
5175,0,15
5176,0,15
5177,2,72
5178,0,12
5179,23,71
5180,0,12
5181,0,12
5182,5,91
5183,0,12
5184,0,12
5185,0,12
5186,1,36
5187,0,15
5188,0,12
5189,1,36
5190,1,43
5191,0,12
5192,0,12
5193,0,12
5194,0,12
5195,0,12
5196,0,12
5197,1,53
5198,1,36
5199,0,12
5200,0,12
5201,1,36
5202,1,36
5203,0,15
5204,0,15
5205,0,15
5206,3,88
5207,0,12
5208,0,15
5209,0,12
5210,1,36
5211,0,15
5212,0,15
5213,0,12
5214,0,12
5215,0,12
5216,0,12
5217,0,15
5218,0,12
5219,2,60
5220,1,36
5221,1,36
5222,0,15
5223,1,36
5224,0,15
5225,0,15
5226,5,45
5227,0,18
5228,1,37
5229,0,12
5230,1,36
5231,0,15
5232,0,12
5233,0,12
5234,0,12
5235,1,36
5236,0,12
5237,0,12
5238,0,12
5239,0,15
5240,0,12
5241,1,36
5242,0,15
5243,1,36
5244,0,12
5245,1,37
5246,0,12
5247,0,12
5248,0,12
5249,1,36
5250,1,36
5251,0,12
5252,3,101
5253,0,12
5254,0,12
5255,0,12
5256,0,15
5257,0,15
5258,0,12
5259,1,43
5260,0,12
5261,0,15
5262,0,12
5263,1,36
5264,0,15
5265,2,60
5266,0,15
5267,1,36
5268,1,36
5269,0,12
5270,2,60
5271,0,15
5272,0,12
5273,0,12
5274,2,72
5275,4,78
5276,0,12
5277,0,15
5278,0,12
5279,0,12
5280,0,12
5281,0,12
5282,1,36
5283,1,43
5284,5,45
5285,1,36
5286,0,15
5287,0,12
5288,0,12
5289,0,15
5290,0,12
5291,0,15
5292,0,15
5293,1,36
5294,0,12
5295,0,12
5296,0,15
5297,0,12
5298,2,60
5299,1,43
5300,1,43
5301,1,36
5302,1,36
5303,0,12
5304,0,12
5305,0,12
5306,0,12
5307,1,36
5308,0,15
5309,1,36
5310,1,36
5311,0,12
5312,5,44
5313,0,12
5314,1,36
5315,0,15
5316,0,12
5317,0,12
5318,1,36
5319,1,36
5320,0,12
5321,0,12
5322,0,12
5323,0,12
5324,0,12
5325,0,12
5326,0,12
5327,1,37
5328,1,36
5329,1,36
5330,0,12
5331,0,12
5332,1,36
5333,0,18
5334,1,36
5335,1,36
5336,0,12
5337,0,12
5338,1,36
5339,0,12
5340,1,44
5341,1,43
5342,0,12
5343,2,63
5344,0,15
5345,1,43
5346,1,36
5347,1,36
5348,0,15
5349,0,15
5350,1,36
5351,1,36
5352,0,12
5353,1,36
5354,0,15
5355,2,74
5356,0,15
5357,1,43
5358,0,15
5359,1,36
5360,1,36
5361,1,36
5362,0,12
5363,1,36
5364,0,15
5365,0,15
5366,0,15
5367,0,12
5368,2,71
5369,0,12
5370,0,15
5371,0,15
5372,1,36
5373,0,15
5374,0,15
5375,1,36
5376,1,36
5377,0,15
5378,0,12
5379,0,12
5380,0,15
5381,0,15
5382,4,78
5383,1,36
5384,0,15
5385,0,15
5386,1,36
5387,1,43
5388,0,12
5389,0,15
5390,0,12
5391,0,15
5392,1,36
5393,1,36
5394,0,12
5395,1,44
5396,0,12
5397,1,36
5398,1,36
5399,0,12
5400,3,103
5401,0,12
5402,1,36
5403,0,15
5404,0,18
5405,0,12
5406,1,37
5407,1,36
5408,1,36
5409,1,36
5410,0,12
5411,0,12
5412,0,12
5413,0,15
5414,0,12
5415,0,12
5416,1,43
5417,0,12
5418,1,36
5419,0,12
5420,0,12
5421,0,15
5422,0,12
5423,0,15
5424,2,60
5425,0,12
5426,0,12
5427,0,12
5428,0,12
5429,0,12
5430,0,12
5431,1,36
5432,1,36
5433,2,61
5434,5,47
5435,1,36
5436,0,12
5437,0,12
5438,1,36
5439,0,15
5440,0,15
5441,1,37
5442,0,12
5443,1,45
5444,0,12
5445,1,36
5446,1,44
5447,0,12
5448,0,15
5449,0,12
5450,1,37
5451,0,12
5452,1,37
5453,0,12
5454,2,60
5455,0,15
5456,0,15
5457,0,15
5458,0,12
5459,0,12
5460,0,15
5461,2,72
5462,0,12
5463,0,12
5464,3,103
5465,0,12
5466,1,36
5467,0,12
5468,1,36
5469,1,43
5470,0,12
5471,0,12
5472,1,36
5473,0,12
5474,1,45
5475,2,60
5476,0,12
5477,2,60
5478,1,43
5479,1,43
5480,0,12
5481,0,12
5482,0,12
5483,0,15
5484,0,12
5485,0,12
5486,0,12
5487,1,36
5488,0,15
5489,0,12
5490,1,36
5491,0,12
5492,6,120
5493,0,15
5494,0,12
5495,0,12
5496,1,36
5497,1,43
5498,0,12
5499,0,12
5500,1,36
5501,1,37
5502,0,12
5503,0,12
5504,0,15
5505,0,15
5506,1,36
5507,0,15
5508,1,36
5509,0,15
5510,2,71
5511,1,36
5512,0,12
5513,0,12
5514,2,75
5515,0,12
5516,0,12
5517,0,12
5518,0,12
5519,5,45
5520,0,12
5521,3,64
5522,2,71
5523,0,15
5524,3,84
5525,0,12
5526,1,36
5527,0,12
5528,0,12
5529,0,15
5530,0,12
5531,1,43
5532,2,60
5533,0,12
5534,0,15
5535,1,36
5536,0,12
5537,0,12
5538,0,12
5539,1,36
5540,1,53
5541,0,15
5542,1,36
5543,0,12
5544,1,36
5545,0,12
5546,1,36
5547,1,37
5548,0,12
5549,0,12
5550,1,36
5551,0,12
5552,0,12
5553,0,15
5554,2,73
5555,1,36
5556,3,87
5557,0,15
5558,0,12
5559,0,12
5560,1,36
5561,2,60
5562,0,12
5563,1,37
5564,1,36
5565,0,12
5566,0,12
5567,0,15
5568,1,36
5569,1,36
5570,0,12
5571,0,12
5572,0,15
5573,0,18
5574,1,37
5575,0,12
5576,0,12
5577,0,15
5578,1,36
5579,1,36
5580,1,36
5581,1,43
5582,0,12
5583,1,36
5584,2,64
5585,0,15
5586,1,36
5587,1,36
5588,1,36
5589,0,15
5590,2,60
5591,0,12
5592,1,37
5593,1,36
5594,0,15
5595,1,43
5596,1,36
5597,2,60
5598,1,36
5599,0,15
5600,0,18
5601,1,36
5602,2,61
5603,0,12
5604,0,12
5605,1,36
5606,1,36
5607,5,100
5608,0,12
5609,2,60
5610,0,15
5611,0,15
5612,23,71
5613,0,12
5614,1,40
5615,0,15
5616,1,43
5617,0,12
5618,2,61
5619,0,15
5620,1,36
5621,0,12
5622,0,15
5623,0,12
5624,5,47
5625,0,12
5626,0,12
5627,1,36
5628,0,15
5629,0,15
5630,0,15
5631,0,12
5632,1,36
5633,0,12
5634,0,12
5635,1,37
5636,0,12
5637,0,15
5638,1,44
5639,0,12
5640,0,15
5641,0,15
5642,0,12
5643,1,36
5644,0,12
5645,0,12
5646,1,36
5647,0,15
5648,0,12
5649,0,12
5650,1,36
5651,0,15
5652,1,36
5653,1,36
5654,0,15
5655,5,44
5656,0,12
5657,0,12
5658,1,36
5659,0,15
5660,1,36
5661,0,12
5662,2,60
5663,0,15
5664,0,12
5665,0,12
5666,1,79
5667,5,47
5668,2,60
5669,1,36
5670,1,36
5671,0,15
5672,0,12
5673,0,15
5674,0,12
5675,1,36
5676,0,12
5677,0,15
5678,3,88
5679,0,15
5680,1,37
5681,0,12
5682,1,36
5683,1,36
5684,1,36
5685,1,43
5686,23,71
5687,1,36
5688,1,40
5689,1,40
5690,0,12
5691,23,71
5692,0,15
5693,0,12
5694,2,63
5695,0,12
5696,1,36
5697,0,12
5698,1,43
5699,1,43
5700,0,12
5701,0,12
5702,1,36
5703,0,12
5704,0,15
5705,1,36
5706,0,12
5707,0,15
5708,2,60
5709,0,15
5710,0,15
5711,1,36
5712,0,12
5713,0,15
5714,0,12
5715,1,44
5716,0,12
5717,0,15
5718,1,36
5719,0,12
5720,1,36
5721,0,12
5722,0,15
5723,0,12
5724,2,63
5725,0,12
5726,2,72
5727,0,15
5728,1,43
5729,1,36
5730,1,37
5731,0,12
5732,1,36
5733,5,44
5734,1,36
5735,0,15
5736,0,12
5737,1,36
5738,0,12
5739,0,15
5740,0,15
5741,1,37
5742,1,36
5743,1,43
5744,0,12
5745,1,43
5746,0,12
5747,3,100
5748,0,15
5749,0,12
5750,0,15
5751,1,36
5752,0,15
5753,0,12
5754,1,43
5755,1,43
5756,0,15
5757,0,12
5758,2,122
5759,1,37
5760,0,15
5761,0,15
5762,0,15
5763,1,36
5764,5,45
5765,0,15
5766,1,36
5767,1,36
5768,1,43
5769,1,36
5770,1,36
5771,0,15
5772,0,15
5773,1,37
5774,0,12
5775,5,45
5776,0,15
5777,2,60
5778,5,45
5779,1,36
5780,1,36
5781,0,15
5782,1,36
5783,2,62
5784,1,43
5785,0,15
5786,0,12
5787,0,12
5788,0,12
5789,1,36
5790,1,36
5791,0,15
5792,0,15
5793,0,12
5794,0,12
5795,4,66
5796,0,12
5797,1,36
5798,0,12
5799,0,12
5800,0,12
5801,0,12
5802,0,12
5803,0,12
5804,0,15
5805,0,12
5806,0,12
5807,1,36
5808,0,12
5809,1,36
5810,1,54
5811,0,12
5812,0,15
5813,0,12
5814,0,12
5815,1,36
5816,1,36
5817,0,12
5818,1,45
5819,0,12
5820,0,15
5821,3,90
5822,0,12
5823,0,12
5824,1,43
5825,1,43
5826,0,15
5827,1,36
5828,0,15
5829,0,12
5830,0,15
5831,0,18
5832,0,15
5833,0,15
5834,0,12
5835,0,12
5836,0,12
5837,0,12
5838,0,12
5839,0,12
5840,0,15
5841,0,12
5842,1,43
5843,2,71
5844,0,15
5845,29,130
5846,1,36
5847,0,18
5848,1,36
5849,0,15
5850,1,36
5851,0,12
5852,1,36
5853,0,12
5854,1,36
5855,0,15
5856,0,15
5857,0,12
5858,0,15
5859,1,37
5860,0,12
5861,0,15
5862,1,36
5863,1,36
5864,0,15
5865,2,64
5866,0,12
5867,1,36
5868,1,36
5869,1,43
5870,2,60
5871,2,60
5872,0,15
5873,0,15
5874,0,15
5875,0,15
5876,0,12
5877,0,12
5878,0,12
5879,0,12
5880,0,12
5881,0,12
5882,1,37
5883,0,15
5884,0,12
5885,0,12
5886,0,12
5887,1,36
5888,0,12
5889,0,15
5890,0,12
5891,0,12
5892,0,12
5893,1,36
5894,5,44
5895,1,43
5896,0,12
5897,1,36
5898,0,12
5899,4,66
5900,1,37
5901,0,15
5902,0,15
5903,0,12
5904,1,37
5905,0,12
5906,0,12
5907,28,253
5908,1,36
5909,2,61
5910,0,15
5911,0,12
5912,1,36
5913,1,36
5914,0,12
5915,0,15
5916,0,12
5917,1,36
5918,5,135
5919,0,12
5920,1,36
5921,0,18
5922,0,15
5923,1,43
5924,2,60
5925,0,12
5926,0,12
5927,0,12
5928,1,36
5929,1,36
5930,1,36
5931,1,36
5932,0,18
5933,1,36
5934,2,60
5935,0,15
5936,0,12
5937,2,61
5938,0,12
5939,1,36
5940,1,36
5941,0,15
5942,2,60
5943,0,12
5944,0,12
5945,1,36
5946,0,12
5947,1,36
5948,1,37
5949,1,36
5950,1,36
5951,1,40
5952,0,12
5953,0,12
5954,0,12
5955,0,15
5956,0,12
5957,1,36
5958,1,44
5959,2,60
5960,1,43
5961,0,15
5962,0,12
5963,0,12
5964,0,15
5965,0,12
5966,1,36
5967,39,309
5968,1,36
5969,0,15
5970,3,100
5971,2,61
5972,0,15
5973,1,43
5974,1,37
5975,5,45
5976,1,37
5977,1,44
5978,0,15
5979,2,60
5980,0,12
5981,0,12
5982,0,15
5983,0,12
5984,0,15
5985,1,43
5986,1,36
5987,0,15
5988,0,12
5989,0,15
5990,0,12
5991,0,12
5992,0,12
5993,0,12
5994,1,36
5995,0,12
5996,0,12
5997,0,12
5998,0,12
5999,0,12
6000,0,12
6001,0,12
6002,0,15
6003,3,84
6004,0,15
6005,5,45
6006,0,15
6007,1,36
6008,1,36
6009,0,15
6010,0,12
6011,0,15
6012,1,37
6013,0,12
6014,1,36
6015,2,60
6016,0,12
6017,0,12
6018,0,12
6019,0,12
6020,0,12
6021,1,45
6022,1,36
6023,0,12
6024,1,37
6025,1,36
6026,2,60
6027,0,15
6028,1,36
6029,0,15
6030,1,36
6031,0,12
6032,0,12
6033,0,12
6034,2,71
6035,0,12
6036,0,12
6037,0,12
6038,2,61
6039,1,36
6040,0,12
6041,0,12
6042,1,37
6043,2,60
6044,0,12
6045,5,45
6046,0,15
6047,0,12
6048,0,12
6049,0,12
6050,1,36
6051,0,12
6052,1,36
6053,1,36
6054,0,15
6055,0,12
6056,0,15
6057,1,36
6058,2,71
6059,1,36
6060,0,15
6061,2,60
6062,0,12
6063,1,43
6064,1,36
6065,0,15
6066,1,36
6067,0,15
6068,1,36
6069,0,12
6070,1,93
6071,1,37
6072,1,43
6073,1,36
6074,0,15
6075,0,15
6076,0,15
6077,0,12
6078,0,12
6079,0,15
6080,0,15
6081,1,43
6082,0,12
6083,1,36
6084,1,43
6085,0,15
6086,1,43
6087,0,12
6088,1,36
6089,0,12
6090,0,12
6091,1,43
6092,0,12
6093,0,12
6094,0,12
6095,1,43
6096,0,12
6097,1,43
6098,0,15
6099,5,45
6100,0,15
6101,0,12
6102,0,12
6103,0,12
6104,0,12
6105,0,12
6106,1,36
6107,0,15
6108,0,12
6109,0,12
6110,1,36
6111,1,36
6112,1,36
6113,0,12
6114,0,12
6115,5,44
6116,0,15
6117,3,103
6118,3,102
6119,0,12
6120,1,37
6121,0,12
6122,2,72
6123,0,15
6124,0,12
6125,1,36
6126,0,18
6127,5,94
6128,0,15
6129,0,12
6130,0,12
6131,1,36
6132,0,15
6133,0,15
6134,1,36
6135,1,43
6136,0,12
6137,0,15
6138,0,12
6139,3,84
6140,2,61
6141,1,36
6142,0,12
6143,3,87
6144,5,45
6145,1,37
6146,1,36
6147,0,12
6148,0,12
6149,0,12
6150,0,15
6151,0,12
6152,2,61
6153,0,15
6154,0,15
6155,1,36
6156,2,71
6157,1,36
6158,0,12
6159,0,15
6160,0,12
6161,0,12
6162,2,75
6163,0,15
6164,1,36
6165,0,12
6166,1,37
6167,0,15
6168,0,12
6169,0,12
6170,5,44
6171,0,12
6172,0,15
6173,0,15
6174,1,36
6175,0,12
6176,1,37
6177,0,12
6178,1,45
6179,0,12
6180,0,15
6181,1,36
6182,0,18
6183,1,36
6184,0,12
6185,0,15
6186,1,36
6187,0,12
6188,0,12
6189,2,72
6190,0,12
6191,2,61
6192,0,12
6193,1,36
6194,0,12
6195,1,36
6196,0,15
6197,1,45
6198,1,36
6199,1,43
6200,1,36
6201,1,40
6202,0,12
6203,0,12
6204,0,15
6205,0,12
6206,0,12
6207,0,12
6208,2,60
6209,1,36
6210,0,15
6211,0,12
6212,2,60
6213,0,15
6214,0,15
6215,0,12
6216,0,15
6217,0,15
6218,0,12
6219,1,36
6220,0,12
6221,0,15
6222,1,36
6223,0,15
6224,1,36
6225,1,36
6226,0,15
6227,0,15
6228,1,36
6229,0,12
6230,0,12
6231,1,36
6232,1,36
6233,1,36
6234,0,12
6235,0,12
6236,0,12
6237,0,12
6238,0,15
6239,31,134
6240,1,36
6241,1,36
6242,0,12
6243,1,43
6244,0,15
6245,2,62
6246,1,43
6247,0,12
6248,2,72
6249,0,15
6250,1,40
6251,0,12
6252,0,12
6253,0,15
6254,1,36
6255,0,15
6256,0,12
6257,0,12
6258,0,12
6259,1,36
6260,0,12
6261,0,15
6262,1,45
6263,0,12
6264,0,15
6265,0,12
6266,0,15
6267,2,61
6268,0,12
6269,0,12
6270,2,60
6271,1,36
6272,1,36
6273,0,12
6274,0,12
6275,0,18
6276,5,44
6277,0,12
6278,0,15
6279,0,12
6280,0,15
6281,2,60
6282,0,12
6283,0,12
6284,1,43
6285,0,12
6286,0,12
6287,1,43
6288,0,15
6289,0,12
6290,0,12
6291,0,15
6292,0,12
6293,0,15
6294,1,36
6295,1,36
6296,0,12
6297,0,15
6298,1,36
6299,0,12
6300,0,12
6301,1,36
6302,1,36
6303,0,15
6304,1,36
6305,0,18
6306,0,12
6307,0,12
6308,0,12
6309,1,43
6310,0,15
6311,0,15
6312,2,71
6313,0,12
6314,0,12
6315,2,61
6316,0,12
6317,0,12
6318,1,45
6319,0,15
6320,1,36
6321,0,12
6322,0,15
6323,0,15
6324,1,36
6325,1,36
6326,1,36
6327,5,45
6328,2,71
6329,2,71
6330,1,43
6331,0,12
6332,1,43
6333,2,60
6334,1,36
6335,0,12
6336,1,36
6337,1,37
6338,0,15
6339,0,15
6340,0,12
6341,0,12
6342,0,12
6343,1,36
6344,1,37
6345,1,36
6346,1,36
6347,0,15
6348,0,12
6349,0,15
6350,1,36
6351,0,12
6352,2,60
6353,2,71
6354,4,66
6355,1,36
6356,0,15
6357,1,36
6358,1,43
6359,0,15
6360,0,12
6361,0,12
6362,0,12
6363,0,12
6364,0,15
6365,0,15
6366,2,60
6367,3,87
6368,0,18
6369,1,36
6370,0,12
6371,1,43
6372,0,12
6373,1,36
6374,2,60
6375,1,36
6376,0,15
6377,0,12
6378,2,60
6379,2,73
6380,0,12
6381,0,12
6382,0,15
6383,1,36
6384,1,36
6385,0,15
6386,0,12
6387,6,86
6388,0,12
6389,0,12
6390,1,37
6391,0,12
6392,1,36
6393,1,36
6394,0,12
6395,0,15
6396,0,12
6397,1,36
6398,0,12
6399,1,45
6400,1,37
6401,0,12
6402,0,15
6403,0,12
6404,1,43
6405,4,118
6406,0,12
6407,0,12
6408,0,12
6409,1,36
6410,1,36
6411,1,36
6412,1,36
6413,0,15
6414,1,37
6415,1,36
6416,1,36
6417,1,36
6418,1,43
6419,1,36
6420,3,103
6421,0,15
6422,0,12
6423,0,12
6424,0,12
6425,0,12
6426,0,12
6427,0,15
6428,1,40
6429,2,71
6430,0,12
6431,2,60
6432,1,36
6433,1,36
6434,0,12
6435,0,12
6436,0,12
6437,0,12
6438,1,36
6439,0,12
6440,0,15
6441,0,15
6442,2,63
6443,2,61
6444,3,84
6445,3,87
6446,1,36
6447,1,36
6448,0,12
6449,1,36
6450,0,15
6451,0,12
6452,0,12
6453,0,15
6454,1,36
6455,4,66
6456,0,12
6457,0,15
6458,0,15
6459,1,36
6460,2,60
6461,0,15
6462,1,36
6463,0,15
6464,1,36
6465,1,36
6466,1,36
6467,0,15
6468,0,12
6469,0,15
6470,1,43
6471,3,84
6472,0,15
6473,0,15
6474,2,73
6475,0,12
6476,0,12
6477,0,15
6478,1,36
6479,0,12
6480,0,15
6481,0,12
6482,0,12
6483,0,15
6484,0,12
6485,2,61
6486,0,12
6487,0,15
6488,1,36
6489,0,12
6490,0,12
6491,0,12
6492,0,12
6493,0,15
6494,0,15
6495,0,12
6496,1,36
6497,0,12
6498,0,12
6499,0,12
6500,1,36
6501,0,15
6502,0,15
6503,0,12
6504,1,36
6505,0,12
6506,0,12
6507,0,12
6508,0,15
6509,0,12
6510,1,36
6511,0,12
6512,1,36
6513,1,36
6514,0,12
6515,0,15
6516,0,12
6517,1,36
6518,0,15
6519,0,15
6520,1,36
6521,1,37
6522,0,12
6523,1,37
6524,0,12
6525,0,15
6526,0,15
6527,1,36
6528,0,15
6529,0,12
6530,0,15
6531,1,36
6532,1,43
6533,0,12
6534,1,36
6535,0,12
6536,0,12
6537,0,15
6538,0,12
6539,1,36
6540,0,15
6541,3,103
6542,0,15
6543,1,36
6544,0,12
6545,0,12
6546,0,15
6547,5,45
6548,2,60
6549,2,60
6550,0,12
6551,0,15
6552,2,60
6553,1,36
6554,0,12
6555,0,12
6556,0,12
6557,1,36
6558,2,60
6559,7,93
6560,1,36
6561,1,43
6562,2,63
6563,0,12
6564,0,15
6565,0,12
6566,1,36
6567,0,15
6568,1,36
6569,1,36
6570,0,12
6571,0,15
6572,0,12
6573,0,15
6574,0,12
6575,0,12
6576,0,15
6577,0,12
6578,0,12
6579,1,36
6580,2,60
6581,0,12
6582,0,15
6583,0,12
6584,1,36
6585,0,12
6586,0,15
6587,0,12
6588,0,15
6589,1,36
6590,1,36
6591,0,12
6592,5,45
6593,0,15
6594,0,12
6595,0,12
6596,0,12
6597,0,12
6598,1,36
6599,0,12
6600,0,12
6601,0,15
6602,0,12
6603,1,37
6604,0,12
6605,0,12
6606,1,36
6607,1,53
6608,0,12
6609,1,36
6610,1,36
6611,0,15
6612,0,15
6613,1,43
6614,0,12
6615,2,61
6616,0,12
6617,0,15
6618,3,84
6619,0,12
6620,0,12
6621,0,12
6622,0,12
6623,0,15
6624,0,12
6625,0,12
6626,1,36
6627,1,36
6628,0,15
6629,0,15
6630,3,87
6631,6,68
6632,0,12
6633,1,36
6634,1,36
6635,1,36
6636,0,12
6637,1,36
6638,1,36
6639,0,12
6640,1,36
6641,1,36
6642,0,12
6643,0,12
6644,1,36
6645,0,15
6646,0,12
6647,1,36
6648,0,12
6649,0,15
6650,4,66
6651,1,36
6652,1,36
6653,1,36
6654,0,12
6655,0,15
6656,0,12
6657,0,15
6658,2,75
6659,0,12
6660,0,12
6661,3,84
6662,0,15
6663,0,15
6664,1,36
6665,6,68
6666,0,12
6667,0,12
6668,0,12
6669,1,36
6670,1,36
6671,0,12
6672,1,36
6673,0,12
6674,1,36
6675,0,15
6676,0,15
6677,0,12
6678,0,12
6679,0,15
6680,1,36
6681,1,36
6682,0,12
6683,1,36
6684,0,12
6685,0,15
6686,0,12
6687,1,36
6688,0,12
6689,1,36
6690,0,15
6691,0,15
6692,1,36
6693,0,15
6694,0,12
6695,0,12
6696,0,12
6697,0,12
6698,1,36
6699,0,12
6700,1,36
6701,0,15
6702,1,37
6703,0,15
6704,0,12
6705,2,102
6706,0,12
6707,1,36
6708,0,15
6709,1,37
6710,1,36
6711,1,36
6712,0,15
6713,5,45
6714,0,15
6715,2,63
6716,0,12
6717,0,12
6718,1,36
6719,0,12
6720,2,71
6721,0,12
6722,0,15
6723,1,36
6724,1,36
6725,0,15
6726,2,60
6727,0,12
6728,0,12
6729,0,12
6730,0,15
6731,0,15
6732,0,15
6733,1,37
6734,0,15
6735,1,36
6736,0,15
6737,29,257
6738,1,36
6739,0,12
6740,0,12
6741,2,60
6742,0,12
6743,1,43
6744,1,37
6745,1,36
6746,0,15
6747,2,64
6748,0,12
6749,3,106
6750,0,12
6751,1,43
6752,0,15
6753,1,36
6754,0,15
6755,0,15
6756,1,37
6757,0,18
6758,1,36
6759,1,36
6760,1,36
6761,0,15
6762,1,36
6763,0,12
6764,5,45
6765,1,36
6766,0,15
6767,1,36
6768,1,37
6769,1,36
6770,0,15
6771,0,15
6772,1,36
6773,0,12
6774,0,15
6775,0,12
6776,0,12
6777,1,36
6778,0,12
6779,1,36
6780,0,12
6781,0,15
6782,0,15
6783,0,15
6784,1,36
6785,0,12
6786,0,12
6787,0,15
6788,0,12
6789,2,71
6790,0,12
6791,1,37
6792,0,12
6793,0,15
6794,1,36
6795,1,36
6796,2,71
6797,2,71
6798,1,36
6799,1,36
6800,0,12
6801,3,88
6802,1,36
6803,0,12
6804,1,36
6805,0,12
6806,2,71
6807,0,15
6808,0,15
6809,0,12
6810,0,12
6811,0,12
6812,0,12
6813,1,43
6814,2,63
6815,0,12
6816,0,12
6817,0,15
6818,1,36
6819,1,37
6820,1,36
6821,1,36
6822,0,12
6823,1,36
6824,0,12
6825,0,15
6826,1,36
6827,0,12
6828,1,43
6829,0,12
6830,0,12
6831,0,12
6832,0,12
6833,0,12
6834,1,36
6835,0,12
6836,1,36
6837,0,12
6838,2,71
6839,1,36
6840,0,15
6841,1,43
6842,4,128
6843,1,36
6844,0,12
6845,1,36
6846,0,12
6847,0,15
6848,0,15
6849,0,12
6850,0,12
6851,0,12
6852,0,15
6853,0,15
6854,1,36
6855,1,36
6856,2,60
6857,0,12
6858,1,36
6859,0,12
6860,0,15
6861,1,36
6862,0,15
6863,1,36
6864,2,63
6865,0,12
6866,0,12
6867,1,36
6868,0,15
6869,0,15
6870,1,37
6871,0,15
6872,0,12
6873,0,12
6874,0,12
6875,1,36
6876,0,15
6877,1,36
6878,0,15
6879,0,15
6880,0,12
6881,2,60
6882,0,12
6883,0,15
6884,0,15
6885,0,12
6886,0,15
6887,0,15
6888,0,12
6889,0,12
6890,0,12
6891,0,12
6892,1,36
6893,0,15
6894,1,36
6895,1,36
6896,0,12
6897,0,12
6898,3,103
6899,1,36
6900,1,43
6901,0,12
6902,0,15
6903,1,43
6904,0,15
6905,0,15
6906,1,43
6907,2,61
6908,1,36
6909,0,12
6910,0,12
6911,2,60
6912,6,140
6913,0,12
6914,0,15
6915,0,12
6916,1,43
6917,0,12
6918,0,12
6919,0,12
6920,0,12
6921,0,12
6922,0,12
6923,0,12
6924,0,12
6925,0,12
6926,1,43
6927,0,12
6928,1,36
6929,1,37
6930,0,15
6931,1,36
6932,1,36
6933,1,36
6934,0,15
6935,0,15
6936,0,15
6937,2,71
6938,0,15
6939,0,15
6940,1,36
6941,0,12
6942,2,60
6943,0,12
6944,1,36
6945,0,15
6946,0,12
6947,1,43
6948,0,12
6949,0,12
6950,1,36
6951,1,37
6952,0,12
6953,0,12
6954,2,60
6955,0,15
6956,1,36
6957,0,15
6958,0,15
6959,3,86
6960,0,15
6961,0,12
6962,0,15
6963,0,12
6964,0,18
6965,3,92
6966,1,36
6967,0,12
6968,0,12
6969,1,37
6970,1,45
6971,1,36
6972,5,44
6973,1,36
6974,0,12
6975,1,36
6976,1,36
6977,6,107
6978,1,43
6979,0,12
6980,0,12
6981,1,43
6982,0,12
6983,1,43
6984,0,12
6985,1,36
6986,1,44
6987,2,60
6988,0,12
6989,0,12
6990,0,15
6991,0,12
6992,1,36
6993,1,43
6994,0,15
6995,0,12
6996,1,36
6997,0,12
6998,0,15
6999,1,36
7000,1,36
7001,0,12
7002,0,15
7003,0,15
7004,0,12
7005,1,37
7006,1,36
7007,1,36
7008,0,12
7009,0,12
7010,0,12
7011,0,12
7012,0,12
7013,0,15
7014,0,12
7015,0,15
7016,0,12
7017,0,15
7018,0,12
7019,0,15
7020,0,15
7021,1,36
7022,0,12
7023,1,36
7024,0,12
7025,1,36
7026,1,36
7027,0,12
7028,0,15
7029,1,44
7030,0,12
7031,1,43
7032,2,60
7033,0,15
7034,0,15
7035,1,36
7036,0,15
7037,2,63
7038,1,44
7039,0,15
7040,1,36
7041,1,36
7042,0,12
7043,0,12
7044,1,37
7045,0,12
7046,1,43
7047,0,12
7048,0,12
7049,0,12
7050,1,43
7051,0,12
7052,2,60
7053,0,15
7054,1,36
7055,5,44
7056,0,12
7057,0,15
7058,0,15
7059,1,36
7060,1,36
7061,0,12
7062,0,12
7063,0,15
7064,0,12
7065,0,15
7066,0,12
7067,1,36
7068,0,15
7069,0,12
7070,1,36
7071,0,12
7072,0,15
7073,3,87
7074,0,15
7075,2,71
7076,2,63
7077,0,12
7078,0,12
7079,0,12
7080,0,15
7081,1,43
7082,1,36
7083,0,12
7084,0,15
7085,1,36
7086,2,71
7087,0,12
7088,1,36
7089,0,12
7090,1,36
7091,0,15
7092,0,15
7093,1,53
7094,1,36
7095,32,133
7096,2,60
7097,1,36
7098,0,15
7099,1,37
7100,0,12
7101,7,148
7102,2,61
7103,1,43
7104,0,12
7105,2,60
7106,1,36
7107,1,43
7108,0,12
7109,1,36
7110,2,61
7111,0,12
7112,1,36
7113,1,36
7114,1,43
7115,1,36
7116,1,37
7117,0,12
7118,4,113
7119,0,12
7120,0,12
7121,0,12
7122,1,36
7123,1,40
7124,0,12
7125,1,36
7126,1,36
7127,29,130
7128,0,12
7129,2,61
7130,0,12
7131,1,36
7132,1,36
7133,1,36
7134,2,71
7135,1,36
7136,0,12
7137,1,43
7138,0,15
7139,0,12
7140,1,36
7141,0,12
7142,0,12
7143,0,12
7144,1,36
7145,0,15
7146,0,12
7147,1,36
7148,1,43
7149,0,15
7150,1,36
7151,1,36
7152,0,15
7153,0,12
7154,1,43
7155,0,15
7156,2,60
7157,1,36
7158,1,36
7159,0,15
7160,1,36
7161,0,15
7162,0,12
7163,0,15
7164,0,15
7165,1,36
7166,2,60
7167,0,15
7168,1,36
7169,0,15
7170,1,36
7171,1,43
7172,0,12
7173,2,72
7174,0,15
7175,0,12
7176,0,15
7177,0,15
7178,1,43
7179,1,36
7180,0,15
7181,0,12
7182,0,12
7183,0,15
7184,0,12
7185,0,15
7186,0,12
7187,0,12
7188,1,37
7189,1,36
7190,0,12
7191,2,72
7192,0,15
7193,0,12
7194,0,12
7195,0,12
7196,0,12
7197,29,130
7198,0,12
7199,1,40
7200,0,15
7201,1,37
7202,0,18
7203,4,129
7204,0,12
7205,2,60
7206,2,75
7207,0,15
7208,0,15
7209,1,36
7210,0,12
7211,1,36
7212,1,36
7213,33,282
7214,0,12
7215,0,12
7216,2,63
7217,2,60
7218,0,15
7219,1,43
7220,0,15
7221,0,12
7222,0,12
7223,4,66
7224,3,101
7225,0,12
7226,0,15
7227,2,60
7228,0,15
7229,0,12
7230,0,12
7231,0,12
7232,1,37
7233,1,36
7234,0,12
7235,0,12
7236,1,36
7237,2,60
7238,0,15
7239,0,12
7240,1,37
7241,0,12
7242,0,15
7243,1,36
7244,1,36
7245,0,15
7246,0,12
7247,3,84
7248,0,12
7249,2,72
7250,0,12
7251,0,12
7252,1,36
7253,1,36
7254,0,12
7255,0,12
7256,1,36
7257,0,12
7258,0,12
7259,0,12
7260,5,45
7261,0,15
7262,0,12
7263,0,12
7264,1,36
7265,0,12
7266,0,12
7267,3,100
7268,0,12
7269,0,12
7270,0,12
7271,0,12
7272,0,12
7273,0,15
7274,34,180
7275,0,15
7276,2,60
7277,0,15
7278,1,37
7279,1,36
7280,1,36
7281,1,36
7282,1,36
7283,0,12
7284,1,43
7285,0,15
7286,0,12
7287,5,44
7288,0,12
7289,1,36
7290,0,12
7291,1,36
7292,2,60
7293,0,15
7294,0,12
7295,0,12
7296,1,43
7297,0,12
7298,4,132
7299,0,15
7300,1,36
7301,1,44
7302,0,12
7303,8,174
7304,0,12
7305,0,15
7306,0,15
7307,0,12
7308,0,12
7309,1,36
7310,0,12
7311,0,12
7312,4,65
7313,0,15
7314,1,36
7315,0,12
7316,0,15
7317,1,43
7318,1,37
7319,0,12
7320,0,15
7321,29,127
7322,1,37
7323,0,12
7324,1,37
7325,4,116
7326,4,65
7327,0,12
7328,0,15
7329,0,12
7330,0,12
7331,1,43
7332,0,12
7333,1,36
7334,0,15
7335,0,12
7336,1,36
7337,0,12
7338,1,37
7339,1,37
7340,0,12
7341,0,12
7342,0,12
7343,0,12
7344,0,12
7345,1,36
7346,0,12
7347,0,15
7348,1,43
7349,1,36
7350,1,36
7351,0,15
7352,1,36
7353,0,12
7354,1,43
7355,0,15
7356,1,36
7357,1,37
7358,0,12
7359,0,12
7360,1,43
7361,0,15
7362,0,12
7363,1,36
7364,0,15
7365,0,12
7366,0,12
7367,1,53
7368,0,15
7369,0,12
7370,0,15
7371,1,36
7372,1,45
7373,1,37
7374,0,12
7375,1,36
7376,0,12
7377,1,43
7378,0,12
7379,0,15
7380,0,12
7381,1,37
7382,0,15
7383,0,12
7384,0,12
7385,1,36
7386,0,12
7387,1,36
7388,0,12
7389,0,15
7390,1,37
7391,0,12
7392,0,12
7393,0,12
7394,2,61
7395,1,44
7396,0,12
7397,2,73
7398,0,12
7399,0,12
7400,1,36
7401,1,36
7402,1,53
7403,0,12
7404,1,36
7405,5,44
7406,0,12
7407,1,36
7408,1,36
7409,0,12
7410,0,12
7411,0,12
7412,1,36
7413,0,12
7414,0,12
7415,0,12
7416,0,12
7417,1,36
7418,0,18
7419,0,12
7420,0,15
7421,0,15
7422,1,36
7423,1,36
7424,0,12
7425,1,44
7426,0,12
7427,0,15
7428,0,12
7429,0,15
7430,0,12
7431,0,12
7432,3,87
7433,1,36
7434,1,36
7435,0,15
7436,1,36
7437,0,12
7438,1,36
7439,0,15
7440,1,36
7441,1,36
7442,0,15
7443,1,36
7444,1,36
7445,1,37
7446,0,15
7447,1,36
7448,2,71
7449,0,12
7450,1,36
7451,0,12
7452,1,36
7453,1,43
7454,2,60
7455,1,36
7456,0,12
7457,0,12
7458,1,37
7459,0,12
7460,1,36
7461,0,12
7462,0,12
7463,0,12
7464,23,71
7465,0,12
7466,0,12
7467,0,12
7468,0,12
7469,6,71
7470,2,60
7471,0,12
7472,1,37
7473,0,12
7474,0,12
7475,1,36
7476,0,12
7477,2,60
7478,0,12
7479,1,43
7480,0,12
7481,0,12
7482,1,37
7483,1,36
7484,1,53
7485,5,44
7486,1,36
7487,0,15
7488,0,12
7489,0,12
7490,1,36
7491,1,36
7492,0,12
7493,1,36
7494,0,12
7495,0,15
7496,1,36
7497,0,12
7498,1,37
7499,0,12
7500,1,43
7501,0,12
7502,0,15
7503,0,15
7504,0,15
7505,1,36
7506,0,12
7507,0,12
7508,0,12
7509,0,12
7510,0,12
7511,0,12
7512,0,12
7513,0,12
7514,0,12
7515,0,12
7516,0,12
7517,0,12
7518,0,15
7519,0,12
7520,0,12
7521,0,12
7522,1,36
7523,0,12
7524,0,12
7525,0,15
7526,19,136
7527,0,12
7528,0,15
7529,1,36
7530,1,36
7531,1,37
7532,0,12
7533,0,15
7534,5,44
7535,0,15
7536,0,12
7537,1,36
7538,0,15
7539,0,12
7540,1,43
7541,0,12
7542,7,98
7543,0,12
7544,0,12
7545,0,12
7546,1,36
7547,0,12
7548,0,12
7549,0,15
7550,0,15
7551,0,15
7552,0,12
7553,0,12
7554,0,12
7555,1,36
7556,0,12
7557,2,60
7558,0,12
7559,0,15
7560,1,43
7561,0,12
7562,1,36
7563,2,60
7564,3,103
7565,0,15
7566,0,12
7567,1,36
7568,2,61
7569,0,15
7570,1,43
7571,3,84
7572,1,43
7573,1,36
7574,1,36
7575,0,15
7576,0,15
7577,1,36
7578,0,12
7579,4,79
7580,1,43
7581,3,87
7582,2,60
7583,0,15
7584,0,12
7585,0,15
7586,0,12
7587,0,12
7588,1,36
7589,1,36
7590,0,12
7591,0,15
7592,1,36
7593,1,36
7594,3,87
7595,0,15
7596,1,36
7597,0,12
7598,1,43
7599,1,36
7600,1,37
7601,1,37
7602,0,12
7603,0,12
7604,1,36
7605,0,15
7606,5,44
7607,1,36
7608,4,78
7609,0,15
7610,0,12
7611,1,43
7612,1,36
7613,1,36
7614,2,60
7615,1,36
7616,1,43
7617,0,15
7618,0,15
7619,0,12
7620,1,37
7621,0,15
7622,0,15
7623,0,15
7624,0,12
7625,0,12
7626,1,36
7627,0,12
7628,2,60
7629,2,60
7630,5,45
7631,0,12
7632,0,12
7633,0,12
7634,1,37
7635,1,36
7636,0,12
7637,0,12
7638,2,71
7639,1,36
7640,0,12
7641,0,15
7642,0,15
7643,29,257
7644,1,36
7645,5,142
7646,0,12
7647,1,43
7648,2,60
7649,0,12
7650,1,36
7651,1,43
7652,0,12
7653,0,15
7654,1,36
7655,0,12
7656,0,15
7657,0,12
7658,0,12
7659,0,15
7660,0,12
7661,2,71
7662,1,36
7663,0,12
7664,2,71
7665,6,188
7666,1,36
7667,1,36
7668,2,71
7669,0,12
7670,0,15
7671,2,71
7672,2,60
7673,0,12
7674,0,15
7675,0,12
7676,0,15
7677,2,72
7678,1,37
7679,1,36
7680,1,40
7681,0,15
7682,0,15
7683,1,36
7684,0,12
7685,0,12
7686,0,12
7687,0,12
7688,0,12
7689,0,12
7690,0,18
7691,0,12
7692,1,43
7693,0,12
7694,0,12
7695,1,45
7696,1,36
7697,2,63
7698,0,15
7699,1,36
7700,0,12
7701,1,36
7702,1,36
7703,0,12
7704,1,36
7705,0,12
7706,1,43
7707,2,60
7708,1,36
7709,0,12
7710,0,18
7711,1,36
7712,0,15
7713,2,60
7714,1,36
7715,0,15
7716,2,63
7717,0,12
7718,0,12
7719,0,15
7720,1,36
7721,2,71
7722,0,12
7723,0,12
7724,1,36
7725,0,12
7726,0,12
7727,1,43
7728,0,15
7729,0,15
7730,0,12
7731,0,15
7732,0,15
7733,0,12
7734,0,12
7735,0,15
7736,0,15
7737,0,15
7738,0,12
7739,0,12
7740,1,36
7741,0,12
7742,1,36
7743,1,43
7744,1,36
7745,0,12
7746,2,60
7747,2,71
7748,0,15
7749,1,36
7750,0,15
7751,0,15
7752,1,43
7753,1,36
7754,0,12
7755,5,95
7756,0,15
7757,0,12
7758,0,12
7759,0,12
7760,1,40
7761,0,12
7762,0,12
7763,1,36
7764,0,12
7765,0,12
7766,0,12
7767,1,45
7768,1,36
7769,0,12
7770,0,15
7771,0,12
7772,15,108
7773,1,43
7774,0,12
7775,1,43
7776,0,12
7777,0,12
7778,0,15
7779,0,12
7780,0,12
7781,1,36
7782,1,36
7783,0,15
7784,1,36
7785,0,12
7786,0,12
7787,1,36
7788,0,15
7789,0,15
7790,0,12
7791,0,12
7792,0,15
7793,0,12
7794,0,12
7795,29,130
7796,0,12
7797,0,12
7798,0,12
7799,0,15
7800,0,12
7801,0,15
7802,0,12
7803,0,12
7804,1,43
7805,0,12
7806,1,37
7807,0,12
7808,0,12
7809,1,36
7810,0,12
7811,0,12
7812,1,36
7813,0,12
7814,0,12
7815,1,43
7816,1,43
7817,1,36
7818,1,45
7819,1,36
7820,0,12
7821,0,12
7822,0,15
7823,0,12
7824,0,12
7825,0,12
7826,0,12
7827,1,36
7828,0,15
7829,1,43
7830,1,36
7831,0,15
7832,0,12
7833,0,12
7834,0,12
7835,0,15
7836,0,12
7837,0,12
7838,1,36
7839,0,12
7840,0,12
7841,0,12
7842,0,15
7843,0,12
7844,0,12
7845,0,12
7846,0,15
7847,0,12
7848,0,15
7849,0,12
7850,0,12
7851,0,12
7852,0,15
7853,0,15
7854,0,12
7855,0,12
7856,0,12
7857,2,71
7858,0,12
7859,0,15
7860,0,15
7861,0,15
7862,0,12
7863,0,12
7864,0,15
7865,0,15
7866,0,12
7867,0,15
7868,0,12
7869,5,44
7870,1,43
7871,0,15
7872,1,36
7873,0,12
7874,1,36
7875,0,15
7876,1,36
7877,0,12
7878,0,12
7879,0,12
7880,0,12
7881,0,12
7882,0,15
7883,0,12
7884,0,15
7885,0,15
7886,0,15
7887,0,15
7888,0,12
7889,1,37
7890,0,12
7891,0,12
7892,0,15
7893,3,84
7894,1,37
7895,1,36
7896,0,15
7897,1,36
7898,0,12
7899,1,36
7900,0,12
7901,0,12
7902,0,12
7903,1,36
7904,1,37
7905,0,12
7906,0,12
7907,1,36
7908,0,12
7909,0,12
7910,4,112
7911,0,12
7912,0,12
7913,1,36
7914,0,15
7915,1,44
7916,1,36
7917,2,71
7918,2,61
7919,0,15
7920,0,12
7921,1,43
7922,0,15
7923,2,60
7924,0,12
7925,0,12
7926,1,43
7927,5,47
7928,1,37
7929,0,12
7930,1,36
7931,1,36
7932,0,15
7933,0,12
7934,1,36
7935,0,15
7936,1,43
7937,0,12
7938,0,15
7939,0,12
7940,1,36
7941,1,37
7942,0,15
7943,0,12
7944,1,40
7945,0,18
7946,0,12
7947,1,36
7948,0,12
7949,0,15
7950,0,12
7951,1,36
7952,2,60
7953,2,60
7954,0,15
7955,1,43
7956,1,37
7957,1,36
7958,0,15
7959,1,36
7960,2,60
7961,2,72
7962,1,36
7963,0,12
7964,0,12
7965,0,12
7966,1,36
7967,0,12
7968,0,15
7969,1,36
7970,0,15
7971,1,37
7972,4,100
7973,0,12
7974,0,15
7975,2,71
7976,1,40
7977,0,15
7978,0,12
7979,0,15
7980,0,12
7981,0,12
7982,0,12
7983,0,15
7984,1,36
7985,0,15
7986,0,15
7987,0,15
7988,1,36
7989,0,15
7990,0,12
7991,0,12
7992,0,15
7993,0,15
7994,2,72
7995,1,36
7996,1,36
7997,0,12
7998,1,36
7999,0,12
8000,0,15
8001,0,12
8002,1,40
8003,1,36
8004,1,36
8005,0,12
8006,0,12
8007,1,36
8008,0,12
8009,1,36
8010,0,15
8011,0,12
8012,0,12
8013,0,15
8014,0,15
8015,0,15
8016,0,12
8017,0,12
8018,5,44
8019,0,18
8020,0,12
8021,0,12
8022,1,36
8023,0,12
8024,0,15
8025,0,12
8026,0,12
8027,1,36
8028,0,12
8029,1,44
8030,1,36
8031,0,12
8032,0,12
8033,0,15
8034,0,15
8035,0,15
8036,0,12
8037,0,12
8038,5,44
8039,0,12
8040,0,12
8041,1,36
8042,1,43
8043,1,36
8044,1,36
8045,0,12
8046,0,15
8047,29,257
8048,1,43
8049,0,12
8050,0,15
8051,0,15
8052,1,36
8053,0,12
8054,1,36
8055,1,36
8056,2,61
8057,0,15
8058,3,103
8059,0,15
8060,0,15
8061,0,15
8062,2,60
8063,0,15
8064,1,36
8065,1,36
8066,0,12
8067,1,36
8068,2,71
8069,0,15
8070,2,60
8071,0,12
8072,0,15
8073,0,12
8074,5,47
8075,0,15
8076,0,12
8077,1,36
8078,0,12
8079,3,85
8080,0,12
8081,1,36
8082,0,15
8083,1,36
8084,1,36
8085,1,36
8086,0,12
8087,1,43
8088,1,36
8089,0,12
8090,0,12
8091,1,36
8092,0,12
8093,0,15
8094,0,12
8095,0,12
8096,0,12
8097,0,12
8098,0,12
8099,4,111
8100,0,12
8101,1,44
8102,1,43
8103,0,15
8104,0,12
8105,1,36
8106,1,36
8107,1,36
8108,0,15
8109,1,43
8110,0,12
8111,1,43
8112,2,60
8113,1,36
8114,0,12
8115,5,91
8116,1,36
8117,0,12
8118,0,18
8119,1,43
8120,1,36
8121,0,15
8122,2,60
8123,0,12
8124,1,43
8125,0,12
8126,1,36
8127,1,36
8128,0,15
8129,5,44
8130,0,15
8131,2,60
8132,1,93
8133,0,12
8134,0,15
8135,0,12
8136,0,12
8137,0,15
8138,1,36
8139,0,12
8140,0,12
8141,0,15
8142,2,60
8143,0,12
8144,1,36
8145,0,12
8146,1,37
8147,2,61
8148,0,12
8149,0,15
8150,0,15
8151,0,12
8152,0,12
8153,0,15
8154,1,36
8155,0,12
8156,0,15
8157,0,12
8158,0,12
8159,0,12
8160,0,15
8161,1,36
8162,1,36
8163,0,12
8164,0,15
8165,1,43
8166,0,12
8167,0,12
8168,0,12
8169,0,12
8170,0,12
8171,0,15
8172,0,12
8173,0,15
8174,0,12
8175,0,12
8176,6,69
8177,0,12
8178,0,12
8179,0,12
8180,1,36
8181,0,12
8182,1,36
8183,0,12
8184,0,12
8185,3,86
8186,1,37
8187,0,15
8188,1,36
8189,0,12
8190,1,36
8191,0,12
8192,1,36
8193,0,12
8194,0,12
8195,3,90
8196,0,12
8197,2,61
8198,0,15
8199,0,15
8200,1,36
8201,1,36
8202,1,36
8203,0,18
8204,1,44
8205,0,15
8206,1,36
8207,0,12
8208,2,62
8209,1,43
8210,1,45
8211,1,36
8212,1,36
8213,1,36
8214,0,15
8215,1,36
8216,0,15
8217,1,36
8218,0,15
8219,0,12
8220,0,18
8221,0,15
8222,0,12
8223,0,15
8224,0,12
8225,0,15
8226,0,12
8227,0,12
8228,1,36
8229,1,36
8230,1,36
8231,0,15
8232,0,15
8233,0,12
8234,0,12
8235,0,12
8236,1,43
8237,0,12
8238,1,37
8239,6,69
8240,0,12
8241,0,12
8242,1,36
8243,2,63
8244,1,37
8245,0,15
8246,0,15
8247,0,15
8248,0,12
8249,0,12
8250,0,15
8251,0,12
8252,1,36
8253,1,36
8254,0,12
8255,1,43
8256,0,12
8257,0,15
8258,0,12
8259,0,12
8260,0,12
8261,0,12
8262,0,12
8263,0,15
8264,0,12
8265,1,36
8266,0,12
8267,0,12
8268,0,12
8269,0,12
8270,0,15
8271,0,12
8272,0,15
8273,0,15
8274,0,15
8275,0,15
8276,1,36
8277,0,12
8278,1,36
8279,18,141
8280,0,15
8281,1,43
8282,0,15
8283,0,12
8284,0,12
8285,0,15
8286,0,12
8287,0,15
8288,1,36
8289,0,12
8290,2,60
8291,0,15
8292,1,36
8293,0,15
8294,0,15
8295,0,12
8296,0,12
8297,0,12
8298,1,36
8299,0,12
8300,0,15
8301,2,71
8302,0,15
8303,0,12
8304,5,90
8305,1,37
8306,0,12
8307,1,36
8308,0,12
8309,0,15
8310,0,15
8311,0,12
8312,0,15
8313,6,69
8314,0,15
8315,1,37
8316,0,15
8317,4,64
8318,0,15
8319,1,36
8320,0,12
8321,0,12
8322,0,15
8323,1,36
8324,0,12
8325,0,15
8326,2,64
8327,0,12
8328,0,15
8329,0,12
8330,1,43
8331,0,12
8332,1,36
8333,0,12
8334,1,36
8335,0,12
8336,0,18
8337,0,12
8338,6,114
8339,0,12
8340,0,15
8341,1,36
8342,1,36
8343,0,12
8344,0,12
8345,1,36
8346,0,15
8347,0,15
8348,1,36
8349,0,12
8350,1,36
8351,0,12
8352,0,15
8353,2,73
8354,0,15
8355,0,12
8356,0,12
8357,0,12
8358,0,12
8359,0,12
8360,1,36
8361,0,12
8362,0,12
8363,2,60
8364,0,12
8365,0,15
8366,1,36
8367,1,43
8368,0,15
8369,0,12
8370,6,69
8371,1,43
8372,1,36
8373,0,12
8374,0,12
8375,3,84
8376,2,64
8377,1,36
8378,0,12
8379,2,60
8380,0,12
8381,0,12
8382,1,43
8383,0,12
8384,0,15
8385,1,43
8386,0,15
8387,0,15
8388,0,15
8389,0,15
8390,1,43
8391,0,15
8392,0,12
8393,0,12
8394,0,12
8395,2,71
8396,0,15
8397,0,15
8398,1,36
8399,0,15
8400,0,12
8401,0,12
8402,2,60
8403,0,12
8404,1,36
8405,1,36
8406,0,12
8407,0,12
8408,0,15
8409,0,15
8410,0,12
8411,5,44
8412,0,15
8413,0,12
8414,0,12
8415,2,63
8416,2,60
8417,1,37
8418,1,36
8419,1,36
8420,0,15
8421,2,60
8422,0,12
8423,0,12
8424,1,36
8425,1,45
8426,0,12
8427,0,15
8428,0,12
8429,1,36
8430,1,36
8431,0,12
8432,1,36
8433,0,12
8434,1,36
8435,0,15
8436,0,15
8437,0,12
8438,0,15
8439,0,18
8440,2,63
8441,23,71
8442,1,36
8443,0,12
8444,1,36
8445,0,12
8446,1,43
8447,0,12
8448,0,12
8449,1,36
8450,1,36
8451,1,43
8452,1,40
8453,1,40
8454,1,36
8455,0,15
8456,1,36
8457,0,15
8458,0,15
8459,0,15
8460,1,36
8461,1,45
8462,1,45
8463,0,15
8464,0,15
8465,1,36
8466,2,71
8467,1,43
8468,1,36
8469,2,60
8470,1,36
8471,2,60
8472,1,36
8473,5,47
8474,0,12
8475,1,37
8476,0,15
8477,3,101
8478,0,12
8479,2,63
8480,1,36
8481,0,12
8482,21,164
8483,0,12
8484,2,63
8485,0,15
8486,0,15
8487,1,36
8488,0,12
8489,0,15
8490,1,37
8491,1,36
8492,1,36
8493,4,66
8494,0,12
8495,1,36
8496,1,36
8497,0,12
8498,1,36
8499,0,15
8500,0,12
8501,1,36
8502,0,12
8503,0,15
8504,1,36
8505,1,36
8506,1,36
8507,1,43
8508,2,60
8509,0,12
8510,0,12
8511,0,15
8512,0,12
8513,5,47
8514,0,15
8515,1,36
8516,1,36
8517,2,122
8518,0,12
8519,0,12
8520,1,36
8521,1,36
8522,0,12
8523,2,60
8524,1,36
8525,1,36
8526,1,36
8527,0,15
8528,1,37
8529,0,12
8530,1,93
8531,0,12
8532,1,36
8533,0,12
8534,1,36
8535,1,36
8536,1,36
8537,1,36
8538,1,36
8539,1,53
8540,0,15
8541,0,15
8542,0,12
8543,1,43
8544,0,12
8545,0,18
8546,0,12
8547,0,12
8548,0,12
8549,0,12
8550,0,12
8551,0,15
8552,1,53
8553,1,36
8554,0,12
8555,0,12
8556,1,36
8557,1,43
8558,0,12
8559,0,12
8560,0,12
8561,0,12
8562,1,36
8563,2,60
8564,0,15
8565,0,15
8566,1,36
8567,0,15
8568,1,43
8569,5,45
8570,1,36
8571,2,60
8572,4,66
8573,1,36
8574,1,36
8575,0,12
8576,1,36
8577,2,60
8578,1,36
8579,0,12
8580,0,12
8581,1,43
8582,1,43
8583,1,36
8584,1,43
8585,1,36
8586,0,15
8587,1,36
8588,0,15
8589,1,43
8590,2,60
8591,0,12
8592,0,15
8593,0,12
8594,0,12
8595,1,36
8596,3,88
8597,0,15
8598,0,12
8599,1,36
8600,2,71
8601,1,36
8602,0,12
8603,1,36
8604,1,36
8605,1,36
8606,0,15
8607,0,15
8608,0,12
8609,0,12
8610,1,45
8611,0,12
8612,1,43
8613,1,45
8614,0,12
8615,0,12
8616,2,60
8617,1,36
8618,0,12
8619,0,12
8620,0,12
8621,0,15
8622,1,36
8623,1,45
8624,1,36
8625,1,40
8626,1,36
8627,1,36
8628,1,43
8629,0,12
8630,1,36
8631,0,15
8632,1,45
8633,1,36
8634,1,36
8635,1,36
8636,0,12
8637,0,12
8638,1,43
8639,1,36
8640,0,15
8641,0,15
8642,0,12
8643,0,12
8644,1,36
8645,0,12
8646,1,36
8647,0,12
8648,1,36
8649,1,36
8650,2,60
8651,1,36
8652,0,15
8653,2,60
8654,0,12
8655,0,12
8656,2,60
8657,0,12
8658,1,43
8659,1,36
8660,0,12
8661,1,45
8662,1,36
8663,0,12
8664,0,12
8665,1,36
8666,1,36
8667,2,61
8668,1,36
8669,1,36
8670,1,43
8671,0,12
8672,0,12
8673,0,12
8674,1,36
8675,1,36
8676,1,45
8677,0,12
8678,0,12
8679,2,60
8680,0,12
8681,1,37
8682,1,37
8683,0,15
8684,1,43
8685,0,12
8686,1,43
8687,1,37
8688,0,15
8689,1,44
8690,0,12
8691,1,36
8692,1,36
8693,1,36
8694,2,60
8695,0,12
8696,1,43
8697,1,44
8698,1,36
8699,0,12
8700,0,12
8701,0,15
8702,1,36
8703,0,12
8704,1,36
8705,0,12
8706,1,36
8707,0,15
8708,0,12
8709,1,36
8710,0,12
8711,0,12
8712,1,43
8713,1,36
8714,0,12
8715,0,12
8716,5,45
8717,0,15
8718,0,12
8719,0,12
8720,0,12
8721,0,12
8722,0,12
8723,0,15
8724,0,12
8725,0,15
8726,0,15
8727,1,36
8728,2,74
8729,0,12
8730,1,43
8731,0,15
8732,0,15
8733,1,36
8734,0,15
8735,0,15
8736,0,12
8737,1,36
8738,0,15
8739,0,15
8740,1,36
8741,1,36
8742,1,37
8743,2,60
8744,0,15
8745,1,37
8746,1,36
8747,0,12
8748,0,12
8749,0,12
8750,1,36
8751,0,12
8752,2,122
8753,0,12
8754,2,63
8755,0,15
8756,0,15
8757,0,12
8758,1,36
8759,0,12
8760,1,36
8761,1,36
8762,0,12
8763,2,72
8764,2,60
8765,0,12
8766,2,71
8767,23,71
8768,1,36
8769,0,12
8770,0,12
8771,0,15
8772,1,43
8773,0,18
8774,1,36
8775,1,36
8776,0,15
8777,0,12
8778,5,47
8779,0,12
8780,1,43
8781,5,45
8782,0,12
8783,0,18
8784,0,15
8785,0,15
8786,1,43
8787,0,15
8788,3,87
8789,0,12
8790,0,12
8791,1,36
8792,1,36
8793,0,15
8794,0,12
8795,0,12
8796,1,36
8797,0,12
8798,1,36
8799,4,65
8800,0,12
8801,5,133
8802,1,36
8803,0,12
8804,0,12
8805,0,15
8806,0,12
8807,0,15
8808,0,15
8809,0,12
8810,0,12
8811,0,15
8812,1,36
8813,0,12
8814,0,12
8815,0,12
8816,1,93
8817,2,61
8818,0,15
8819,1,43
8820,1,43
8821,0,15
8822,0,12
8823,1,43
8824,2,60
8825,0,12
8826,0,12
8827,0,12
8828,0,12
8829,6,68
8830,1,36
8831,1,36
8832,0,15
8833,1,36
8834,0,12
8835,0,12
8836,0,12
8837,2,71
8838,1,36
8839,0,12
8840,0,12
8841,0,12
8842,0,12
8843,0,15
8844,0,12
8845,0,12
8846,0,12
8847,2,60
8848,0,15
8849,1,36
8850,0,15
8851,1,36
8852,1,36
8853,1,36
8854,0,12
8855,0,15
8856,1,36
8857,0,15
8858,0,12
8859,0,12
8860,1,36
8861,1,36
8862,1,36
8863,0,15
8864,2,60
8865,0,12
8866,0,12
8867,0,12
8868,1,36
8869,2,122
8870,0,15
8871,0,12
8872,0,15
8873,0,15
8874,0,12
8875,0,12
8876,0,15
8877,0,12
8878,0,12
8879,0,12
8880,0,12
8881,0,12
8882,0,15
8883,0,12
8884,1,36
8885,0,12
8886,2,60
8887,1,36
8888,2,72
8889,0,12
8890,1,40
8891,0,15
8892,1,36
8893,0,15
8894,4,66
8895,0,12
8896,1,36
8897,0,12
8898,1,36
8899,2,61
8900,0,15
8901,0,12
8902,1,43
8903,0,15
8904,0,12
8905,0,15
8906,1,36
8907,1,43
8908,0,15
8909,1,36
8910,0,15
8911,0,15
8912,1,43
8913,1,36
8914,1,36
8915,1,36
8916,0,12
8917,2,63
8918,1,36
8919,1,36
8920,0,15
8921,0,12
8922,1,43
8923,0,12
8924,0,12
8925,2,60
8926,0,15
8927,0,12
8928,1,43
8929,1,37
8930,0,12
8931,0,12
8932,2,71
8933,0,12
8934,0,15
8935,0,15
8936,0,12
8937,0,15
8938,0,12
8939,1,37
8940,1,36
8941,0,15
8942,0,12
8943,0,12
8944,1,36
8945,0,12
8946,1,36
8947,0,12
8948,0,12
8949,1,36
8950,1,36
8951,0,12
8952,2,60
8953,0,15
8954,0,12
8955,1,36
8956,1,36
8957,5,45
8958,2,60
8959,3,100
8960,1,36
8961,0,12
8962,2,73
8963,4,65
8964,0,15
8965,5,45
8966,1,37
8967,1,36
8968,0,15
8969,0,12
8970,1,36
8971,0,15
8972,1,36
8973,0,12
8974,0,12
8975,0,12
8976,0,12
8977,0,12
8978,1,36
8979,0,12
8980,0,15
8981,1,36
8982,0,12
8983,1,36
8984,0,15
8985,0,15
8986,0,15
8987,0,12
8988,0,15
8989,0,12
8990,0,12
8991,0,15
8992,0,12
8993,0,15
8994,0,15
8995,1,36
8996,0,12
8997,0,15
8998,0,12
8999,0,12
9000,0,15
9001,1,36
9002,0,12
9003,1,36
9004,0,12
9005,0,15
9006,0,15
9007,1,36
9008,0,12
9009,0,15
9010,0,15
9011,2,61
9012,0,12
9013,0,15
9014,1,36
9015,0,12
9016,1,36
9017,0,12
9018,0,12
9019,1,36
9020,0,15
9021,0,15
9022,2,73
9023,0,15
9024,1,36
9025,2,63
9026,1,36
9027,1,36
9028,0,15
9029,0,12
9030,1,36
9031,1,93
9032,0,12
9033,1,36
9034,1,36
9035,2,63
9036,1,36
9037,0,12
9038,2,60
9039,0,15
9040,1,36
9041,1,37
9042,0,15
9043,1,36
9044,0,12
9045,0,12
9046,1,43
9047,1,37
9048,0,15
9049,1,43
9050,0,12
9051,1,53
9052,1,36
9053,1,36
9054,0,12
9055,1,36
9056,2,71
9057,1,36
9058,1,36
9059,0,12
9060,0,12
9061,0,12
9062,1,37
9063,0,12
9064,0,15
9065,1,36
9066,0,15
9067,0,12
9068,0,15
9069,0,12
9070,3,103
9071,1,36
9072,0,12
9073,0,12
9074,0,12
9075,31,134
9076,0,12
9077,1,36
9078,0,12
9079,1,36
9080,1,36
9081,0,12
9082,0,15
9083,0,15
9084,0,12
9085,1,43
9086,1,37
9087,0,12
9088,2,60
9089,0,15
9090,1,36
9091,1,36
9092,0,15
9093,4,65
9094,2,64
9095,0,15
9096,1,43
9097,1,36
9098,0,15
9099,0,12
9100,1,43
9101,0,15
9102,0,15
9103,0,15
9104,1,36
9105,0,12
9106,0,15
9107,0,12
9108,0,12
9109,0,15
9110,1,36
9111,0,15
9112,0,15
9113,1,43
9114,0,15
9115,0,12
9116,0,12
9117,0,12
9118,0,12
9119,0,15
9120,0,15
9121,1,36
9122,1,36
9123,0,15
9124,1,36
9125,2,61
9126,2,71
9127,0,12
9128,3,87
9129,1,36
9130,0,15
9131,1,36
9132,1,36
9133,2,60
9134,2,62
9135,1,36
9136,2,60
9137,3,87
9138,0,12
9139,2,60
9140,0,12
9141,0,15
9142,1,53
9143,1,43
9144,1,36
9145,0,12
9146,0,18
9147,1,36
9148,2,102
9149,1,36
9150,0,15
9151,0,12
9152,1,36
9153,0,12
9154,0,12
9155,0,12
9156,2,60
9157,0,15
9158,2,72
9159,0,12
9160,1,36
9161,1,43
9162,0,15
9163,0,15
9164,0,15
9165,0,15
9166,0,12
9167,1,37
9168,1,36
9169,5,44
9170,1,37
9171,4,65
9172,2,71
9173,0,12
9174,0,15
9175,0,12
9176,0,12
9177,0,12
9178,1,36
9179,0,12
9180,0,15
9181,1,43
9182,1,43
9183,0,12
9184,0,12
9185,0,15
9186,0,12
9187,1,36
9188,1,36
9189,0,12
9190,5,45
9191,2,60
9192,1,36
9193,0,15
9194,1,36
9195,0,12
9196,0,15
9197,0,15
9198,1,43
9199,1,43
9200,0,12
9201,2,72
9202,0,12
9203,0,12
9204,0,12
9205,0,12
9206,1,36
9207,3,84
9208,0,12
9209,0,15
9210,0,12
9211,0,12
9212,1,43
9213,1,43
9214,1,37
9215,0,12
9216,5,45
9217,1,36
9218,2,60
9219,0,12
9220,1,36
9221,0,12
9222,0,12
9223,1,36
9224,1,36
9225,1,36
9226,1,53
9227,1,36
9228,0,12
9229,0,15
9230,1,36
9231,5,47
9232,1,36
9233,5,47
9234,3,84
9235,1,43
9236,3,103
9237,0,15
9238,0,15
9239,1,36
9240,2,63
9241,0,12
9242,2,60
9243,0,12
9244,1,36
9245,1,36
9246,0,12
9247,1,36
9248,1,93
9249,1,36
9250,4,78
9251,1,37
9252,0,12
9253,0,15
9254,1,43
9255,0,12
9256,1,36
9257,0,12
9258,1,36
9259,1,43
9260,1,36
9261,0,12
9262,0,15
9263,1,36
9264,3,103
9265,1,43
9266,0,12
9267,0,15
9268,2,75
9269,1,36
9270,2,71
9271,1,36
9272,0,12
9273,1,36
9274,0,12
9275,1,36
9276,3,101
9277,0,12
9278,0,15
9279,1,36
9280,0,15
9281,0,15
9282,0,12
9283,0,15
9284,1,36
9285,0,12
9286,1,37
9287,2,73
9288,1,43
9289,1,36
9290,1,36
9291,0,12
9292,0,15
9293,0,12
9294,0,15
9295,0,12
9296,0,12
9297,1,36
9298,0,12
9299,1,43
9300,3,84
9301,4,67
9302,1,36
9303,0,15
9304,0,12
9305,0,12
9306,0,12
9307,1,45
9308,0,15
9309,0,12
9310,0,15
9311,0,15
9312,1,37
9313,5,44
9314,0,12
9315,0,12
9316,1,36
9317,0,12
9318,0,12
9319,0,12
9320,0,12
9321,0,12
9322,1,40
9323,6,68
9324,0,12
9325,0,12
9326,0,12
9327,1,43
9328,0,12
9329,0,12
9330,15,117
9331,0,15
9332,1,43
9333,0,15
9334,0,12
9335,1,43
9336,0,12
9337,0,12
9338,0,12
9339,1,36
9340,0,12
9341,0,15
9342,0,12
9343,0,12
9344,0,12
9345,0,15
9346,0,15
9347,0,12
9348,0,12
9349,0,15
9350,1,43
9351,0,15
9352,1,36
9353,0,12
9354,0,15
9355,0,12
9356,0,12
9357,0,12
9358,1,43
9359,0,15
9360,0,12
9361,1,36
9362,1,36
9363,1,43
9364,0,18
9365,0,12
9366,0,15
9367,1,36
9368,0,12
9369,0,15
9370,0,15
9371,0,12
9372,1,43
9373,1,36
9374,0,12
9375,0,12
9376,0,12
9377,0,12
9378,0,12
9379,3,103
9380,1,36
9381,5,45
9382,0,18
9383,0,15
9384,0,12
9385,0,15
9386,0,12
9387,2,75
9388,0,12
9389,0,12
9390,0,12
9391,0,12
9392,0,12
9393,1,36
9394,0,12
9395,0,15
9396,0,12
9397,0,12
9398,0,12
9399,0,12
9400,0,12
9401,1,36
9402,2,72
9403,1,36
9404,0,15
9405,1,43
9406,1,36
9407,1,37
9408,0,15
9409,0,15
9410,1,36
9411,0,12
9412,1,43
9413,0,12
9414,1,36
9415,1,36
9416,0,15
9417,1,36
9418,0,15
9419,2,73
9420,0,12
9421,0,12
9422,1,45
9423,1,36
9424,0,12
9425,0,12
9426,0,15
9427,0,12
9428,0,12
9429,1,36
9430,1,36
9431,0,15
9432,0,12
9433,0,15
9434,0,12
9435,0,12
9436,0,12
9437,0,12
9438,1,37
9439,5,44
9440,32,133
9441,1,43
9442,0,15
9443,0,12
9444,1,36
9445,1,36
9446,1,36
9447,0,12
9448,31,134
9449,1,36
9450,9,96
9451,0,12
9452,0,15
9453,2,60
9454,0,12
9455,29,130
9456,5,108
9457,1,37
9458,0,12
9459,1,36
9460,2,72
9461,0,12
9462,0,12
9463,1,36
9464,1,36
9465,0,12
9466,1,36
9467,0,12
9468,0,12
9469,0,15
9470,1,43
9471,0,15
9472,5,47
9473,0,12
9474,0,12
9475,0,12
9476,0,12
9477,0,12
9478,0,12
9479,0,15
9480,0,12
9481,0,15
9482,0,15
9483,0,12
9484,0,15
9485,1,43
9486,1,36
9487,1,53
9488,0,12
9489,0,12
9490,0,18
9491,1,43
9492,2,60
9493,1,45
9494,1,36
9495,1,43
9496,0,15
9497,0,12
9498,2,88
9499,1,36
9500,0,12
9501,0,12
9502,1,37
9503,0,12
9504,3,85
9505,0,15
9506,0,15
9507,1,36
9508,0,12
9509,0,12
9510,1,43
9511,1,36
9512,0,18
9513,2,71
9514,32,254
9515,0,15
9516,0,12
9517,1,36
9518,0,12
9519,0,15
9520,0,15
9521,0,15
9522,0,15
9523,1,36
9524,0,12
9525,0,15
9526,1,36
9527,1,36
9528,2,71
9529,1,43
9530,1,36
9531,5,44
9532,0,12
9533,1,36
9534,3,100
9535,0,12
9536,0,12
9537,0,12
9538,0,12
9539,0,15
9540,1,36
9541,1,43
9542,1,36
9543,0,12
9544,0,12
9545,0,15
9546,0,18
9547,2,71
9548,0,15
9549,0,12
9550,2,60
9551,0,12
9552,1,43
9553,1,36
9554,0,15
9555,1,43
9556,2,63
9557,3,103
9558,3,100
9559,0,15
9560,0,15
9561,1,43
9562,1,36
9563,1,36
9564,0,15
9565,2,72
9566,1,43
9567,0,15
9568,1,36
9569,0,15
9570,0,15
9571,1,36
9572,0,15
9573,1,37
9574,0,15
9575,0,12
9576,1,36
9577,0,12
9578,1,43
9579,0,12
9580,1,36
9581,0,15
9582,0,12
9583,1,36
9584,5,44
9585,1,36
9586,0,12
9587,0,12
9588,0,12
9589,0,12
9590,0,12
9591,1,37
9592,0,12
9593,0,15
9594,0,12
9595,2,60
9596,0,12
9597,1,36
9598,1,43
9599,0,12
9600,0,15
9601,0,12
9602,1,36
9603,0,12
9604,1,36
9605,0,12
9606,0,12
9607,0,12
9608,1,53
9609,0,12
9610,4,66
9611,1,43
9612,1,36
9613,0,12
9614,1,36
9615,2,60
9616,1,36
9617,0,15
9618,2,71
9619,0,12
9620,1,36
9621,1,43
9622,0,12
9623,1,37
9624,1,36
9625,0,15
9626,5,47
9627,1,36
9628,1,37
9629,0,15
9630,1,36
9631,0,12
9632,0,12
9633,2,63
9634,1,36
9635,0,12
9636,1,36
9637,0,18
9638,1,36
9639,0,12
9640,0,15
9641,0,12
9642,0,12
9643,0,15
9644,1,36
9645,1,36
9646,1,43
9647,1,36
9648,0,15
9649,1,44
9650,0,12
9651,1,43
9652,0,12
9653,0,15
9654,0,12
9655,2,72
9656,1,36
9657,0,15
9658,1,43
9659,0,15
9660,1,36
9661,1,37
9662,1,36
9663,2,60
9664,1,36
9665,0,12
9666,0,15
9667,1,36
9668,0,15
9669,0,12
9670,1,43
9671,0,15
9672,1,43
9673,0,12
9674,2,61
9675,1,36
9676,1,45
9677,0,12
9678,1,45
9679,2,71
9680,0,12
9681,0,12
9682,0,12
9683,1,36
9684,1,37
9685,1,36
9686,0,15
9687,1,36
9688,1,43
9689,1,36
9690,0,15
9691,0,12
9692,0,12
9693,0,12
9694,1,36
9695,1,36
9696,9,98
9697,3,87
9698,0,12
9699,0,12
9700,2,63
9701,0,15
9702,0,12
9703,1,36
9704,0,12
9705,0,12
9706,5,45
9707,0,12
9708,2,71
9709,2,73
9710,0,12
9711,0,12
9712,0,12
9713,0,12
9714,0,12
9715,0,15
9716,1,43
9717,0,12
9718,1,43
9719,0,12
9720,0,18
9721,0,15
9722,1,43
9723,1,36
9724,0,12
9725,2,60
9726,0,12
9727,0,12
9728,0,12
9729,0,12
9730,0,12
9731,2,75
9732,0,12
9733,0,12
9734,1,37
9735,1,43
9736,0,12
9737,1,43
9738,1,36
9739,0,15
9740,0,12
9741,1,36
9742,0,12
9743,0,12
9744,0,12
9745,0,15
9746,1,43
9747,2,60
9748,1,36
9749,0,15
9750,0,12
9751,0,12
9752,0,15
9753,0,12
9754,0,15
9755,0,12
9756,0,15
9757,5,44
9758,29,257
9759,0,12
9760,0,12
9761,2,61
9762,1,36
9763,0,12
9764,1,36
9765,0,12
9766,0,15
9767,0,12
9768,1,36
9769,0,12
9770,0,12
9771,5,45
9772,0,15
9773,2,71
9774,0,15
9775,0,12
9776,0,12
9777,3,84
9778,1,43
9779,1,43
9780,0,15
9781,0,15
9782,0,12
9783,0,12
9784,0,12
9785,1,36
9786,1,36
9787,1,43
9788,0,12
9789,0,12
9790,2,71
9791,0,12
9792,5,44
9793,0,15
9794,0,15
9795,0,12
9796,0,15
9797,0,15
9798,1,36
9799,0,12
9800,0,12
9801,1,43
9802,0,12
9803,0,12
9804,0,12
9805,1,36
9806,5,44
9807,5,156
9808,2,60
9809,1,37
9810,1,37
9811,0,12
9812,2,60
9813,2,60
9814,2,60
9815,1,36
9816,0,12
9817,2,64
9818,1,43
9819,0,15
9820,0,12
9821,0,15
9822,0,12
9823,0,12
9824,0,15
9825,0,15
9826,0,12
9827,0,15
9828,0,12
9829,2,71
9830,0,15
9831,1,37
9832,4,129
9833,0,15
9834,0,12
9835,0,15
9836,1,36
9837,0,12
9838,1,36
9839,20,99
9840,2,60
9841,0,12
9842,1,36
9843,1,43
9844,0,15
9845,0,15
9846,6,68
9847,2,63
9848,0,15
9849,0,15
9850,0,15
9851,0,15
9852,5,47
9853,1,36
9854,0,12
9855,0,12
9856,0,12
9857,1,43
9858,0,15
9859,0,12
9860,1,37
9861,0,12
9862,0,15
9863,0,15
9864,0,12
9865,0,15
9866,0,12
9867,0,15
9868,2,60
9869,0,12
9870,1,36
9871,1,43
9872,4,66
9873,0,12
9874,0,12
9875,0,12
9876,0,12
9877,0,12
9878,0,15
9879,0,15
9880,0,12
9881,0,12
9882,5,47
9883,2,60
9884,1,43
9885,0,12
9886,3,100
9887,1,36
9888,1,36
9889,0,12
9890,0,15
9891,1,43
9892,1,36
9893,0,12
9894,0,12
9895,1,36
9896,0,12
9897,2,60
9898,0,15
9899,0,12
9900,0,12
9901,0,12
9902,1,36
9903,2,61
9904,0,12
9905,0,12
9906,0,12
9907,0,12
9908,0,12
9909,0,12
9910,1,36
9911,0,12
9912,1,36
9913,1,43
9914,1,36
9915,1,36
9916,0,12
9917,0,12
9918,1,36
9919,0,15
9920,0,12
9921,0,15
9922,0,12
9923,2,60
9924,0,12
9925,1,36
9926,1,36
9927,0,15
9928,1,36
9929,0,12
9930,0,12
9931,0,12
9932,2,73
9933,1,43
9934,1,43
9935,0,12
9936,0,12
9937,0,15
9938,0,15
9939,0,12
9940,2,60
9941,0,12
9942,0,12
9943,0,15
9944,0,15
9945,0,12
9946,1,43
9947,1,43
9948,2,61
9949,0,12
9950,0,15
9951,1,37
9952,0,12
9953,1,44
9954,0,12
9955,0,15
9956,0,15
9957,0,12
9958,1,36
9959,1,43
9960,1,36
9961,0,12
9962,0,12
9963,2,60
9964,3,84
9965,0,12
9966,0,12
9967,0,12
9968,0,12
9969,0,15
9970,1,36
9971,0,12
9972,2,71
9973,0,12
9974,1,36
9975,0,12
9976,0,12
9977,0,15
9978,0,12
9979,1,36
9980,1,37
9981,0,12
9982,0,12
9983,1,36
9984,2,60
9985,0,12
9986,0,12
9987,0,15
9988,3,103
9989,1,36
9990,0,12
9991,1,36
9992,0,15
9993,0,15
9994,1,36
9995,6,163
9996,1,36
9997,2,60
9998,0,12
9999,0,15
10000,0,15
10001,0,15
10002,0,12
10003,1,45
10004,1,36
10005,0,15
10006,0,12
10007,1,36
10008,1,36
10009,1,43
10010,1,37
10011,0,12
10012,1,43
10013,0,15
10014,2,71
10015,4,65
10016,0,12
10017,0,12
10018,3,100
10019,0,12
10020,2,61
10021,0,15
10022,0,18
10023,0,12
10024,0,12
10025,2,72
10026,1,43
10027,1,43
10028,0,15
10029,5,45
10030,1,36
10031,3,101
10032,0,12
10033,1,36
10034,0,12
10035,0,12
10036,0,15
10037,1,44
10038,0,12
10039,0,15
10040,1,36
10041,0,12
10042,1,36
10043,1,36
10044,1,43
10045,5,61
10046,0,12
10047,0,15
10048,0,15
10049,2,71
10050,1,36
10051,2,72
10052,0,12
10053,0,12
10054,3,103
10055,2,61
10056,1,36
10057,0,12
10058,0,15
10059,0,12
10060,0,12
10061,1,36
10062,0,15
10063,0,12
10064,2,61
10065,3,87
10066,3,100
10067,0,12
10068,2,60
10069,0,12
10070,1,36
10071,2,60
10072,0,12
10073,0,12
10074,0,15
10075,0,12
10076,0,12
10077,2,60
10078,1,40
10079,0,12
10080,1,36
10081,0,12
10082,1,36
10083,1,36
10084,0,12
10085,0,12
10086,0,15
10087,0,15
10088,0,15
10089,0,12
10090,1,37
10091,3,85
10092,0,12
10093,1,36
10094,1,36
10095,0,12
10096,1,36
10097,0,15
10098,0,15
10099,0,18
10100,1,44
10101,0,15
10102,4,78
10103,0,12
10104,0,12
10105,3,100
10106,1,36
10107,0,15
10108,0,12
10109,0,15
10110,2,75
10111,1,36
10112,0,15
10113,8,119
10114,0,15
10115,0,15
10116,0,15
10117,1,37
10118,0,12
10119,0,15
10120,0,15
10121,1,36
10122,0,15
10123,0,12
10124,0,12
10125,2,78
10126,1,43
10127,0,12
10128,0,12
10129,0,18
10130,0,15
10131,0,15
10132,1,53
10133,0,12
10134,0,15
10135,0,12
10136,5,44
10137,0,15
10138,0,15
10139,16,116
10140,0,12
10141,1,45
10142,0,15
10143,0,12
10144,0,12
10145,0,15
10146,0,15
10147,0,12
10148,1,43
10149,2,60
10150,0,12
10151,0,18
10152,0,15
10153,0,15
10154,0,12
10155,0,12
10156,1,37
10157,1,36
10158,1,36
10159,0,15
10160,0,12
10161,0,12
10162,0,12
10163,1,43
10164,1,36
10165,0,12
10166,0,12
10167,0,15
10168,0,15
10169,1,36
10170,0,12
10171,0,15
10172,1,36
10173,0,12
10174,0,15
10175,0,12
10176,0,12
10177,1,36
10178,1,43
10179,0,12
10180,1,36
10181,0,12
10182,0,12
10183,0,12
10184,2,60
10185,0,15
10186,1,43
10187,1,43
10188,4,66
10189,0,12
10190,1,36
10191,0,12
10192,0,12
10193,0,12
10194,1,36
10195,1,36
10196,0,15
10197,1,36
10198,1,43
10199,2,60
10200,0,12
10201,1,43
10202,0,15
10203,1,45
10204,0,15
10205,0,12
10206,0,12
10207,0,12
10208,1,43
10209,0,15
10210,1,36
10211,0,12
10212,0,15
10213,0,15
10214,0,15
10215,0,12
10216,0,12
10217,1,36
10218,1,37
10219,0,15
10220,2,60
10221,0,12
10222,1,45
10223,0,12
10224,0,15
10225,2,71
10226,0,12
10227,0,15
10228,0,15
10229,2,60
10230,0,12
10231,1,36
10232,2,60
10233,0,12
10234,0,12
10235,3,84
10236,0,12
10237,23,71
10238,1,36
10239,1,36
10240,0,15
10241,0,12
10242,0,15
10243,2,61
10244,1,36
10245,1,36
10246,1,37
10247,4,64
10248,0,12
10249,1,36
10250,0,12
10251,1,36
10252,1,43
10253,0,15
10254,0,15
10255,0,12
10256,0,15
10257,1,43
10258,1,36
10259,0,12
10260,1,36
10261,6,68
10262,1,43
10263,0,15
10264,2,71
10265,1,36
10266,1,36
10267,2,60
10268,2,64
10269,1,43
10270,1,43
10271,0,15
10272,0,15
10273,0,15
10274,1,36
10275,1,36
10276,1,93
10277,1,36
10278,0,12
10279,1,36
10280,1,43
10281,1,45
10282,1,43
10283,1,36
10284,1,79
10285,1,36
10286,0,12
10287,0,15
10288,0,15
10289,0,15
10290,0,12
10291,0,12
10292,0,12
10293,1,43
10294,1,36
10295,1,36
10296,0,12
10297,1,36
10298,0,15
10299,0,15
10300,1,45
10301,0,12
10302,0,12
10303,1,36
10304,1,36
10305,0,12
10306,0,12
10307,0,12
10308,5,45
10309,0,15
10310,2,60
10311,2,60
10312,0,12
10313,1,43
10314,0,12
10315,1,36
10316,1,36
10317,0,15
10318,1,36
10319,0,12
10320,0,12
10321,1,43
10322,3,84
10323,0,12
10324,0,12
10325,1,36
10326,4,66
10327,0,15
10328,2,60
10329,0,15
10330,0,12
10331,2,60
10332,0,15
10333,1,43
10334,1,36
10335,0,15
10336,1,37
10337,2,71
10338,0,15
10339,2,60
10340,0,12
10341,0,12
10342,0,15
10343,0,15
10344,0,12
10345,23,71
10346,1,36
10347,0,12
10348,0,12
10349,0,15
10350,0,12
10351,2,72
10352,1,43
10353,0,15
10354,0,12
10355,2,63
10356,0,15
10357,22,147
10358,24,96
10359,1,36
10360,1,37
10361,0,12
10362,1,43
10363,0,12
10364,0,12
10365,31,192
10366,0,15
10367,0,12
10368,0,12
10369,1,36
10370,0,15
10371,0,12
10372,0,12
10373,2,66
10374,1,36
10375,0,12
10376,4,66
10377,31,149
10378,1,45
10379,2,60
10380,0,12
10381,0,12
10382,0,12
10383,0,15
10384,5,44
10385,0,15
10386,5,44
10387,0,15
10388,0,12
10389,0,18
10390,2,71
10391,1,43
10392,1,36
10393,0,12
10394,0,15
10395,5,106
10396,2,71
10397,0,15
10398,1,36
10399,1,43
10400,0,12
10401,1,36
10402,0,12
10403,1,36
10404,0,12
10405,0,12
10406,1,36
10407,1,36
10408,1,36
10409,1,37
10410,0,12
10411,1,40
10412,0,12
10413,0,15
10414,1,36
10415,1,43
10416,1,43
10417,0,15
10418,0,12
10419,0,12
10420,1,36
10421,1,36
10422,0,12
10423,1,36
10424,0,15
10425,0,12
10426,1,36
10427,0,12
10428,1,36
10429,2,60
10430,1,36
10431,1,36
10432,0,12
10433,0,12
10434,0,12
10435,1,36
10436,1,36
10437,1,45
10438,0,12
10439,1,43
10440,1,36
10441,0,15
10442,0,15
10443,1,43
10444,0,12
10445,0,15
10446,1,36
10447,2,72
10448,0,15
10449,1,36
10450,0,12
10451,1,45
10452,1,36
10453,0,15
10454,1,43
10455,0,12
10456,0,12
10457,0,12
10458,0,12
10459,0,12
10460,0,12
10461,2,62
10462,2,63
10463,0,12
10464,0,15
10465,1,36
10466,1,36
10467,3,103
10468,1,43
10469,0,15
10470,2,60
10471,0,15
10472,0,12
10473,0,15
10474,0,12
10475,0,12
10476,0,12
10477,2,63
10478,0,15
10479,0,12
10480,2,71
10481,1,43
10482,1,37
10483,1,36
10484,0,15
10485,1,36
10486,0,12
10487,3,87
10488,2,60
10489,1,36
10490,1,36
10491,1,36
10492,1,36
10493,1,36
10494,0,12
10495,2,60
10496,2,60
10497,1,36
10498,1,36
10499,0,12
10500,0,12
10501,1,37
10502,0,15
10503,0,12
10504,2,64
10505,0,15
10506,1,43
10507,1,36
10508,0,12
10509,0,15
10510,1,40
10511,1,43
10512,0,12
10513,26,193
10514,0,15
10515,1,36
10516,2,60
10517,0,12
10518,0,12
10519,1,43
10520,26,137
10521,0,12
10522,1,36
10523,0,15
10524,1,45
10525,0,12
10526,0,12
10527,1,43
10528,1,36
10529,1,36
10530,0,15
10531,0,12
10532,1,36
10533,0,15
10534,1,36
10535,1,36
10536,0,12
10537,2,61
10538,0,12
10539,4,108
10540,1,43
10541,1,37
10542,0,15
10543,1,36
10544,0,15
10545,0,12
10546,2,60
10547,1,37
10548,0,12
10549,0,12
10550,1,43
10551,0,12
10552,0,15
10553,1,36
10554,1,43
10555,1,36
10556,0,12
10557,2,60
10558,2,89
10559,1,43
10560,1,36
10561,0,12
10562,0,12
10563,1,36
10564,0,12
10565,0,15
10566,0,15
10567,0,12
10568,0,12
10569,1,36
10570,0,15
10571,0,12
10572,0,15
10573,2,61
10574,2,71
10575,0,15
10576,0,12
10577,0,15
10578,0,12
10579,0,12
10580,0,12
10581,0,15
10582,1,43
10583,3,85
10584,0,15
10585,0,15
10586,1,36
10587,0,15
10588,1,36
10589,1,36
10590,0,15
10591,0,15
10592,1,36
10593,0,15
10594,0,15
10595,1,36
10596,1,37
10597,1,43
10598,1,44
10599,1,36
10600,0,12
10601,0,15
10602,2,61
10603,0,15
10604,0,12
10605,0,12
10606,1,36
10607,0,12
10608,0,12
10609,5,45
10610,2,60
10611,2,60
10612,0,15
10613,1,36
10614,1,36
10615,3,87
10616,0,15
10617,0,15
10618,1,36
10619,0,12
10620,0,12
10621,0,12
10622,2,60
10623,0,12
10624,1,43
10625,2,71
10626,5,45
10627,0,12
10628,0,15
10629,2,60
10630,0,12
10631,1,37
10632,1,36
10633,0,15
10634,0,12
10635,1,43
10636,0,12
10637,0,15
10638,0,12
10639,1,36
10640,1,36
10641,1,36
10642,0,15
10643,3,84
10644,1,43
10645,0,15
10646,0,12
10647,1,37
10648,0,15
10649,1,44
10650,0,15
10651,1,43
10652,1,36
10653,1,43
10654,0,12
10655,1,36
10656,1,36
10657,3,84
10658,0,12
10659,1,43
10660,2,71
10661,0,15
10662,1,36
10663,1,43
10664,1,36
10665,2,60
10666,0,15
10667,0,12
10668,0,12
10669,0,12
10670,0,12
10671,2,72
10672,3,84
10673,0,12
10674,0,12
10675,0,12
10676,1,36
10677,0,12
10678,2,61
10679,1,43
10680,1,36
10681,2,62
10682,0,12
10683,0,12
10684,0,15
10685,1,45
10686,0,12
10687,1,36
10688,0,15
10689,0,15
10690,1,36
10691,1,36
10692,2,63
10693,0,12
10694,1,36
10695,5,44
10696,0,12
10697,0,12
10698,0,12
10699,0,15
10700,0,12
10701,1,37
10702,0,12
10703,1,36
10704,1,36
10705,1,43
10706,2,74
10707,1,43
10708,7,97
10709,1,36
10710,0,15
10711,0,12
10712,1,36
10713,0,12
10714,1,43
10715,0,12
10716,0,15
10717,1,43
10718,0,12
10719,0,15
10720,0,15
10721,1,43
10722,1,37
10723,2,60
10724,1,43
10725,1,36
10726,2,60
10727,1,43
10728,1,36
10729,2,60
10730,0,12
10731,1,36
10732,3,84
10733,0,12
10734,1,43
10735,1,36
10736,2,60
10737,0,15
10738,1,37
10739,0,15
10740,0,15
10741,0,12
10742,1,43
10743,1,43
10744,1,43
10745,1,43
10746,0,15
10747,1,36
10748,1,43
10749,1,43
10750,0,12
10751,0,12
10752,0,12
10753,1,36
10754,0,12
10755,0,15
10756,1,43
10757,0,12
10758,0,12
10759,0,12
10760,9,96
10761,0,12
10762,1,36
10763,1,36
10764,0,12
10765,1,36
10766,2,63
10767,2,64
10768,0,12
10769,1,45
10770,0,15
10771,1,43
10772,0,18
10773,0,18
10774,0,15
10775,0,12
10776,1,36
10777,2,63
10778,0,15
10779,2,71
10780,1,36
10781,0,12
10782,0,12
10783,1,36
10784,2,60
10785,0,15
10786,1,36
10787,0,12
10788,0,15
10789,2,60
10790,0,12
10791,1,36
10792,0,12
10793,0,12
10794,0,15
10795,0,12
10796,1,36
10797,0,15
10798,6,120
10799,0,12
10800,0,12
10801,0,12
10802,1,43
10803,1,36
10804,2,71
10805,4,76
10806,0,12
10807,0,12
10808,0,18
10809,0,15
10810,1,43
10811,1,36
10812,0,15
10813,2,61
10814,0,12
10815,0,12
10816,1,36
10817,1,36
10818,0,15
10819,0,12
10820,0,12
10821,0,15
10822,1,36
10823,1,36
10824,1,36
10825,0,12
10826,6,81
10827,0,15
10828,3,88
10829,1,37
10830,2,60
10831,3,103
10832,2,63
10833,0,12
10834,4,67
10835,0,15
10836,1,43
10837,0,12
10838,0,15
10839,0,12
10840,0,15
10841,0,15
10842,1,36
10843,2,60
10844,1,36
10845,1,36
10846,0,18
10847,0,12
10848,1,36
10849,5,45
10850,4,66
10851,1,36
10852,0,12
10853,1,43
10854,0,15
10855,0,12
10856,0,12
10857,0,12
10858,0,12
10859,0,15
10860,1,43
10861,0,12
10862,1,36
10863,0,12
10864,0,12
10865,9,97
10866,0,12
10867,1,36
10868,1,36
10869,3,84
10870,0,12
10871,0,12
10872,0,12
10873,1,43
10874,1,36
10875,0,12
10876,0,12
10877,2,63
10878,0,15
10879,1,36
10880,1,36
10881,1,36
10882,0,12
10883,1,36
10884,0,15
10885,0,12
10886,0,12
10887,1,37
10888,0,12
10889,1,36
10890,2,60
10891,3,87
10892,0,15
10893,1,36
10894,0,15
10895,2,71
10896,0,18
10897,0,12
10898,1,36
10899,0,15
10900,1,36
10901,2,61
10902,1,36
10903,3,84
10904,1,36
10905,0,12
10906,0,12
10907,0,15
10908,0,12
10909,0,15
10910,0,12
10911,0,12
10912,1,36
10913,0,12
10914,0,12
10915,0,12
10916,0,12
10917,0,12
10918,0,12
10919,1,36
10920,0,12
10921,0,12
10922,0,15
10923,1,44
10924,1,37
10925,1,36
10926,0,12
10927,0,15
10928,0,12
10929,2,60
10930,1,36
10931,0,12
10932,0,15
10933,1,36
10934,1,36
10935,0,12
10936,0,15
10937,0,18
10938,1,36
10939,0,12
10940,1,43
10941,3,87
10942,1,43
10943,0,12
10944,0,12
10945,2,71
10946,1,36
10947,1,36
10948,0,15
10949,12,125
10950,0,12
10951,0,12
10952,0,15
10953,0,12
10954,1,36
10955,10,96
10956,1,36
10957,0,15
10958,1,36
10959,0,15
10960,1,36
10961,2,60
10962,1,36
10963,0,12
10964,1,36
10965,2,60
10966,0,15
10967,2,60
10968,0,15
10969,1,36
10970,2,60
10971,1,43
10972,2,63
10973,0,12
10974,0,12
10975,1,36
10976,0,12
10977,1,36
10978,0,12
10979,1,36
10980,0,15
10981,1,36
10982,0,12
10983,0,12
10984,0,12
10985,0,15
10986,0,12
10987,1,36
10988,1,36
10989,2,60
10990,3,87
10991,2,64
10992,1,36
10993,0,12
10994,1,36
10995,1,37
10996,2,73
10997,1,43
10998,0,15
10999,0,12
11000,1,36
11001,0,15
11002,1,36
11003,1,43
11004,0,12
11005,1,36
11006,1,36
11007,0,12
11008,1,37
11009,0,12
11010,0,12
11011,0,12
11012,0,12
11013,3,84
11014,1,36
11015,0,15
11016,0,12
11017,0,12
11018,1,36
11019,0,12
11020,0,12
11021,1,43
11022,0,15
11023,0,12
11024,1,43
11025,0,12
11026,0,12
11027,5,45
11028,0,12
11029,0,12
11030,2,71
11031,0,12
11032,0,15
11033,0,12
11034,2,61
11035,0,12
11036,0,12
11037,0,15
11038,0,15
11039,0,12
11040,0,12
11041,0,15
11042,0,12
11043,1,36
11044,2,60
11045,1,36
11046,0,15
11047,1,43
11048,0,15
11049,1,43
11050,0,15
11051,0,12
11052,2,60
11053,1,36
11054,1,36
11055,1,36
11056,1,43
11057,2,64
11058,0,15
11059,0,12
11060,0,12
11061,3,103
11062,0,15
11063,0,12
11064,1,36
11065,1,36
11066,2,71
11067,0,12
11068,0,12
11069,0,15
11070,0,12
11071,0,15
11072,0,12
11073,1,36
11074,1,43
11075,1,37
11076,0,12
11077,0,12
11078,0,15
11079,0,15
11080,0,12
11081,0,12
11082,1,43
11083,1,36
11084,3,64
11085,1,43
11086,0,15
11087,0,12
11088,1,45
11089,0,12
11090,0,15
11091,0,15
11092,0,12
11093,1,36
11094,0,12
11095,0,15
11096,1,36
11097,1,36
11098,0,12
11099,0,12
11100,1,37
11101,1,43
11102,3,100
11103,0,15
11104,1,37
11105,1,43
11106,0,12
11107,5,44
11108,0,12
11109,0,12
11110,0,15
11111,5,45
11112,0,12
11113,1,36
11114,1,53
11115,1,43
11116,0,15
11117,2,61
11118,2,71
11119,1,43
11120,1,43
11121,1,43
11122,0,12
11123,1,37
11124,1,36
11125,0,12
11126,3,100
11127,1,43
11128,0,15
11129,1,36
11130,0,12
11131,0,12
11132,1,36
11133,1,43
11134,0,12
11135,1,43
11136,0,15
11137,2,71
11138,0,12
11139,1,36
11140,1,53
11141,0,12
11142,1,36
11143,2,71
11144,0,15
11145,0,15
11146,2,60
11147,1,36
11148,0,12
11149,0,15
11150,2,60
11151,2,71
11152,2,61
11153,0,12
11154,1,36
11155,4,65
11156,0,15
11157,0,15
11158,0,15
11159,0,15
11160,1,43
11161,3,87
11162,0,15
11163,0,12
11164,2,74
11165,1,44
11166,0,15
11167,2,63
11168,0,12
11169,0,12
11170,1,36
11171,0,15
11172,1,43
11173,1,36
11174,0,15
11175,0,12
11176,1,36
11177,0,12
11178,1,43
11179,1,36
11180,0,12
11181,3,100
11182,1,36
11183,1,36
11184,2,60
11185,5,44
11186,2,60
11187,1,36
11188,0,12
11189,1,43
11190,2,78
11191,1,36
11192,0,15
11193,0,15
11194,1,43
11195,0,15
11196,0,12
11197,0,12
11198,0,12
11199,1,43
11200,0,12
11201,1,36
11202,1,36
11203,2,60
11204,2,122
11205,0,12
11206,10,96
11207,0,12
11208,0,12
11209,2,63
11210,0,12
11211,0,15
11212,1,36
11213,0,12
11214,5,45
11215,1,36
11216,0,15
11217,0,12
11218,3,86
11219,1,36
11220,0,12
11221,0,12
11222,0,12
11223,0,15
11224,1,43
11225,1,36
11226,2,61
11227,1,36
11228,1,36
11229,0,12
11230,0,12
11231,0,12
11232,1,36
11233,0,12
11234,1,53
11235,0,12
11236,0,15
11237,0,15
11238,0,12
11239,1,36
11240,0,15
11241,0,12
11242,0,12
11243,0,12
11244,1,37
11245,1,36
11246,0,15
11247,1,36
11248,0,12
11249,0,12
11250,0,12
11251,1,37
11252,0,15
11253,0,12
11254,0,15
11255,0,15
11256,5,44
11257,0,12
11258,1,36
11259,1,36
11260,0,15
11261,0,15
11262,1,43
11263,1,36
11264,0,15
11265,1,36
11266,1,43
11267,1,36
11268,1,36
11269,0,12
11270,0,12
11271,3,85
11272,0,12
11273,0,15
11274,0,12
11275,1,44
11276,2,71
11277,0,12
11278,1,36
11279,1,36
11280,0,12
11281,0,12
11282,0,15
11283,0,12
11284,0,12
11285,1,36
11286,1,40
11287,0,12
11288,0,12
11289,0,12
11290,0,12
11291,0,12
11292,3,103
11293,0,15
11294,0,15
11295,0,12
11296,1,36
11297,2,63
11298,1,36
11299,0,15
11300,0,12
11301,0,12
11302,0,12
11303,0,12
11304,2,71
11305,0,12
11306,0,15
11307,0,15
11308,0,12
11309,2,60
11310,1,36
11311,2,71
11312,26,137
11313,0,15
11314,0,12
11315,0,15
11316,1,43
11317,1,36
11318,1,43
11319,1,36
11320,0,12
11321,1,36
11322,0,15
11323,0,12
11324,0,15
11325,0,15
11326,1,36
11327,1,36
11328,1,36
11329,5,47
11330,2,63
11331,1,43
11332,10,120
11333,8,120
11334,1,36
11335,0,12
11336,1,43
11337,1,36
11338,0,15
11339,0,12
11340,1,36
11341,1,45
11342,0,12
11343,2,63
11344,1,36
11345,0,12
11346,0,12
11347,1,36
11348,1,43
11349,0,12
11350,0,12
11351,0,12
11352,0,18
11353,0,12
11354,1,36
11355,5,47
11356,0,15
11357,1,36
11358,0,15
11359,1,36
11360,0,15
11361,0,12
11362,2,60
11363,3,85
11364,1,43
11365,0,12
11366,0,12
11367,2,72
11368,0,12
11369,0,12
11370,1,36
11371,0,12
11372,1,36
11373,0,12
11374,1,36
11375,1,36
11376,0,12
11377,0,15
11378,1,36
11379,1,37
11380,0,12
11381,0,12
11382,0,12
11383,4,64
11384,1,36
11385,4,113
11386,1,36
11387,0,15
11388,1,43
11389,1,43
11390,0,15
11391,0,12
11392,0,12
11393,0,15
11394,0,12
11395,0,12
11396,1,36
11397,0,12
11398,0,12
11399,1,36
11400,2,63
11401,1,93
11402,0,15
11403,0,15
11404,1,36
11405,0,12
11406,1,36
11407,0,15
11408,2,60
11409,0,12
11410,1,36
11411,0,15
11412,1,36
11413,2,60
11414,0,12
11415,0,12
11416,1,43
11417,2,71
11418,1,37
11419,0,15
11420,0,12
11421,0,12
11422,0,12
11423,1,43
11424,0,15
11425,2,60
11426,1,36
11427,0,12
11428,0,15
11429,2,72
11430,0,12
11431,0,12
11432,0,12
11433,0,12
11434,1,36
11435,0,12
11436,0,15
11437,0,12
11438,1,36
11439,0,12
11440,0,12
11441,1,43
11442,26,137
11443,1,36
11444,1,36
11445,2,74
11446,0,12
11447,1,43
11448,0,12
11449,0,15
11450,0,15
11451,1,36
11452,1,36
11453,0,15
11454,1,36
11455,0,12
11456,1,36
11457,1,43
11458,0,12
11459,28,206
11460,0,12
11461,0,12
11462,1,43
11463,0,15
11464,0,12
11465,0,12
11466,0,15
11467,0,12
11468,0,12
11469,0,12
11470,0,12
11471,0,15
11472,0,15
11473,0,15
11474,1,43
11475,0,12
11476,0,12
11477,0,15
11478,0,12
11479,1,43
11480,2,71
11481,0,12
11482,2,71
11483,1,36
11484,1,36
11485,1,36
11486,1,43
11487,0,15
11488,0,15
11489,0,15
11490,0,12
11491,0,15
11492,0,12
11493,3,84
11494,0,18
11495,0,15
11496,0,12
11497,0,12
11498,1,36
11499,2,71
11500,0,12
11501,0,12
11502,1,36
11503,0,12
11504,1,36
11505,3,85
11506,0,15
11507,0,15
11508,0,12
11509,0,12
11510,2,60
11511,3,103
11512,0,15
11513,0,12
11514,1,36
11515,0,12
11516,0,12
11517,1,36
11518,0,12
11519,1,36
11520,0,15
11521,1,36
11522,0,15
11523,2,63
11524,1,36
11525,1,37
11526,0,12
11527,1,36
11528,1,36
11529,0,15
11530,1,43
11531,0,12
11532,7,137
11533,0,12
11534,0,12
11535,0,12
11536,1,36
11537,1,37
11538,2,75
11539,1,36
11540,0,12
11541,0,15
11542,0,12
11543,0,12
11544,0,12
11545,0,12
11546,1,43
11547,0,12
11548,0,12
11549,0,12
11550,4,78
11551,1,36
11552,2,64
11553,1,36
11554,1,36
11555,1,36
11556,2,60
11557,1,36
11558,0,15
11559,1,36
11560,1,36
11561,0,12
11562,1,79
11563,2,60
11564,2,60
11565,4,67
11566,6,138
11567,1,43
11568,1,36
11569,0,12
11570,0,12
11571,5,45
11572,3,84
11573,1,43
11574,26,124
11575,0,12
11576,0,12
11577,2,71
11578,0,15
11579,1,36
11580,0,15
11581,1,36
11582,0,12
11583,4,66
11584,1,43
11585,1,36
11586,1,45
11587,0,12
11588,0,12
11589,5,88
11590,0,15
11591,0,15
11592,5,45
11593,4,111
11594,0,12
11595,0,12
11596,0,12
11597,1,36
11598,1,43
11599,1,53
11600,0,12
11601,0,12
11602,1,36
11603,0,15
11604,1,36
11605,0,15
11606,1,43
11607,0,15
11608,1,43
11609,0,15
11610,0,12
11611,0,12
11612,1,37
11613,1,36
11614,1,36
11615,1,36
11616,5,44
11617,3,87
11618,0,12
11619,2,71
11620,1,36
11621,1,36
11622,0,12
11623,5,44
11624,0,12
11625,0,15
11626,1,36
11627,2,71
11628,0,15
11629,0,12
11630,1,36
11631,1,36
11632,0,15
11633,1,36
11634,0,12
11635,0,12
11636,0,12
11637,1,43
11638,0,15
11639,0,12
11640,2,71
11641,0,12
11642,0,12
11643,0,12
11644,0,12
11645,4,69
11646,1,43
11647,0,12
11648,1,43
11649,1,36
11650,1,36
11651,1,36
11652,2,63
11653,1,43
11654,3,86
11655,0,15
11656,2,60
11657,0,12
11658,0,15
11659,0,12
11660,0,12
11661,0,12
11662,1,43
11663,0,12
11664,2,72
11665,5,45
11666,0,12
11667,0,12
11668,0,12
11669,2,73
11670,1,36
11671,0,12
11672,0,12
11673,1,43
11674,0,15
11675,0,15
11676,0,12
11677,0,12
11678,1,36
11679,1,36
11680,1,36
11681,1,36
11682,1,36
11683,1,36
11684,1,36
11685,0,12
11686,2,60
11687,0,12
11688,0,12
11689,0,12
11690,2,60
11691,1,36
11692,0,12
11693,2,71
11694,0,12
11695,1,36
11696,1,36
11697,1,37
11698,1,45
11699,0,12
11700,0,15
11701,0,15
11702,4,112
11703,0,12
11704,1,36
11705,0,15
11706,1,36
11707,1,37
11708,1,36
11709,0,12
11710,1,36
11711,0,12
11712,0,15
11713,0,15
11714,0,12
11715,0,12
11716,0,12
11717,1,36
11718,0,12
11719,1,36
11720,3,85
11721,2,71
11722,0,12
11723,1,36
11724,1,36
11725,1,37
11726,1,36
11727,1,43
11728,1,36
11729,0,12
11730,0,15
11731,2,60
11732,0,12
11733,0,12
11734,0,15
11735,0,12
11736,3,104
11737,0,15
11738,0,12
11739,0,15
11740,1,37
11741,1,36
11742,1,36
11743,2,60
11744,0,15
11745,1,36
11746,0,15
11747,0,15
11748,2,60
11749,1,36
11750,0,12
11751,1,36
11752,0,12
11753,0,12
11754,0,12
11755,0,15
11756,2,60
11757,0,12
11758,0,12
11759,3,87
11760,0,12
11761,1,43
11762,0,12
11763,2,60
11764,2,60
11765,0,15
11766,2,72
11767,1,36
11768,1,43
11769,1,36
11770,0,12
11771,0,15
11772,1,36
11773,0,15
11774,1,53
11775,1,43
11776,0,12
11777,0,12
11778,1,36
11779,1,45
11780,0,12
11781,0,15
11782,0,12
11783,0,12
11784,2,61
11785,2,60
11786,1,36
11787,2,71
11788,0,15
11789,1,36
11790,1,37
11791,1,36
11792,0,15
11793,1,36
11794,2,60
11795,1,37
11796,0,12
11797,0,12
11798,0,12
11799,0,12
11800,2,60
11801,0,15
11802,1,36
11803,1,36
11804,1,36
11805,0,15
11806,1,36
11807,0,12
11808,1,43
11809,0,12
11810,0,15
11811,1,36
11812,1,36
11813,4,65
11814,0,12
11815,1,36
11816,0,15
11817,0,12
11818,0,15
11819,3,87
11820,0,15
11821,1,36
11822,0,12
11823,0,12
11824,2,122
11825,0,15
11826,3,84
11827,0,15
11828,0,12
11829,0,12
11830,0,12
11831,1,36
11832,3,84
11833,0,12
11834,1,37
11835,0,12
11836,0,18
11837,0,15
11838,1,36
11839,5,44
11840,0,12
11841,0,15
11842,1,36
11843,1,36
11844,0,12
11845,2,60
11846,0,15
11847,0,15
11848,0,12
11849,0,12
11850,1,36
11851,0,15
11852,0,15
11853,0,12
11854,1,36
11855,1,36
11856,0,15
11857,0,12
11858,0,15
11859,1,36
11860,1,43
11861,2,60
11862,0,12
11863,0,12
11864,0,15
11865,5,45
11866,1,36
11867,0,12
11868,0,15
11869,0,15
11870,1,36
11871,2,63
11872,1,36
11873,2,61
11874,1,36
11875,0,12
11876,3,84
11877,0,12
11878,1,36
11879,0,12
11880,0,15
11881,0,15
11882,1,36
11883,12,99
11884,1,43
11885,0,12
11886,1,36
11887,0,15
11888,0,12
11889,0,12
11890,0,12
11891,2,60
11892,0,15
11893,1,36
11894,0,12
11895,1,43
11896,0,12
11897,1,36
11898,1,36
11899,5,45
11900,0,15
11901,0,12
11902,0,15
11903,1,36
11904,0,12
11905,2,60
11906,1,36
11907,2,60
11908,1,36
11909,0,15
11910,1,36
11911,0,12
11912,4,66
11913,3,84
11914,2,63
11915,0,12
11916,0,15
11917,0,15
11918,1,36
11919,0,12
11920,1,37
11921,1,43
11922,0,15
11923,0,12
11924,1,36
11925,1,36
11926,5,47
11927,0,12
11928,1,36
11929,0,15
11930,0,12
11931,5,47
11932,0,15
11933,0,12
11934,0,12
11935,0,12
11936,2,60
11937,2,61
11938,0,15
11939,1,36
11940,0,15
11941,0,12
11942,1,36
11943,1,43
11944,1,43
11945,1,44
11946,1,43
11947,0,12
11948,0,12
11949,0,15
11950,1,43
11951,2,60
11952,0,15
11953,0,15
11954,0,15
11955,0,12
11956,1,36
11957,0,15
11958,1,36
11959,0,12
11960,2,60
11961,0,12
11962,1,37
11963,0,12
11964,1,36
11965,0,12
11966,0,12
11967,1,36
11968,0,15
11969,1,43
11970,1,36
11971,0,15
11972,2,60
11973,0,12
11974,1,40
11975,2,61
11976,1,36
11977,4,66
11978,1,36
11979,0,12
11980,1,43
11981,3,84
11982,1,36
11983,5,45
11984,5,44
11985,1,36
11986,0,12
11987,0,12
11988,0,12
11989,0,15
11990,2,62
11991,0,15
11992,1,43
11993,0,15
11994,0,15
11995,0,15
11996,0,15
11997,1,36
11998,1,43
11999,0,15
12000,2,60
12001,1,43
12002,2,60
12003,0,12
12004,1,53
12005,0,12
12006,1,43
12007,0,15
12008,0,12
12009,0,12
12010,0,15
12011,1,36
12012,1,43
12013,0,15
12014,1,45
12015,1,36
12016,0,12
12017,0,15
12018,0,12
12019,1,36
12020,1,36
12021,0,15
12022,0,15
12023,1,36
12024,1,36
12025,1,36
12026,2,60
12027,0,15
12028,1,43
12029,1,43
12030,1,36
12031,0,12
12032,0,12
12033,1,36
12034,0,15
12035,0,15
12036,2,60
12037,0,15
12038,2,63
12039,1,43
12040,1,36
12041,0,12
12042,1,43
12043,0,15
12044,0,15
12045,0,12
12046,1,36
12047,2,60
12048,0,12
12049,0,12
12050,1,36
12051,0,15
12052,1,36
12053,0,12
12054,4,112
12055,1,36
12056,4,64
12057,0,12
12058,1,36
12059,0,12
12060,0,15
12061,0,15
12062,1,36
12063,1,43
12064,0,12
12065,0,15
12066,0,12
12067,2,61
12068,1,36
12069,5,45
12070,0,15
12071,5,47
12072,0,15
12073,1,36
12074,0,12
12075,1,43
12076,0,15
12077,1,36
12078,0,12
12079,0,12
12080,0,12
12081,4,66
12082,0,12
12083,1,43
12084,1,36
12085,0,12
12086,1,36
12087,0,12
12088,0,12
12089,0,12
12090,0,15
12091,0,12
12092,1,36
12093,0,12
12094,0,12
12095,0,12
12096,0,15
12097,0,12
12098,1,43
12099,2,60
12100,1,43
12101,0,15
12102,1,37
12103,0,12
12104,6,175
12105,1,43
12106,1,43
12107,0,12
12108,0,15
12109,0,15
12110,1,43
12111,0,15
12112,1,36
12113,0,12
12114,0,15
12115,0,12
12116,1,36
12117,0,15
12118,0,12
12119,1,36
12120,1,36
12121,0,12
12122,0,15
12123,1,45
12124,0,12
12125,0,15
12126,0,15
12127,1,36
12128,0,12
12129,0,12
12130,1,36
12131,0,12
12132,0,12
12133,0,12
12134,0,15
12135,0,12
12136,0,12
12137,0,12
12138,0,12
12139,0,12
12140,0,12
12141,0,15
12142,0,12
12143,1,36
12144,0,15
12145,0,12
12146,1,36
12147,1,36
12148,1,36
12149,1,36
12150,0,12
12151,2,60
12152,0,12
12153,1,36
12154,2,63
12155,0,12
12156,1,43
12157,0,12
12158,1,43
12159,1,36
12160,0,15
12161,0,12
12162,1,36
12163,1,36
12164,0,15
12165,0,12
12166,1,43
12167,0,15
12168,1,36
12169,0,12
12170,1,36
12171,0,12
12172,0,12
12173,1,45
12174,0,15
12175,1,36
12176,0,12
12177,1,36
12178,1,36
12179,0,12
12180,0,15
12181,0,12
12182,0,12
12183,0,15
12184,0,12
12185,0,15
12186,0,12
12187,0,15
12188,1,36
12189,1,36
12190,0,15
12191,1,43
12192,0,12
12193,0,12
12194,1,36
12195,0,12
12196,0,12
12197,0,12
12198,1,36
12199,1,36
12200,0,12
12201,0,12
12202,0,15
12203,1,36
12204,4,65
12205,1,36
12206,0,15
12207,0,12
12208,1,36
12209,1,36
12210,0,12
12211,0,12
12212,0,12
12213,2,63
12214,0,15
12215,0,15
12216,1,36
12217,1,36
12218,1,36
12219,0,15
12220,1,36
12221,1,36
12222,0,12
12223,1,36
12224,2,60
12225,0,12
12226,1,36
12227,0,12
12228,0,12
12229,0,15
12230,1,36
12231,1,36
12232,2,60
12233,0,15
12234,0,12
12235,0,15
12236,0,15
12237,0,15
12238,0,15
12239,0,12
12240,0,12
12241,0,15
12242,0,15
12243,0,12
12244,1,37
12245,2,60
12246,0,15
12247,0,12
12248,0,12
12249,0,12
12250,0,15
12251,1,36
12252,2,60
12253,1,36
12254,0,15
12255,0,12
12256,0,15
12257,0,15
12258,1,36
12259,0,12
12260,2,60
12261,1,36
12262,1,44
12263,0,12
12264,0,12
12265,1,36
12266,0,15
12267,0,15
12268,2,60
12269,0,15
12270,1,36
12271,0,15
12272,0,12
12273,2,60
12274,0,12
12275,0,12
12276,0,12
12277,0,12
12278,0,12
12279,0,15
12280,1,36
12281,0,15
12282,0,12
12283,0,12
12284,0,12
12285,1,36
12286,1,36
12287,0,15
12288,1,36
12289,0,12
12290,0,15
12291,0,15
12292,0,12
12293,1,43
12294,1,36
12295,1,36
12296,0,15
12297,1,36
12298,1,43
12299,0,12
12300,0,12
12301,1,36
12302,1,36
12303,1,36
12304,0,15
12305,0,15
12306,0,15
12307,1,36
12308,0,12
12309,0,12
12310,0,12
12311,1,36
12312,0,12
12313,0,15
12314,1,36
12315,0,12
12316,1,45
12317,1,36
12318,0,15
12319,0,15
12320,0,12
12321,0,15
12322,0,12
12323,1,36
12324,0,15
12325,0,12
12326,0,12
12327,0,12
12328,1,53
12329,0,15
12330,0,12
12331,0,15
12332,0,15
12333,0,15
12334,1,36
12335,0,15
12336,0,15
12337,0,15
12338,0,12
12339,0,12
12340,2,71
12341,0,12
12342,1,36
12343,1,36
12344,0,15
12345,0,15
12346,0,12
12347,0,12
12348,1,36
12349,1,36
12350,1,37
12351,4,64
12352,2,60
12353,0,15
12354,0,12
12355,0,15
12356,0,15
12357,1,36
12358,0,12
12359,0,12
12360,1,36
12361,0,15
12362,1,36
12363,0,15
12364,0,15
12365,0,12
12366,1,43
12367,1,36
12368,0,15
12369,0,12
12370,0,15
12371,0,15
12372,2,60
12373,1,36
12374,1,36
12375,0,12
12376,1,36
12377,7,92
12378,2,60
12379,2,71
12380,0,15
12381,1,43
12382,1,36
12383,1,36
12384,1,44
12385,1,37
12386,0,15
12387,0,12
12388,0,12
12389,0,15
12390,1,43
12391,1,36
12392,1,36
12393,2,73
12394,1,36
12395,1,36
12396,0,12
12397,0,15
12398,0,15
12399,3,87
12400,0,15
12401,1,36
12402,0,15
12403,1,36
12404,11,117
12405,0,12
12406,0,15
12407,0,15
12408,2,60
12409,1,36
12410,0,12
12411,0,15
12412,0,12
12413,1,36
12414,0,12
12415,0,15
12416,0,12
12417,2,61
12418,0,12
12419,1,36
12420,0,15
12421,1,43
12422,1,36
12423,1,45
12424,1,36
12425,1,36
12426,3,87
12427,18,190
12428,0,15
12429,1,36
12430,1,36
12431,2,60
12432,2,71
12433,1,36
12434,1,43
12435,0,12
12436,5,45
12437,1,36
12438,0,12
12439,5,45
12440,5,44
12441,0,12
12442,1,36
12443,1,45
12444,2,63
12445,0,12
12446,1,36
12447,1,43
12448,1,36
12449,0,15
12450,3,84
12451,0,18
12452,0,12
12453,1,43
12454,0,15
12455,0,12
12456,0,12
12457,0,12
12458,0,12
12459,0,12
12460,0,12
12461,0,12
12462,0,12
12463,1,36
12464,0,12
12465,0,12
12466,0,15
12467,0,12
12468,0,12
12469,1,36
12470,0,12
12471,0,12
12472,1,36
12473,2,60
12474,2,71
12475,0,15
12476,0,12
12477,1,36
12478,4,66
12479,1,36
12480,0,15
12481,0,12
12482,0,12
12483,0,12
12484,1,36
12485,0,12
12486,1,36
12487,0,12
12488,2,71
12489,1,36
12490,2,60
12491,2,60
12492,0,12
12493,1,36
12494,0,12
12495,0,12
12496,1,36
12497,0,12
12498,1,36
12499,1,43
12500,2,71
12501,1,37
12502,0,15
12503,0,12
12504,0,12
12505,0,12
12506,0,12
12507,0,15
12508,5,45
12509,0,12
12510,0,15
12511,0,12
12512,1,36
12513,1,45
12514,0,12
12515,1,36
12516,0,12
12517,1,36
12518,1,36
12519,2,60
12520,1,43
12521,2,60
12522,0,15
12523,0,12
12524,2,71
12525,0,15
12526,0,15
12527,4,118
12528,0,15
12529,0,12
12530,0,12
12531,2,75
12532,0,15
12533,0,12
12534,0,12
12535,0,15
12536,1,36
12537,1,36
12538,1,36
12539,3,85
12540,1,36
12541,0,12
12542,0,12
12543,1,36
12544,1,36
12545,2,60
12546,0,12
12547,1,36
12548,0,12
12549,1,37
12550,1,37
12551,1,43
12552,0,15
12553,0,12
12554,1,37
12555,4,65
12556,0,12
12557,1,37
12558,0,12
12559,1,43
12560,1,36
12561,3,85
12562,0,12
12563,0,12
12564,0,15
12565,0,12
12566,0,15
12567,2,60
12568,0,15
12569,1,36
12570,1,36
12571,0,12
12572,1,36
12573,1,36
12574,0,15
12575,1,36
12576,0,15
12577,1,36
12578,0,12
12579,1,37
12580,1,36
12581,1,36
12582,0,12
12583,1,36
12584,1,36
12585,0,12
12586,1,36
12587,1,36
12588,1,36
12589,0,18
12590,0,12
12591,0,12
12592,0,12
12593,0,12
12594,0,12
12595,1,36
12596,0,15
12597,1,36
12598,0,12
12599,0,12
12600,1,36
12601,0,12
12602,0,12
12603,0,12
12604,0,12
12605,0,12
12606,1,36
12607,0,15
12608,2,60
12609,1,36
12610,0,15
12611,1,36
12612,0,15
12613,1,36
12614,0,12
12615,0,12
12616,0,12
12617,1,36
12618,0,15
12619,0,15
12620,3,88
12621,0,12
12622,5,45
12623,0,12
12624,0,12
12625,1,36
12626,1,36
12627,0,12
12628,0,12
12629,0,12
12630,1,36
12631,0,12
12632,0,18
12633,2,71
12634,1,36
12635,6,68
12636,0,15
12637,0,12
12638,0,12
12639,2,60
12640,0,15
12641,0,12
12642,0,12
12643,1,36
12644,0,12
12645,2,60
12646,1,43
12647,1,36
12648,0,12
12649,7,97
12650,0,12
12651,1,36
12652,5,45
12653,1,36
12654,2,63
12655,1,36
12656,0,12
12657,0,12
12658,1,36
12659,5,45
12660,0,15
12661,5,151
12662,1,43
12663,0,15
12664,0,12
12665,0,12
12666,0,15
12667,1,36
12668,0,15
12669,0,12
12670,1,36
12671,0,15
12672,0,12
12673,0,15
12674,0,15
12675,0,12
12676,0,12
12677,0,15
12678,1,43
12679,0,12
12680,1,36
12681,1,36
12682,2,61
12683,3,88
12684,3,84
12685,0,15
12686,1,36
12687,0,15
12688,2,60
12689,1,36
12690,0,12
12691,0,15
12692,0,12
12693,0,15
12694,1,36
12695,1,36
12696,1,36
12697,2,71
12698,2,63
12699,21,164
12700,0,12
12701,1,36
12702,0,15
12703,2,60
12704,0,15
12705,0,15
12706,1,43
12707,0,12
12708,0,15
12709,1,43
12710,0,15
12711,1,43
12712,0,12
12713,0,15
12714,0,12
12715,0,15
12716,0,15
12717,0,15
12718,1,43
12719,0,15
12720,0,15
12721,29,257
12722,1,36
12723,0,12
12724,1,36
12725,0,12
12726,0,15
12727,0,15
12728,1,43
12729,5,45
12730,0,12
12731,0,12
12732,0,12
12733,0,12
12734,0,12
12735,1,36
12736,1,37
12737,0,15
12738,0,15
12739,0,12
12740,1,36
12741,1,43
12742,5,45
12743,0,15
12744,1,36
12745,0,12
12746,1,43
12747,2,63
12748,0,12
12749,0,12
12750,2,71
12751,0,12
12752,0,12
12753,1,44
12754,0,12
12755,0,12
12756,0,12
12757,2,71
12758,2,60
12759,3,87
12760,2,63
12761,1,36
12762,1,36
12763,1,36
12764,0,15
12765,1,36
12766,0,12
12767,2,71
12768,0,15
12769,3,84
12770,0,15
12771,0,15
12772,2,63
12773,5,44
12774,0,12
12775,1,36
12776,1,43
12777,0,12
12778,2,71
12779,0,15
12780,0,15
12781,0,15
12782,0,12
12783,1,36
12784,1,36
12785,0,15
12786,1,45
12787,0,12
12788,5,47
12789,4,66
12790,0,12
12791,0,12
12792,0,12
12793,0,15
12794,1,43
12795,0,12
12796,1,36
12797,1,36
12798,1,43
12799,0,15
12800,0,15
12801,1,36
12802,3,84
12803,1,36
12804,0,12
12805,1,43
12806,2,60
12807,0,15
12808,2,60
12809,0,15
12810,0,12
12811,0,12
12812,0,15
12813,5,45
12814,1,53
12815,2,60
12816,0,15
12817,2,71
12818,0,12
12819,0,12
12820,1,36
12821,0,12
12822,2,122
12823,1,43
12824,6,188
12825,0,12
12826,0,12
12827,2,73
12828,1,36
12829,1,36
12830,1,45
12831,1,43
12832,0,15
12833,1,36
12834,0,15
12835,2,60
12836,1,36
12837,1,43
12838,1,36
12839,1,36
12840,0,12
12841,0,12
12842,0,15
12843,1,43
12844,1,36
12845,1,36
12846,0,12
12847,0,15
12848,0,12
12849,0,15
12850,0,12
12851,0,15
12852,1,43
12853,0,15
12854,0,12
12855,0,15
12856,0,15
12857,0,12
12858,0,18
12859,0,15
12860,1,36
12861,2,71
12862,0,12
12863,1,36
12864,1,36
12865,1,36
12866,0,15
12867,1,45
12868,1,36
12869,0,12
12870,1,36
12871,0,15
12872,0,15
12873,2,60
12874,1,36
12875,1,36
12876,0,15
12877,0,12
12878,0,12
12879,1,43
12880,1,36
12881,2,60
12882,2,71
12883,2,60
12884,3,100
12885,1,36
12886,0,12
12887,2,60
12888,1,37
12889,1,45
12890,1,36
12891,1,44
12892,26,137
12893,1,36
12894,2,103
12895,1,36
12896,0,12
12897,3,128
12898,0,12
12899,1,43
12900,0,12
12901,0,12
12902,0,12
12903,4,67
12904,2,73
12905,2,63
12906,1,36
12907,0,15
12908,0,12
12909,1,43
12910,0,12
12911,1,79
12912,1,43
12913,0,12
12914,2,71
12915,0,12
12916,1,36
12917,1,36
12918,1,36
12919,1,37
12920,0,15
12921,1,36
12922,1,36
12923,0,12
12924,2,60
12925,0,12
12926,1,43
12927,0,15
12928,2,63
12929,1,43
12930,1,43
12931,1,36
12932,2,60
12933,1,36
12934,0,15
12935,0,12
12936,0,12
12937,0,12
12938,0,12
12939,1,36
12940,0,12
12941,1,45
12942,1,43
12943,1,36
12944,1,36
12945,0,12
12946,0,15
12947,1,36
12948,1,36
12949,1,43
12950,0,12
12951,0,12
12952,0,12
12953,0,15
12954,2,71
12955,0,12
12956,0,15
12957,1,43
12958,1,36
12959,1,36
12960,2,60
12961,0,15
12962,0,15
12963,1,36
12964,1,43
12965,2,60
12966,1,43
12967,1,36
12968,0,12
12969,0,12
12970,2,71
12971,1,36
12972,0,12
12973,1,43
12974,1,45
12975,1,36
12976,3,101
12977,1,36
12978,1,36
12979,2,71
12980,0,12
12981,0,15
12982,0,12
12983,5,45
12984,1,53
12985,1,36
12986,0,12
12987,1,36
12988,5,45
12989,2,60
12990,2,60
12991,0,12
12992,0,15
12993,1,36
12994,0,15
12995,1,43
12996,1,36
12997,2,60
12998,2,63
12999,0,12
13000,1,36
13001,2,60
13002,0,12
13003,2,61
13004,0,15
13005,1,36
13006,0,12
13007,0,15
13008,1,43
13009,0,12
13010,0,12
13011,0,12
13012,0,15
13013,1,36
13014,1,36
13015,0,12
13016,1,40
13017,0,12
13018,0,15
13019,1,45
13020,0,12
13021,0,15
13022,1,36
13023,1,37
13024,0,12
13025,4,65
13026,1,36
13027,1,43
13028,0,12
13029,1,36
13030,0,15
13031,0,12
13032,2,63
13033,1,36
13034,2,63
13035,1,36
13036,1,36
13037,1,43
13038,1,36
13039,2,71
13040,2,60
13041,0,12
13042,2,60
13043,2,60
13044,0,15
13045,1,36
13046,0,12
13047,0,12
13048,0,15
13049,2,71
13050,0,12
13051,0,15
13052,1,36
13053,1,43
13054,5,88
13055,2,60
13056,0,12
13057,0,15
13058,0,12
13059,0,15
13060,0,18
13061,0,15
13062,0,12
13063,0,12
13064,0,12
13065,2,63
13066,0,12
13067,0,12
13068,1,36
13069,1,36
13070,0,18
13071,0,15
13072,2,63
13073,2,60
13074,0,12
13075,0,15
13076,1,36
13077,2,71
13078,0,15
13079,0,15
13080,3,84
13081,0,12
13082,0,15
13083,1,36
13084,0,12
13085,1,44
13086,1,36
13087,0,12
13088,0,18
13089,0,15
13090,1,36
13091,1,36
13092,0,15
13093,0,12
13094,1,36
13095,1,36
13096,1,36
13097,0,12
13098,1,36
13099,0,12
13100,1,36
13101,0,12
13102,0,15
13103,0,12
13104,0,12
13105,0,15
13106,0,15
13107,1,36
13108,2,63
13109,0,15
13110,0,15
13111,0,15
13112,0,12
13113,0,12
13114,0,15
13115,0,15
13116,2,63
13117,0,12
13118,1,40
13119,0,15
13120,7,296
13121,0,15
13122,1,36
13123,5,45
13124,1,36
13125,0,12
13126,0,12
13127,1,36
13128,0,12
13129,0,15
13130,1,36
13131,1,36
13132,0,12
13133,2,60
13134,1,36
13135,0,12
13136,0,12
13137,0,15
13138,0,15
13139,0,15
13140,0,15
13141,26,137
13142,0,12
13143,1,36
13144,0,15
13145,1,36
13146,1,36
13147,1,36
13148,4,66
13149,0,15
13150,1,36
13151,1,36
13152,0,12
13153,2,60
13154,0,15
13155,0,15
13156,0,15
13157,1,36
13158,0,12
13159,4,118
13160,1,36
13161,1,45
13162,0,12
13163,0,18
13164,1,36
13165,12,85
13166,0,15
13167,1,36
13168,0,12
13169,1,36
13170,2,60
13171,1,36
13172,1,36
13173,1,36
13174,0,12
13175,0,12
13176,1,36
13177,0,12
13178,1,36
13179,1,45
13180,1,43
13181,0,12
13182,1,36
13183,0,12
13184,0,15
13185,1,36
13186,2,60
13187,1,36
13188,0,12
13189,0,15
13190,0,15
13191,1,43
13192,1,43
13193,1,44
13194,0,15
13195,0,12
13196,0,12
13197,2,63
13198,0,12
13199,0,15
13200,0,12
13201,1,36
13202,0,12
13203,0,15
13204,1,36
13205,0,12
13206,1,36
13207,1,36
13208,2,71
13209,0,12
13210,1,36
13211,0,12
13212,0,12
13213,0,12
13214,1,36
13215,0,12
13216,1,43
13217,0,15
13218,0,12
13219,0,15
13220,0,15
13221,0,12
13222,0,12
13223,1,43
13224,0,12
13225,1,36
13226,0,12
13227,0,15
13228,0,12
13229,0,15
13230,1,43
13231,0,12
13232,0,12
13233,0,12
13234,0,12
13235,0,15
13236,0,12
13237,0,12
13238,0,12
13239,0,12
13240,0,12
13241,0,15
13242,0,12
13243,0,12
13244,0,15
13245,0,12
13246,0,12
13247,0,12
13248,0,12
13249,0,15
13250,1,36
13251,0,15
13252,0,12
13253,0,12
13254,0,12
13255,0,12
13256,0,15
13257,0,15
13258,1,45
13259,0,12
13260,0,15
13261,0,12
13262,2,60
13263,0,12
13264,0,12
13265,0,12
13266,1,53
13267,0,12
13268,0,12
13269,0,12
13270,0,15
13271,0,12
13272,0,15
13273,0,12
13274,0,12
13275,0,12
13276,0,15
13277,0,12
13278,0,15
13279,0,12
13280,0,12
13281,1,36
13282,0,12
13283,1,36
13284,1,43
13285,0,15
13286,0,12
13287,0,12
13288,1,43
13289,0,12
13290,0,12
13291,0,12
13292,0,12
13293,0,15
13294,0,12
13295,0,15
13296,0,15
13297,1,36
13298,1,43
13299,0,12
13300,1,36
13301,0,12
13302,1,36
13303,0,12
13304,0,12
13305,0,12
13306,0,12
13307,0,12
13308,1,36
13309,0,15
13310,0,12
13311,0,15
13312,0,12
13313,0,12
13314,0,12
13315,0,15
13316,0,12
13317,0,15
13318,0,12
13319,0,12
13320,1,43
13321,0,15
13322,0,12
13323,0,12
13324,0,12
13325,0,12
13326,0,15
13327,0,12
13328,0,12
13329,0,15
13330,1,36
13331,0,12
13332,0,15
13333,0,12
13334,0,12
13335,0,12
13336,0,15
13337,0,12
13338,0,15
13339,1,36
13340,0,12
13341,1,43
13342,0,12
13343,0,12
13344,0,12
13345,0,12
13346,0,12
13347,0,15
13348,0,15
13349,0,15
13350,0,12
13351,0,12
13352,0,12
13353,0,12
13354,0,12
13355,0,12
13356,0,12
13357,1,45
13358,0,12
13359,0,12
13360,1,44
13361,0,12
13362,0,12
13363,2,63
13364,2,61
13365,0,12
13366,0,15
13367,1,37
13368,0,12
13369,0,12
13370,0,12
13371,0,15
13372,0,12
13373,0,12
13374,0,12
13375,1,36
13376,0,12
13377,0,12
13378,0,12
13379,0,15
13380,1,36
13381,0,12
13382,5,45
13383,1,36
13384,0,12
13385,0,12
13386,0,12
13387,0,15
13388,0,12
13389,1,43
13390,1,36
13391,3,86
13392,0,15
13393,1,36
13394,0,12
13395,5,45
13396,0,15
13397,1,44
13398,0,15
13399,0,15
13400,1,36
13401,1,43
13402,2,122
13403,1,36
13404,1,36
13405,0,15
13406,0,12
13407,0,12
13408,0,12
13409,0,12
13410,0,12
13411,1,36
13412,0,12
13413,0,12
13414,1,36
13415,1,36
13416,1,36
13417,1,36
13418,0,18
13419,0,12
13420,0,12
13421,0,15
13422,0,15
13423,5,47
13424,0,15
13425,1,36
13426,1,36
13427,0,12
13428,0,15
13429,0,12
13430,0,15
13431,0,12
13432,0,15
13433,0,12
13434,0,12
13435,0,15
13436,1,36
13437,0,12
13438,4,64
13439,0,15
13440,2,63
13441,1,36
13442,0,15
13443,0,12
13444,1,36
13445,1,36
13446,0,12
13447,1,36
13448,0,15
13449,0,15
13450,1,37
13451,0,15
13452,0,12
13453,0,15
13454,0,15
13455,1,36
13456,0,15
13457,0,12
13458,0,12
13459,1,36
13460,0,15
13461,0,15
13462,2,71
13463,1,36
13464,1,36
13465,0,15
13466,0,12
13467,0,12
13468,0,15
13469,1,36
13470,0,12
13471,1,36
13472,0,15
13473,0,12
13474,0,12
13475,0,15
13476,0,15
13477,0,15
13478,1,36
13479,0,15
13480,1,36
13481,0,18
13482,0,15
13483,0,15
13484,0,12
13485,0,12
13486,2,65
13487,1,36
13488,1,43
13489,0,15
13490,0,12
13491,1,36
13492,0,15
13493,0,12
13494,0,12
13495,0,12
13496,1,36
13497,1,53
13498,1,36
13499,1,36
13500,0,15
13501,2,60
13502,1,36
13503,1,43
13504,1,36
13505,2,60
13506,0,15
13507,1,36
13508,5,45
13509,1,36
13510,1,40
13511,1,36
13512,1,43
13513,1,43
13514,2,60
13515,1,36
13516,1,36
13517,1,36
13518,0,15
13519,0,15
13520,5,44
13521,0,12
13522,1,36
13523,1,36
13524,0,15
13525,1,36
13526,0,15
13527,0,15
13528,5,47
13529,1,37
13530,1,36
13531,1,36
13532,5,44
13533,0,15
13534,1,36
13535,0,12
13536,1,37
13537,1,36
13538,5,45
13539,0,12
13540,0,12
13541,1,36
13542,4,66
13543,1,36
13544,1,36
13545,0,15
13546,1,36
13547,0,12
13548,2,71
13549,0,12
13550,0,15
13551,0,18
13552,0,12
13553,1,36
13554,0,15
13555,0,12
13556,0,15
13557,1,36
13558,0,12
13559,3,103
13560,1,36
13561,0,15
13562,0,15
13563,1,36
13564,0,15
13565,2,60
13566,0,15
13567,0,12
13568,1,36
13569,1,36
13570,4,65
13571,0,12
13572,1,36
13573,0,12
13574,1,43
13575,0,12
13576,0,12
13577,1,43
13578,0,12
13579,0,15
13580,0,12
13581,0,12
13582,1,36
13583,0,15
13584,6,272
13585,1,37
13586,3,85
13587,2,61
13588,1,36
13589,1,36
13590,0,12
13591,0,12
13592,1,36
13593,1,45
13594,1,36
13595,1,36
13596,1,43
13597,1,36
13598,1,36
13599,1,36
13600,1,36
13601,0,15
13602,1,36
13603,0,15
13604,1,36
13605,0,15
13606,1,36
13607,0,15
13608,0,12
13609,0,15
13610,0,12
13611,0,15
13612,2,60
13613,1,36
13614,1,36
13615,1,36
13616,1,43
13617,0,12
13618,0,12
13619,0,15
13620,0,12
13621,0,12
13622,0,12
13623,0,15
13624,0,15
13625,0,12
13626,1,36
13627,0,15
13628,1,36
13629,2,61
13630,2,63
13631,1,37
13632,0,15
13633,1,36
13634,4,66
13635,0,12
13636,0,12
13637,0,12
13638,1,36
13639,0,18
13640,0,18
13641,3,130
13642,0,12
13643,0,12
13644,2,60
13645,0,15
13646,0,12
13647,0,15
13648,0,15
13649,0,12
13650,0,12
13651,0,15
13652,2,60
13653,5,151
13654,1,36
13655,0,15
13656,0,12
13657,0,15
13658,1,36
13659,1,36
13660,0,12
13661,0,12
13662,0,12
13663,0,12
13664,0,12
13665,1,36
13666,4,64
13667,1,36
13668,0,12
13669,0,12
13670,0,15
13671,0,15
13672,0,15
13673,0,15
13674,1,36
13675,3,84
13676,1,36
13677,0,15
13678,1,43
13679,2,60
13680,26,137
13681,0,12
13682,4,118
13683,0,12
13684,1,36
13685,1,36
13686,1,36
13687,0,15
13688,0,12
13689,0,12
13690,5,45
13691,0,12
13692,0,12
13693,0,12
13694,1,37
13695,0,12
13696,1,36
13697,1,36
13698,1,36
13699,1,36
13700,0,15
13701,0,12
13702,0,15
13703,5,44
13704,1,36
13705,1,36
13706,1,93
13707,0,12
13708,0,15
13709,3,85
13710,1,43
13711,1,36
13712,2,60
13713,0,15
13714,1,36
13715,1,43
13716,1,36
13717,0,15
13718,1,37
13719,1,43
13720,5,45
13721,0,12
13722,1,36
13723,0,12
13724,0,15
13725,0,12
13726,0,15
13727,0,12
13728,0,15
13729,0,15
13730,0,12
13731,8,123
13732,0,12
13733,0,15
13734,2,60
13735,4,110
13736,0,15
13737,0,12
13738,0,15
13739,2,60
13740,1,36
13741,0,18
13742,0,12
13743,1,43
13744,0,12
13745,0,15
13746,2,60
13747,0,12
13748,0,12
13749,0,12
13750,0,15
13751,0,15
13752,0,15
13753,0,12
13754,1,45
13755,5,45
13756,0,12
13757,1,36
13758,1,36
13759,1,36
13760,2,61
13761,0,12
13762,0,12
13763,0,12
13764,0,15
13765,0,15
13766,0,12
13767,1,36
13768,7,254
13769,1,36
13770,3,85
13771,1,36
13772,0,12
13773,1,36
13774,0,12
13775,0,12
13776,1,37
13777,0,12
13778,0,15
13779,1,36
13780,0,12
13781,0,15
13782,0,12
13783,0,12
13784,0,12
13785,0,15
13786,1,36
13787,0,15
13788,1,36
13789,1,36
13790,0,12
13791,2,60
13792,1,36
13793,0,12
13794,1,36
13795,1,43
13796,2,71
13797,0,12
13798,1,36
13799,1,43
13800,1,43
13801,0,12
13802,0,12
13803,2,60
13804,0,12
13805,0,12
13806,0,12
13807,1,36
13808,1,37
13809,1,43
13810,1,36
13811,1,43
13812,0,12
13813,1,36
13814,0,15
13815,1,36
13816,1,36
13817,1,36
13818,2,71
13819,0,15
13820,1,36
13821,0,15
13822,0,15
13823,0,12
13824,1,36
13825,0,18
13826,1,36
13827,1,43
13828,1,36
13829,1,36
13830,0,15
13831,1,37
13832,0,12
13833,1,36
13834,1,43
13835,0,12
13836,0,12
13837,0,12
13838,0,15
13839,1,36
13840,1,36
13841,2,61
13842,5,47
13843,7,102
13844,1,40
13845,0,15
13846,0,12
13847,0,15
13848,1,43
13849,2,60
13850,1,36
13851,0,12
13852,1,36
13853,0,15
13854,1,36
13855,0,12
13856,0,12
13857,1,36
13858,0,15
13859,0,15
13860,2,60
13861,0,12
13862,1,36
13863,1,36
13864,1,43
13865,2,61
13866,0,12
13867,5,89
13868,1,36
13869,1,36
13870,2,60
13871,1,37
13872,3,85
13873,2,60
13874,1,36
13875,0,12
13876,2,60
13877,1,36
13878,0,12
13879,1,36
13880,0,15
13881,0,15
13882,2,60
13883,0,12
13884,1,43
13885,2,71
13886,0,12
13887,4,76
13888,1,36
13889,0,12
13890,1,36
13891,0,12
13892,1,40
13893,0,12
13894,2,71
13895,1,36
13896,0,15
13897,1,45
13898,1,36
13899,0,12
13900,5,45
13901,3,84
13902,1,36
13903,0,15
13904,1,36
13905,3,103
13906,0,12
13907,0,12
13908,1,36
13909,1,36
13910,0,12
13911,0,15
13912,0,15
13913,1,36
13914,0,15
13915,1,45
13916,0,15
13917,0,12
13918,0,12
13919,0,12
13920,0,12
13921,3,84
13922,0,12
13923,1,36
13924,0,12
13925,1,36
13926,1,36
13927,1,36
13928,5,44
13929,1,43
13930,2,63
13931,2,60
13932,1,37
13933,0,12
13934,0,15
13935,1,36
13936,1,36
13937,0,12
13938,0,12
13939,0,12
13940,1,36
13941,0,12
13942,2,60
13943,0,12
13944,1,43
13945,6,86
13946,1,36
13947,0,15
13948,0,12
13949,1,36
13950,0,15
13951,2,71
13952,0,12
13953,1,45
13954,1,36
13955,2,122
13956,1,44
13957,1,36
13958,1,43
13959,0,15
13960,2,60
13961,2,71
13962,0,12
13963,0,12
13964,3,100
13965,2,60
13966,0,12
13967,0,15
13968,0,12
13969,1,36
13970,0,12
13971,0,12
13972,1,43
13973,0,12
13974,0,12
13975,1,43
13976,1,36
13977,1,43
13978,0,12
13979,0,12
13980,1,36
13981,0,15
13982,5,45
13983,0,12
13984,0,15
13985,1,43
13986,0,12
13987,0,15
13988,0,12
13989,0,12
13990,1,37
13991,0,12
13992,0,15
13993,0,12
13994,1,43
13995,1,36
13996,0,12
13997,0,12
13998,0,12
13999,0,12
14000,1,43
14001,0,15
14002,0,12
14003,0,12
14004,2,60
14005,0,12
14006,0,12
14007,0,12
14008,2,60
14009,0,12
14010,0,12
14011,0,15
14012,0,12
14013,1,36
14014,1,36
14015,0,12
14016,0,12
14017,1,43
14018,1,43
14019,0,12
14020,0,15
14021,0,12
14022,0,15
14023,0,15
14024,0,15
14025,0,12
14026,1,36
14027,1,36
14028,1,36
14029,0,15
14030,1,36
14031,0,15
14032,0,15
14033,0,12
14034,2,74
14035,0,15
14036,1,36
14037,1,36
14038,0,12
14039,0,15
14040,0,15
14041,0,12
14042,0,12
14043,1,36
14044,0,12
14045,0,12
14046,0,12
14047,0,12
14048,0,12
14049,0,12
14050,1,36
14051,0,12
14052,0,12
14053,1,36
14054,2,61
14055,0,15
14056,0,12
14057,1,36
14058,0,15
14059,0,12
14060,2,122
14061,0,12
14062,5,45
14063,0,12
14064,0,15
14065,0,12
14066,0,12
14067,0,12
14068,0,12
14069,0,12
14070,0,12
14071,1,36
14072,0,12
14073,0,12
14074,0,12
14075,5,45
14076,1,36
14077,1,36
14078,0,12
14079,1,36
14080,0,12
14081,0,12
14082,0,12
14083,0,12
14084,0,15
14085,1,36
14086,0,12
14087,1,43
14088,0,15
14089,1,43
14090,1,36
14091,0,12
14092,0,12
14093,1,43
14094,0,12
14095,1,36
14096,2,122
14097,0,12
14098,1,36
14099,0,15
14100,1,36
14101,0,15
14102,0,12
14103,1,37
14104,0,12
14105,1,36
14106,2,64
14107,1,36
14108,0,12
14109,1,36
14110,0,12
14111,0,12
14112,1,36
14113,4,66
14114,1,36
14115,1,36
14116,5,45
14117,1,36
14118,1,36
14119,0,15
14120,0,12
14121,0,12
14122,1,43
14123,0,12
14124,0,12
14125,1,43
14126,1,45
14127,1,36
14128,0,15
14129,0,12
14130,2,63
14131,0,12
14132,3,104
14133,1,45
14134,0,12
14135,1,36
14136,5,47
14137,1,43
14138,1,36
14139,0,12
14140,1,36
14141,2,71
14142,0,15
14143,0,12
14144,0,12
14145,3,84
14146,0,12
14147,1,36
14148,0,12
14149,2,61
14150,1,36
14151,0,15
14152,1,43
14153,5,45
14154,1,36
14155,0,15
14156,0,12
14157,3,84
14158,1,36
14159,1,36
14160,1,36
14161,0,12
14162,1,36
14163,0,12
14164,1,36
14165,0,12
14166,1,36
14167,1,36
14168,0,12
14169,1,43
14170,1,53
14171,0,12
14172,0,12
14173,0,15
14174,1,36
14175,0,15
14176,0,15
14177,1,36
14178,1,36
14179,1,36
14180,0,15
14181,0,12
14182,0,15
14183,1,43
14184,0,15
14185,0,15
14186,1,36
14187,4,65
14188,5,47
14189,1,36
14190,0,12
14191,0,15
14192,0,12
14193,3,100
14194,7,381
14195,1,36
14196,1,36
14197,0,12
14198,0,12
14199,0,15
14200,1,36
14201,0,12
14202,2,60
14203,0,15
14204,0,15
14205,5,47
14206,0,12
14207,1,36
14208,0,18
14209,1,36
14210,0,15
14211,1,36
14212,0,12
14213,0,12
14214,2,60
14215,2,71
14216,0,15
14217,0,12
14218,0,15
14219,0,12
14220,1,36
14221,1,36
14222,1,36
14223,1,40
14224,1,36
14225,0,15
14226,0,15
14227,0,12
14228,0,12
14229,0,12
14230,0,12
14231,0,18
14232,0,12
14233,0,15
14234,1,36
14235,0,15
14236,0,12
14237,0,12
14238,3,88
14239,0,12
14240,0,15
14241,1,36
14242,0,12
14243,0,15
14244,1,36
14245,0,15
14246,0,15
14247,0,12
14248,0,15
14249,1,36
14250,1,36
14251,0,15
14252,0,12
14253,0,12
14254,0,12
14255,0,12
14256,0,12
14257,0,12
14258,0,12
14259,1,37
14260,0,12
14261,0,15
14262,1,37
14263,0,15
14264,1,36
14265,2,63
14266,1,43
14267,0,15
14268,0,12
14269,0,12
14270,0,18
14271,0,12
14272,0,15
14273,0,12
14274,1,36
14275,1,36
14276,0,15
14277,2,60
14278,1,36
14279,0,12
14280,0,15
14281,0,15
14282,0,12
14283,0,12
14284,0,12
14285,1,36
14286,0,12
14287,1,43
14288,1,43
14289,1,36
14290,1,36
14291,0,15
14292,1,36
14293,2,75
14294,0,12
14295,0,12
14296,1,36
14297,5,45
14298,2,60
14299,0,15
14300,2,71
14301,2,60
14302,1,43
14303,3,87
14304,1,36
14305,0,15
14306,0,15
14307,0,15
14308,1,43
14309,1,43
14310,0,15
14311,1,43
14312,1,36
14313,3,84
14314,0,12
14315,0,12
14316,0,18
14317,2,71
14318,2,60
14319,7,215
14320,0,12
14321,0,12
14322,1,36
14323,0,12
14324,0,15
14325,0,15
14326,0,15
14327,1,43
14328,0,12
14329,0,12
14330,0,15
14331,1,36
14332,3,85
14333,1,36
14334,0,15
14335,1,36
14336,0,12
14337,0,15
14338,0,12
14339,0,12
14340,1,43
14341,5,88
14342,0,12
14343,1,36
14344,1,43
14345,1,36
14346,2,60
14347,0,12
14348,1,36
14349,1,43
14350,0,15
14351,0,15
14352,0,15
14353,0,15
14354,0,12
14355,0,15
14356,1,36
14357,1,43
14358,0,12
14359,2,71
14360,0,12
14361,3,100
14362,4,65
14363,1,36
14364,0,15
14365,0,12
14366,1,43
14367,1,36
14368,0,15
14369,0,12
14370,0,12
14371,0,15
14372,1,36
14373,0,12
14374,1,53
14375,0,12
14376,0,12
14377,1,36
14378,0,15
14379,1,45
14380,5,94
14381,1,43
14382,1,37
14383,1,43
14384,1,36
14385,0,12
14386,1,36
14387,1,36
14388,1,36
14389,0,12
14390,0,12
14391,1,43
14392,1,36
14393,0,12
14394,1,36
14395,2,60
14396,0,12
14397,2,71
14398,1,36
14399,1,36
14400,1,36
14401,0,12
14402,1,36
14403,0,15
14404,0,12
14405,1,45
14406,2,60
14407,0,15
14408,1,43
14409,2,71
14410,1,36
14411,3,84
14412,1,43
14413,0,12
14414,5,45
14415,0,15
14416,1,36
14417,0,12
14418,0,15
14419,3,87
14420,1,36
14421,0,12
14422,2,61
14423,0,15
14424,0,15
14425,0,12
14426,0,12
14427,0,15
14428,0,12
14429,0,15
14430,0,15
14431,0,15
14432,0,15
14433,1,44
14434,1,43
14435,0,12
14436,0,12
14437,0,15
14438,0,15
14439,1,43
14440,0,12
14441,0,12
14442,1,43
14443,0,12
14444,1,36
14445,0,12
14446,2,61
14447,0,12
14448,0,12
14449,2,60
14450,0,12
14451,2,60
14452,0,15
14453,0,12
14454,0,12
14455,3,101
14456,1,43
14457,0,15
14458,0,12
14459,0,12
14460,0,12
14461,0,15
14462,0,12
14463,3,103
14464,1,36
14465,0,12
14466,1,43
14467,2,71
14468,3,87
14469,1,37
14470,1,36
14471,12,239
14472,0,15
14473,0,12
14474,1,43
14475,0,15
14476,1,36
14477,2,61
14478,0,15
14479,1,36
14480,1,36
14481,1,43
14482,1,36
14483,0,15
14484,2,60
14485,1,36
14486,0,12
14487,5,47
14488,0,15
14489,1,36
14490,2,71
14491,1,36
14492,0,12
14493,0,12
14494,1,43
14495,0,12
14496,1,43
14497,0,12
14498,1,43
14499,0,18
14500,1,36
14501,1,36
14502,2,60
14503,0,15
14504,0,15
14505,2,71
14506,0,15
14507,1,36
14508,0,15
14509,1,36
14510,1,37
14511,1,36
14512,0,15
14513,7,296
14514,0,12
14515,0,12
14516,1,36
14517,1,43
14518,1,36
14519,2,72
14520,0,12
14521,2,60
14522,2,72
14523,1,36
14524,0,15
14525,1,36
14526,1,36
14527,1,36
14528,5,45
14529,0,15
14530,1,36
14531,1,36
14532,0,12
14533,5,142
14534,0,15
14535,4,78
14536,3,87
14537,1,36
14538,2,60
14539,1,45
14540,1,36
14541,0,12
14542,0,12
14543,0,12
14544,1,36
14545,2,60
14546,0,12
14547,7,296
14548,1,36
14549,4,65
14550,1,36
14551,2,60
14552,0,12
14553,0,12
14554,0,12
14555,1,36
14556,1,36
14557,5,135
14558,0,12
14559,3,87
14560,1,36
14561,1,36
14562,1,44
14563,2,60
14564,1,45
14565,0,12
14566,2,60
14567,0,12
14568,0,12
14569,2,71
14570,0,15
14571,6,175
14572,0,12
14573,0,15
14574,0,12
14575,1,36
14576,1,36
14577,0,15
14578,1,36
14579,0,12
14580,0,12
14581,1,45
14582,4,114
14583,0,12
14584,0,12
14585,1,36
14586,0,12
14587,0,12
14588,0,12
14589,0,12
14590,0,12
14591,2,60
14592,0,12
14593,10,96
14594,1,36
14595,0,15
14596,1,36
14597,1,36
14598,1,36
14599,0,15
14600,2,61
14601,0,15
14602,0,15
14603,0,15
14604,1,36
14605,2,71
14606,0,15
14607,0,15
14608,1,36
14609,0,12
14610,1,36
14611,0,12
14612,1,36
14613,2,60
14614,2,60
14615,0,12
14616,0,15
14617,0,12
14618,1,36
14619,0,15
14620,0,12
14621,0,15
14622,0,12
14623,1,36
14624,1,36
14625,1,43
14626,0,15
14627,0,12
14628,1,43
14629,0,12
14630,0,15
14631,1,36
14632,1,36
14633,1,36
14634,0,12
14635,5,45
14636,1,36
14637,1,36
14638,1,36
14639,0,12
14640,2,122
14641,0,12
14642,2,60
14643,1,43
14644,1,36
14645,0,15
14646,0,15
14647,1,37
14648,1,36
14649,5,45
14650,0,12
14651,1,36
14652,1,36
14653,0,15
14654,0,15
14655,1,36
14656,0,18
14657,1,36
14658,2,60
14659,1,36
14660,1,36
14661,0,15
14662,0,12
14663,5,45
14664,0,15
14665,1,36
14666,2,60
14667,1,36
14668,2,73
14669,1,36
14670,0,12
14671,1,36
14672,0,12
14673,1,36
14674,1,36
14675,0,12
14676,0,12
14677,1,36
14678,1,36
14679,1,36
14680,2,60
14681,1,36
14682,5,45
14683,0,15
14684,0,12
14685,0,15
14686,0,15
14687,5,45
14688,0,15
14689,1,36
14690,1,36
14691,2,62
14692,1,43
14693,1,36
14694,1,36
14695,1,36
14696,2,60
14697,1,37
14698,0,15
14699,1,36
14700,0,12
14701,0,15
14702,1,36
14703,2,73
14704,0,12
14705,0,12
14706,1,36
14707,1,37
14708,1,43
14709,6,69
14710,2,60
14711,1,36
14712,0,12
14713,1,43
14714,1,44
14715,5,47
14716,4,64
14717,1,36
14718,0,15
14719,0,12
14720,0,15
14721,1,36
14722,0,12
14723,1,36
14724,2,60
14725,1,36
14726,0,15
14727,1,36
14728,0,12
14729,0,12
14730,1,43
14731,1,36
14732,0,12
14733,0,12
14734,0,15
14735,0,12
14736,0,12
14737,0,12
14738,1,36
14739,1,36
14740,5,45
14741,0,12
14742,0,12
14743,1,36
14744,1,36
14745,0,12
14746,1,36
14747,0,12
14748,1,36
14749,5,44
14750,1,36
14751,0,15
14752,0,15
14753,0,12
14754,0,15
14755,3,64
14756,0,15
14757,0,15
14758,1,43
14759,3,105
14760,0,12
14761,0,15
14762,1,43
14763,5,95
14764,1,43
14765,0,12
14766,1,36
14767,1,37
14768,1,43
14769,0,12
14770,1,36
14771,1,36
14772,1,36
14773,0,15
14774,1,43
14775,1,36
14776,2,60
14777,1,36
14778,1,36
14779,1,45
14780,0,15
14781,0,12
14782,0,12
14783,0,12
14784,2,74
14785,1,36
14786,1,36
14787,0,12
14788,0,12
14789,0,12
14790,0,15
14791,0,12
14792,0,15
14793,0,15
14794,0,12
14795,0,12
14796,0,15
14797,1,36
14798,0,12
14799,0,12
14800,3,88
14801,1,36
14802,1,36
14803,0,12
14804,1,36
14805,0,12
14806,0,12
14807,2,60
14808,1,36
14809,1,36
14810,0,15
14811,1,36
14812,1,37
14813,0,12
14814,0,15
14815,5,45
14816,3,87
14817,5,45
14818,0,12
14819,5,45
14820,0,12
14821,0,15
14822,0,15
14823,2,71
14824,1,36
14825,0,12
14826,0,12
14827,1,36
14828,0,12
14829,0,15
14830,1,43
14831,0,12
14832,5,47
14833,1,43
14834,0,12
14835,5,47
14836,5,45
14837,0,12
14838,0,12
14839,1,36
14840,0,15
14841,1,36
14842,0,12
14843,2,60
14844,1,36
14845,1,36
14846,0,12
14847,0,12
14848,5,45
14849,0,12
14850,1,43
14851,5,45
14852,1,36
14853,1,36
14854,5,91
14855,1,36
14856,0,12
14857,1,43
14858,1,36
14859,0,15
14860,2,63
14861,1,43
14862,1,36
14863,1,36
14864,0,15
14865,2,60
14866,1,43
14867,1,36
14868,3,87
14869,0,15
14870,1,36
14871,0,12
14872,1,36
14873,1,36
14874,3,58
14875,0,15
14876,1,36
14877,0,15
14878,2,60
14879,0,12
14880,0,12
14881,2,63
14882,0,12
14883,0,12
14884,2,60
14885,1,36
14886,0,12
14887,0,12
14888,0,12
14889,1,37
14890,0,12
14891,0,12
14892,5,45
14893,2,60
14894,0,12
14895,2,60
14896,1,43
14897,1,36
14898,0,15
14899,0,15
14900,0,15
14901,1,36
14902,1,43
14903,0,15
14904,1,43
14905,0,12
14906,0,12
14907,1,36
14908,2,60
14909,1,36
14910,1,43
14911,1,43
14912,0,12
14913,1,36
14914,0,12
14915,0,12
14916,1,43
14917,0,12
14918,0,15
14919,0,12
14920,2,60
14921,1,36
14922,1,43
14923,2,71
14924,0,12
14925,1,43
14926,2,60
14927,1,36
14928,0,15
14929,0,12
14930,1,36
14931,0,15
14932,0,12
14933,0,12
14934,0,12
14935,0,12
14936,2,75
14937,0,12
14938,0,12
14939,0,12
14940,0,12
14941,1,36
14942,2,60
14943,3,87
14944,0,12
14945,0,12
14946,1,43
14947,0,15
14948,1,43
14949,0,12
14950,0,12
14951,1,36
14952,0,12
14953,0,15
14954,0,12
14955,1,45
14956,1,36
14957,0,15
14958,1,36
14959,0,15
14960,0,12
14961,0,15
14962,1,43
14963,3,86
14964,0,12
14965,1,36
14966,0,12
14967,2,60
14968,2,60
14969,1,36
14970,1,36
14971,2,74
14972,2,71
14973,2,60
14974,1,36
14975,0,12
14976,2,60
14977,0,12
14978,0,15
14979,0,15
14980,0,15
14981,1,37
14982,0,15
14983,1,36
14984,1,36
14985,1,36
14986,1,36
14987,0,15
14988,0,12
14989,1,36
14990,1,36
14991,1,36
14992,1,36
14993,0,12
14994,2,60
14995,4,65
14996,1,36
14997,2,61
14998,5,95
14999,0,12
15000,0,12
15001,2,60
15002,2,61
15003,0,12
15004,1,43
15005,1,43
15006,0,12
15007,1,36
15008,1,45
15009,0,12
15010,0,15
15011,0,12
15012,1,44
15013,1,36
15014,9,96
15015,0,15
15016,1,36
15017,2,122
15018,0,15
15019,1,43
15020,1,36
15021,0,12
15022,0,12
15023,0,15
15024,1,43
15025,0,15
15026,2,60
15027,0,12
15028,0,12
15029,1,36
15030,0,12
15031,0,15
15032,1,36
15033,0,15
15034,1,43
15035,0,15
15036,0,12
15037,1,43
15038,3,87
15039,0,12
15040,5,45
15041,0,12
15042,1,36
15043,0,12
15044,3,87
15045,0,12
15046,1,43
15047,1,36
15048,1,36
15049,1,36
15050,1,43
15051,0,12
15052,1,36
15053,2,60
15054,1,36
15055,0,12
15056,0,15
15057,5,45
15058,0,15
15059,2,62
15060,0,12
15061,1,53
15062,0,12
15063,2,63
15064,0,12
15065,2,61
15066,1,36
15067,0,12
15068,0,12
15069,0,12
15070,0,12
15071,0,12
15072,0,12
15073,1,36
15074,0,15
15075,1,36
15076,1,44
15077,1,37
15078,1,36
15079,2,60
15080,1,36
15081,0,12
15082,0,12
15083,0,12
15084,1,36
15085,1,36
15086,1,44
15087,1,36
15088,1,36
15089,1,43
15090,1,36
15091,1,37
15092,1,36
15093,0,18
15094,0,15
15095,0,15
15096,1,43
15097,0,12
15098,1,36
15099,1,36
15100,1,36
15101,0,15
15102,0,12
15103,0,12
15104,0,12
15105,0,15
15106,1,36
15107,0,12
15108,2,60
15109,1,36
15110,2,60
15111,1,43
15112,1,45
15113,1,36
15114,0,12
15115,0,12
15116,1,43
15117,1,36
15118,1,43
15119,2,62
15120,1,37
15121,0,15
15122,0,12
15123,0,12
15124,0,12
15125,0,12
15126,1,43
15127,1,43
15128,0,15
15129,1,36
15130,4,66
15131,21,164
15132,0,12
15133,1,36
15134,1,36
15135,0,12
15136,1,36
15137,1,36
15138,0,12
15139,0,12
15140,0,12
15141,0,12
15142,1,36
15143,0,15
15144,0,15
15145,0,12
15146,1,36
15147,1,36
15148,0,12
15149,1,36
15150,2,63
15151,2,62
15152,1,43
15153,1,36
15154,1,43
15155,1,36
15156,0,12
15157,0,12
15158,0,15
15159,0,12
15160,0,12
15161,0,12
15162,0,15
15163,0,12
15164,1,36
15165,0,12
15166,1,43
15167,0,12
15168,0,15
15169,0,12
15170,1,36
15171,0,12
15172,2,60
15173,0,15
15174,0,15
15175,0,12
15176,1,43
15177,0,15
15178,0,12
15179,29,257
15180,1,36
15181,0,12
15182,0,15
15183,0,12
15184,0,15
15185,0,18
15186,1,36
15187,2,63
15188,1,36
15189,2,60
15190,1,43
15191,1,36
15192,0,15
15193,0,15
15194,0,12
15195,1,43
15196,2,71
15197,1,36
15198,0,15
15199,0,12
15200,1,36
15201,1,36
15202,0,15
15203,1,36
15204,1,36
15205,2,102
15206,1,36
15207,2,60
15208,0,15
15209,1,37
15210,1,36
15211,0,12
15212,1,36
15213,0,12
15214,0,12
15215,0,12
15216,0,12
15217,0,15
15218,0,15
15219,0,12
15220,2,122
15221,1,36
15222,1,37
15223,0,12
15224,0,15
15225,0,15
15226,1,36
15227,0,15
15228,0,15
15229,5,45
15230,0,15
15231,1,36
15232,0,12
15233,0,15
15234,1,36
15235,0,12
15236,1,43
15237,5,45
15238,1,36
15239,0,12
15240,1,36
15241,0,15
15242,0,12
15243,0,12
15244,1,36
15245,0,12
15246,1,43
15247,0,15
15248,1,36
15249,21,164
15250,5,45
15251,1,36
15252,0,12
15253,2,71
15254,1,36
15255,0,12
15256,0,12
15257,1,36
15258,1,43
15259,0,15
15260,1,44
15261,0,12
15262,0,12
15263,0,12
15264,2,122
15265,1,36
15266,0,12
15267,2,60
15268,2,71
15269,0,15
15270,1,36
15271,2,60
15272,0,15
15273,0,12
15274,1,53
15275,1,43
15276,1,36
15277,1,37
15278,0,12
15279,0,15
15280,0,12
15281,0,12
15282,5,106
15283,0,12
15284,0,12
15285,1,36
15286,4,111
15287,1,37
15288,1,36
15289,0,12
15290,1,36
15291,3,100
15292,1,36
15293,1,36
15294,1,43
15295,1,36
15296,1,43
15297,0,15
15298,3,100
15299,0,15
15300,0,12
15301,0,15
15302,1,36
15303,0,15
15304,1,36
15305,1,36
15306,0,15
15307,0,12
15308,1,36
15309,0,12
15310,1,45
15311,1,36
15312,1,36
15313,0,12
15314,0,12
15315,0,12
15316,1,36
15317,0,15
15318,1,43
15319,1,43
15320,1,36
15321,1,37
15322,0,15
15323,1,36
15324,1,36
15325,1,43
15326,2,60
15327,3,100
15328,0,15
15329,0,15
15330,0,12
15331,0,12
15332,1,43
15333,0,12
15334,2,71
15335,0,12
15336,0,12
15337,0,12
15338,1,36
15339,1,36
15340,1,43
15341,0,15
15342,0,15
15343,0,12
15344,0,12
15345,2,63
15346,0,12
15347,1,36
15348,1,36
15349,0,12
15350,0,12
15351,1,43
15352,1,36
15353,0,15
15354,1,36
15355,1,43
15356,0,12
15357,1,36
15358,1,36
15359,1,36
15360,0,12
15361,0,12
15362,0,12
15363,1,36
15364,1,36
15365,1,36
15366,5,44
15367,0,15
15368,0,12
15369,1,43
15370,0,12
15371,3,130
15372,0,12
15373,1,43
15374,1,36
15375,1,43
15376,0,15
15377,0,12
15378,0,12
15379,2,60
15380,5,45
15381,1,36
15382,2,60
15383,1,36
15384,1,36
15385,0,12
15386,0,15
15387,4,66
15388,1,36
15389,2,62
15390,0,12
15391,0,12
15392,1,43
15393,0,15
15394,0,12
15395,0,12
15396,1,36
15397,4,66
15398,0,12
15399,1,36
15400,1,36
15401,0,15
15402,0,12
15403,1,37
15404,1,43
15405,1,36
15406,1,93
15407,0,12
15408,0,12
15409,1,36
15410,0,15
15411,5,47
15412,1,36
15413,1,36
15414,0,12
15415,5,47
15416,0,12
15417,0,15
15418,0,12
15419,0,12
15420,0,15
15421,3,104
15422,0,15
15423,0,12
15424,5,88
15425,1,43
15426,2,60
15427,2,60
15428,1,36
15429,0,15
15430,0,15
15431,0,12
15432,2,60
15433,0,15
15434,2,60
15435,0,15
15436,0,15
15437,0,15
15438,3,103
15439,0,12
15440,0,12
15441,2,60
15442,1,36
15443,0,18
15444,0,12
15445,1,36
15446,0,12
15447,0,12
15448,1,36
15449,2,63
15450,0,12
15451,1,43
15452,1,43
15453,1,37
15454,0,12
15455,0,12
15456,0,15
15457,0,12
15458,0,15
15459,1,36
15460,0,15
15461,1,43
15462,1,36
15463,1,36
15464,0,12
15465,0,12
15466,0,12
15467,1,36
15468,1,36
15469,1,36
15470,1,43
15471,1,36
15472,0,12
15473,0,12
15474,37,318
15475,1,43
15476,1,45
15477,1,36
15478,0,15
15479,0,12
15480,0,12
15481,0,12
15482,1,36
15483,0,12
15484,0,12
15485,0,12
15486,1,36
15487,0,12
15488,1,43
15489,0,15
15490,0,12
15491,0,12
15492,0,12
15493,1,43
15494,0,12
15495,4,65
15496,1,36
15497,1,37
15498,0,12
15499,5,45
15500,0,12
15501,5,45
15502,0,12
15503,2,71
15504,2,122
15505,0,15
15506,1,36
15507,1,43
15508,1,36
15509,1,43
15510,0,12
15511,0,15
15512,0,12
15513,0,12
15514,0,15
15515,1,36
15516,1,36
15517,2,60
15518,2,63
15519,0,12
15520,0,12
15521,0,12
15522,0,12
15523,1,43
15524,0,15
15525,0,12
15526,0,15
15527,0,15
15528,1,37
15529,0,12
15530,0,12
15531,0,12
15532,1,36
15533,0,12
15534,1,36
15535,0,15
15536,0,15
15537,0,12
15538,0,15
15539,1,36
15540,0,15
15541,0,12
15542,0,15
15543,1,36
15544,1,36
15545,1,36
15546,0,12
15547,1,43
15548,1,36
15549,0,15
15550,0,12
15551,0,12
15552,0,15
15553,1,43
15554,0,12
15555,1,43
15556,1,79
15557,0,15
15558,1,36
15559,1,36
15560,1,36
15561,2,71
15562,1,36
15563,1,36
15564,0,12
15565,1,36
15566,1,36
15567,1,36
15568,0,15
15569,1,36
15570,0,12
15571,3,102
15572,1,36
15573,4,66
15574,0,12
15575,0,12
15576,0,15
15577,0,12
15578,1,43
15579,0,15
15580,0,12
15581,1,45
15582,0,15
15583,0,12
15584,0,12
15585,1,43
15586,2,72
15587,1,36
15588,1,43
15589,2,72
15590,4,66
15591,0,12
15592,1,43
15593,0,15
15594,1,36
15595,1,36
15596,0,12
15597,0,12
15598,2,71
15599,0,12
15600,1,36
15601,1,36
15602,1,36
15603,0,12
15604,1,36
15605,0,12
15606,3,84
15607,1,36
15608,0,18
15609,1,36
15610,1,36
15611,2,63
15612,0,18
15613,0,12
15614,0,15
15615,0,15
15616,1,43
15617,4,65
15618,1,43
15619,1,36
15620,2,74
15621,1,36
15622,1,36
15623,1,43
15624,0,18
15625,2,71
15626,0,12
15627,0,15
15628,1,36
15629,0,12
15630,1,36
15631,1,36
15632,0,18
15633,0,18
15634,0,12
15635,5,45
15636,0,12
15637,1,36
15638,2,64
15639,0,12
15640,2,60
15641,0,12
15642,1,36
15643,0,15
15644,1,36
15645,1,36
15646,1,36
15647,0,12
15648,0,12
15649,0,12
15650,0,15
15651,1,36
15652,5,45
15653,0,15
15654,0,15
15655,1,36
15656,24,96
15657,0,12
15658,1,43
15659,1,36
15660,39,309
15661,0,12
15662,0,12
15663,1,36
15664,0,12
15665,0,12
15666,1,36
15667,0,15
15668,1,43
15669,0,12
15670,0,12
15671,0,15
15672,1,36
15673,1,36
15674,1,36
15675,1,36
15676,1,36
15677,1,43
15678,0,12
15679,1,36
15680,1,36
15681,0,12
15682,1,36
15683,1,36
15684,0,12
15685,0,12
15686,0,15
15687,1,53
15688,1,36
15689,0,12
15690,0,12
15691,0,12
15692,1,43
15693,1,43
15694,0,15
15695,0,12
15696,0,12
15697,1,36
15698,1,40
15699,0,15
15700,0,12
15701,1,37
15702,2,61
15703,0,12
15704,1,36
15705,1,36
15706,0,12
15707,1,36
15708,1,36
15709,1,43
15710,1,43
15711,1,36
15712,0,15
15713,1,36
15714,0,12
15715,1,36
15716,2,74
15717,3,87
15718,0,15
15719,0,12
15720,1,45
15721,1,36
15722,0,15
15723,0,15
15724,0,15
15725,0,15
15726,1,36
15727,9,96
15728,1,36
15729,1,43
15730,2,60
15731,1,36
15732,1,43
15733,3,84
15734,0,12
15735,0,15
15736,1,36
15737,0,12
15738,0,12
15739,1,43
15740,0,12
15741,0,12
15742,1,36
15743,4,66
15744,0,15
15745,2,60
15746,1,45
15747,1,36
15748,1,43
15749,1,43
15750,1,43
15751,0,15
15752,0,12
15753,0,15
15754,1,37
15755,4,80
15756,1,43
15757,2,73
15758,1,36
15759,0,15
15760,0,12
15761,0,15
15762,0,15
15763,0,12
15764,0,12
15765,2,60
15766,0,15
15767,0,12
15768,0,12
15769,0,12
15770,0,15
15771,1,36
15772,0,15
15773,0,12
15774,1,43
15775,1,43
15776,1,36
15777,0,12
15778,1,36
15779,0,12
15780,1,36
15781,0,12
15782,0,12
15783,0,12
15784,0,12
15785,0,15
15786,0,12
15787,0,15
15788,0,12
15789,1,36
15790,0,15
15791,0,12
15792,0,12
15793,0,12
15794,0,12
15795,0,15
15796,0,15
15797,0,15
15798,0,15
15799,0,15
15800,0,15
15801,0,15
15802,1,36
15803,0,12
15804,1,45
15805,0,12
15806,2,63
15807,0,15
15808,0,15
15809,0,12
15810,1,43
15811,1,36
15812,0,12
15813,0,15
15814,0,15
15815,0,12
15816,0,12
15817,0,12
15818,0,12
15819,1,36
15820,0,15
15821,0,12
15822,0,12
15823,1,36
15824,0,12
15825,1,36
15826,0,12
15827,0,15
15828,1,36
15829,0,12
15830,2,60
15831,0,12
15832,0,12
15833,0,12
15834,0,12
15835,0,12
15836,0,12
15837,0,12
15838,1,36
15839,0,12
15840,1,36
15841,0,12
15842,0,12
15843,0,15
15844,0,12
15845,0,15
15846,0,12
15847,1,36
15848,0,12
15849,0,15
15850,0,12
15851,0,12
15852,0,15
15853,0,12
15854,0,15
15855,0,12
15856,0,12
15857,0,12
15858,0,15
15859,7,845
15860,1,43
15861,0,12
15862,0,12
15863,0,15
15864,0,12
15865,4,66
15866,1,36
15867,0,12
15868,0,12
15869,0,15
15870,0,12
15871,1,43
15872,0,18
15873,0,12
15874,0,15
15875,0,15
15876,1,36
15877,0,12
15878,1,36
15879,0,12
15880,0,12
15881,0,12
15882,0,12
15883,1,36
15884,0,12
15885,1,36
15886,0,12
15887,0,12
15888,0,12
15889,0,15
15890,1,36
15891,1,36
15892,0,12
15893,0,15
15894,2,61
15895,0,12
15896,0,15
15897,0,12
15898,2,71
15899,0,12
15900,1,43
15901,0,12
15902,0,12
15903,0,12
15904,1,36
15905,0,12
15906,0,12
15907,0,15
15908,1,36
15909,0,12
15910,0,12
15911,0,12
15912,1,36
15913,1,36
15914,0,12
15915,2,60
15916,1,36
15917,0,12
15918,1,43
15919,1,45
15920,1,36
15921,1,36
15922,1,36
15923,0,15
15924,2,60
15925,1,36
15926,1,45
15927,0,12
15928,1,36
15929,1,43
15930,0,15
15931,1,36
15932,0,12
15933,0,15
15934,0,12
15935,0,15
15936,0,15
15937,0,15
15938,0,12
15939,0,15
15940,0,12
15941,1,36
15942,1,43
15943,1,45
15944,0,12
15945,0,12
15946,0,15
15947,1,36
15948,0,18
15949,1,36
15950,0,12
15951,1,36
15952,0,12
15953,0,12
15954,1,36
15955,1,36
15956,1,36
15957,0,12
15958,2,61
15959,0,12
15960,0,12
15961,1,36
15962,1,36
15963,0,12
15964,2,60
15965,1,36
15966,0,15
15967,2,65
15968,1,36
15969,1,36
15970,1,36
15971,0,12
15972,1,36
15973,0,15
15974,0,15
15975,0,12
15976,1,36
15977,1,43
15978,0,12
15979,0,15
15980,1,36
15981,1,36
15982,1,36
15983,0,12
15984,0,12
15985,1,45
15986,0,18
15987,0,15
15988,0,15
15989,1,43
15990,0,12
15991,0,12
15992,0,15
15993,0,12
15994,0,12
15995,1,36
15996,1,36
15997,0,18
15998,2,60
15999,0,12
16000,0,15
16001,1,45
16002,1,36
16003,1,40
16004,0,12
16005,0,12
16006,0,15
16007,0,12
16008,0,12
16009,0,15
16010,1,36
16011,0,15
16012,2,60
16013,0,12
16014,1,36
16015,0,12
16016,0,12
16017,0,12
16018,0,15
16019,0,15
16020,0,12
16021,0,12
16022,1,36
16023,0,15
16024,1,36
16025,0,15
16026,0,12
16027,1,36
16028,0,12
16029,1,36
16030,0,12
16031,0,12
16032,0,15
16033,0,12
16034,0,12
16035,0,12
16036,0,12
16037,1,45
16038,1,36
16039,0,12
16040,1,36
16041,0,15
16042,0,12
16043,0,12
16044,0,15
16045,2,61
16046,1,36
16047,0,12
16048,1,36
16049,0,12
16050,1,36
16051,1,36
16052,0,12
16053,1,36
16054,0,15
16055,0,15
16056,1,36
16057,1,36
16058,0,15
16059,0,15
16060,1,36
16061,1,43
16062,0,15
16063,0,15
16064,1,43
16065,0,12
16066,0,12
16067,0,12
16068,1,43
16069,0,12
16070,1,43
16071,1,36
16072,0,12
16073,1,43
16074,0,12
16075,1,36
16076,0,12
16077,1,36
16078,0,12
16079,0,12
16080,0,12
16081,1,36
16082,0,12
16083,0,12
16084,0,12
16085,0,12
16086,6,68
16087,0,12
16088,1,36
16089,0,15
16090,1,43
16091,1,36
16092,1,36
16093,1,36
16094,1,36
16095,0,15
16096,1,36
16097,29,257
16098,0,15
16099,0,12
16100,0,12
16101,0,12
16102,1,36
16103,12,493
16104,0,12
16105,2,73
16106,1,36
16107,0,12
16108,2,60
16109,2,63
16110,0,12
16111,0,15
16112,1,36
16113,0,15
16114,1,36
16115,1,36
16116,2,71
16117,1,36
16118,0,12
16119,0,12
16120,0,12
16121,0,12
16122,0,12
16123,0,12
16124,0,15
16125,0,15
16126,1,36
16127,1,36
16128,1,43
16129,0,12
16130,0,15
16131,0,15
16132,0,12
16133,0,18
16134,1,36
16135,1,36
16136,1,36
16137,0,15
16138,0,12
16139,0,12
16140,1,36
16141,4,66
16142,0,15
16143,1,36
16144,1,36
16145,0,15
16146,1,43
16147,1,36
16148,0,12
16149,1,36
16150,0,15
16151,0,12
16152,0,12
16153,1,36
16154,0,12
16155,0,12
16156,1,45
16157,1,36
16158,1,43
16159,0,15
16160,0,15
16161,0,15
16162,0,12
16163,2,60
16164,0,12
16165,1,36
16166,0,15
16167,0,15
16168,1,36
16169,2,60
16170,2,60
16171,0,12
16172,1,36
16173,0,12
16174,0,15
16175,1,36
16176,0,15
16177,1,36
16178,1,36
16179,2,60
16180,4,111
16181,0,15
16182,0,15
16183,2,60
16184,0,12
16185,0,12
16186,3,87
16187,1,36
16188,0,12
16189,0,12
16190,0,12
16191,1,45
16192,1,36
16193,0,15
16194,1,36
16195,0,12
16196,0,15
16197,1,43
16198,1,36
16199,2,60
16200,1,43
16201,1,36
16202,0,18
16203,1,36
16204,1,36
16205,0,12
16206,5,45
16207,1,36
16208,0,15
16209,1,37
16210,0,12
16211,0,12
16212,0,15
16213,1,36
16214,0,12
16215,1,36
16216,1,36
16217,1,36
16218,5,45
16219,5,45
16220,0,12
16221,1,43
16222,1,43
16223,0,12
16224,2,60
16225,1,36
16226,1,36
16227,0,12
16228,0,15
16229,0,12
16230,1,43
16231,2,71
16232,5,47
16233,1,45
16234,0,12
16235,0,12
16236,1,53
16237,0,12
16238,1,43
16239,0,15
16240,1,36
16241,0,12
16242,0,12
16243,2,61
16244,1,36
16245,5,45
16246,0,12
16247,1,36
16248,0,12
16249,1,36
16250,0,15
16251,0,12
16252,0,12
16253,1,36
16254,1,36
16255,0,15
16256,0,15
16257,0,15
16258,0,12
16259,0,15
16260,0,12
16261,2,60
16262,1,36
16263,1,45
16264,0,15
16265,2,61
16266,0,12
16267,0,12
16268,0,12
16269,0,12
16270,0,15
16271,1,43
16272,0,12
16273,1,36
16274,0,15
16275,1,36
16276,1,36
16277,0,12
16278,0,12
16279,1,43
16280,1,43
16281,1,43
16282,1,36
16283,1,36
16284,0,12
16285,1,36
16286,1,37
16287,2,60
16288,7,212
16289,0,15
16290,1,36
16291,1,45
16292,0,12
16293,2,60
16294,0,12
16295,0,12
16296,0,12
16297,0,12
16298,1,36
16299,1,36
16300,0,12
16301,2,60
16302,0,12
16303,1,43
16304,1,43
16305,5,45
16306,0,15
16307,1,36
16308,1,36
16309,2,60
16310,0,12
16311,1,36
16312,0,12
16313,1,36
16314,1,43
16315,1,36
16316,0,12
16317,1,36
16318,1,36
16319,0,12
16320,2,61
16321,1,43
16322,0,12
16323,0,12
16324,1,36
16325,1,36
16326,1,36
16327,1,36
16328,1,43
16329,0,12
16330,1,43
16331,1,36
16332,1,36
16333,1,36
16334,0,12
16335,1,36
16336,1,36
16337,1,36
16338,0,15
16339,1,36
16340,0,15
16341,0,12
16342,1,36
16343,2,61
16344,2,122
16345,2,60
16346,0,15
16347,0,15
16348,0,12
16349,1,36
16350,1,36
16351,0,12
16352,0,12
16353,5,45
16354,0,12
16355,3,103
16356,0,12
16357,1,36
16358,0,15
16359,1,36
16360,1,36
16361,1,36
16362,0,15
16363,0,12
16364,1,40
16365,0,15
16366,1,36
16367,2,60
16368,0,15
16369,1,36
16370,0,12
16371,1,36
16372,0,12
16373,1,36
16374,0,12
16375,0,12
16376,1,36
16377,1,43
16378,1,36
16379,0,12
16380,0,15
16381,0,15
16382,0,15
16383,1,43
16384,0,12
16385,0,15
16386,1,45
16387,0,12
16388,0,15
16389,1,36
16390,1,43
16391,0,12
16392,1,36
16393,1,36
16394,1,36
16395,0,12
16396,2,61
16397,1,36
16398,0,12
16399,0,12
16400,0,12
16401,1,36
16402,1,36
16403,1,43
16404,1,36
16405,0,12
16406,29,257
16407,1,36
16408,3,84
16409,0,15
16410,0,12
16411,1,53
16412,0,15
16413,0,12
16414,1,43
16415,2,60
16416,0,12
16417,2,60
16418,1,36
16419,1,43
16420,0,12
16421,1,43
16422,0,12
16423,0,12
16424,0,12
16425,2,60
16426,1,36
16427,2,60
16428,0,15
16429,1,36
16430,0,12
16431,1,79
16432,9,96
16433,0,12
16434,1,53
16435,0,12
16436,1,36
16437,0,15
16438,0,12
16439,1,36
16440,1,36
16441,0,12
16442,6,176
16443,0,12
16444,0,12
16445,2,60
16446,0,12
16447,1,43
16448,1,45
16449,1,43
16450,1,44
16451,1,43
16452,0,12
16453,2,73
16454,1,79
16455,1,36
16456,2,71
16457,1,43
16458,0,15
16459,1,36
16460,1,45
16461,0,12
16462,0,12
16463,1,53
16464,0,15
16465,4,79
16466,0,12
16467,0,12
16468,0,15
16469,0,15
16470,0,12
16471,2,60
16472,0,12
16473,2,72
16474,0,12
16475,2,71
16476,2,71
16477,0,15
16478,1,36
16479,1,36
16480,0,12
16481,0,12
16482,0,12
16483,1,43
16484,0,12
16485,1,36
16486,0,12
16487,1,44
16488,1,36
16489,0,12
16490,0,12
16491,1,36
16492,1,36
16493,0,15
16494,1,36
16495,2,60
16496,1,45
16497,0,15
16498,2,60
16499,0,12
16500,0,15
16501,0,12
16502,1,36
16503,1,36
16504,1,43
16505,0,12
16506,2,71
16507,1,36
16508,1,36
16509,0,15
16510,0,12
16511,1,36
16512,0,12
16513,1,36
16514,2,63
16515,1,36
16516,0,12
16517,1,36
16518,0,12
16519,0,15
16520,1,36
16521,1,36
16522,1,43
16523,1,36
16524,1,43
16525,0,12
16526,1,43
16527,1,36
16528,1,36
16529,4,111
16530,1,36
16531,2,60
16532,4,64
16533,0,12
16534,2,122
16535,2,71
16536,1,43
16537,0,12
16538,0,12
16539,1,53
16540,1,36
16541,0,15
16542,0,12
16543,1,43
16544,0,12
16545,1,43
16546,0,12
16547,1,36
16548,1,36
16549,1,43
16550,1,53
16551,5,45
16552,0,12
16553,0,12
16554,1,36
16555,1,43
16556,0,15
16557,1,79
16558,1,43
16559,1,43
16560,1,43
16561,1,36
16562,1,36
16563,1,36
16564,0,12
16565,1,43
16566,0,12
16567,0,15
16568,0,15
16569,0,12
16570,0,12
16571,1,79
16572,0,15
16573,1,36
16574,2,71
16575,0,12
16576,5,45
16577,1,36
16578,1,36
16579,0,15
16580,0,12
16581,0,12
16582,2,60
16583,2,60
16584,3,84
16585,0,12
16586,2,63
16587,0,12
16588,0,15
16589,1,36
16590,1,43
16591,1,36
16592,0,12
16593,1,36
16594,0,15
16595,2,60
16596,2,61
16597,0,12
16598,1,43
16599,3,103
16600,1,36
16601,1,36
16602,1,36
16603,1,43
16604,1,36
16605,1,36
16606,0,12
16607,1,36
16608,1,36
16609,2,75
16610,0,15
16611,1,36
16612,0,15
16613,0,12
16614,0,12
16615,0,12
16616,0,15
16617,1,37
16618,0,12
16619,0,12
16620,0,15
16621,0,18
16622,0,12
16623,0,15
16624,0,12
16625,0,15
16626,0,15
16627,1,43
16628,0,15
16629,0,15
16630,0,12
16631,1,36
16632,1,36
16633,0,15
16634,0,12
16635,0,12
16636,0,12
16637,0,12
16638,1,43
16639,1,43
16640,0,15
16641,1,36
16642,1,36
16643,0,12
16644,1,36
16645,0,12
16646,0,15
16647,0,15
16648,0,12
16649,0,18
16650,1,36
16651,0,15
16652,0,12
16653,0,15
16654,0,12
16655,5,47
16656,40,2372
16657,2,71
16658,4,66
16659,0,15
16660,0,15
16661,0,12
16662,0,12
16663,0,12
16664,1,36
16665,0,15
16666,0,12
16667,0,12
16668,0,15
16669,1,36
16670,0,12
16671,0,12
16672,1,36
16673,5,44
16674,1,36
16675,0,12
16676,0,12
16677,0,15
16678,0,12
16679,1,36
16680,0,12
16681,0,15
16682,0,12
16683,0,12
16684,0,12
16685,1,37
16686,0,12
16687,0,12
16688,1,36
16689,0,15
16690,1,36
16691,1,40
16692,1,36
16693,0,15
16694,0,12
16695,0,12
16696,0,12
16697,0,15
16698,1,36
16699,0,12
16700,0,15
16701,0,15
16702,0,12
16703,0,15
16704,0,15
16705,0,15
16706,0,12
16707,0,15
16708,1,36
16709,0,12
16710,0,12
16711,0,15
16712,0,15
16713,1,45
16714,1,43
16715,0,12
16716,0,12
16717,1,36
16718,0,12
16719,0,12
16720,0,12
16721,0,12
16722,0,12
16723,0,15
16724,0,12
16725,0,12
16726,1,36
16727,0,12
16728,1,43
16729,0,12
16730,0,12
16731,1,36
16732,0,15
16733,1,36
16734,0,15
16735,0,12
16736,1,36
16737,1,36
16738,1,36
16739,0,15
16740,3,103
16741,2,63
16742,0,12
16743,1,36
16744,1,36
16745,0,15
16746,1,36
16747,1,36
16748,3,84
16749,2,61
16750,1,36
16751,0,15
16752,2,60
16753,0,15
16754,0,15
16755,5,45
16756,1,36
16757,1,36
16758,2,60
16759,1,37
16760,0,12
16761,1,43
16762,0,12
16763,0,18
16764,0,15
16765,1,36
16766,2,65
16767,29,257
16768,0,15
16769,1,36
16770,0,12
16771,0,12
16772,1,43
16773,0,12
16774,0,12
16775,0,12
16776,1,36
16777,0,15
16778,1,36
16779,0,15
16780,5,45
16781,0,12
16782,1,43
16783,1,36
16784,0,15
16785,0,15
16786,1,36
16787,2,60
16788,0,12
16789,1,36
16790,0,15
16791,0,12
16792,0,12
16793,0,15
16794,1,36
16795,2,60
16796,0,12
16797,2,75
16798,1,36
16799,1,36
16800,1,36
16801,2,71
16802,1,43
16803,0,12
16804,0,15
16805,0,15
16806,1,36
16807,1,36
16808,0,12
16809,0,15
16810,1,36
16811,1,43
16812,1,36
16813,0,12
16814,2,60
16815,0,12
16816,1,43
16817,0,12
16818,2,92
16819,0,12
16820,0,12
16821,0,12
16822,0,12
16823,0,12
16824,3,100
16825,0,15
16826,1,36
16827,0,12
16828,1,43
16829,1,36
16830,0,12
16831,2,60
16832,2,63
16833,0,12
16834,0,12
16835,0,12
16836,0,12
16837,2,72
16838,0,12
16839,0,15
16840,1,43
16841,3,87
16842,1,43
16843,0,12
16844,0,12
16845,13,122
16846,1,36
16847,0,15
16848,1,36
16849,0,15
16850,7,93
16851,1,36
16852,1,43
16853,1,43
16854,0,12
16855,0,12
16856,2,60
16857,0,12
16858,2,60
16859,0,12
16860,1,36
16861,2,60
16862,0,15
16863,1,36
16864,1,43
16865,1,36
16866,1,43
16867,1,36
16868,1,36
16869,0,12
16870,0,12
16871,0,15
16872,1,36
16873,2,60
16874,3,87
16875,1,36
16876,1,43
16877,1,43
16878,0,12
16879,1,36
16880,0,15
16881,0,12
16882,0,15
16883,1,36
16884,1,36
16885,1,36
16886,3,103
16887,1,36
16888,0,12
16889,1,36
16890,0,12
16891,3,85
16892,1,36
16893,0,12
16894,0,15
16895,0,12
16896,2,60
16897,0,12
16898,1,36
16899,1,43
16900,2,60
16901,0,15
16902,0,12
16903,0,12
16904,3,84
16905,2,60
16906,0,15
16907,1,36
16908,1,43
16909,1,36
16910,0,15
16911,0,12
16912,1,43
16913,1,36
16914,0,12
16915,1,36
16916,0,12
16917,1,36
16918,0,15
16919,0,15
16920,1,36
16921,0,15
16922,2,75
16923,0,15
16924,0,15
16925,0,15
16926,0,15
16927,3,88
16928,1,37
16929,0,12
16930,1,43
16931,1,36
16932,2,71
16933,3,84
16934,1,36
16935,1,43
16936,0,12
16937,0,12
16938,0,12
16939,1,36
16940,0,15
16941,2,72
16942,1,36
16943,1,43
16944,0,12
16945,1,36
16946,1,36
16947,1,36
16948,0,12
16949,2,60
16950,0,12
16951,1,36
16952,1,43
16953,0,12
16954,1,53
16955,0,12
16956,1,36
16957,1,43
16958,0,15
16959,1,36
16960,1,36
16961,2,75
16962,1,37
16963,1,40
16964,0,12
16965,1,43
16966,1,36
16967,1,43
16968,1,36
16969,2,71
16970,2,60
16971,1,43
16972,0,12
16973,0,12
16974,1,43
16975,2,60
16976,1,43
16977,0,12
16978,1,36
16979,2,71
16980,0,12
16981,0,12
16982,0,12
16983,0,12
16984,1,36
16985,9,96
16986,2,62
16987,2,60
16988,1,36
16989,1,36
16990,1,36
16991,2,71
16992,2,71
16993,1,36
16994,0,12
16995,0,12
16996,1,36
16997,1,36
16998,2,63
16999,1,36
17000,1,43
17001,2,60
17002,5,44
17003,5,45
17004,0,12
17005,0,15
17006,0,12
17007,0,15
17008,1,40
17009,2,61
17010,0,15
17011,5,45
17012,2,60
17013,1,36
17014,0,15
17015,0,12
17016,1,36
17017,1,43
17018,0,12
17019,1,36
17020,1,36
17021,2,61
17022,5,89
17023,5,45
17024,1,36
17025,1,36
17026,0,12
17027,1,43
17028,1,36
17029,1,36
17030,1,36
17031,3,101
17032,1,36
17033,0,12
17034,2,60
17035,1,37
17036,0,12
17037,1,36
17038,0,12
17039,17,166
17040,0,15
17041,1,36
17042,1,36
17043,1,43
17044,0,15
17045,2,61
17046,0,15
17047,1,36
17048,1,36
17049,1,36
17050,1,36
17051,0,12
17052,1,43
17053,1,36
17054,1,36
17055,1,45
17056,0,15
17057,0,15
17058,0,18
17059,0,15
17060,0,12
17061,0,12
17062,1,36
17063,0,12
17064,1,36
17065,1,53
17066,0,15
17067,0,15
17068,1,36
17069,0,12
17070,1,36
17071,0,15
17072,1,36
17073,0,12
17074,1,36
17075,0,15
17076,0,12
17077,0,15
17078,0,12
17079,1,36
17080,0,15
17081,1,36
17082,0,12
17083,0,12
17084,0,15
17085,1,36
17086,1,36
17087,0,15
17088,0,18
17089,2,60
17090,2,60
17091,0,12
17092,2,61
17093,1,36
17094,1,43
17095,0,18
17096,2,71
17097,1,36
17098,6,114
17099,1,36
17100,0,15
17101,0,12
17102,1,36
17103,1,43
17104,1,43
17105,2,75
17106,0,12
17107,0,15
17108,7,96
17109,1,36
17110,1,36
17111,0,15
17112,0,15
17113,0,12
17114,1,36
17115,3,85
17116,1,53
17117,0,12
17118,1,36
17119,0,12
17120,1,36
17121,0,15
17122,1,43
17123,1,43
17124,0,12
17125,0,15
17126,0,15
17127,0,15
17128,0,15
17129,5,45
17130,0,12
17131,1,36
17132,0,12
17133,0,12
17134,0,12
17135,1,37
17136,5,45
17137,0,12
17138,0,12
17139,1,43
17140,1,43
17141,0,12
17142,1,36
17143,0,12
17144,1,43
17145,2,60
17146,1,36
17147,0,12
17148,1,36
17149,1,36
17150,0,12
17151,0,12
17152,0,15
17153,1,36
17154,2,60
17155,0,12
17156,1,43
17157,39,699
17158,1,36
17159,1,36
17160,0,12
17161,2,60
17162,2,71
17163,0,12
17164,0,12
17165,0,12
17166,2,60
17167,3,100
17168,1,36
17169,0,12
17170,1,36
17171,2,63
17172,1,36
17173,1,36
17174,0,15
17175,2,60
17176,1,36
17177,0,15
17178,1,36
17179,1,43
17180,0,15
17181,4,66
17182,1,36
17183,1,36
17184,0,12
17185,1,36
17186,0,12
17187,1,36
17188,1,37
17189,0,12
17190,1,43
17191,0,12
17192,0,12
17193,1,36
17194,0,15
17195,0,15
17196,0,12
17197,1,43
17198,1,45
17199,1,37
17200,1,43
17201,1,36
17202,0,12
17203,0,15
17204,0,12
17205,0,12
17206,0,12
17207,1,36
17208,1,43
17209,0,12
17210,1,36
17211,1,36
17212,1,36
17213,0,12
17214,0,12
17215,5,44
17216,0,12
17217,0,15
17218,1,36
17219,0,12
17220,1,36
17221,0,15
17222,1,43
17223,0,12
17224,1,45
17225,1,36
17226,1,36
17227,1,43
17228,4,118
17229,0,12
17230,1,36
17231,2,60
17232,0,15
17233,1,43
17234,0,12
17235,0,15
17236,1,36
17237,2,60
17238,0,12
17239,0,12
17240,1,43
17241,0,12
17242,0,12
17243,0,12
17244,1,37
17245,2,63
17246,0,15
17247,2,60
17248,0,12
17249,0,15
17250,1,36
17251,0,12
17252,6,188
17253,0,12
17254,1,45
17255,1,43
17256,0,15
17257,1,36
17258,1,36
17259,5,44
17260,0,15
17261,0,12
17262,1,36
17263,0,12
17264,0,12
17265,1,36
17266,1,36
17267,1,53
17268,0,15
17269,0,15
17270,2,71
17271,18,191
17272,2,63
17273,1,36
17274,1,36
17275,0,15
17276,0,15
17277,1,36
17278,1,36
17279,1,36
17280,0,15
17281,5,44
17282,0,12
17283,1,36
17284,5,45
17285,0,12
17286,1,36
17287,2,60
17288,4,78
17289,0,12
17290,0,12
17291,0,12
17292,2,63
17293,1,36
17294,6,176
17295,0,18
17296,1,36
17297,5,45
17298,0,15
17299,1,43
17300,1,37
17301,2,71
17302,1,36
17303,0,12
17304,1,36
17305,1,36
17306,0,12
17307,0,12
17308,2,71
17309,1,36
17310,2,61
17311,0,12
17312,0,12
17313,2,60
17314,2,60
17315,0,15
17316,3,87
17317,2,60
17318,2,60
17319,0,12
17320,1,36
17321,4,78
17322,1,36
17323,2,60
17324,0,15
17325,0,12
17326,2,60
17327,2,60
17328,0,12
17329,1,43
17330,1,36
17331,0,15
17332,2,60
17333,0,12
17334,1,36
17335,1,43
17336,0,12
17337,1,37
17338,1,43
17339,0,15
17340,5,45
17341,1,36
17342,1,43
17343,0,12
17344,0,15
17345,0,12
17346,0,15
17347,0,15
17348,1,36
17349,1,36
17350,1,36
17351,0,12
17352,1,36
17353,2,63
17354,1,36
17355,0,15
17356,0,12
17357,0,12
17358,0,12
17359,1,43
17360,1,36
17361,1,45
17362,1,43
17363,1,36
17364,0,15
17365,0,12
17366,0,12
17367,3,84
17368,0,12
17369,0,18
17370,0,15
17371,0,15
17372,1,36
17373,5,45
17374,1,36
17375,1,45
17376,2,60
17377,1,36
17378,0,12
17379,0,12
17380,1,36
17381,1,36
17382,1,36
17383,0,12
17384,0,12
17385,0,12
17386,1,43
17387,0,12
17388,0,12
17389,2,60
17390,0,12
17391,1,43
17392,0,15
17393,1,43
17394,0,12
17395,0,12
17396,3,84
17397,2,60
17398,2,63
17399,1,43
17400,1,43
17401,0,15
17402,0,12
17403,0,15
17404,1,36
17405,1,43
17406,0,12
17407,1,36
17408,1,36
17409,1,36
17410,1,36
17411,0,12
17412,5,44
17413,0,15
17414,1,36
17415,0,12
17416,2,60
17417,0,15
17418,0,15
17419,0,15
17420,0,12
17421,1,36
17422,1,43
17423,0,15
17424,1,36
17425,1,43
17426,0,15
17427,2,60
17428,0,15
17429,0,12
17430,0,15
17431,0,12
17432,0,15
17433,0,15
17434,1,36
17435,0,12
17436,1,36
17437,0,15
17438,0,15
17439,1,36
17440,3,87
17441,1,43
17442,0,18
17443,1,36
17444,0,12
17445,1,43
17446,1,36
17447,5,45
17448,0,12
17449,2,60
17450,2,60
17451,1,36
17452,1,36
17453,1,36
17454,1,43
17455,1,36
17456,0,15
17457,0,15
17458,0,15
17459,0,12
17460,1,36
17461,0,12
17462,0,18
17463,0,12
17464,0,15
17465,1,36
17466,0,12
17467,1,36
17468,1,43
17469,0,15
17470,1,36
17471,0,12
17472,1,36
17473,0,12
17474,1,53
17475,5,45
17476,1,37
17477,0,15
17478,0,12
17479,2,60
17480,2,71
17481,0,15
17482,0,15
17483,2,71
17484,0,12
17485,1,36
17486,1,37
17487,0,12
17488,0,12
17489,1,43
17490,0,15
17491,4,67
17492,0,12
17493,4,65
17494,1,36
17495,0,15
17496,0,12
17497,0,12
17498,0,12
17499,0,12
17500,0,12
17501,1,37
17502,3,84
17503,0,12
17504,0,12
17505,0,12
17506,0,15
17507,1,36
17508,1,36
17509,0,12
17510,0,12
17511,0,12
17512,0,15
17513,0,15
17514,1,36
17515,0,12
17516,1,36
17517,5,45
17518,0,12
17519,1,36
17520,0,15
17521,5,45
17522,1,43
17523,0,12
17524,0,12
17525,1,36
17526,1,36
17527,0,12
17528,0,12
17529,1,36
17530,0,12
17531,0,15
17532,0,12
17533,1,36
17534,0,15
17535,0,12
17536,4,65
17537,4,64
17538,0,12
17539,0,12
17540,0,15
17541,0,12
17542,0,15
17543,1,36
17544,0,15
17545,0,12
17546,0,12
17547,1,36
17548,0,15
17549,1,36
17550,2,60
17551,0,12
17552,0,15
17553,2,60
17554,1,36
17555,0,15
17556,0,12
17557,0,15
17558,0,12
17559,1,36
17560,0,12
17561,0,12
17562,0,12
17563,0,15
17564,0,15
17565,0,12
17566,2,102
17567,0,18
17568,1,45
17569,4,111
17570,0,12
17571,0,15
17572,2,60
17573,0,12
17574,0,12
17575,0,12
17576,0,15
17577,1,36
17578,7,98
17579,0,12
17580,0,15
17581,1,43
17582,0,15
17583,1,45
17584,0,12
17585,1,37
17586,0,12
17587,2,61
17588,1,45
17589,1,36
17590,1,37
17591,0,12
17592,0,18
17593,0,18
17594,2,60
17595,1,36
17596,0,12
17597,0,12
17598,0,15
17599,0,12
17600,29,257
17601,0,12
17602,0,15
17603,6,175
17604,0,15
17605,2,75
17606,0,15
17607,6,188
17608,2,102
17609,1,79
17610,0,15
17611,1,36
17612,0,12
17613,0,15
17614,1,43
17615,1,36
17616,1,43
17617,0,12
17618,1,36
17619,0,12
17620,0,12
17621,0,12
17622,0,12
17623,1,36
17624,0,12
17625,1,36
17626,1,36
17627,0,15
17628,0,15
17629,6,175
17630,7,255
17631,1,36
17632,0,15
17633,2,71
17634,1,43
17635,2,102
17636,1,36
17637,1,36
17638,0,15
17639,0,12
17640,0,12
17641,1,36
17642,0,15
17643,0,15
17644,1,36
17645,1,36
17646,1,36
17647,0,15
17648,2,63
17649,1,40
17650,0,12
17651,1,36
17652,0,15
17653,1,43
17654,0,12
17655,1,36
17656,1,79
17657,2,60
17658,0,15
17659,1,36
17660,0,15
17661,2,122
17662,1,43
17663,0,15
17664,0,12
17665,0,15
17666,1,36
17667,1,36
17668,1,36
17669,3,111
17670,0,12
17671,0,12
17672,0,15
17673,5,45
17674,0,12
17675,0,12
17676,0,15
17677,0,15
17678,0,15
17679,2,60
17680,1,45
17681,0,15
17682,1,36
17683,1,36
17684,1,36
17685,0,12
17686,1,36
17687,1,36
17688,1,43
17689,1,36
17690,0,15
17691,0,12
17692,0,12
17693,0,15
17694,1,36
17695,0,12
17696,2,60
17697,2,60
17698,1,36
17699,1,43
17700,1,43
17701,0,12
17702,0,12
17703,1,37
17704,0,15
17705,1,36
17706,0,12
17707,0,12
17708,2,61
17709,0,15
17710,1,36
17711,0,15
17712,1,36
17713,1,36
17714,0,15
17715,0,15
17716,1,36
17717,1,43
17718,0,12
17719,0,15
17720,0,12
17721,1,36
17722,1,36
17723,5,45
17724,1,36
17725,1,36
17726,1,43
17727,0,12
17728,1,43
17729,0,12
17730,1,36
17731,0,15
17732,1,36
17733,2,60
17734,1,36
17735,0,12
17736,0,12
17737,1,36
17738,0,15
17739,0,12
17740,3,84
17741,2,60
17742,0,12
17743,3,84
17744,3,87
17745,1,43
17746,1,43
17747,2,71
17748,0,15
17749,0,15
17750,0,15
17751,1,36
17752,2,61
17753,1,43
17754,1,36
17755,0,15
17756,5,45
17757,0,12
17758,0,12
17759,1,45
17760,1,44
17761,0,12
17762,0,15
17763,0,12
17764,5,45
17765,5,91
17766,0,12
17767,0,12
17768,2,60
17769,0,15
17770,1,36
17771,1,36
17772,0,15
17773,0,12
17774,1,36
17775,1,36
17776,2,61
17777,0,12
17778,2,60
17779,1,36
17780,0,12
17781,1,43
17782,2,60
17783,2,60
17784,0,15
17785,1,36
17786,1,36
17787,5,47
17788,0,15
17789,1,43
17790,7,677
17791,0,15
17792,1,36
17793,0,12
17794,0,15
17795,0,15
17796,0,12
17797,2,60
17798,1,36
17799,1,43
17800,0,12
17801,0,12
17802,1,36
17803,0,12
17804,1,36
17805,0,12
17806,0,15
17807,0,12
17808,0,12
17809,0,12
17810,1,36
17811,0,15
17812,0,12
17813,0,15
17814,0,12
17815,0,12
17816,1,36
17817,1,36
17818,0,15
17819,1,36
17820,1,43
17821,0,12
17822,5,45
17823,0,12
17824,2,60
17825,1,36
17826,5,45
17827,1,36
17828,1,36
17829,1,36
17830,4,78
17831,0,12
17832,2,60
17833,1,36
17834,0,12
17835,2,60
17836,0,12
17837,0,12
17838,2,60
17839,2,60
17840,1,37
17841,0,12
17842,0,12
17843,0,12
17844,2,61
17845,2,60
17846,2,60
17847,0,15
17848,0,12
17849,0,15
17850,0,12
17851,0,12
17852,1,43
17853,0,15
17854,1,43
17855,2,122
17856,0,12
17857,0,12
17858,0,12
17859,0,12
17860,0,15
17861,4,65
17862,0,12
17863,0,12
17864,1,45
17865,0,15
17866,1,45
17867,1,36
17868,0,15
17869,2,60
17870,1,43
17871,0,15
17872,1,36
17873,2,60
17874,0,15
17875,1,36
17876,1,36
17877,0,15
17878,1,36
17879,0,12
17880,0,12
17881,0,12
17882,0,12
17883,0,12
17884,1,53
17885,0,12
17886,1,37
17887,1,43
17888,0,12
17889,0,15
17890,0,15
17891,0,12
17892,0,12
17893,1,36
17894,0,12
17895,0,12
17896,0,15
17897,0,12
17898,0,15
17899,0,12
17900,0,15
17901,0,12
17902,0,15
17903,0,12
17904,0,12
17905,0,12
17906,0,15
17907,0,12
17908,1,36
17909,0,15
17910,0,18
17911,0,12
17912,0,12
17913,0,12
17914,0,12
17915,0,12
17916,1,43
17917,0,12
17918,0,12
17919,0,12
17920,0,15
17921,1,36
17922,0,12
17923,0,12
17924,1,36
17925,0,15
17926,0,15
17927,1,36
17928,0,15
17929,0,12
17930,2,60
17931,0,12
17932,1,36
17933,0,12
17934,0,15
17935,0,15
17936,0,12
17937,0,15
17938,0,12
17939,1,36
17940,1,36
17941,0,12
17942,2,60
17943,0,15
17944,0,12
17945,1,36
17946,1,36
17947,0,12
17948,1,36
17949,0,12
17950,1,36
17951,0,12
17952,1,45
17953,1,36
17954,0,12
17955,0,15
17956,0,15
17957,1,36
17958,1,36
17959,0,12
17960,0,15
17961,1,43
17962,0,15
17963,0,12
17964,0,15
17965,0,12
17966,0,15
17967,1,36
17968,0,15
17969,0,12
17970,0,12
17971,1,36
17972,1,36
17973,1,43
17974,1,36
17975,1,36
17976,0,15
17977,0,12
17978,0,15
17979,0,15
17980,0,12
17981,1,36
17982,0,12
17983,2,61
17984,0,12
17985,1,36
17986,0,12
17987,1,36
17988,4,65
17989,0,12
17990,0,15
17991,0,12
17992,0,12
17993,0,12
17994,2,60
17995,0,12
17996,1,36
17997,0,12
17998,0,12
17999,1,43
18000,1,45
18001,0,12
18002,1,36
18003,1,36
18004,0,12
18005,0,15
18006,1,36
18007,0,15
18008,2,60
18009,0,15
18010,1,36
18011,7,551
18012,0,12
18013,2,60
18014,0,12
18015,3,87
18016,0,12
18017,1,36
18018,1,36
18019,2,60
18020,2,122
18021,0,12
18022,4,111
18023,0,12
18024,2,60
18025,0,12
18026,2,71
18027,1,37
18028,0,12
18029,2,72
18030,1,36
18031,1,36
18032,0,15
18033,0,12
18034,0,12
18035,0,12
18036,0,12
18037,0,12
18038,1,36
18039,0,15
18040,1,36
18041,2,71
18042,0,12
18043,2,122
18044,1,36
18045,0,12
18046,0,12
18047,2,60
18048,2,60
18049,2,60
18050,0,15
18051,2,60
18052,2,60
18053,1,36
18054,1,43
18055,29,257
18056,1,43
18057,0,12
18058,0,15
18059,0,15
18060,0,12
18061,0,12
18062,0,12
18063,0,12
18064,1,36
18065,0,12
18066,1,45
18067,1,36
18068,1,37
18069,1,36
18070,0,12
18071,5,45
18072,0,15
18073,1,36
18074,0,15
18075,0,15
18076,2,60
18077,1,45
18078,5,44
18079,2,60
18080,0,12
18081,1,36
18082,0,15
18083,0,12
18084,1,43
18085,3,88
18086,0,12
18087,2,60
18088,0,12
18089,1,36
18090,1,36
18091,2,60
18092,3,84
18093,0,15
18094,1,36
18095,0,18
18096,1,43
18097,1,36
18098,1,36
18099,0,15
18100,0,12
18101,1,37
18102,1,43
18103,0,12
18104,2,61
18105,1,43
18106,2,60
18107,1,36
18108,1,36
18109,1,36
18110,0,12
18111,1,45
18112,0,12
18113,1,43
18114,1,43
18115,29,257
18116,1,43
18117,1,36
18118,0,12
18119,1,36
18120,0,12
18121,0,18
18122,8,278
18123,1,36
18124,1,36
18125,0,15
18126,1,36
18127,0,12
18128,0,12
18129,0,15
18130,5,45
18131,0,12
18132,1,43
18133,1,36
18134,5,45
18135,1,36
18136,0,15
18137,0,15
18138,0,12
18139,0,12
18140,1,36
18141,0,15
18142,0,12
18143,1,43
18144,0,15
18145,0,18
18146,1,43
18147,1,36
18148,2,60
18149,0,12
18150,1,43
18151,1,37
18152,3,100
18153,1,43
18154,0,15
18155,0,12
18156,2,60
18157,0,12
18158,1,37
18159,0,15
18160,0,12
18161,1,36
18162,2,63
18163,0,15
18164,0,12
18165,2,71
18166,1,36
18167,1,36
18168,2,71
18169,1,36
18170,0,15
18171,0,12
18172,0,12
18173,1,43
18174,1,36
18175,1,93
18176,0,15
18177,0,12
18178,2,71
18179,29,257
18180,1,36
18181,4,66
18182,1,36
18183,0,15
18184,2,60
18185,1,36
18186,1,43
18187,1,36
18188,0,15
18189,0,15
18190,1,43
18191,0,12
18192,0,12
18193,0,12
18194,1,36
18195,0,12
18196,1,36
18197,0,15
18198,1,43
18199,0,15
18200,0,15
18201,0,12
18202,0,15
18203,1,36
18204,1,36
18205,1,36
18206,1,36
18207,1,36
18208,0,15
18209,0,15
18210,2,61
18211,2,60
18212,0,15
18213,0,15
18214,0,12
18215,0,12
18216,0,12
18217,0,15
18218,0,15
18219,0,15
18220,0,12
18221,0,15
18222,5,45
18223,0,12
18224,0,12
18225,2,63
18226,0,12
18227,2,61
18228,2,63
18229,0,15
18230,2,60
18231,0,15
18232,1,45
18233,0,15
18234,0,15
18235,0,12
18236,0,15
18237,1,36
18238,0,12
18239,0,12
18240,0,12
18241,1,36
18242,7,550
18243,0,12
18244,0,15
18245,1,43
18246,1,36
18247,0,12
18248,1,43
18249,0,12
18250,0,12
18251,0,15
18252,0,15
18253,0,12
18254,1,43
18255,0,15
18256,1,45
18257,1,43
18258,2,60
18259,1,36
18260,0,12
18261,0,15
18262,1,36
18263,1,36
18264,1,43
18265,0,12
18266,0,15
18267,0,12
18268,1,36
18269,0,12
18270,0,12
18271,1,36
18272,5,45
18273,1,53
18274,0,15
18275,0,12
18276,1,36
18277,1,36
18278,4,65
18279,2,63
18280,0,15
18281,1,36
18282,2,61
18283,0,12
18284,0,12
18285,2,71
18286,2,60
18287,0,15
18288,0,12
18289,1,36
18290,0,15
18291,0,12
18292,1,36
18293,0,15
18294,1,36
18295,0,15
18296,1,36
18297,0,12
18298,0,12
18299,1,36
18300,1,43
18301,0,15
18302,1,36
18303,1,36
18304,0,12
18305,1,36
18306,2,63
18307,1,36
18308,2,60
18309,0,12
18310,1,37
18311,0,12
18312,2,122
18313,0,15
18314,0,12
18315,0,15
18316,0,12
18317,3,85
18318,1,43
18319,1,36
18320,0,12
18321,1,43
18322,0,12
18323,0,12
18324,0,15
18325,0,12
18326,0,15
18327,0,15
18328,1,36
18329,0,12
18330,0,12
18331,0,12
18332,1,43
18333,0,12
18334,0,15
18335,0,12
18336,0,15
18337,2,60
18338,0,12
18339,0,15
18340,0,15
18341,1,36
18342,0,12
18343,0,15
18344,0,15
18345,0,15
18346,5,45
18347,1,36
18348,0,12
18349,0,15
18350,0,12
18351,0,15
18352,0,12
18353,0,15
18354,0,12
18355,1,36
18356,1,37
18357,0,15
18358,0,15
18359,1,43
18360,0,15
18361,1,36
18362,0,12
18363,0,12
18364,0,12
18365,0,12
18366,1,36
18367,0,12
18368,1,36
18369,0,12
18370,0,12
18371,1,43
18372,1,36
18373,0,12
18374,0,12
18375,0,12
18376,0,12
18377,0,12
18378,0,12
18379,1,45
18380,0,12
18381,0,12
18382,0,15
18383,0,12
18384,2,60
18385,1,43
18386,1,36
18387,0,12
18388,2,60
18389,0,12
18390,1,36
18391,0,12
18392,1,45
18393,1,36
18394,0,12
18395,1,36
18396,1,36
18397,2,71
18398,0,12
18399,1,36
18400,0,12
18401,0,12
18402,1,36
18403,1,36
18404,0,12
18405,0,15
18406,0,12
18407,1,36
18408,1,36
18409,1,43
18410,1,36
18411,0,12
18412,1,43
18413,1,43
18414,0,12
18415,1,36
18416,5,88
18417,5,45
18418,0,15
18419,0,12
18420,2,60
18421,1,36
18422,1,45
18423,2,71
18424,0,12
18425,1,36
18426,0,15
18427,1,36
18428,0,12
18429,0,12
18430,1,36
18431,0,15
18432,2,71
18433,1,36
18434,2,60
18435,1,36
18436,0,15
18437,2,60
18438,0,12
18439,5,88
18440,2,72
18441,3,100
18442,1,43
18443,1,43
18444,0,15
18445,0,12
18446,0,12
18447,1,36
18448,0,12
18449,0,12
18450,0,12
18451,1,36
18452,0,15
18453,1,53
18454,0,12
18455,1,36
18456,1,36
18457,3,58
18458,1,36
18459,1,36
18460,2,60
18461,0,12
18462,1,36
18463,0,12
18464,0,12
18465,0,12
18466,1,36
18467,1,36
18468,7,382
18469,0,12
18470,0,15
18471,1,43
18472,0,15
18473,2,60
18474,1,37
18475,1,36
18476,2,88
18477,2,60
18478,0,12
18479,0,12
18480,1,43
18481,0,12
18482,0,12
18483,0,15
18484,0,12
18485,0,15
18486,0,12
18487,2,72
18488,1,36
18489,1,43
18490,0,12
18491,0,12
18492,1,36
18493,0,15
18494,1,36
18495,5,45
18496,0,15
18497,0,12
18498,0,12
18499,1,43
18500,1,36
18501,1,43
18502,1,43
18503,1,36
18504,0,15
18505,0,12
18506,0,15
18507,1,36
18508,1,36
18509,0,15
18510,5,45
18511,1,43
18512,0,12
18513,5,44
18514,1,36
18515,0,18
18516,0,15
18517,1,36
18518,0,15
18519,0,15
18520,0,12
18521,2,60
18522,0,15
18523,0,12
18524,1,36
18525,0,15
18526,0,12
18527,1,36
18528,1,36
18529,1,36
18530,0,12
18531,0,12
18532,0,15
18533,1,36
18534,2,60
18535,0,15
18536,0,15
18537,1,36
18538,2,60
18539,0,12
18540,2,71
18541,1,36
18542,0,12
18543,0,12
18544,0,12
18545,1,36
18546,2,60
18547,0,12
18548,1,36
18549,2,61
18550,1,45
18551,1,36
18552,1,36
18553,1,53
18554,0,12
18555,0,12
18556,0,12
18557,0,12
18558,0,15
18559,2,60
18560,1,36
18561,0,15
18562,1,36
18563,1,45
18564,1,36
18565,1,36
18566,1,36
18567,0,12
18568,0,12
18569,0,15
18570,1,36
18571,13,109
18572,0,15
18573,2,60
18574,5,45
18575,2,60
18576,0,12
18577,0,15
18578,5,45
18579,2,60
18580,0,12
18581,0,12
18582,2,60
18583,0,12
18584,0,12
18585,1,36
18586,0,15
18587,1,36
18588,1,36
18589,2,63
18590,0,15
18591,0,12
18592,1,43
18593,0,15
18594,0,12
18595,5,45
18596,0,12
18597,1,36
18598,1,36
18599,5,45
18600,0,12
18601,0,12
18602,0,12
18603,1,36
18604,0,12
18605,0,15
18606,0,15
18607,1,36
18608,0,15
18609,0,15
18610,0,15
18611,1,36
18612,1,36
18613,0,12
18614,1,37
18615,2,60
18616,0,15
18617,0,15
18618,1,36
18619,2,60
18620,0,12
18621,1,36
18622,0,12
18623,0,12
18624,1,36
18625,1,36
18626,0,15
18627,0,15
18628,1,36
18629,0,15
18630,0,15
18631,0,12
18632,0,12
18633,5,45
18634,1,36
18635,1,36
18636,4,66
18637,0,15
18638,0,15
18639,0,15
18640,0,15
18641,0,15
18642,0,12
18643,7,338
18644,1,36
18645,1,36
18646,1,36
18647,1,36
18648,4,64
18649,1,36
18650,2,60
18651,1,36
18652,1,36
18653,0,12
18654,0,15
18655,0,15
18656,0,12
18657,1,36
18658,1,43
18659,0,12
18660,0,15
18661,5,45
18662,0,12
18663,1,53
18664,0,12
18665,0,12
18666,0,15
18667,0,12
18668,1,36
18669,0,12
18670,5,44
18671,3,87
18672,1,36
18673,0,12
18674,0,12
18675,1,43
18676,0,15
18677,1,37
18678,2,71
18679,0,15
18680,1,36
18681,2,71
18682,1,36
18683,0,12
18684,0,12
18685,0,15
18686,0,12
18687,0,15
18688,1,36
18689,5,45
18690,5,45
18691,0,12
18692,1,43
18693,1,45
18694,1,43
18695,1,36
18696,2,60
18697,7,722
18698,1,36
18699,0,12
18700,1,43
18701,1,43
18702,1,36
18703,4,66
18704,1,37
18705,1,43
18706,1,43
18707,1,36
18708,1,36
18709,1,36
18710,1,36
18711,1,36
18712,0,15
18713,1,36
18714,0,12
18715,2,60
18716,0,15
18717,2,71
18718,2,102
18719,0,12
18720,1,43
18721,1,45
18722,1,36
18723,2,122
18724,1,36
18725,0,15
18726,0,12
18727,1,43
18728,0,12
18729,1,36
18730,0,12
18731,2,60
18732,1,36
18733,1,36
18734,1,43
18735,1,43
18736,1,36
18737,0,12
18738,0,15
18739,1,43
18740,0,15
18741,1,36
18742,1,40
18743,0,12
18744,0,12
18745,1,36
18746,1,37
18747,1,36
18748,0,15
18749,1,45
18750,0,15
18751,1,36
18752,0,15
18753,1,36
18754,1,43
18755,1,43
18756,1,36
18757,1,43
18758,1,36
18759,1,36
18760,1,36
18761,0,15
18762,2,60
18763,0,15
18764,1,36
18765,0,12
18766,0,12
18767,1,36
18768,2,60
18769,1,36
18770,0,15
18771,1,36
18772,0,12
18773,1,53
18774,0,15
18775,0,12
18776,1,36
18777,1,36
18778,0,12
18779,0,12
18780,0,15
18781,2,60
18782,0,15
18783,0,12
18784,1,36
18785,1,36
18786,0,12
18787,0,15
18788,2,60
18789,1,43
18790,0,12
18791,1,36
18792,2,60
18793,0,15
18794,1,36
18795,0,12
18796,1,43
18797,1,36
18798,1,36
18799,0,12
18800,1,43
18801,0,12
18802,1,36
18803,1,36
18804,1,36
18805,0,15
18806,1,36
18807,1,37
18808,1,36
18809,1,44
18810,2,63
18811,1,36
18812,1,43
18813,1,36
18814,0,15
18815,4,78
18816,0,12
18817,1,36
18818,5,47
18819,3,84
18820,0,15
18821,0,15
18822,0,12
18823,1,43
18824,0,12
18825,1,36
18826,1,43
18827,0,15
18828,1,45
18829,1,36
18830,1,36
18831,7,719
18832,2,60
18833,0,15
18834,0,12
18835,0,12
18836,0,12
18837,1,36
18838,1,36
18839,1,36
18840,1,36
18841,1,43
18842,0,12
18843,0,15
18844,0,15
18845,2,71
18846,1,36
18847,1,36
18848,1,36
18849,2,75
18850,2,60
18851,1,36
18852,0,12
18853,1,36
18854,0,12
18855,2,71
18856,1,36
18857,7,296
18858,1,43
18859,0,12
18860,2,60
18861,0,12
18862,0,12
18863,0,12
18864,0,15
18865,2,60
18866,6,120
18867,0,12
18868,1,36
18869,0,15
18870,0,12
18871,0,15
18872,3,103
18873,1,36
18874,1,36
18875,1,36
18876,1,43
18877,0,15
18878,2,63
18879,0,15
18880,9,96
18881,0,15
18882,0,12
18883,1,36
18884,0,15
18885,0,12
18886,0,12
18887,0,15
18888,1,36
18889,2,60
18890,0,12
18891,1,36
18892,0,15
18893,0,15
18894,1,45
18895,1,37
18896,0,12
18897,1,43
18898,0,12
18899,1,53
18900,1,36
18901,1,43
18902,0,12
18903,0,15
18904,0,12
18905,0,12
18906,2,63
18907,2,60
18908,1,43
18909,1,37
18910,0,12
18911,1,36
18912,1,93
18913,2,60
18914,0,12
18915,1,43
18916,0,12
18917,0,12
18918,0,12
18919,1,45
18920,0,15
18921,0,12
18922,0,12
18923,0,15
18924,1,36
18925,0,15
18926,0,12
18927,0,15
18928,5,88
18929,1,36
18930,1,36
18931,0,12
18932,1,43
18933,0,15
18934,0,12
18935,1,36
18936,2,60
18937,2,60
18938,0,15
18939,0,15
18940,2,60
18941,0,12
18942,0,12
18943,1,36
18944,0,15
18945,1,36
18946,0,12
18947,1,36
18948,0,12
18949,1,43
18950,0,18
18951,2,71
18952,0,12
18953,2,61
18954,1,36
18955,3,85
18956,0,12
18957,0,15
18958,1,36
18959,0,12
18960,2,60
18961,0,12
18962,2,71
18963,0,12
18964,1,43
18965,12,239
18966,2,60
18967,1,36
18968,1,43
18969,0,12
18970,0,15
18971,2,63
18972,0,12
18973,0,12
18974,0,15
18975,0,15
18976,0,12
18977,0,12
18978,0,12
18979,2,60
18980,1,36
18981,1,36
18982,0,12
18983,1,43
18984,0,15
18985,2,60
18986,0,12
18987,1,37
18988,0,12
18989,0,15
18990,1,36
18991,1,36
18992,3,84
18993,5,45
18994,0,15
18995,0,12
18996,1,40
18997,2,60
18998,1,36
18999,2,71
19000,2,60
19001,1,36
19002,29,257
19003,1,36
19004,1,43
19005,1,36
19006,1,43
19007,1,36
19008,1,43
19009,1,37
19010,2,60
19011,1,43
19012,2,122
19013,2,60
19014,1,43
19015,0,15
19016,1,43
19017,2,60
19018,1,43
19019,2,71
19020,1,43
19021,1,36
19022,0,15
19023,0,12
19024,0,12
19025,0,15
19026,0,12
19027,0,12
19028,1,53
19029,0,12
19030,0,12
19031,0,15
19032,1,45
19033,0,15
19034,0,15
19035,0,12
19036,1,45
19037,2,61
19038,0,12
19039,0,15
19040,0,12
19041,6,315
19042,0,12
19043,0,12
19044,0,15
19045,0,18
19046,0,12
19047,0,12
19048,1,43
19049,1,43
19050,0,15
19051,1,43
19052,0,12
19053,0,15
19054,0,12
19055,0,12
19056,6,68
19057,1,36
19058,0,12
19059,2,60
19060,0,12
19061,1,36
19062,0,15
19063,0,12
19064,0,12
19065,1,36
19066,1,36
19067,0,12
19068,0,12
19069,0,12
19070,0,12
19071,0,12
19072,2,60
19073,1,36
19074,0,15
19075,1,37
19076,0,15
19077,1,36
19078,0,12
19079,0,12
19080,0,12
19081,1,36
19082,0,15
19083,1,36
19084,0,12
19085,1,36
19086,1,36
19087,0,15
19088,1,36
19089,1,43
19090,0,12
19091,1,36
19092,0,15
19093,6,175
19094,0,15
19095,1,36
19096,0,15
19097,0,12
19098,0,12
19099,2,60
19100,2,61
19101,1,36
19102,0,15
19103,0,15
19104,0,12
19105,29,257
19106,1,36
19107,5,47
19108,1,37
19109,0,15
19110,1,43
19111,1,36
19112,1,43
19113,2,60
19114,1,36
19115,2,71
19116,1,43
19117,2,60
19118,0,15
19119,0,12
19120,0,12
19121,0,15
19122,1,43
19123,1,36
19124,1,43
19125,1,43
19126,0,12
19127,1,36
19128,0,12
19129,1,36
19130,1,36
19131,4,118
19132,0,12
19133,0,12
19134,2,60
19135,0,12
19136,1,43
19137,0,15
19138,1,36
19139,0,12
19140,1,43
19141,0,15
19142,0,12
19143,0,12
19144,1,36
19145,4,66
19146,0,12
19147,5,135
19148,1,36
19149,0,12
19150,0,12
19151,2,72
19152,2,60
19153,0,15
19154,1,36
19155,1,45
19156,0,12
19157,0,12
19158,0,12
19159,0,15
19160,1,36
19161,0,12
19162,1,36
19163,1,36
19164,1,53
19165,1,36
19166,0,12
19167,1,43
19168,5,45
19169,3,86
19170,1,43
19171,0,12
19172,0,15
19173,2,60
19174,1,37
19175,0,12
19176,1,36
19177,0,12
19178,1,36
19179,1,36
19180,0,15
19181,1,36
19182,0,12
19183,0,15
19184,0,15
19185,2,63
19186,0,12
19187,5,45
19188,1,36
19189,2,60
19190,1,36
19191,1,36
19192,1,36
19193,0,12
19194,1,36
19195,0,12
19196,1,37
19197,1,43
19198,0,15
19199,0,12
19200,1,45
19201,0,12
19202,0,12
19203,0,12
19204,1,43
19205,0,15
19206,1,36
19207,0,12
19208,1,36
19209,1,36
19210,1,36
19211,1,36
19212,0,12
19213,2,60
19214,1,36
19215,1,37
19216,29,257
19217,2,103
19218,1,44
19219,0,12
19220,0,12
19221,0,15
19222,1,36
19223,0,15
19224,1,43
19225,0,15
19226,1,36
19227,1,37
19228,1,43
19229,0,15
19230,5,45
19231,2,60
19232,2,60
19233,1,36
19234,1,36
19235,0,15
19236,1,36
19237,1,45
19238,0,12
19239,1,36
19240,1,43
19241,2,60
19242,2,102
19243,1,37
19244,1,43
19245,0,12
19246,0,12
19247,1,45
19248,1,36
19249,0,12
19250,0,12
19251,0,12
19252,1,36
19253,0,12
19254,1,36
19255,1,36
19256,1,36
19257,0,12
19258,1,36
19259,0,15
19260,0,12
19261,1,43
19262,1,36
19263,0,15
19264,1,43
19265,0,12
19266,4,66
19267,1,43
19268,1,45
19269,0,15
19270,1,36
19271,1,36
19272,0,15
19273,1,36
19274,2,64
19275,0,12
19276,0,12
19277,2,60
19278,1,36
19279,1,43
19280,0,15
19281,1,43
19282,1,43
19283,0,15
19284,1,36
19285,1,36
19286,0,12
19287,1,43
19288,0,15
19289,1,36
19290,2,63
19291,1,36
19292,2,60
19293,0,12
19294,1,36
19295,0,12
19296,0,12
19297,0,12
19298,0,12
19299,1,36
19300,0,15
19301,0,12
19302,0,15
19303,5,45
19304,0,12
19305,0,12
19306,1,36
19307,1,36
19308,1,36
19309,0,12
19310,1,36
19311,0,12
19312,0,18
19313,2,60
19314,2,60
19315,0,12
19316,0,12
19317,0,12
19318,4,66
19319,0,12
19320,1,43
19321,1,36
19322,0,12
19323,1,43
19324,2,61
19325,0,12
19326,1,36
19327,0,12
19328,0,12
19329,1,36
19330,0,15
19331,1,36
19332,1,43
19333,0,15
19334,0,12
19335,1,36
19336,2,61
19337,2,60
19338,3,87
19339,2,60
19340,1,36
19341,0,12
19342,1,43
19343,0,12
19344,1,43
19345,0,12
19346,1,43
19347,0,12
19348,0,15
19349,0,12
19350,2,60
19351,6,175
19352,2,60
19353,0,12
19354,0,12
19355,0,18
19356,4,111
19357,0,12
19358,1,36
19359,1,37
19360,0,12
19361,0,12
19362,5,44
19363,0,12
19364,0,12
19365,0,15
19366,1,36
19367,1,36
19368,1,36
19369,0,12
19370,1,36
19371,0,18
19372,2,75
19373,0,12
19374,2,61
19375,5,45
19376,0,15
19377,0,12
19378,0,12
19379,1,43
19380,0,12
19381,0,15
19382,2,60
19383,2,71
19384,1,43
19385,1,36
19386,0,12
19387,0,12
19388,0,15
19389,0,12
19390,1,43
19391,1,36
19392,0,12
19393,1,43
19394,1,36
19395,0,15
19396,1,36
19397,29,257
19398,1,36
19399,0,12
19400,0,12
19401,1,36
19402,0,12
19403,0,12
19404,0,12
19405,1,36
19406,0,15
19407,0,15
19408,0,12
19409,0,15
19410,4,66
19411,0,15
19412,0,12
19413,1,43
19414,2,60
19415,0,12
19416,1,36
19417,4,64
19418,1,36
19419,0,12
19420,1,36
19421,0,15
19422,0,12
19423,0,12
19424,1,36
19425,1,45
19426,0,15
19427,1,45
19428,1,36
19429,1,36
19430,0,12
19431,1,36
19432,1,36
19433,0,15
19434,0,15
19435,0,15
19436,1,43
19437,2,102
19438,1,36
19439,1,43
19440,0,12
19441,1,36
19442,1,36
19443,0,12
19444,0,12
19445,1,43
19446,0,12
19447,0,12
19448,1,43
19449,0,15
19450,0,15
19451,0,18
19452,0,12
19453,1,36
19454,1,43
19455,0,12
19456,0,15
19457,2,63
19458,0,15
19459,2,60
19460,1,36
19461,0,12
19462,0,15
19463,1,43
19464,1,43
19465,0,15
19466,1,36
19467,1,36
19468,0,15
19469,2,72
19470,1,45
19471,0,12
19472,1,37
19473,0,12
19474,0,15
19475,0,12
19476,1,36
19477,1,45
19478,1,36
19479,0,12
19480,0,12
19481,1,36
19482,1,43
19483,1,36
19484,0,12
19485,2,71
19486,1,53
19487,0,15
19488,1,45
19489,1,43
19490,1,36
19491,1,43
19492,0,12
19493,0,15
19494,1,36
19495,0,15
19496,0,12
19497,1,36
19498,0,12
19499,1,44
19500,0,12
19501,1,43
19502,0,12
19503,1,36
19504,0,12
19505,0,12
19506,1,43
19507,2,60
19508,0,12
19509,1,36
19510,0,12
19511,0,15
19512,0,15
19513,0,12
19514,1,36
19515,1,37
19516,0,15
19517,0,12
19518,1,36
19519,0,15
19520,0,12
19521,0,15
19522,1,36
19523,0,12
19524,1,37
19525,1,36
19526,1,36
19527,0,15
19528,0,12
19529,0,15
19530,0,12
19531,1,36
19532,0,15
19533,0,12
19534,1,36
19535,2,64
19536,5,44
19537,1,36
19538,2,60
19539,0,12
19540,0,12
19541,0,12
19542,1,36
19543,2,72
19544,1,36
19545,2,60
19546,5,45
19547,0,15
19548,1,36
19549,1,45
19550,1,36
19551,5,45
19552,0,15
19553,1,93
19554,1,36
19555,1,37
19556,0,12
19557,0,12
19558,1,36
19559,1,36
19560,1,36
19561,0,12
19562,0,15
19563,1,37
19564,0,15
19565,0,15
19566,1,36
19567,1,36
19568,2,60
19569,1,36
19570,1,37
19571,0,15
19572,0,12
19573,0,15
19574,2,60
19575,1,43
19576,0,15
19577,29,257
19578,0,15
19579,0,12
19580,2,60
19581,3,84
19582,1,36
19583,0,12
19584,1,36
19585,0,12
19586,1,36
19587,0,15
19588,1,93
19589,1,36
19590,0,12
19591,2,72
19592,1,36
19593,0,15
19594,2,60
19595,29,257
19596,1,43
19597,4,118
19598,0,12
19599,1,43
19600,1,43
19601,2,73
19602,0,12
19603,2,60
19604,2,71
19605,0,15
19606,1,43
19607,1,36
19608,0,12
19609,1,36
19610,2,62
19611,1,36
19612,1,36
19613,0,12
19614,1,36
19615,0,12
19616,1,36
19617,0,12
19618,2,60
19619,1,43
19620,0,12
19621,0,12
19622,2,71
19623,1,36
19624,0,12
19625,1,36
19626,1,36
19627,0,12
19628,0,12
19629,0,12
19630,5,151
19631,0,12
19632,1,36
19633,0,12
19634,0,12
19635,1,36
19636,0,15
19637,0,12
19638,1,36
19639,1,36
19640,0,12
19641,1,45
19642,0,15
19643,1,36
19644,1,53
19645,0,15
19646,0,12
19647,0,12
19648,2,60
19649,12,85
19650,0,12
19651,1,36
19652,1,36
19653,0,12
19654,1,36
19655,1,43
19656,1,43
19657,1,37
19658,2,71
19659,0,12
19660,1,36
19661,1,36
19662,0,12
19663,1,43
19664,0,12
19665,1,43
19666,0,12
19667,0,15
19668,2,60
19669,1,36
19670,0,12
19671,0,12
19672,1,37
19673,2,60
19674,1,36
19675,0,12
19676,1,36
19677,1,36
19678,1,45
19679,1,45
19680,0,18
19681,0,12
19682,0,12
19683,0,15
19684,1,37
19685,1,36
19686,0,12
19687,1,36
19688,0,12
19689,0,12
19690,1,43
19691,0,12
19692,1,36
19693,1,36
19694,2,71
19695,2,60
19696,0,15
19697,1,36
19698,0,12
19699,1,43
19700,0,12
19701,2,122
19702,1,43
19703,0,12
19704,0,12
19705,0,12
19706,0,12
19707,0,12
19708,0,15
19709,1,43
19710,1,36
19711,1,37
19712,0,12
19713,0,15
19714,1,36
19715,1,43
19716,1,43
19717,0,12
19718,1,36
19719,0,12
19720,0,12
19721,0,12
19722,0,12
19723,0,15
19724,0,15
19725,0,15
19726,2,60
19727,2,60
19728,2,61
19729,1,36
19730,1,36
19731,0,15
19732,0,12
19733,2,60
19734,1,36
19735,1,36
19736,0,12
19737,1,36
19738,0,12
19739,1,36
19740,0,12
19741,4,66
19742,0,15
19743,11,208
19744,1,36
19745,0,12
19746,0,15
19747,1,36
19748,1,45
19749,0,12
19750,0,15
19751,2,60
19752,1,43
19753,1,36
19754,0,15
19755,1,43
19756,0,12
19757,1,36
19758,1,36
19759,0,15
19760,0,12
19761,2,60
19762,1,36
19763,1,37
19764,1,36
19765,1,36
19766,0,12
19767,0,12
19768,0,15
19769,0,12
19770,1,36
19771,3,87
19772,1,36
19773,0,15
19774,0,15
19775,0,12
19776,1,43
19777,0,12
19778,1,36
19779,5,45
19780,0,15
19781,0,15
19782,1,36
19783,1,43
19784,1,36
19785,0,12
19786,0,12
19787,1,36
19788,1,36
19789,0,12
19790,2,122
19791,0,12
19792,1,36
19793,0,15
19794,0,15
19795,1,36
19796,0,12
19797,0,15
19798,0,15
19799,1,36
19800,0,12
19801,0,15
19802,0,15
19803,0,12
19804,0,12
19805,1,36
19806,0,12
19807,1,43
19808,1,36
19809,1,36
19810,1,36
19811,1,44
19812,1,43
19813,1,43
19814,1,36
19815,0,18
19816,0,12
19817,0,12
19818,1,36
19819,1,43
19820,1,36
19821,1,36
19822,0,12
19823,1,36
19824,0,12
19825,1,36
19826,0,12
19827,0,15
19828,0,15
19829,2,63
19830,2,60
19831,1,36
19832,1,36
19833,1,36
19834,0,12
19835,1,36
19836,0,15
19837,0,12
19838,0,15
19839,0,12
19840,1,36
19841,1,43
19842,0,18
19843,1,36
19844,5,47
19845,0,12
19846,1,36
19847,1,37
19848,0,12
19849,0,12
19850,1,36
19851,0,15
19852,0,12
19853,1,45
19854,1,36
19855,1,44
19856,1,43
19857,0,15
19858,1,36
19859,0,12
19860,0,12
19861,2,63
19862,0,15
19863,1,36
19864,1,36
19865,2,71
19866,1,43
19867,1,36
19868,0,15
19869,0,15
19870,0,12
19871,2,60
19872,1,43
19873,0,12
19874,2,60
19875,0,15
19876,1,37
19877,2,60
19878,1,36
19879,0,12
19880,0,18
19881,4,109
19882,0,15
19883,0,12
19884,1,36
19885,5,45
19886,0,12
19887,1,36
19888,1,36
19889,1,36
19890,0,15
19891,1,36
19892,0,15
19893,1,40
19894,1,36
19895,0,12
19896,0,12
19897,0,12
19898,1,43
19899,1,36
19900,0,12
19901,0,15
19902,2,60
19903,1,43
19904,1,43
19905,0,12
19906,2,72
19907,0,12
19908,0,18
19909,0,15
19910,0,12
19911,2,71
19912,0,12
19913,2,88
19914,0,12
19915,0,12
19916,2,71
19917,1,93
19918,1,43
19919,1,43
19920,1,36
19921,0,12
19922,0,12
19923,0,12
19924,1,37
19925,0,12
19926,1,36
19927,0,12
19928,0,15
19929,1,36
19930,0,12
19931,0,12
19932,0,12
19933,2,60
19934,1,36
19935,0,12
19936,1,43
19937,0,12
19938,1,36
19939,0,12
19940,1,36
19941,0,12
19942,0,12
19943,0,12
19944,0,15
19945,1,36
19946,0,12
19947,0,12
19948,0,12
19949,0,12
19950,1,36
19951,0,15
19952,1,36
19953,0,12
19954,1,36
19955,0,15
19956,0,12
19957,0,12
19958,0,15
19959,0,12
19960,0,12
19961,1,36
19962,0,15
19963,1,36
19964,0,12
19965,0,12
19966,0,12
19967,0,12
19968,0,12
19969,0,12
19970,0,15
19971,0,15
19972,1,36
19973,1,36
19974,0,12
19975,0,15
19976,1,43
19977,2,60
19978,2,60
19979,1,36
19980,0,12
19981,1,36
19982,1,43
19983,1,36
19984,1,36
19985,0,12
19986,0,12
19987,1,36
19988,0,15
19989,0,12
19990,1,43
19991,1,36
19992,0,15
19993,1,36
19994,0,12
19995,0,12
19996,0,15
19997,0,15
19998,0,12
19999,0,12
20000,0,12
20001,2,60
20002,1,36
20003,0,12
20004,0,12
20005,1,36
20006,1,36
20007,0,12
20008,1,36
20009,1,36
20010,0,12
20011,0,12
20012,1,36
20013,0,12
20014,0,15
20015,1,36
20016,0,12
20017,0,15
20018,0,15
20019,0,12
20020,0,12
20021,2,60
20022,2,60
20023,0,15
20024,1,36
20025,0,12
20026,0,15
20027,0,15
20028,0,12
20029,0,18
20030,0,12
20031,0,12
20032,0,12
20033,1,36
20034,0,12
20035,0,12
20036,0,15
20037,1,36
20038,0,15
20039,0,15
20040,0,12
20041,0,12
20042,1,36
20043,0,12
20044,1,36
20045,0,12
20046,1,36
20047,0,15
20048,0,18
20049,0,12
20050,2,60
20051,1,36
20052,1,36
20053,0,12
20054,0,15
20055,1,36
20056,1,36
20057,0,12
20058,0,12
20059,1,36
20060,0,15
20061,1,36
20062,1,36
20063,0,12
20064,0,15
20065,0,15
20066,1,36
20067,1,45
20068,0,12
20069,0,15
20070,0,12
20071,0,15
20072,0,12
20073,0,12
20074,1,36
20075,0,15
20076,0,12
20077,0,12
20078,0,12
20079,0,12
20080,0,15
20081,0,15
20082,0,12
20083,1,36
20084,1,36
20085,0,12
20086,0,12
20087,0,15
20088,1,36
20089,0,12
20090,0,15
20091,1,36
20092,0,12
20093,0,12
20094,1,36
20095,0,12
20096,0,12
20097,1,36
20098,0,12
20099,0,15
20100,1,36
20101,1,36
20102,1,36
20103,1,36
20104,0,12
20105,0,12
20106,0,12
20107,0,12
20108,1,36
20109,1,36
20110,1,36
20111,0,12
20112,1,36
20113,0,15
20114,2,60
20115,0,12
20116,3,87
20117,0,18
20118,1,36
20119,1,43
20120,2,60
20121,0,12
20122,0,12
20123,1,36
20124,0,15
20125,1,36
20126,0,12
20127,0,15
20128,1,36
20129,1,43
20130,0,12
20131,0,12
20132,0,15
20133,0,12
20134,0,12
20135,0,18
20136,0,12
20137,0,12
20138,0,15
20139,1,36
20140,1,36
20141,0,12
20142,1,36
20143,1,36
20144,0,12
20145,7,551
20146,1,36
20147,0,12
20148,1,36
20149,0,12
20150,0,15
20151,1,36
20152,0,15
20153,0,12
20154,0,12
20155,0,12
20156,0,12
20157,0,12
20158,0,12
20159,1,36
20160,1,36
20161,0,15
20162,0,12
20163,1,36
20164,0,12
20165,0,12
20166,1,36
20167,0,12
20168,0,12
20169,0,12
20170,0,15
20171,0,15
20172,0,15
20173,2,60
20174,0,15
20175,0,15
20176,1,36
20177,1,36
20178,0,12
20179,1,36
20180,1,36
20181,0,15
20182,0,12
20183,1,36
20184,0,12
20185,1,36
20186,0,12
20187,0,15
20188,6,188
20189,1,36
20190,2,60
20191,0,12
20192,1,36
20193,0,15
20194,1,36
20195,0,15
20196,1,36
20197,2,60
20198,1,36
20199,0,12
20200,0,12
20201,2,71
20202,1,36
20203,2,60
20204,1,36
20205,2,60
20206,0,15
20207,0,15
20208,0,15
20209,0,12
20210,0,15
20211,1,36
20212,1,36
20213,0,15
20214,2,60
20215,0,15
20216,1,36
20217,0,12
20218,0,12
20219,0,12
20220,0,15
20221,0,12
20222,0,15
20223,0,12
20224,0,15
20225,2,60
20226,1,36
20227,0,12
20228,0,12
20229,1,36
20230,0,15
20231,3,88
20232,0,15
20233,0,12
20234,0,15
20235,0,12
20236,0,15
20237,0,12
20238,0,12
20239,0,15
20240,1,36
20241,0,15
20242,1,36
20243,2,60
20244,1,36
20245,1,36
20246,1,36
20247,1,36
20248,1,36
20249,0,12
20250,1,36
20251,1,36
20252,2,60
20253,1,43
20254,0,15
20255,1,36
20256,1,43
20257,0,12
20258,0,15
20259,2,60
20260,1,36
20261,1,43
20262,0,12
20263,0,12
20264,1,36
20265,0,12
20266,1,36
20267,1,36
20268,5,44
20269,2,88
20270,0,12
20271,0,12
20272,0,15
20273,1,36
20274,2,62
20275,7,111
20276,1,36
20277,0,12
20278,1,36
20279,2,63
20280,1,43
20281,0,12
20282,0,15
20283,0,12
20284,0,15
20285,1,36
20286,1,43
20287,0,15
20288,1,36
20289,0,12
20290,1,36
20291,1,36
20292,2,60
20293,0,15
20294,0,15
20295,1,37
20296,2,60
20297,0,15
20298,2,60
20299,2,60
20300,0,15
20301,0,12
20302,0,12
20303,1,43
20304,1,36
20305,2,60
20306,1,43
20307,1,43
20308,1,36
20309,0,15
20310,1,44
20311,1,53
20312,0,12
20313,1,36
20314,1,36
20315,1,36
20316,1,45
20317,1,36
20318,1,43
20319,0,15
20320,1,43
20321,0,12
20322,0,12
20323,0,15
20324,4,66
20325,1,36
20326,0,15
20327,0,12
20328,0,12
20329,0,15
20330,0,12
20331,1,43
20332,0,12
20333,2,60
20334,0,12
20335,1,36
20336,0,15
20337,0,12
20338,0,12
20339,4,66
20340,0,15
20341,0,12
20342,0,15
20343,0,12
20344,2,60
20345,0,12
20346,0,15
20347,1,36
20348,2,60
20349,0,15
20350,1,36
20351,5,45
20352,0,15
20353,1,36
20354,0,15
20355,0,15
20356,1,36
20357,0,15
20358,2,60
20359,0,12
20360,5,45
20361,1,36
20362,1,36
20363,0,12
20364,2,60
20365,0,12
20366,0,12
20367,1,43
20368,1,36
20369,1,36
20370,0,15
20371,2,62
20372,0,15
20373,0,15
20374,0,15
20375,0,12
20376,0,12
20377,0,12
20378,0,12
20379,1,36
20380,0,12
20381,2,122
20382,1,36
20383,0,15
20384,0,15
20385,2,60
20386,5,45
20387,1,36
20388,1,36
20389,1,43
20390,0,15
20391,0,12
20392,1,36
20393,1,36
20394,0,12
20395,0,15
20396,1,36
20397,1,36
20398,0,15
20399,1,43
20400,0,15
20401,1,36
20402,2,122
20403,0,15
20404,1,36
20405,0,12
20406,0,15
20407,0,12
20408,0,12
20409,0,12
20410,1,36
20411,0,15
20412,2,74
20413,0,12
20414,0,12
20415,0,12
20416,1,36
20417,0,15
20418,2,62
20419,1,43
20420,0,15
20421,0,12
20422,1,36
20423,2,64
20424,1,44
20425,0,12
20426,0,15
20427,0,15
20428,1,36
20429,1,36
20430,1,79
20431,1,36
20432,0,12
20433,0,12
20434,2,62
20435,0,12
20436,0,12
20437,1,36
20438,0,12
20439,0,15
20440,1,36
20441,1,36
20442,0,12
20443,1,36
20444,0,15
20445,0,15
20446,0,15
20447,1,36
20448,0,15
20449,0,12
20450,0,15
20451,0,15
20452,0,12
20453,0,15
20454,0,12
20455,2,62
20456,0,18
20457,1,36
20458,0,12
20459,0,15
20460,2,60
20461,0,15
20462,0,12
20463,1,36
20464,0,15
20465,0,12
20466,1,36
20467,0,12
20468,0,12
20469,0,15
20470,0,12
20471,0,12
20472,0,12
20473,1,36
20474,1,36
20475,1,36
20476,1,43
20477,0,12
20478,1,36
20479,1,36
20480,1,43
20481,0,15
20482,1,43
20483,1,37
20484,1,43
20485,1,36
20486,0,15
20487,1,36
20488,0,12
20489,1,37
20490,0,12
20491,0,15
20492,0,15
20493,0,12
20494,1,43
20495,0,12
20496,0,15
20497,0,15
20498,0,12
20499,0,15
20500,1,43
20501,1,36
20502,1,43
20503,0,15
20504,1,36
20505,1,36
20506,2,72
20507,1,79
20508,1,43
20509,1,36
20510,2,64
20511,29,257
20512,0,12
20513,0,12
20514,0,12
20515,0,12
20516,1,43
20517,0,15
20518,1,36
20519,0,12
20520,0,12
20521,0,12
20522,0,15
20523,1,43
20524,0,12
20525,1,43
20526,0,12
20527,0,15
20528,0,12
20529,1,43
20530,0,12
20531,0,12
20532,1,36
20533,4,66
20534,2,62
20535,0,12
20536,2,60
20537,0,12
20538,1,45
20539,2,64
20540,0,15
20541,1,43
20542,1,36
20543,1,36
20544,0,15
20545,0,12
20546,1,36
20547,1,37
20548,1,36
20549,0,15
20550,1,36
20551,2,60
20552,1,36
20553,1,36
20554,0,15
20555,3,84
20556,2,62
20557,2,60
20558,2,64
20559,0,15
20560,0,12
20561,0,12
20562,2,60
20563,1,36
20564,0,12
20565,1,36
20566,1,36
20567,0,15
20568,1,36
20569,1,36
20570,1,36
20571,0,12
20572,1,36
20573,3,100
20574,1,36
20575,1,36
20576,0,15
20577,0,15
20578,0,15
20579,0,15
20580,1,43
20581,2,62
20582,0,12
20583,0,12
20584,1,36
20585,0,15
20586,1,36
20587,2,60
20588,0,12
20589,1,44
20590,2,62
20591,1,36
20592,0,12
20593,0,12
20594,0,12
20595,0,18
20596,2,122
20597,1,36
20598,0,12
20599,1,36
20600,1,36
20601,1,43
20602,0,12
20603,0,12
20604,1,36
20605,0,12
20606,5,45
20607,1,36
20608,0,12
20609,0,12
20610,0,12
20611,0,12
20612,0,12
20613,0,12
20614,1,36
20615,0,12
20616,0,15
20617,2,60
20618,1,36
20619,1,53
20620,1,36
20621,0,12
20622,0,15
20623,0,12
20624,0,12
20625,0,12
20626,0,12
20627,1,36
20628,0,12
20629,1,43
20630,1,36
20631,1,36
20632,0,12
20633,1,43
20634,1,36
20635,0,15
20636,0,15
20637,1,36
20638,0,15
20639,0,12
20640,5,45
20641,1,36
20642,1,43
20643,0,12
20644,0,12
20645,1,43
20646,1,37
20647,0,12
20648,0,12
20649,1,36
20650,0,12
20651,1,37
20652,0,15
20653,1,36
20654,2,122
20655,0,15
20656,0,12
20657,1,36
20658,0,12
20659,1,36
20660,1,43
20661,1,36
20662,1,36
20663,2,60
20664,0,15
20665,0,12
20666,5,45
20667,0,12
20668,0,12
20669,0,15
20670,0,15
20671,1,36
20672,0,15
20673,1,36
20674,21,164
20675,0,12
20676,1,36
20677,1,36
20678,1,36
20679,0,15
20680,1,36
20681,0,12
20682,1,36
20683,1,43
20684,1,43
20685,0,12
20686,1,36
20687,2,122
20688,1,36
20689,0,12
20690,0,15
20691,0,12
20692,1,36
20693,0,15
20694,0,15
20695,2,60
20696,1,43
20697,1,43
20698,0,12
20699,1,36
20700,1,36
20701,0,15
20702,0,15
20703,1,36
20704,2,62
20705,1,36
20706,0,12
20707,0,15
20708,0,12
20709,1,36
20710,1,36
20711,0,15
20712,0,12
20713,0,15
20714,0,15
20715,1,36
20716,1,36
20717,1,37
20718,0,12
20719,0,12
20720,0,12
20721,0,15
20722,0,15
20723,0,12
20724,0,12
20725,0,15
20726,6,127
20727,0,15
20728,0,12
20729,0,12
20730,0,12
20731,0,12
20732,0,12
20733,1,36
20734,0,15
20735,0,12
20736,0,12
20737,0,12
20738,1,36
20739,0,15
20740,0,15
20741,0,15
20742,1,36
20743,2,65
20744,3,87
20745,0,12
20746,0,15
20747,0,15
20748,1,36
20749,4,66
20750,1,36
20751,1,36
20752,1,36
20753,0,15
20754,0,15
20755,0,12
20756,2,60
20757,0,12
20758,2,60
20759,1,36
20760,0,15
20761,1,36
20762,0,15
20763,0,12
20764,1,45
20765,0,12
20766,0,12
20767,1,36
20768,1,36
20769,0,15
20770,0,15
20771,0,15
20772,1,37
20773,1,36
20774,0,12
20775,0,12
20776,0,12
20777,1,36
20778,0,12
20779,0,15
20780,0,12
20781,0,15
20782,0,15
20783,0,12
20784,5,45
20785,3,84
20786,0,12
20787,0,12
20788,0,15
20789,1,36
20790,0,18
20791,1,36
20792,0,12
20793,0,12
20794,1,36
20795,0,12
20796,2,60
20797,0,12
20798,2,71
20799,0,12
20800,0,12
20801,1,36
20802,1,36
20803,1,36
20804,1,36
20805,0,12
20806,1,43
20807,0,15
20808,0,12
20809,0,12
20810,1,37
20811,0,12
20812,0,15
20813,1,36
20814,2,60
20815,0,12
20816,1,36
20817,0,12
20818,0,12
20819,1,43
20820,0,15
20821,29,257
20822,4,111
20823,2,61
20824,1,36
20825,1,43
20826,1,37
20827,0,15
20828,1,36
20829,0,15
20830,1,36
20831,4,96
20832,0,12
20833,1,36
20834,1,43
20835,1,36
20836,0,15
20837,1,36
20838,0,15
20839,0,12
20840,0,12
20841,0,15
20842,1,43
20843,1,36
20844,1,43
20845,0,15
20846,1,45
20847,1,36
20848,5,45
20849,0,18
20850,1,43
20851,1,43
20852,1,43
20853,0,12
20854,1,43
20855,0,15
20856,2,60
20857,0,15
20858,1,43
20859,0,12
20860,1,36
20861,0,12
20862,2,64
20863,1,36
20864,1,36
20865,0,12
20866,1,36
20867,1,36
20868,0,12
20869,0,15
20870,0,15
20871,1,36
20872,1,43
20873,0,12
20874,1,36
20875,1,36
20876,5,45
20877,2,60
20878,2,102
20879,0,15
20880,0,15
20881,0,15
20882,1,36
20883,0,12
20884,1,36
20885,0,15
20886,0,15
20887,0,15
20888,0,12
20889,1,36
20890,0,15
20891,1,36
20892,2,63
20893,1,43
20894,0,12
20895,2,102
20896,1,36
20897,1,36
20898,0,15
20899,0,12
20900,1,43
20901,0,12
20902,1,36
20903,0,15
20904,1,36
20905,0,12
20906,0,15
20907,1,36
20908,0,12
20909,0,12
20910,0,12
20911,0,12
20912,0,15
20913,0,15
20914,1,36
20915,0,12
20916,0,12
20917,0,12
20918,0,12
20919,0,12
20920,0,12
20921,1,36
20922,1,36
20923,1,36
20924,0,12
20925,1,36
20926,1,36
20927,0,15
20928,0,12
20929,1,37
20930,1,36
20931,0,15
20932,1,36
20933,1,36
20934,0,15
20935,0,12
20936,1,36
20937,1,36
20938,1,36
20939,1,36
20940,0,15
20941,0,15
20942,0,12
20943,1,43
20944,0,15
20945,0,12
20946,3,130
20947,0,12
20948,2,122
20949,2,61
20950,1,37
20951,1,36
20952,0,12
20953,0,15
20954,0,12
20955,0,12
20956,2,63
20957,0,15
20958,1,36
20959,1,36
20960,1,45
20961,1,36
20962,5,45
20963,1,36
20964,1,36
20965,0,15
20966,0,15
20967,0,15
20968,2,60
20969,0,15
20970,0,15
20971,0,15
20972,0,15
20973,0,12
20974,0,12
20975,1,36
20976,0,15
20977,0,15
20978,0,12
20979,0,15
20980,1,36
20981,1,36
20982,0,15
20983,0,15
20984,1,36
20985,3,87
20986,0,12
20987,0,15
20988,0,12
20989,0,12
20990,0,15
20991,1,36
20992,0,15
20993,0,12
20994,0,12
20995,0,15
20996,0,12
20997,1,43
20998,0,12
20999,1,36
21000,0,12
21001,3,84
21002,0,18
21003,1,36
21004,0,12
21005,1,43
21006,1,36
21007,1,36
21008,0,15
21009,1,36
21010,1,36
21011,0,12
21012,0,12
21013,0,12
21014,0,15
21015,1,36
21016,0,12
21017,0,12
21018,0,12
21019,0,12
21020,0,15
21021,0,15
21022,0,12
21023,0,12
21024,0,12
21025,0,15
21026,1,36
21027,0,15
21028,0,15
21029,1,36
21030,0,18
21031,1,36
21032,1,36
21033,2,60
21034,1,36
21035,0,12
21036,0,15
21037,3,87
21038,0,15
21039,0,15
21040,4,66
21041,1,36
21042,1,36
21043,1,36
21044,0,18
21045,1,36
21046,2,60
21047,0,12
21048,1,36
21049,1,36
21050,5,45
21051,0,12
21052,0,15
21053,0,12
21054,0,12
21055,2,60
21056,0,12
21057,0,15
21058,0,12
21059,1,36
21060,0,15
21061,0,15
21062,0,12
21063,0,15
21064,1,36
21065,0,15
21066,1,36
21067,1,43
21068,1,36
21069,0,15
21070,5,90
21071,1,36
21072,0,15
21073,2,60
21074,0,12
21075,0,12
21076,1,43
21077,2,60
21078,0,12
21079,1,36
21080,1,36
21081,1,36
21082,0,12
21083,0,12
21084,1,36
21085,1,36
21086,0,15
21087,1,36
21088,1,36
21089,1,36
21090,2,62
21091,5,45
21092,1,36
21093,1,36
21094,1,36
21095,2,71
21096,0,12
21097,1,43
21098,0,15
21099,0,12
21100,1,36
21101,1,36
21102,2,122
21103,1,43
21104,0,12
21105,0,18
21106,1,36
21107,0,15
21108,0,12
21109,2,62
21110,1,36
21111,0,15
21112,1,36
21113,1,36
21114,1,36
21115,0,12
21116,0,12
21117,1,36
21118,5,45
21119,0,15
21120,0,12
21121,0,12
21122,1,36
21123,0,12
21124,1,36
21125,1,36
21126,0,12
21127,1,36
21128,0,12
21129,0,12
21130,1,43
21131,0,15
21132,0,12
21133,1,36
21134,0,12
21135,0,12
21136,1,43
21137,0,12
21138,1,36
21139,1,43
21140,1,36
21141,0,12
21142,0,15
21143,1,36
21144,1,37
21145,1,36
21146,1,36
21147,1,43
21148,2,62
21149,0,15
21150,1,36
21151,1,36
21152,1,36
21153,1,36
21154,0,12
21155,0,12
21156,0,12
21157,0,12
21158,0,15
21159,0,15
21160,2,63
21161,0,12
21162,0,15
21163,0,15
21164,1,37
21165,1,36
21166,0,12
21167,1,36
21168,0,12
21169,1,36
21170,0,15
21171,0,15
21172,0,12
21173,1,36
21174,0,15
21175,0,15
21176,0,15
21177,0,12
21178,2,60
21179,1,36
21180,1,43
21181,1,37
21182,1,43
21183,2,60
21184,1,36
21185,4,111
21186,1,93
21187,0,15
21188,1,43
21189,1,43
21190,3,87
21191,1,53
21192,0,12
21193,0,15
21194,1,36
21195,1,45
21196,1,43
21197,0,12
21198,1,36
21199,0,12
21200,0,15
21201,0,12
21202,0,15
21203,1,36
21204,0,15
21205,1,36
21206,1,36
21207,0,12
21208,0,12
21209,0,15
21210,1,36
21211,1,36
21212,1,36
21213,2,102
21214,1,36
21215,1,36
21216,0,12
21217,1,36
21218,0,15
21219,1,36
21220,4,66
21221,1,36
21222,0,15
21223,1,36
21224,3,84
21225,2,74
21226,7,167
21227,0,12
21228,0,12
21229,0,12
21230,0,12
21231,1,43
21232,0,12
21233,0,12
21234,0,12
21235,0,12
21236,0,12
21237,0,12
21238,2,60
21239,0,12
21240,1,43
21241,0,12
21242,1,36
21243,0,15
21244,0,15
21245,0,12
21246,4,66
21247,2,60
21248,0,12
21249,1,36
21250,0,12
21251,1,45
21252,1,36
21253,0,12
21254,1,36
21255,0,12
21256,0,15
21257,0,12
21258,0,15
21259,1,36
21260,0,12
21261,1,36
21262,0,15
21263,1,36
21264,0,15
21265,1,43
21266,0,15
21267,1,36
21268,3,103
21269,0,15
21270,0,12
21271,0,12
21272,1,37
21273,1,36
21274,0,12
21275,0,12
21276,3,100
21277,1,43
21278,1,43
21279,1,36
21280,1,36
21281,0,12
21282,0,15
21283,0,12
21284,0,15
21285,0,12
21286,0,12
21287,0,12
21288,0,15
21289,1,43
21290,0,15
21291,0,12
21292,1,36
21293,0,12
21294,0,12
21295,1,36
21296,0,12
21297,0,12
21298,0,12
21299,0,12
21300,0,12
21301,1,36
21302,0,12
21303,0,15
21304,0,12
21305,0,12
21306,0,12
21307,0,12
21308,0,12
21309,0,15
21310,0,12
21311,0,12
21312,0,12
21313,0,15
21314,0,12
21315,0,12
21316,0,12
21317,0,12
21318,0,12
21319,0,15
21320,0,12
21321,0,12
21322,0,15
21323,0,15
21324,0,12
21325,0,12
21326,0,12
21327,0,12
21328,0,12
21329,0,12
21330,0,12
21331,1,36
21332,0,12
21333,0,12
21334,0,15
21335,0,15
21336,0,12
21337,2,64
21338,0,12
21339,0,15
21340,1,36
21341,1,36
21342,1,43
21343,1,45
21344,0,12
21345,1,37
21346,1,36
21347,0,12
21348,1,36
21349,0,15
21350,0,12
21351,1,79
21352,1,36
21353,0,15
21354,0,12
21355,0,12
21356,0,12
21357,2,102
21358,2,60
21359,2,106
21360,0,15
21361,0,15
21362,2,71
21363,1,43
21364,2,60
21365,0,12
21366,0,12
21367,0,12
21368,0,12
21369,0,12
21370,2,60
21371,1,36
21372,0,12
21373,0,12
21374,0,15
21375,2,102
21376,1,36
21377,0,15
21378,0,12
21379,1,37
21380,0,12
21381,0,12
21382,0,12
21383,0,12
21384,0,12
21385,0,12
21386,0,15
21387,0,15
21388,0,15
21389,0,12
21390,6,115
21391,1,36
21392,0,15
21393,0,15
21394,0,18
21395,1,36
21396,1,36
21397,2,60
21398,0,12
21399,0,15
21400,0,15
21401,0,12
21402,0,15
21403,0,12
21404,0,12
21405,1,37
21406,0,12
21407,0,12
21408,0,12
21409,2,64
21410,0,12
21411,0,12
21412,0,12
21413,2,61
21414,0,15
21415,0,15
21416,0,12
21417,0,12
21418,0,15
21419,0,12
21420,0,15
21421,0,12
21422,0,15
21423,0,12
21424,0,12
21425,0,15
21426,0,12
21427,0,15
21428,0,15
21429,0,12
21430,0,12
21431,0,15
21432,0,15
21433,0,12
21434,0,15
21435,0,12
21436,0,12
21437,0,12
21438,0,15
21439,0,12
21440,0,15
21441,0,12
21442,0,12
21443,0,12
21444,0,15
21445,0,12
21446,0,12
21447,0,12
21448,0,12
21449,0,12
21450,0,15
21451,0,12
21452,0,15
21453,0,12
21454,0,15
21455,0,12
21456,0,12
21457,0,15
21458,0,12
21459,0,12
21460,0,15
21461,0,12
21462,0,12
21463,0,15
21464,0,12
21465,0,12
21466,0,12
21467,0,12
21468,0,12
21469,0,12
21470,0,15
21471,0,12
21472,0,15
21473,0,12
21474,0,15
21475,0,12
21476,0,12
21477,0,12
21478,0,12
21479,0,12
21480,0,12
21481,0,15
21482,0,15
21483,0,15
21484,0,12
21485,0,12
21486,0,12
21487,0,12
21488,0,12
21489,0,12
21490,0,12
21491,0,12
21492,0,12
21493,0,12
21494,0,15
21495,0,12
21496,0,15
21497,0,15
21498,0,15
21499,0,12
21500,0,12
21501,0,15
21502,0,12
21503,0,12
21504,0,15
21505,0,12
21506,0,12
21507,0,12
21508,0,15
21509,0,15
21510,0,15
21511,0,12
21512,0,12
21513,0,15
21514,0,12
21515,0,12
21516,0,12
21517,0,15
21518,0,12
21519,0,12
21520,0,12
21521,0,12
21522,0,15
21523,0,12
21524,0,15
21525,0,12
21526,0,12
21527,0,12
21528,0,15
21529,0,15
21530,0,12
21531,0,12
21532,0,12
21533,0,15
21534,0,12
21535,0,12
21536,0,15
21537,0,12
21538,0,12
21539,0,12
21540,0,15
21541,0,12
21542,0,15
21543,0,12
21544,0,12
21545,0,12
21546,0,12
21547,0,15
21548,0,12
21549,0,12
21550,0,12
21551,0,12
21552,0,15
21553,0,15
21554,0,12
21555,0,12
21556,0,12
21557,0,12
21558,0,12
21559,0,12
21560,0,12
21561,0,12
21562,0,12
21563,0,12
21564,0,12
21565,0,12
21566,0,12
21567,0,12
21568,0,12
21569,0,12
21570,0,12
21571,0,12
21572,0,12
21573,0,12
21574,0,12
21575,0,12
21576,0,12
21577,0,15
21578,0,12
21579,0,15
21580,0,12
21581,0,12
21582,0,12
21583,0,12
21584,0,15
21585,0,12
21586,0,12
21587,0,15
21588,0,12
21589,0,15
21590,0,12
21591,0,12
21592,0,15
21593,0,15
21594,0,12
21595,0,12
21596,0,12
21597,0,15
21598,0,12
21599,0,12
21600,0,15
21601,0,12
21602,0,12
21603,0,12
21604,0,12
21605,0,15
21606,0,12
21607,0,12
21608,0,12
21609,0,15
21610,0,12
21611,0,15
21612,0,15
21613,0,15
21614,0,12
21615,0,12
21616,0,15
21617,0,12
21618,0,12
21619,0,12
21620,0,12
21621,0,12
21622,0,12
21623,0,12
21624,0,12
21625,0,18
21626,0,15
21627,0,15
21628,0,15
21629,0,12
21630,0,12
21631,0,12
21632,0,12
21633,0,12
21634,0,12
21635,0,12
21636,0,12
21637,0,12
21638,0,12
21639,0,12
21640,0,15
21641,0,12
21642,0,12
21643,0,15
21644,0,12
21645,0,15
21646,0,12
21647,0,15
21648,0,12
21649,0,15
21650,0,12
21651,0,15
21652,0,12
21653,0,12
21654,0,12
21655,0,12
21656,0,12
21657,0,12
21658,0,12
21659,0,12
21660,0,12
21661,0,12
21662,0,15
21663,1,53
21664,0,15
21665,0,12
21666,0,12
21667,0,15
21668,0,15
21669,0,12
21670,0,15
21671,0,12
21672,0,12
21673,0,15
21674,0,15
21675,0,12
21676,0,15
21677,0,15
21678,0,12
21679,0,15
21680,0,12
21681,0,12
21682,0,12
21683,0,12
21684,0,15
21685,0,12
21686,0,15
21687,0,12
21688,0,12
21689,0,15
21690,0,15
21691,0,12
21692,0,12
21693,0,12
21694,0,15
21695,0,12
21696,0,12
21697,0,12
21698,0,12
21699,0,12
21700,0,12
21701,0,15
21702,0,12
21703,0,12
21704,0,12
21705,0,12
21706,0,12
21707,0,12
21708,0,15
21709,0,15
21710,0,12
21711,0,12
21712,0,15
21713,0,12
21714,0,12
21715,0,12
21716,0,12
21717,0,12
21718,0,12
21719,0,15
21720,0,12
21721,0,15
21722,0,12
21723,0,12
21724,0,12
21725,0,12
21726,0,12
21727,0,12
21728,0,12
21729,0,12
21730,0,15
21731,0,12
21732,0,12
21733,0,15
21734,0,12
21735,0,12
21736,0,12
21737,0,12
21738,0,15
21739,0,12
21740,0,12
21741,0,15
21742,0,15
21743,0,12
21744,0,15
21745,0,15
21746,0,15
21747,0,12
21748,0,12
21749,0,15
21750,0,12
21751,0,12
21752,0,12
21753,0,12
21754,0,12
21755,0,12
21756,0,12
21757,0,15
21758,0,12
21759,0,12
21760,0,12
21761,0,15
21762,0,12
21763,0,12
21764,0,12
21765,0,12
21766,0,12
21767,0,15
21768,0,15
21769,0,12
21770,0,15
21771,0,15
21772,0,12
21773,0,12
21774,0,12
21775,0,12
21776,0,12
21777,0,12
21778,0,12
21779,0,15
21780,0,12
21781,0,12
21782,0,12
21783,0,12
21784,0,12
21785,0,12
21786,0,15
21787,0,12
21788,0,12
21789,0,12
21790,0,15
21791,0,12
21792,0,15
21793,0,12
21794,0,15
21795,0,12
21796,0,15
21797,0,15
21798,0,12
21799,0,12
21800,0,12
21801,0,12
21802,0,15
21803,0,12
21804,0,12
21805,0,12
21806,0,15
21807,0,15
21808,0,12
21809,0,12
21810,0,15
21811,0,15
21812,0,12
21813,0,12
21814,0,12
21815,0,12
21816,0,15
21817,0,12
21818,0,12
21819,0,12
21820,0,12
21821,0,12
21822,0,12
21823,0,15
21824,0,12
21825,0,12
21826,0,15
21827,0,15
21828,0,15
21829,0,12
21830,1,53
21831,0,12
21832,0,12
21833,0,15
21834,0,12
21835,0,12
21836,0,15
21837,0,12
21838,0,12
21839,0,12
21840,0,15
21841,0,15
21842,0,12
21843,0,15
21844,0,12
21845,0,12
21846,0,15
21847,0,12
21848,0,15
21849,0,15
21850,0,12
21851,0,12
21852,0,12
21853,0,12
21854,0,12
21855,0,15
21856,0,12
21857,0,12
21858,0,12
21859,1,53
21860,0,15
21861,0,12
21862,0,15
21863,0,12
21864,0,12
21865,0,15
21866,0,12
21867,0,12
21868,0,12
21869,0,15
21870,0,12
21871,0,12
21872,0,12
21873,0,12
21874,0,15
21875,0,12
21876,0,12
21877,0,12
21878,0,15
21879,0,15
21880,0,12
21881,0,12
21882,0,12
21883,0,12
21884,0,12
21885,0,15
21886,0,12
21887,1,53
21888,0,15
21889,0,12
21890,0,12
21891,0,15
21892,0,12
21893,0,15
21894,0,15
21895,0,15
21896,0,15
21897,0,12
21898,0,12
21899,0,12
21900,0,12
21901,0,12
21902,0,12
21903,0,12
21904,0,12
21905,0,12
21906,0,15
21907,0,12
21908,0,12
21909,0,12
21910,0,12
21911,0,12
21912,0,12
21913,0,15
21914,0,12
21915,0,12
21916,0,12
21917,0,12
21918,0,12
21919,0,15
21920,0,12
21921,0,15
21922,0,12
21923,0,12
21924,0,12
21925,0,15
21926,0,15
21927,0,12
21928,0,15
21929,0,12
21930,0,12
21931,0,15
21932,0,15
21933,0,12
21934,0,15
21935,0,12
21936,0,15
21937,0,15
21938,0,12
21939,0,15
21940,0,15
21941,0,12
21942,0,18
21943,0,12
21944,0,15
21945,0,15
21946,0,12
21947,0,15
21948,0,12
21949,0,12
21950,0,12
21951,0,12
21952,0,15
21953,0,15
21954,0,12
21955,0,12
21956,0,12
21957,0,12
21958,0,12
21959,0,15
21960,0,12
21961,0,12
21962,0,15
21963,0,12
21964,0,15
21965,0,12
21966,0,15
21967,0,15
21968,0,12
21969,0,12
21970,0,15
21971,0,12
21972,0,12
21973,0,12
21974,0,12
21975,0,12
21976,0,12
21977,0,12
21978,0,15
21979,0,12
21980,0,15
21981,0,12
21982,0,12
21983,0,12
21984,0,15
21985,0,12
21986,0,12
21987,0,12
21988,0,15
21989,0,12
21990,0,12
21991,0,12
21992,0,12
21993,0,12
21994,0,12
21995,0,12
21996,0,15
21997,0,12
21998,0,12
21999,0,12
22000,0,12
22001,0,12
22002,0,12
22003,0,12
22004,0,12
22005,0,15
22006,0,15
22007,0,15
22008,0,12
22009,0,12
22010,0,12
22011,0,12
22012,0,12
22013,0,12
22014,0,12
22015,0,12
22016,0,15
22017,0,12
22018,0,12
22019,0,15
22020,0,12
22021,0,12
22022,0,12
22023,0,15
22024,0,12
22025,0,15
22026,0,12
22027,0,12
22028,0,12
22029,0,12
22030,0,15
22031,0,15
22032,0,12
22033,0,15
22034,0,15
22035,0,12
22036,0,12
22037,0,12
22038,0,15
22039,0,12
22040,0,12
22041,0,12
22042,0,12
22043,0,12
22044,0,15
22045,0,12
22046,0,12
22047,0,12
22048,0,12
22049,0,12
22050,0,12
22051,0,12
22052,0,12
22053,0,12
22054,0,12
22055,0,12
22056,0,12
22057,0,12
22058,0,12
22059,0,12
22060,0,12
22061,0,12
22062,0,12
22063,0,15
22064,0,12
22065,0,12
22066,0,12
22067,0,12
22068,0,12
22069,0,15
22070,0,12
22071,0,12
22072,0,15
22073,0,12
22074,0,12
22075,0,15
22076,0,12
22077,0,12
22078,0,15
22079,0,15
22080,0,12
22081,0,12
22082,0,15
22083,0,15
22084,0,12
22085,0,12
22086,0,12
22087,0,12
22088,0,12
22089,0,12
22090,0,12
22091,0,12
22092,0,12
22093,0,15
22094,0,15
22095,0,12
22096,0,12
22097,0,12
22098,0,15
22099,0,15
22100,0,12
22101,0,12
22102,0,12
22103,0,12
22104,0,12
22105,0,12
22106,0,12
22107,0,12
22108,0,12
22109,0,12
22110,0,15
22111,0,12
22112,0,12
22113,0,12
22114,0,12
22115,0,12
22116,0,12
22117,0,12
22118,0,12
22119,0,15
22120,0,12
22121,0,15
22122,0,12
22123,0,12
22124,0,12
22125,0,12
22126,0,12
22127,0,15
22128,0,15
22129,0,15
22130,0,12
22131,0,15
22132,0,15
22133,0,12
22134,0,12
22135,0,12
22136,0,12
22137,0,15
22138,0,12
22139,0,12
22140,0,12
22141,0,15
22142,0,12
22143,0,15
22144,0,12
22145,0,12
22146,0,12
22147,0,12
22148,0,12
22149,0,12
22150,0,12
22151,0,12
22152,0,15
22153,0,12
22154,0,15
22155,0,12
22156,0,12
22157,0,12
22158,0,12
22159,0,15
22160,0,12
22161,0,12
22162,0,12
22163,0,15
22164,0,15
22165,0,12
22166,0,12
22167,0,15
22168,0,12
22169,0,12
22170,0,12
22171,0,12
22172,0,12
22173,0,15
22174,0,12
22175,0,15
22176,0,12
22177,0,12
22178,0,15
22179,0,12
22180,0,12
22181,0,15
22182,0,12
22183,0,12
22184,0,12
22185,0,12
22186,0,15
22187,0,12
22188,0,15
22189,0,15
22190,0,15
22191,0,12
22192,0,12
22193,0,12
22194,0,15
22195,0,15
22196,0,12
22197,0,12
22198,0,12
22199,0,12
22200,0,12
22201,0,12
22202,0,12
22203,0,12
22204,0,12
22205,0,12
22206,0,12
22207,0,12
22208,0,12
22209,0,12
22210,0,15
22211,0,12
22212,0,12
22213,0,12
22214,0,12
22215,0,12
22216,0,15
22217,0,15
22218,0,15
22219,0,15
22220,0,12
22221,0,15
22222,0,15
22223,0,15
22224,0,15
22225,0,12
22226,0,12
22227,0,15
22228,0,12
22229,0,12
22230,0,12
22231,0,12
22232,0,12
22233,0,12
22234,0,12
22235,0,12
22236,0,12
22237,0,12
22238,0,12
22239,0,15
22240,0,12
22241,0,12
22242,0,15
22243,0,12
22244,0,12
22245,0,15
22246,0,18
22247,0,12
22248,0,12
22249,0,12
22250,0,12
22251,0,12
22252,0,12
22253,0,12
22254,0,15
22255,0,12
22256,0,15
22257,0,15
22258,0,12
22259,0,12
22260,0,15
22261,0,12
22262,0,12
22263,0,15
22264,0,15
22265,0,18
22266,0,12
22267,0,12
22268,0,12
22269,0,15
22270,0,12
22271,0,12
22272,0,15
22273,0,12
22274,0,15
22275,0,12
22276,0,12
22277,0,15
22278,0,12
22279,0,12
22280,0,12
22281,0,12
22282,0,15
22283,0,12
22284,0,12
22285,0,12
22286,0,15
22287,0,12
22288,0,12
22289,0,12
22290,0,15
22291,0,15
22292,0,15
22293,0,12
22294,0,12
22295,0,12
22296,0,15
22297,0,15
22298,0,15
22299,0,12
22300,0,12
22301,0,12
22302,1,53
22303,0,12
22304,0,15
22305,0,12
22306,0,12
22307,0,12
22308,0,12
22309,0,12
22310,0,15
22311,0,12
22312,0,12
22313,0,12
22314,0,12
22315,0,15
22316,0,12
22317,0,15
22318,0,12
22319,0,12
22320,0,15
22321,0,12
22322,0,12
22323,0,12
22324,0,12
22325,0,12
22326,0,12
22327,0,12
22328,0,12
22329,0,15
22330,0,15
22331,0,12
22332,0,12
22333,0,12
22334,0,12
22335,0,12
22336,0,12
22337,0,12
22338,0,15
22339,0,12
22340,0,15
22341,0,12
22342,1,36
22343,0,12
22344,0,15
22345,0,12
22346,0,12
22347,0,12
22348,0,12
22349,0,12
22350,0,12
22351,0,15
22352,0,12
22353,0,12
22354,0,12
22355,0,12
22356,0,12
22357,0,18
22358,0,15
22359,0,15
22360,0,12
22361,0,12
22362,0,12
22363,0,12
22364,0,12
22365,0,12
22366,0,12
22367,0,12
22368,0,12
22369,0,15
22370,0,12
22371,0,12
22372,0,12
22373,0,12
22374,0,12
22375,0,12
22376,0,12
22377,0,12
22378,0,12
22379,0,15
22380,0,15
22381,0,12
22382,0,12
22383,0,12
22384,0,15
22385,0,15
22386,0,12
22387,0,12
22388,0,12
22389,0,12
22390,0,12
22391,0,12
22392,1,53
22393,0,12
22394,0,12
22395,0,12
22396,0,15
22397,0,12
22398,0,12
22399,0,12
22400,0,12
22401,0,12
22402,0,15
22403,0,12
22404,0,12
22405,0,15
22406,0,15
22407,0,15
22408,0,12
22409,0,12
22410,0,18
22411,0,15
22412,0,15
22413,0,12
22414,0,12
22415,0,12
22416,0,15
22417,0,12
22418,0,15
22419,0,12
22420,0,12
22421,0,12
22422,0,12
22423,0,12
22424,0,12
22425,0,12
22426,0,12
22427,0,15
22428,0,12
22429,0,12
22430,0,12
22431,0,15
22432,0,12
22433,0,15
22434,0,12
22435,0,15
22436,0,15
22437,0,12
22438,0,12
22439,0,15
22440,0,12
22441,0,15
22442,0,15
22443,0,15
22444,0,12
22445,0,12
22446,0,15
22447,0,15
22448,0,12
22449,0,15
22450,0,15
22451,0,15
22452,0,12
22453,0,12
22454,0,12
22455,0,12
22456,0,15
22457,0,15
22458,0,12
22459,0,12
22460,0,12
22461,0,12
22462,0,12
22463,0,15
22464,0,15
22465,0,12
22466,0,12
22467,0,15
22468,0,12
22469,0,12
22470,0,12
22471,0,12
22472,0,12
22473,0,12
22474,0,12
22475,0,15
22476,0,15
22477,0,12
22478,0,12
22479,1,53
22480,0,12
22481,0,12
22482,0,12
22483,0,15
22484,0,15
22485,0,12
22486,0,12
22487,0,15
22488,0,12
22489,0,15
22490,0,12
22491,0,12
22492,0,15
22493,0,12
22494,0,12
22495,0,12
22496,0,12
22497,0,12
22498,0,12
22499,0,15
22500,0,12
22501,0,12
22502,0,12
22503,0,12
22504,0,15
22505,0,12
22506,0,15
22507,0,12
22508,0,15
22509,0,15
22510,0,12
22511,0,15
22512,0,15
22513,0,12
22514,0,12
22515,0,12
22516,0,12
22517,0,12
22518,0,15
22519,0,12
22520,0,12
22521,0,12
22522,0,15
22523,0,12
22524,0,12
22525,0,12
22526,0,12
22527,0,12
22528,0,15
22529,0,15
22530,0,12
22531,0,12
22532,0,12
22533,0,15
22534,0,12
22535,0,12
22536,0,12
22537,0,12
22538,0,12
22539,0,12
22540,0,12
22541,0,15
22542,0,12
22543,0,12
22544,0,12
22545,0,15
22546,0,15
22547,0,12
22548,0,12
22549,0,12
22550,0,12
22551,0,15
22552,0,12
22553,0,12
22554,0,15
22555,0,12
22556,0,12
22557,0,12
22558,0,12
22559,0,12
22560,0,12
22561,0,12
22562,0,15
22563,0,12
22564,0,15
22565,0,12
22566,0,15
22567,0,12
22568,0,12
22569,0,12
22570,0,12
22571,0,15
22572,0,12
22573,0,12
22574,0,15
22575,0,12
22576,0,12
22577,0,12
22578,0,12
22579,0,12
22580,0,12
22581,0,12
22582,0,15
22583,0,12
22584,0,12
22585,0,15
22586,0,15
22587,0,12
22588,0,15
22589,0,12
22590,0,12
22591,0,15
22592,0,12
22593,0,15
22594,0,15
22595,0,12
22596,0,12
22597,0,12
22598,0,12
22599,0,12
22600,0,12
22601,0,12
22602,0,12
22603,0,12
22604,0,15
22605,0,12
22606,0,12
22607,0,15
22608,0,12
22609,0,12
22610,0,12
22611,0,12
22612,0,15
22613,0,12
22614,0,12
22615,0,12
22616,0,12
22617,0,12
22618,0,15
22619,0,12
22620,0,12
22621,0,15
22622,0,12
22623,0,12
22624,0,12
22625,0,12
22626,0,15
22627,0,15
22628,0,12
22629,0,12
22630,0,15
22631,0,12
22632,0,12
22633,0,12
22634,0,12
22635,0,12
22636,0,15
22637,0,12
22638,0,12
22639,0,12
22640,0,12
22641,0,15
22642,0,12
22643,0,12
22644,0,12
22645,0,12
22646,0,12
22647,0,12
22648,0,12
22649,0,12
22650,0,12
22651,0,12
22652,0,15
22653,0,15
22654,0,12
22655,0,12
22656,0,15
22657,0,15
22658,0,12
22659,0,12
22660,0,12
22661,0,12
22662,0,12
22663,0,12
22664,0,12
22665,0,12
22666,0,12
22667,0,12
22668,0,12
22669,0,15
22670,0,15
22671,0,12
22672,0,15
22673,0,12
22674,0,12
22675,0,12
22676,0,12
22677,0,12
22678,0,12
22679,0,15
22680,0,12
22681,0,12
22682,0,12
22683,0,12
22684,0,12
22685,0,12
22686,0,12
22687,0,12
22688,0,12
22689,0,15
22690,0,12
22691,0,12
22692,0,12
22693,0,15
22694,0,12
22695,0,12
22696,0,12
22697,0,12
22698,0,12
22699,0,12
22700,0,15
22701,0,12
22702,0,15
22703,0,12
22704,0,15
22705,0,12
22706,0,12
22707,0,12
22708,0,12
22709,0,15
22710,0,12
22711,0,12
22712,0,15
22713,0,12
22714,0,12
22715,0,12
22716,0,15
22717,0,12
22718,0,12
22719,0,12
22720,0,12
22721,0,12
22722,0,12
22723,0,15
22724,0,12
22725,0,15
22726,0,15
22727,0,12
22728,0,12
22729,0,12
22730,0,12
22731,0,12
22732,0,12
22733,0,15
22734,0,12
22735,0,12
22736,0,12
22737,0,15
22738,0,15
22739,0,12
22740,0,15
22741,0,15
22742,0,12
22743,0,12
22744,0,12
22745,0,12
22746,0,15
22747,0,15
22748,0,15
22749,0,12
22750,0,15
22751,0,12
22752,0,15
22753,0,12
22754,0,12
22755,0,12
22756,0,12
22757,0,12
22758,0,15
22759,0,12
22760,0,12
22761,0,15
22762,0,12
22763,0,12
22764,0,12
22765,0,12
22766,0,12
22767,0,15
22768,0,12
22769,0,12
22770,0,12
22771,0,12
22772,0,15
22773,0,15
22774,0,12
22775,0,15
22776,0,15
22777,0,15
22778,0,15
22779,0,12
22780,0,15
22781,0,12
22782,0,12
22783,0,12
22784,0,12
22785,0,12
22786,0,12
22787,0,12
22788,0,12
22789,0,12
22790,0,12
22791,0,12
22792,0,15
22793,0,15
22794,0,15
22795,0,12
22796,0,15
22797,0,12
22798,0,15
22799,0,15
22800,0,12
22801,0,12
22802,0,15
22803,0,12
22804,0,12
22805,0,12
22806,0,12
22807,0,12
22808,0,15
22809,0,12
22810,0,12
22811,0,12
22812,0,12
22813,0,15
22814,0,12
22815,0,15
22816,0,15
22817,0,12
22818,0,12
22819,0,12
22820,0,12
22821,0,15
22822,0,12
22823,0,12
22824,0,15
22825,0,12
22826,0,12
22827,0,12
22828,0,12
22829,0,12
22830,0,12
22831,0,12
22832,0,12
22833,0,12
22834,0,12
22835,0,15
22836,0,12
22837,0,12
22838,0,15
22839,0,12
22840,0,15
22841,0,15
22842,0,12
22843,0,12
22844,0,12
22845,0,12
22846,0,12
22847,0,15
22848,0,12
22849,0,15
22850,0,12
22851,0,12
22852,0,12
22853,0,15
22854,0,12
22855,0,12
22856,0,15
22857,0,15
22858,0,12
22859,0,15
22860,0,12
22861,0,15
22862,0,12
22863,0,12
22864,0,12
22865,0,15
22866,0,12
22867,0,15
22868,0,18
22869,0,12
22870,0,12
22871,0,12
22872,0,12
22873,0,12
22874,0,12
22875,0,12
22876,0,15
22877,0,15
22878,0,12
22879,0,12
22880,0,12
22881,0,15
22882,0,12
22883,0,12
22884,0,12
22885,0,15
22886,0,12
22887,0,12
22888,0,15
22889,0,12
22890,0,12
22891,0,12
22892,0,12
22893,0,15
22894,0,12
22895,0,15
22896,0,12
22897,0,12
22898,0,12
22899,0,12
22900,0,12
22901,0,12
22902,0,12
22903,0,12
22904,0,12
22905,0,12
22906,0,12
22907,0,12
22908,0,15
22909,0,12
22910,0,15
22911,0,12
22912,0,12
22913,0,12
22914,0,15
22915,0,12
22916,0,12
22917,0,12
22918,0,12
22919,0,12
22920,0,15
22921,0,15
22922,0,12
22923,0,12
22924,0,12
22925,0,12
22926,0,12
22927,0,15
22928,0,15
22929,0,15
22930,0,15
22931,0,12
22932,0,12
22933,0,12
22934,0,12
22935,0,12
22936,0,12
22937,0,12
22938,0,15
22939,0,12
22940,0,12
22941,0,12
22942,0,12
22943,0,15
22944,0,12
22945,0,12
22946,0,12
22947,0,12
22948,0,12
22949,0,15
22950,0,12
22951,0,12
22952,0,12
22953,0,12
22954,0,12
22955,0,12
22956,0,15
22957,0,15
22958,0,12
22959,0,12
22960,0,12
22961,0,12
22962,0,12
22963,0,12
22964,0,15
22965,0,12
22966,0,15
22967,0,12
22968,0,12
22969,0,12
22970,0,15
22971,0,12
22972,0,15
22973,0,15
22974,0,12
22975,0,15
22976,0,15
22977,0,12
22978,0,12
22979,0,12
22980,0,15
22981,0,12
22982,0,12
22983,0,15
22984,0,15
22985,0,12
22986,0,15
22987,0,12
22988,0,12
22989,0,15
22990,0,15
22991,0,15
22992,0,12
22993,0,12
22994,0,12
22995,0,12
22996,0,15
22997,0,12
22998,0,12
22999,0,15
23000,0,12
23001,0,15
23002,0,15
23003,0,12
23004,0,15
23005,1,53
23006,0,15
23007,0,15
23008,0,15
23009,0,12
23010,0,12
23011,0,15
23012,0,15
23013,0,12
23014,0,12
23015,0,12
23016,0,12
23017,0,15
23018,0,12
23019,0,12
23020,0,12
23021,0,15
23022,0,15
23023,0,12
23024,0,15
23025,0,12
23026,0,12
23027,0,15
23028,0,12
23029,0,15
23030,0,12
23031,0,15
23032,0,12
23033,0,12
23034,0,15
23035,0,15
23036,0,15
23037,0,15
23038,0,15
23039,0,15
23040,0,12
23041,0,12
23042,0,12
23043,0,12
23044,0,12
23045,0,12
23046,0,15
23047,0,12
23048,0,12
23049,0,12
23050,0,12
23051,0,12
23052,0,15
23053,0,12
23054,0,15
23055,0,12
23056,0,12
23057,0,12
23058,0,15
23059,0,12
23060,0,15
23061,0,15
23062,0,12
23063,0,12
23064,0,12
23065,0,15
23066,0,12
23067,0,15
23068,0,12
23069,0,15
23070,0,12
23071,0,15
23072,0,12
23073,0,12
23074,0,15
23075,0,12
23076,0,15
23077,0,15
23078,0,15
23079,0,15
23080,0,15
23081,0,12
23082,0,15
23083,0,12
23084,0,12
23085,0,12
23086,0,15
23087,0,12
23088,0,12
23089,0,15
23090,0,12
23091,0,12
23092,0,12
23093,0,12
23094,0,15
23095,0,12
23096,0,12
23097,0,12
23098,0,12
23099,0,12
23100,0,15
23101,0,15
23102,0,15
23103,0,12
23104,0,12
23105,0,15
23106,0,18
23107,0,12
23108,0,15
23109,0,12
23110,0,12
23111,0,12
23112,0,15
23113,0,15
23114,0,15
23115,0,12
23116,0,15
23117,0,12
23118,0,12
23119,0,15
23120,0,12
23121,0,15
23122,0,12
23123,0,12
23124,0,12
23125,0,12
23126,0,12
23127,0,15
23128,0,15
23129,0,12
23130,0,12
23131,0,15
23132,0,12
23133,0,12
23134,0,12
23135,0,15
23136,0,15
23137,0,15
23138,0,15
23139,0,12
23140,0,15
23141,0,15
23142,0,15
23143,0,12
23144,0,12
23145,0,12
23146,0,12
23147,0,15
23148,0,15
23149,0,12
23150,0,12
23151,0,12
23152,0,12
23153,0,12
23154,0,12
23155,0,12
23156,0,12
23157,0,12
23158,0,15
23159,0,12
23160,0,15
23161,0,12
23162,0,12
23163,1,53
23164,0,12
23165,0,12
23166,0,12
23167,0,15
23168,0,15
23169,0,12
23170,0,12
23171,0,15
23172,0,12
23173,0,12
23174,0,12
23175,0,15
23176,0,12
23177,0,12
23178,0,12
23179,0,12
23180,0,12
23181,0,15
23182,0,12
23183,0,12
23184,0,12
23185,0,12
23186,0,12
23187,0,15
23188,0,12
23189,0,18
23190,0,12
23191,0,15
23192,0,12
23193,0,15
23194,0,12
23195,0,15
23196,0,12
23197,0,12
23198,0,12
23199,0,12
23200,0,12
23201,0,15
23202,0,12
23203,0,12
23204,0,12
23205,0,12
23206,0,12
23207,0,12
23208,0,12
23209,0,12
23210,0,15
23211,0,12
23212,0,12
23213,0,12
23214,0,12
23215,0,12
23216,0,12
23217,0,12
23218,0,12
23219,0,18
23220,0,15
23221,0,12
23222,0,12
23223,0,12
23224,0,12
23225,0,12
23226,0,12
23227,0,15
23228,0,15
23229,0,12
23230,0,15
23231,0,12
23232,0,12
23233,0,12
23234,0,12
23235,0,12
23236,0,15
23237,0,12
23238,0,12
23239,0,12
23240,0,12
23241,0,12
23242,1,53
23243,0,12
23244,0,15
23245,0,12
23246,0,15
23247,0,15
23248,0,15
23249,0,15
23250,0,15
23251,0,12
23252,0,15
23253,0,15
23254,0,15
23255,0,12
23256,0,12
23257,0,15
23258,0,15
23259,0,15
23260,0,12
23261,0,12
23262,0,15
23263,0,12
23264,0,15
23265,0,12
23266,0,12
23267,0,12
23268,0,12
23269,0,12
23270,0,12
23271,0,12
23272,0,12
23273,0,12
23274,0,12
23275,0,15
23276,0,12
23277,0,12
23278,0,12
23279,0,12
23280,0,12
23281,0,12
23282,0,12
23283,0,15
23284,0,12
23285,0,12
23286,0,12
23287,0,12
23288,0,15
23289,0,12
23290,0,12
23291,0,15
23292,0,15
23293,0,12
23294,0,15
23295,0,12
23296,0,12
23297,0,12
23298,0,12
23299,0,15
23300,0,12
23301,0,12
23302,0,12
23303,0,12
23304,0,15
23305,0,12
23306,0,15
23307,0,12
23308,0,15
23309,0,12
23310,0,12
23311,0,12
23312,0,12
23313,0,15
23314,0,15
23315,1,53
23316,0,12
23317,0,15
23318,0,12
23319,0,15
23320,0,12
23321,0,12
23322,0,12
23323,0,15
23324,1,53
23325,0,12
23326,0,12
23327,0,15
23328,0,12
23329,0,15
23330,0,12
23331,0,12
23332,0,12
23333,0,15
23334,0,15
23335,0,15
23336,0,12
23337,0,12
23338,0,12
23339,0,12
23340,0,15
23341,0,12
23342,0,12
23343,0,15
23344,0,15
23345,0,12
23346,0,12
23347,0,15
23348,0,12
23349,0,12
23350,0,12
23351,0,15
23352,0,12
23353,0,15
23354,0,15
23355,0,12
23356,0,12
23357,0,12
23358,0,15
23359,0,12
23360,0,12
23361,0,12
23362,0,12
23363,0,12
23364,0,12
23365,0,12
23366,0,15
23367,0,15
23368,0,12
23369,0,12
23370,0,12
23371,0,12
23372,0,12
23373,0,12
23374,0,12
23375,0,12
23376,0,12
23377,0,12
23378,0,15
23379,0,12
23380,0,12
23381,0,12
23382,0,12
23383,0,15
23384,0,12
23385,0,12
23386,0,12
23387,0,15
23388,0,12
23389,0,12
23390,0,15
23391,0,12
23392,0,15
23393,0,12
23394,0,15
23395,0,12
23396,0,12
23397,0,12
23398,0,12
23399,0,12
23400,0,15
23401,0,15
23402,0,12
23403,0,12
23404,0,15
23405,0,12
23406,0,15
23407,0,12
23408,0,15
23409,0,15
23410,0,12
23411,0,15
23412,0,15
23413,0,12
23414,0,12
23415,0,15
23416,0,15
23417,0,12
23418,0,12
23419,0,12
23420,0,12
23421,0,12
23422,0,15
23423,0,15
23424,0,12
23425,0,12
23426,0,15
23427,0,15
23428,0,12
23429,0,15
23430,0,15
23431,0,12
23432,0,12
23433,0,15
23434,0,12
23435,0,12
23436,0,12
23437,0,12
23438,0,15
23439,0,12
23440,0,15
23441,0,12
23442,0,12
23443,0,12
23444,0,12
23445,0,12
23446,0,12
23447,0,12
23448,0,12
23449,0,15
23450,0,12
23451,0,12
23452,0,15
23453,0,12
23454,0,12
23455,0,12
23456,0,15
23457,0,15
23458,0,12
23459,0,12
23460,0,15
23461,0,12
23462,0,12
23463,0,12
23464,0,12
23465,0,12
23466,0,15
23467,0,12
23468,0,12
23469,0,12
23470,0,15
23471,0,12
23472,0,12
23473,0,15
23474,0,15
23475,0,15
23476,0,12
23477,0,12
23478,0,12
23479,0,12
23480,0,12
23481,0,12
23482,0,15
23483,0,12
23484,0,12
23485,0,12
23486,0,12
23487,0,15
23488,0,12
23489,1,53
23490,0,12
23491,0,15
23492,0,12
23493,0,12
23494,0,12
23495,0,12
23496,0,12
23497,0,12
23498,0,12
23499,0,12
23500,0,15
23501,0,12
23502,0,15
23503,0,12
23504,0,12
23505,0,15
23506,0,12
23507,0,12
23508,0,12
23509,0,12
23510,0,12
23511,0,15
23512,0,12
23513,0,15
23514,0,15
23515,0,12
23516,0,12
23517,0,12
23518,0,12
23519,0,12
23520,0,12
23521,0,12
23522,0,12
23523,1,53
23524,0,12
23525,0,12
23526,0,12
23527,0,15
23528,0,15
23529,0,15
23530,0,12
23531,0,15
23532,0,15
23533,0,15
23534,0,15
23535,0,12
23536,0,12
23537,0,15
23538,0,12
23539,0,12
23540,0,15
23541,0,12
23542,0,15
23543,0,12
23544,0,12
23545,0,12
23546,0,15
23547,0,12
23548,0,12
23549,0,12
23550,0,12
23551,0,12
23552,0,12
23553,0,12
23554,0,18
23555,0,15
23556,1,43
23557,0,12
23558,0,15
23559,0,12
23560,1,36
23561,0,12
23562,0,12
23563,0,12
23564,0,12
23565,0,12
23566,0,15
23567,0,12
23568,0,12
23569,0,12
23570,0,12
23571,0,15
23572,0,12
23573,0,12
23574,0,12
23575,0,12
23576,5,47
23577,0,12
23578,0,15
23579,0,12
23580,0,12
23581,0,15
23582,0,12
23583,0,12
23584,0,12
23585,0,12
23586,0,15
23587,0,12
23588,0,15
23589,0,12
23590,0,12
23591,0,12
23592,0,12
23593,0,12
23594,1,36
23595,0,12
23596,2,122
23597,0,15
23598,0,12
23599,0,12
23600,0,12
23601,0,12
23602,0,12
23603,1,36
23604,1,43
23605,0,15
23606,0,15
23607,0,12
23608,1,43
23609,1,36
23610,0,15
23611,0,12
23612,0,15
23613,0,12
23614,0,12
23615,0,12
23616,0,12
23617,0,12
23618,0,12
23619,1,36
23620,0,12
23621,1,36
23622,3,64
23623,0,12
23624,0,15
23625,0,15
23626,1,36
23627,1,36
23628,1,43
23629,0,12
23630,0,12
23631,1,36
23632,0,12
23633,0,12
23634,1,36
23635,0,12
23636,1,43
23637,0,12
23638,0,12
23639,2,60
23640,0,12
23641,0,15
23642,0,12
23643,0,15
23644,0,15
23645,1,36
23646,0,12
23647,1,36
23648,0,15
23649,1,36
23650,5,45
23651,1,43
23652,0,12
23653,0,15
23654,0,12
23655,0,12
23656,1,36
23657,1,36
23658,0,12
23659,0,15
23660,0,12
23661,0,15
23662,0,12
23663,0,12
23664,0,15
23665,1,36
23666,2,122
23667,0,15
23668,0,12
23669,1,37
23670,0,12
23671,0,12
23672,0,15
23673,0,12
23674,1,36
23675,0,12
23676,1,36
23677,0,15
23678,0,12
23679,1,36
23680,0,15
23681,0,12
23682,1,36
23683,1,36
23684,0,18
23685,1,36
23686,1,36
23687,0,12
23688,0,12
23689,0,12
23690,0,15
23691,0,12
23692,0,12
23693,1,43
23694,0,15
23695,0,12
23696,0,12
23697,0,12
23698,1,36
23699,1,36
23700,0,12
23701,1,36
23702,0,12
23703,0,15
23704,1,36
23705,0,15
23706,0,12
23707,0,12
23708,0,15
23709,0,12
23710,0,15
23711,2,122
23712,1,36
23713,1,36
23714,0,12
23715,0,18
23716,0,12
23717,5,47
23718,0,15
23719,0,12
23720,0,15
23721,0,15
23722,2,60
23723,0,12
23724,0,12
23725,0,15
23726,0,12
23727,0,12
23728,0,12
23729,0,12
23730,1,37
23731,0,12
23732,0,12
23733,0,12
23734,0,15
23735,2,122
23736,0,12
23737,0,12
23738,0,12
23739,0,12
23740,0,12
23741,1,36
23742,1,36
23743,0,15
23744,0,12
23745,1,43
23746,0,12
23747,0,12
23748,0,15
23749,0,15
23750,0,12
23751,1,37
23752,1,43
23753,0,15
23754,0,15
23755,5,45
23756,1,36
23757,1,36
23758,0,12
23759,1,36
23760,0,18
23761,0,12
23762,1,36
23763,2,60
23764,0,15
23765,0,12
23766,0,12
23767,0,12
23768,0,12
23769,0,12
23770,0,12
23771,0,15
23772,0,12
23773,1,36
23774,1,36
23775,1,36
23776,0,12
23777,0,15
23778,0,12
23779,0,12
23780,0,15
23781,1,36
23782,0,12
23783,0,12
23784,0,12
23785,0,12
23786,0,12
23787,0,12
23788,0,15
23789,0,15
23790,1,36
23791,0,12
23792,0,18
23793,0,12
23794,0,12
23795,0,12
23796,1,36
23797,0,12
23798,0,15
23799,2,122
23800,0,12
23801,0,12
23802,1,43
23803,0,12
23804,0,12
23805,0,12
23806,0,15
23807,0,12
23808,0,15
23809,0,12
23810,1,43
23811,0,15
23812,0,12
23813,0,15
23814,1,43
23815,0,12
23816,1,36
23817,0,12
23818,2,60
23819,1,36
23820,1,36
23821,0,12
23822,0,12
23823,0,15
23824,0,12
23825,0,12
23826,0,15
23827,0,12
23828,1,36
23829,1,37
23830,0,12
23831,1,36
23832,0,12
23833,0,12
23834,0,12
23835,0,12
23836,0,12
23837,1,36
23838,1,36
23839,0,12
23840,0,15
23841,0,12
23842,0,12
23843,0,12
23844,0,12
23845,0,12
23846,1,36
23847,1,36
23848,0,12
23849,1,43
23850,1,36
23851,0,12
23852,0,15
23853,0,12
23854,0,12
23855,0,12
23856,1,43
23857,0,15
23858,0,12
23859,1,44
23860,0,12
23861,0,12
23862,0,15
23863,0,12
23864,0,12
23865,0,15
23866,1,43
23867,0,12
23868,0,12
23869,0,12
23870,0,12
23871,0,15
23872,0,15
23873,0,15
23874,0,12
23875,0,12
23876,0,12
23877,0,15
23878,0,12
23879,0,12
23880,0,12
23881,0,15
23882,0,12
23883,0,12
23884,0,12
23885,0,12
23886,0,12
23887,0,12
23888,0,12
23889,0,12
23890,0,12
23891,0,12
23892,0,15
23893,0,12
23894,0,12
23895,0,15
23896,0,15
23897,0,15
23898,0,12
23899,0,12
23900,0,15
23901,0,12
23902,0,12
23903,0,12
23904,0,15
23905,0,12
23906,0,12
23907,0,12
23908,0,12
23909,0,12
23910,0,15
23911,0,15
23912,0,12
23913,0,15
23914,0,15
23915,0,15
23916,0,15
23917,0,12
23918,0,12
23919,0,12
23920,0,15
23921,0,15
23922,0,15
23923,0,15
23924,0,12
23925,0,15
23926,0,12
23927,0,12
23928,0,12
23929,0,15
23930,0,15
23931,0,15
23932,0,12
23933,0,12
23934,0,12
23935,0,12
23936,0,12
23937,0,12
23938,0,12
23939,0,12
23940,0,12
23941,0,15
23942,0,12
23943,0,12
23944,0,15
23945,0,12
23946,0,12
23947,0,12
23948,0,12
23949,0,12
23950,0,12
23951,0,12
23952,0,12
23953,0,15
23954,0,15
23955,0,15
23956,0,12
23957,0,15
23958,0,12
23959,0,15
23960,1,43
23961,0,15
23962,0,12
23963,0,15
23964,1,43
23965,0,12
23966,0,15
23967,0,12
23968,0,15
23969,0,12
23970,0,15
23971,0,12
23972,0,15
23973,0,12
23974,0,12
23975,0,12
23976,0,15
23977,0,12
23978,0,12
23979,0,12
23980,0,12
23981,0,12
23982,0,12
23983,0,12
23984,0,12
23985,0,12
23986,0,12
23987,0,15
23988,0,12
23989,0,12
23990,0,12
23991,0,12
23992,0,15
23993,0,15
23994,0,15
23995,0,12
23996,0,12
23997,0,12
23998,0,12
23999,0,12
24000,0,12
24001,0,12
24002,0,15
24003,0,15
24004,0,15
24005,0,15
24006,0,12
24007,0,12
24008,0,12
24009,0,15
24010,0,15
24011,0,12
24012,0,15
24013,0,12
24014,0,12
24015,0,15
24016,0,12
24017,0,15
24018,0,12
24019,0,12
24020,0,12
24021,0,12
24022,0,12
24023,0,12
24024,0,12
24025,0,15
24026,0,12
24027,0,15
24028,0,15
24029,0,12
24030,0,15
24031,0,12
24032,0,15
24033,0,12
24034,1,36
24035,0,12
24036,0,15
24037,0,15
24038,0,12
24039,1,43
24040,1,36
24041,0,12
24042,0,12
24043,0,12
24044,0,12
24045,0,15
24046,0,12
24047,0,12
24048,0,15
24049,0,12
24050,0,12
24051,0,15
24052,0,15
24053,0,15
24054,0,12
24055,0,12
24056,0,15
24057,0,12
24058,0,12
24059,0,15
24060,0,12
24061,0,12
24062,1,53
24063,0,12
24064,0,12
24065,0,12
24066,0,12
24067,0,15
24068,0,12
24069,0,12
24070,0,15
24071,0,12
24072,0,15
24073,0,15
24074,0,12
24075,0,12
24076,0,15
24077,0,12
24078,0,12
24079,0,15
24080,0,15
24081,0,12
24082,0,12
24083,0,12
24084,0,15
24085,0,15
24086,0,15
24087,0,15
24088,0,12
24089,0,12
24090,0,12
24091,0,15
24092,0,12
24093,0,15
24094,0,12
24095,0,12
24096,0,12
24097,0,12
24098,0,15
24099,0,12
24100,0,12
24101,0,12
24102,0,12
24103,0,15
24104,0,12
24105,1,53
24106,0,12
24107,0,12
24108,0,12
24109,0,12
24110,0,12
24111,0,15
24112,0,12
24113,0,15
24114,0,12
24115,0,12
24116,0,12
24117,0,15
24118,0,15
24119,0,12
24120,0,12
24121,0,12
24122,0,12
24123,0,12
24124,0,12
24125,0,12
24126,0,15
24127,0,15
24128,0,15
24129,0,12
24130,0,15
24131,0,12
24132,0,12
24133,0,12
24134,0,12
24135,0,12
24136,0,12
24137,0,12
24138,0,12
24139,0,12
24140,0,15
24141,0,15
24142,0,12
24143,1,43
24144,0,12
24145,0,12
24146,0,12
24147,0,12
24148,0,12
24149,0,15
24150,0,12
24151,0,12
24152,0,12
24153,0,12
24154,0,12
24155,3,64
24156,0,12
24157,0,12
24158,0,12
24159,0,12
24160,0,12
24161,0,12
24162,0,12
24163,0,12
24164,0,12
24165,0,12
24166,1,36
24167,0,12
24168,0,15
24169,1,43
24170,0,15
24171,0,12
24172,0,15
24173,0,15
24174,0,12
24175,0,15
24176,0,12
24177,0,15
24178,0,12
24179,0,15
24180,0,12
24181,0,12
24182,0,12
24183,0,15
24184,0,15
24185,0,15
24186,0,12
24187,0,15
24188,0,12
24189,0,15
24190,0,15
24191,1,43
24192,0,15
24193,0,18
24194,0,15
24195,0,12
24196,0,12
24197,0,12
24198,0,15
24199,0,15
24200,0,15
24201,0,15
24202,0,12
24203,1,44
24204,0,12
24205,1,43
24206,0,12
24207,0,12
24208,1,36
24209,0,12
24210,0,12
24211,0,15
24212,0,12
24213,0,12
24214,1,36
24215,0,12
24216,0,15
24217,0,15
24218,1,36
24219,0,15
24220,1,36
24221,2,71
24222,0,12
24223,0,18
24224,0,12
24225,0,12
24226,0,15
24227,0,18
24228,1,36
24229,0,12
24230,0,15
24231,0,12
24232,0,12
24233,0,12
24234,0,15
24235,0,15
24236,0,12
24237,0,15
24238,0,15
24239,0,15
24240,1,36
24241,0,15
24242,0,12
24243,0,12
24244,1,36
24245,0,12
24246,0,18
24247,1,36
24248,0,15
24249,0,15
24250,0,12
24251,1,36
24252,0,12
24253,0,15
24254,0,12
24255,1,37
24256,1,36
24257,0,12
24258,0,12
24259,0,15
24260,0,15
24261,0,15
24262,0,12
24263,1,36
24264,0,12
24265,0,12
24266,0,15
24267,0,15
24268,0,15
24269,0,15
24270,1,37
24271,0,15
24272,0,12
24273,0,12
24274,0,15
24275,1,36
24276,0,18
24277,0,12
24278,0,12
24279,1,36
24280,0,12
24281,0,15
24282,0,12
24283,0,15
24284,1,36
24285,0,12
24286,0,18
24287,0,12
24288,0,12
24289,1,36
24290,0,12
24291,1,36
24292,0,12
24293,0,15
24294,0,12
24295,0,12
24296,1,43
24297,1,43
24298,0,12
24299,0,15
24300,0,15
24301,0,12
24302,0,12
24303,0,12
24304,0,12
24305,1,43
24306,0,12
24307,1,43
24308,0,12
24309,0,12
24310,0,15
24311,0,15
24312,0,15
24313,0,15
24314,0,12
24315,2,122
24316,1,36
24317,0,12
24318,0,12
24319,0,15
24320,0,12
24321,0,15
24322,0,12
24323,1,43
24324,0,12
24325,0,15
24326,0,12
24327,0,12
24328,1,43
24329,0,15
24330,0,12
24331,0,12
24332,0,15
24333,0,12
24334,0,15
24335,1,36
24336,0,12
24337,0,12
24338,5,47
24339,0,12
24340,0,15
24341,0,12
24342,0,12
24343,0,15
24344,0,15
24345,0,15
24346,1,36
24347,0,12
24348,0,12
24349,1,53
24350,0,12
24351,0,12
24352,0,15
24353,0,15
24354,0,12
24355,0,12
24356,0,12
24357,1,43
24358,1,43
24359,0,12
24360,0,12
24361,0,15
24362,0,12
24363,0,12
24364,0,12
24365,1,43
24366,0,15
24367,0,12
24368,0,12
24369,0,12
24370,0,12
24371,0,15
24372,0,12
24373,0,12
24374,0,12
24375,1,36
24376,0,12
24377,0,12
24378,1,43
24379,1,36
24380,0,12
24381,0,15
24382,1,43
24383,3,58
24384,0,15
24385,1,43
24386,0,15
24387,1,36
24388,1,43
24389,0,12
24390,0,12
24391,0,12
24392,0,12
24393,1,43
24394,0,15
24395,0,15
24396,0,12
24397,0,12
24398,0,12
24399,0,15
24400,1,43
24401,0,12
24402,0,15
24403,0,15
24404,1,44
24405,0,12
24406,0,18
24407,0,12
24408,0,12
24409,0,12
24410,0,12
24411,0,12
24412,0,12
24413,0,12
24414,0,15
24415,3,64
24416,0,12
24417,0,15
24418,1,43
24419,0,15
24420,0,12
24421,1,36
24422,0,15
24423,1,36
24424,0,12
24425,0,12
24426,1,43
24427,0,15
24428,1,43
24429,0,12
24430,0,12
24431,0,15
24432,0,15
24433,0,12
24434,1,43
24435,1,36
24436,0,12
24437,0,15
24438,0,15
24439,0,12
24440,1,36
24441,0,12
24442,0,15
24443,0,12
24444,0,12
24445,0,15
24446,0,12
24447,0,15
24448,0,12
24449,0,15
24450,0,15
24451,0,12
24452,1,37
24453,0,12
24454,0,12
24455,0,12
24456,0,15
24457,0,12
24458,0,12
24459,0,15
24460,0,12
24461,0,12
24462,1,36
24463,2,60
24464,0,15
24465,0,12
24466,0,15
24467,0,15
24468,1,43
24469,0,12
24470,0,12
24471,0,12
24472,1,43
24473,0,15
24474,0,12
24475,0,12
24476,1,36
24477,0,12
24478,0,12
24479,1,36
24480,1,36
24481,0,15
24482,0,12
24483,0,15
24484,1,36
24485,0,12
24486,0,12
24487,0,12
24488,0,15
24489,0,12
24490,1,36
24491,0,15
24492,1,43
24493,0,12
24494,1,36
24495,1,43
24496,0,12
24497,0,12
24498,1,36
24499,2,71
24500,0,12
24501,1,36
24502,0,12
24503,2,60
24504,0,12
24505,0,15
24506,0,12
24507,1,36
24508,1,36
24509,1,36
24510,5,45
24511,0,12
24512,1,43
24513,0,15
24514,0,15
24515,0,15
24516,0,15
24517,1,36
24518,1,37
24519,1,36
24520,0,15
24521,0,15
24522,5,45
24523,1,36
24524,0,15
24525,0,12
24526,0,15
24527,0,12
24528,0,15
24529,1,43
24530,0,15
24531,0,12
24532,0,15
24533,1,36
24534,1,36
24535,0,15
24536,0,12
24537,0,12
24538,1,36
24539,0,15
24540,0,12
24541,0,12
24542,1,36
24543,0,15
24544,0,12
24545,0,15
24546,1,37
24547,0,12
24548,1,36
24549,1,36
24550,1,36
24551,0,12
24552,1,36
24553,0,15
24554,0,12
24555,0,18
24556,1,36
24557,0,15
24558,1,36
24559,0,12
24560,0,12
24561,1,36
24562,0,12
24563,1,37
24564,0,12
24565,0,15
24566,0,15
24567,0,12
24568,1,36
24569,0,15
24570,0,12
24571,0,15
24572,0,12
24573,0,12
24574,0,12
24575,0,12
24576,1,36
24577,0,12
24578,0,12
24579,1,36
24580,0,15
24581,0,12
24582,0,15
24583,0,15
24584,0,12
24585,0,12
24586,1,36
24587,0,15
24588,0,12
24589,5,45
24590,0,12
24591,0,12
24592,0,15
24593,1,36
24594,1,36
24595,1,36
24596,0,15
24597,2,60
24598,0,15
24599,0,12
24600,0,12
24601,0,12
24602,0,15
24603,0,15
24604,0,12
24605,0,12
24606,0,12
24607,0,15
24608,1,36
24609,0,12
24610,0,12
24611,5,45
24612,0,15
24613,0,18
24614,0,12
24615,2,61
24616,5,45
24617,0,15
24618,1,36
24619,0,15
24620,0,15
24621,0,12
24622,0,15
24623,0,12
24624,1,36
24625,0,15
24626,0,12
24627,0,12
24628,0,12
24629,0,12
24630,0,12
24631,0,12
24632,0,15
24633,0,12
24634,2,60
24635,0,12
24636,1,36
24637,0,15
24638,1,36
24639,0,15
24640,0,12
24641,1,36
24642,29,257
24643,1,36
24644,1,36
24645,1,36
24646,0,12
24647,0,12
24648,0,12
24649,1,36
24650,1,36
24651,1,36
24652,0,12
24653,1,36
24654,0,15
24655,0,15
24656,1,36
24657,0,15
24658,0,12
24659,0,12
24660,1,36
24661,1,36
24662,0,15
24663,0,15
24664,0,12
24665,0,12
24666,0,12
24667,0,15
24668,1,36
24669,0,12
24670,0,15
24671,4,64
24672,0,15
24673,1,36
24674,0,15
24675,0,15
24676,0,12
24677,5,45
24678,0,15
24679,0,12
24680,0,12
24681,0,12
24682,1,36
24683,0,15
24684,0,12
24685,1,36
24686,0,18
24687,0,15
24688,0,12
24689,0,15
24690,1,36
24691,0,12
24692,0,15
24693,0,12
24694,0,12
24695,0,15
24696,0,15
24697,0,15
24698,0,15
24699,0,15
24700,1,37
24701,0,15
24702,0,12
24703,0,12
24704,0,15
24705,1,36
24706,0,12
24707,1,36
24708,0,15
24709,0,15
24710,0,12
24711,1,36
24712,0,15
24713,1,36
24714,1,36
24715,0,12
24716,1,36
24717,0,15
24718,0,15
24719,5,45
24720,0,12
24721,0,12
24722,0,15
24723,0,15
24724,0,12
24725,0,18
24726,0,12
24727,0,15
24728,1,36
24729,0,12
24730,0,12
24731,0,12
24732,0,12
24733,0,12
24734,0,12
24735,0,12
24736,0,15
24737,0,12
24738,0,12
24739,0,12
24740,0,12
24741,0,15
24742,0,12
24743,1,36
24744,0,12
24745,0,15
24746,0,12
24747,0,12
24748,0,15
24749,0,12
24750,1,36
24751,0,12
24752,0,12
24753,0,12
24754,0,15
24755,1,36
24756,0,15
24757,0,12
24758,0,15
24759,0,12
24760,0,12
24761,1,37
24762,0,15
24763,0,18
24764,1,37
24765,0,12
24766,0,12
24767,0,15
24768,0,15
24769,0,12
24770,0,12
24771,0,12
24772,1,37
24773,0,12
24774,1,36
24775,0,15
24776,0,15
24777,0,15
24778,0,12
24779,1,36
24780,0,12
24781,0,12
24782,1,43
24783,0,12
24784,0,12
24785,0,12
24786,0,12
24787,0,12
24788,0,15
24789,0,12
24790,1,36
24791,1,43
24792,1,36
24793,0,12
24794,0,12
24795,1,36
24796,0,12
24797,0,12
24798,0,15
24799,1,36
24800,0,15
24801,0,12
24802,0,12
24803,0,15
24804,0,12
24805,0,12
24806,0,12
24807,1,36
24808,0,15
24809,0,15
24810,0,15
24811,0,15
24812,1,36
24813,5,45
24814,1,36
24815,1,36
24816,4,64
24817,0,15
24818,0,15
24819,0,15
24820,1,36
24821,0,12
24822,0,12
24823,0,12
24824,0,12
24825,1,43
24826,5,91
24827,0,12
24828,0,15
24829,2,60
24830,0,12
24831,0,12
24832,0,12
24833,0,15
24834,2,60
24835,0,12
24836,1,36
24837,1,36
24838,1,36
24839,0,12
24840,1,36
24841,0,15
24842,0,15
24843,0,12
24844,0,12
24845,0,15
24846,0,15
24847,0,15
24848,0,15
24849,1,36
24850,1,43
24851,1,37
24852,1,36
24853,0,12
24854,1,36
24855,0,15
24856,0,15
24857,0,12
24858,1,36
24859,0,15
24860,0,15
24861,0,12
24862,1,43
24863,0,12
24864,0,15
24865,0,12
24866,0,15
24867,0,15
24868,1,36
24869,0,12
24870,0,12
24871,0,12
24872,1,36
24873,1,36
24874,5,45
24875,0,12
24876,1,36
24877,1,36
24878,0,12
24879,1,36
24880,0,12
24881,0,12
24882,1,36
24883,0,12
24884,1,36
24885,0,15
24886,0,15
24887,0,12
24888,0,12
24889,1,36
24890,1,36
24891,1,36
24892,0,12
24893,1,36
24894,0,15
24895,0,12
24896,0,15
24897,0,15
24898,0,15
24899,0,15
24900,0,15
24901,0,12
24902,0,15
24903,0,15
24904,0,12
24905,2,63
24906,0,12
24907,0,12
24908,0,15
24909,0,15
24910,0,15
24911,0,12
24912,1,36
24913,0,12
24914,0,18
24915,0,15
24916,1,36
24917,0,15
24918,0,12
24919,0,12
24920,0,12
24921,1,36
24922,0,12
24923,0,12
24924,0,12
24925,1,36
24926,0,15
24927,0,15
24928,0,15
24929,0,15
24930,1,36
24931,0,15
24932,0,12
24933,0,15
24934,1,36
24935,1,36
24936,2,60
24937,0,12
24938,5,151
24939,0,15
24940,0,15
24941,0,12
24942,0,15
24943,1,36
24944,1,36
24945,0,12
24946,1,36
24947,0,12
24948,0,15
24949,1,36
24950,1,36
24951,0,15
24952,0,15
24953,0,15
24954,0,12
24955,0,12
24956,0,12
24957,1,36
24958,0,15
24959,0,15
24960,2,63
24961,1,36
24962,0,12
24963,0,15
24964,0,12
24965,0,15
24966,0,15
24967,0,15
24968,1,36
24969,0,12
24970,0,15
24971,0,15
24972,0,12
24973,0,15
24974,0,12
24975,0,12
24976,0,12
24977,0,15
24978,1,36
24979,0,15
24980,1,37
24981,0,12
24982,1,36
24983,5,45
24984,0,12
24985,1,36
24986,0,15
24987,4,65
24988,1,37
24989,0,12
24990,0,12
24991,0,12
24992,0,15
24993,0,12
24994,0,15
24995,0,15
24996,1,36
24997,0,12
24998,0,15
24999,0,15
25000,0,12
25001,0,12
25002,0,12
25003,0,12
25004,0,12
25005,0,12
25006,0,15
25007,0,12
25008,0,12
25009,1,36
25010,0,12
25011,0,15
25012,2,60
25013,0,12
25014,1,37
25015,0,15
25016,1,36
25017,1,36
25018,1,36
25019,0,15
25020,1,37
25021,1,36
25022,1,36
25023,1,36
25024,0,12
25025,1,36
25026,0,15
25027,1,43
25028,1,36
25029,0,12
25030,0,18
25031,0,15
25032,0,15
25033,1,36
25034,0,15
25035,0,12
25036,0,12
25037,1,36
25038,1,36
25039,0,15
25040,1,36
25041,0,12
25042,0,12
25043,0,15
25044,1,43
25045,1,36
25046,0,12
25047,0,15
25048,0,15
25049,1,36
25050,0,15
25051,0,15
25052,0,15
25053,0,15
25054,0,15
25055,0,12
25056,0,12
25057,0,12
25058,0,12
25059,0,12
25060,0,15
25061,0,15
25062,0,12
25063,0,12
25064,1,36
25065,0,12
25066,5,45
25067,0,15
25068,0,12
25069,0,12
25070,0,12
25071,0,15
25072,0,15
25073,0,12
25074,0,15
25075,0,12
25076,0,12
25077,0,12
25078,0,15
25079,0,15
25080,1,36
25081,0,12
25082,0,12
25083,0,15
25084,0,12
25085,0,12
25086,1,37
25087,0,15
25088,0,15
25089,1,36
25090,0,12
25091,0,12
25092,1,36
25093,0,12
25094,1,36
25095,0,12
25096,3,84
25097,0,15
25098,0,15
25099,2,60
25100,0,15
25101,1,36
25102,0,15
25103,0,12
25104,0,12
25105,0,12
25106,1,36
25107,1,36
25108,1,36
25109,0,12
25110,1,36
25111,0,15
25112,0,15
25113,0,15
25114,1,36
25115,0,12
25116,0,15
25117,0,15
25118,5,45
25119,0,12
25120,0,15
25121,1,36
25122,1,36
25123,1,36
25124,0,15
25125,0,12
25126,0,12
25127,1,36
25128,0,12
25129,1,36
25130,1,36
25131,2,63
25132,2,63
25133,1,36
25134,0,12
25135,0,15
25136,3,87
25137,0,15
25138,1,36
25139,0,12
25140,0,15
25141,1,36
25142,1,36
25143,0,12
25144,0,12
25145,2,60
25146,2,60
25147,1,45
25148,0,15
25149,1,36
25150,2,61
25151,1,37
25152,1,36
25153,1,36
25154,0,15
25155,0,12
25156,0,15
25157,0,12
25158,2,63
25159,1,36
25160,0,12
25161,0,18
25162,1,36
25163,1,36
25164,0,15
25165,2,61
25166,0,12
25167,1,40
25168,0,12
25169,0,12
25170,0,12
25171,0,12
25172,0,18
25173,1,36
25174,0,12
25175,0,12
25176,0,12
25177,1,43
25178,0,15
25179,0,15
25180,0,12
25181,0,15
25182,0,12
25183,1,36
25184,0,15
25185,1,37
25186,0,15
25187,2,60
25188,0,12
25189,1,36
25190,0,15
25191,0,12
25192,0,12
25193,0,12
25194,1,36
25195,0,15
25196,0,12
25197,0,15
25198,0,12
25199,1,36
25200,0,15
25201,1,36
25202,0,15
25203,0,15
25204,0,12
25205,1,36
25206,1,36
25207,1,36
25208,0,15
25209,0,15
25210,1,36
25211,0,15
25212,4,66
25213,1,36
25214,0,15
25215,0,12
25216,1,36
25217,0,15
25218,0,12
25219,1,36
25220,0,15
25221,1,36
25222,0,12
25223,0,15
25224,0,12
25225,0,12
25226,0,12
25227,0,12
25228,0,15
25229,0,12
25230,0,15
25231,0,12
25232,0,15
25233,2,61
25234,0,15
25235,0,12
25236,0,12
25237,0,12
25238,1,43
25239,1,36
25240,0,12
25241,1,36
25242,1,36
25243,0,12
25244,1,36
25245,1,36
25246,0,12
25247,0,12
25248,0,12
25249,0,12
25250,1,36
25251,0,15
25252,1,36
25253,0,12
25254,1,36
25255,0,15
25256,0,12
25257,0,12
25258,1,36
25259,0,12
25260,0,12
25261,1,36
25262,1,36
25263,1,36
25264,0,12
25265,0,12
25266,1,36
25267,1,36
25268,0,12
25269,0,15
25270,1,36
25271,1,36
25272,0,15
25273,0,12
25274,1,37
25275,0,15
25276,1,36
25277,1,36
25278,0,12
25279,1,36
25280,0,18
25281,0,15
25282,1,43
25283,0,15
25284,0,15
25285,0,12
25286,0,12
25287,1,36
25288,0,12
25289,0,15
25290,0,12
25291,0,12
25292,0,12
25293,0,12
25294,1,36
25295,0,12
25296,0,15
25297,0,12
25298,0,12
25299,0,12
25300,0,15
25301,0,15
25302,0,12
25303,0,12
25304,1,36
25305,1,36
25306,0,15
25307,0,12
25308,2,122
25309,0,12
25310,0,15
25311,0,12
25312,0,12
25313,0,12
25314,1,36
25315,0,12
25316,1,36
25317,0,15
25318,0,15
25319,1,36
25320,1,36
25321,1,36
25322,2,60
25323,0,15
25324,0,12
25325,1,36
25326,4,64
25327,0,12
25328,1,37
25329,0,12
25330,0,15
25331,0,12
25332,0,12
25333,0,12
25334,1,36
25335,5,45
25336,0,12
25337,1,37
25338,1,36
25339,2,60
25340,0,12
25341,1,36
25342,0,12
25343,0,12
25344,5,45
25345,6,69
25346,0,15
25347,1,36
25348,1,36
25349,1,36
25350,1,36
25351,0,15
25352,0,15
25353,1,36
25354,0,12
25355,0,15
25356,1,36
25357,0,15
25358,0,15
25359,0,12
25360,0,12
25361,0,15
25362,0,12
25363,1,36
25364,0,15
25365,1,36
25366,2,71
25367,0,15
25368,0,12
25369,0,15
25370,2,60
25371,1,36
25372,2,60
25373,1,36
25374,1,36
25375,0,12
25376,0,15
25377,0,12
25378,0,12
25379,1,36
25380,0,12
25381,0,12
25382,0,12
25383,0,15
25384,0,15
25385,0,12
25386,1,43
25387,2,60
25388,0,12
25389,0,15
25390,0,12
25391,0,15
25392,0,12
25393,0,12
25394,2,60
25395,1,36
25396,0,15
25397,1,36
25398,0,12
25399,0,12
25400,1,36
25401,0,15
25402,0,15
25403,0,12
25404,0,12
25405,0,12
25406,0,12
25407,1,36
25408,0,12
25409,0,12
25410,0,12
25411,0,12
25412,0,15
25413,0,12
25414,0,15
25415,0,15
25416,1,36
25417,0,12
25418,0,12
25419,1,36
25420,0,12
25421,0,12
25422,0,12
25423,0,12
25424,0,12
25425,0,12
25426,0,12
25427,0,15
25428,0,12
25429,0,12
25430,1,36
25431,0,12
25432,0,12
25433,0,12
25434,1,37
25435,0,12
25436,0,15
25437,0,12
25438,0,12
25439,1,43
25440,2,60
25441,1,36
25442,1,43
25443,0,12
25444,0,15
25445,1,43
25446,0,15
25447,2,60
25448,0,12
25449,0,12
25450,0,15
25451,1,45
25452,0,12
25453,1,36
25454,0,15
25455,0,15
25456,1,36
25457,1,36
25458,10,175
25459,7,102
25460,0,15
25461,0,15
25462,5,45
25463,0,12
25464,0,12
25465,0,18
25466,0,12
25467,0,12
25468,0,12
25469,0,12
25470,0,15
25471,0,12
25472,0,12
25473,0,12
25474,0,12
25475,0,12
25476,1,36
25477,0,12
25478,0,12
25479,0,12
25480,1,43
25481,1,36
25482,0,12
25483,1,40
25484,1,36
25485,1,36
25486,1,36
25487,0,12
25488,1,43
25489,0,12
25490,0,12
25491,1,36
25492,0,12
25493,0,15
25494,1,43
25495,1,36
25496,0,12
25497,0,15
25498,0,15
25499,2,60
25500,0,15
25501,1,36
25502,1,37
25503,1,44
25504,2,60
25505,2,61
25506,1,36
25507,0,12
25508,1,36
25509,0,12
25510,1,36
25511,0,12
25512,0,15
25513,0,15
25514,1,36
25515,0,12
25516,1,36
25517,0,12
25518,1,36
25519,1,36
25520,0,15
25521,4,109
25522,0,15
25523,2,60
25524,1,36
25525,0,15
25526,0,15
25527,0,15
25528,0,15
25529,0,12
25530,1,36
25531,0,12
25532,1,36
25533,1,36
25534,0,12
25535,1,36
25536,0,15
25537,0,15
25538,0,12
25539,0,15
25540,1,40
25541,1,36
25542,0,12
25543,2,60
25544,17,166
25545,1,36
25546,1,43
25547,1,36
25548,0,15
25549,0,12
25550,1,36
25551,0,15
25552,0,12
25553,0,12
25554,0,12
25555,0,15
25556,2,60
25557,0,12
25558,1,36
25559,0,15
25560,2,60
25561,1,36
25562,2,75
25563,0,12
25564,0,15
25565,0,15
25566,0,15
25567,1,36
25568,0,12
25569,2,60
25570,0,12
25571,0,12
25572,0,15
25573,2,61
25574,0,15
25575,0,12
25576,1,36
25577,0,15
25578,0,15
25579,1,37
25580,0,15
25581,1,36
25582,2,61
25583,0,15
25584,0,15
25585,1,36
25586,15,120
25587,1,36
25588,0,12
25589,1,36
25590,1,36
25591,0,12
25592,0,12
25593,4,111
25594,0,12
25595,1,36
25596,2,71
25597,1,43
25598,0,15
25599,0,15
25600,0,15
25601,0,15
25602,0,15
25603,1,36
25604,0,12
25605,0,12
25606,3,100
25607,3,87
25608,0,12
25609,0,12
25610,3,100
25611,0,15
25612,0,12
25613,0,18
25614,0,15
25615,2,122
25616,5,47
25617,0,12
25618,0,12
25619,1,37
25620,0,12
25621,1,36
25622,1,43
25623,1,36
25624,1,36
25625,0,12
25626,1,43
25627,0,12
25628,1,36
25629,0,12
25630,1,36
25631,0,15
25632,1,36
25633,0,12
25634,0,15
25635,0,12
25636,0,12
25637,0,12
25638,0,12
25639,0,12
25640,1,36
25641,0,12
25642,1,36
25643,0,12
25644,1,36
25645,2,72
25646,0,12
25647,1,36
25648,0,12
25649,1,36
25650,1,43
25651,1,36
25652,0,12
25653,3,103
25654,2,102
25655,0,15
25656,2,71
25657,0,12
25658,0,12
25659,1,36
25660,10,96
25661,0,12
25662,1,36
25663,1,36
25664,2,60
25665,0,15
25666,0,15
25667,1,36
25668,0,12
25669,2,60
25670,0,12
25671,5,45
25672,1,36
25673,4,66
25674,1,36
25675,0,12
25676,0,12
25677,0,12
25678,0,15
25679,0,15
25680,1,37
25681,0,12
25682,0,12
25683,0,12
25684,1,36
25685,2,72
25686,2,60
25687,0,18
25688,0,15
25689,0,15
25690,1,43
25691,0,15
25692,0,15
25693,20,128
25694,1,36
25695,2,60
25696,1,36
25697,0,15
25698,1,36
25699,0,15
25700,0,15
25701,6,178
25702,0,15
25703,0,12
25704,1,36
25705,0,12
25706,1,36
25707,1,36
25708,0,15
25709,0,12
25710,0,12
25711,0,15
25712,0,12
25713,0,15
25714,1,36
25715,0,12
25716,1,36
25717,0,15
25718,0,15
25719,2,72
25720,0,15
25721,1,36
25722,0,15
25723,1,36
25724,1,36
25725,0,12
25726,1,36
25727,0,12
25728,1,36
25729,1,36
25730,1,43
25731,0,12
25732,1,36
25733,0,12
25734,0,12
25735,0,15
25736,2,61
25737,0,12
25738,0,12
25739,0,12
25740,1,36
25741,0,12
25742,1,36
25743,1,36
25744,0,12
25745,0,12
25746,2,60
25747,1,36
25748,0,15
25749,0,12
25750,1,43
25751,1,36
25752,1,43
25753,0,12
25754,0,12
25755,2,60
25756,0,12
25757,0,12
25758,1,36
25759,1,36
25760,2,60
25761,0,12
25762,1,36
25763,0,12
25764,2,60
25765,0,15
25766,3,103
25767,1,36
25768,0,15
25769,0,12
25770,1,36
25771,1,36
25772,2,60
25773,0,12
25774,1,36
25775,0,12
25776,2,61
25777,6,188
25778,1,36
25779,1,36
25780,0,15
25781,1,37
25782,0,15
25783,0,12
25784,0,15
25785,0,12
25786,1,36
25787,0,15
25788,0,12
25789,1,36
25790,0,15
25791,0,12
25792,0,15
25793,0,12
25794,0,12
25795,0,15
25796,0,15
25797,1,36
25798,0,12
25799,0,15
25800,1,43
25801,0,12
25802,1,43
25803,1,36
25804,0,12
25805,0,12
25806,0,12
25807,0,15
25808,1,36
25809,0,15
25810,0,12
25811,1,36
25812,0,12
25813,1,36
25814,0,12
25815,0,15
25816,0,12
25817,1,36
25818,0,12
25819,2,60
25820,0,12
25821,0,15
25822,1,36
25823,1,43
25824,1,36
25825,9,97
25826,1,43
25827,0,15
25828,0,15
25829,1,43
25830,1,40
25831,2,71
25832,2,75
25833,2,60
25834,1,36
25835,1,37
25836,0,15
25837,0,12
25838,1,36
25839,1,36
25840,2,60
25841,1,36
25842,0,12
25843,0,12
25844,0,15
25845,0,12
25846,1,36
25847,1,36
25848,1,36
25849,0,12
25850,1,53
25851,0,15
25852,0,12
25853,0,12
25854,1,36
25855,0,12
25856,1,36
25857,1,36
25858,1,36
25859,0,15
25860,0,12
25861,0,15
25862,0,15
25863,0,15
25864,0,12
25865,0,12
25866,1,36
25867,5,45
25868,0,12
25869,0,12
25870,0,12
25871,0,12
25872,0,18
25873,1,37
25874,0,18
25875,2,60
25876,0,15
25877,0,15
25878,0,12
25879,0,12
25880,1,36
25881,0,12
25882,0,15
25883,1,36
25884,0,15
25885,0,15
25886,1,43
25887,0,12
25888,1,36
25889,0,15
25890,1,36
25891,0,12
25892,4,76
25893,1,43
25894,1,36
25895,2,71
25896,1,43
25897,0,12
25898,1,36
25899,5,45
25900,0,15
25901,0,15
25902,1,36
25903,2,60
25904,0,12
25905,0,12
25906,0,12
25907,0,12
25908,3,103
25909,0,15
25910,3,100
25911,1,43
25912,2,60
25913,0,15
25914,0,12
25915,1,43
25916,0,12
25917,0,12
25918,0,12
25919,0,12
25920,0,12
25921,4,78
25922,0,15
25923,1,43
25924,3,84
25925,1,36
25926,1,36
25927,0,12
25928,0,15
25929,0,15
25930,1,36
25931,2,60
25932,1,36
25933,0,12
25934,2,60
25935,1,37
25936,1,36
25937,13,348
25938,2,60
25939,0,15
25940,1,36
25941,1,36
25942,1,36
25943,0,15
25944,2,61
25945,0,15
25946,1,36
25947,0,12
25948,1,36
25949,0,15
25950,0,12
25951,1,43
25952,5,45
25953,0,12
25954,1,43
25955,0,15
25956,0,18
25957,0,12
25958,1,43
25959,1,43
25960,1,36
25961,2,60
25962,12,85
25963,0,12
25964,1,37
25965,4,67
25966,1,37
25967,2,63
25968,0,12
25969,1,45
25970,1,43
25971,1,40
25972,1,36
25973,0,12
25974,1,36
25975,0,15
25976,1,36
25977,2,60
25978,2,60
25979,2,60
25980,1,36
25981,1,36
25982,0,12
25983,0,15
25984,3,87
25985,0,12
25986,0,15
25987,0,12
25988,5,93
25989,1,43
25990,1,40
25991,2,61
25992,0,12
25993,0,12
25994,0,15
25995,0,12
25996,0,12
25997,2,60
25998,0,12
25999,4,77
26000,0,12
26001,1,36
26002,0,15
26003,5,88
26004,1,36
26005,0,12
26006,0,15
26007,1,36
26008,0,15
26009,0,12
26010,0,15
26011,1,43
26012,4,65
26013,3,84
26014,1,36
26015,0,15
26016,0,15
26017,1,36
26018,0,15
26019,0,15
26020,1,43
26021,0,12
26022,2,60
26023,1,43
26024,0,12
26025,0,15
26026,1,36
26027,0,15
26028,4,65
26029,0,12
26030,1,36
26031,0,15
26032,0,12
26033,0,12
26034,1,36
26035,2,60
26036,0,15
26037,1,36
26038,0,12
26039,5,45
26040,0,15
26041,2,60
26042,1,36
26043,0,12
26044,1,36
26045,0,12
26046,0,12
26047,0,12
26048,0,12
26049,2,60
26050,5,45
26051,0,15
26052,0,15
26053,0,15
26054,0,15
26055,0,12
26056,1,36
26057,1,43
26058,0,12
26059,1,36
26060,1,36
26061,0,12
26062,0,12
26063,2,60
26064,1,45
26065,0,12
26066,4,67
26067,0,12
26068,12,408
26069,0,12
26070,1,36
26071,1,36
26072,1,36
26073,1,43
26074,1,36
26075,1,36
26076,0,12
26077,2,71
26078,1,36
26079,0,12
26080,1,36
26081,0,15
26082,0,15
26083,1,36
26084,1,36
26085,1,36
26086,1,36
26087,1,36
26088,1,36
26089,2,60
26090,0,15
26091,1,36
26092,1,43
26093,2,60
26094,1,43
26095,0,12
26096,1,43
26097,1,37
26098,0,18
26099,0,12
26100,1,36
26101,2,60
26102,1,36
26103,0,12
26104,0,12
26105,0,12
26106,1,36
26107,1,36
26108,1,36
26109,0,15
26110,1,36
26111,0,15
26112,1,37
26113,0,12
26114,1,43
26115,0,12
26116,1,43
26117,5,45
26118,0,15
26119,1,43
26120,1,43
26121,1,36
26122,0,15
26123,1,36
26124,0,12
26125,1,93
26126,2,122
26127,0,15
26128,1,43
26129,0,12
26130,1,36
26131,1,36
26132,0,15
26133,0,12
26134,1,36
26135,0,12
26136,0,12
26137,1,36
26138,0,12
26139,1,36
26140,1,36
26141,1,36
26142,0,15
26143,1,45
26144,1,36
26145,1,36
26146,2,60
26147,1,36
26148,0,15
26149,0,12
26150,1,45
26151,0,15
26152,0,15
26153,1,36
26154,0,15
26155,0,15
26156,1,36
26157,0,12
26158,0,12
26159,0,15
26160,1,43
26161,0,15
26162,0,12
26163,2,60
26164,2,60
26165,1,36
26166,2,60
26167,0,15
26168,1,36
26169,1,36
26170,0,12
26171,2,60
26172,0,12
26173,0,15
26174,0,12
26175,1,43
26176,0,12
26177,2,60
26178,6,178
26179,0,12
26180,0,15
26181,1,36
26182,2,60
26183,0,15
26184,0,15
26185,1,36
26186,2,60
26187,1,36
26188,0,12
26189,1,36
26190,0,15
26191,0,12
26192,1,43
26193,0,12
26194,0,15
26195,1,36
26196,0,12
26197,2,71
26198,1,36
26199,0,15
26200,0,15
26201,0,12
26202,1,36
26203,0,15
26204,1,36
26205,2,60
26206,1,36
26207,0,15
26208,1,36
26209,20,451
26210,2,60
26211,1,43
26212,0,12
26213,1,36
26214,1,36
26215,1,36
26216,1,37
26217,1,36
26218,1,37
26219,0,12
26220,0,12
26221,5,45
26222,2,60
26223,1,36
26224,2,60
26225,1,36
26226,1,43
26227,0,12
26228,7,722
26229,0,18
26230,3,84
26231,1,43
26232,1,37
26233,1,36
26234,5,45
26235,1,36
26236,1,36
26237,0,15
26238,0,15
26239,1,43
26240,2,61
26241,0,12
26242,0,15
26243,1,36
26244,0,12
26245,3,100
26246,1,36
26247,0,12
26248,0,15
26249,1,36
26250,2,60
26251,0,15
26252,0,15
26253,1,36
26254,1,36
26255,0,12
26256,2,60
26257,1,36
26258,1,36
26259,0,12
26260,1,43
26261,1,36
26262,1,36
26263,2,60
26264,2,61
26265,1,36
26266,0,15
26267,0,15
26268,0,12
26269,1,36
26270,0,15
26271,0,12
26272,0,12
26273,0,12
26274,1,36
26275,0,12
26276,1,36
26277,1,36
26278,0,12
26279,7,254
26280,2,60
26281,2,73
26282,1,36
26283,0,12
26284,2,122
26285,1,36
26286,0,12
26287,4,77
26288,1,36
26289,1,43
26290,7,254
26291,0,15
26292,1,36
26293,0,15
26294,0,12
26295,0,12
26296,2,60
26297,2,61
26298,5,45
26299,0,12
26300,0,12
26301,27,212
26302,0,15
26303,0,12
26304,1,37
26305,2,71
26306,1,36
26307,3,86
26308,3,84
26309,0,15
26310,4,65
26311,0,12
26312,0,12
26313,0,15
26314,0,12
26315,0,15
26316,1,36
26317,2,60
26318,1,43
26319,1,36
26320,0,15
26321,2,72
26322,0,12
26323,1,36
26324,0,12
26325,0,12
26326,0,12
26327,3,84
26328,0,15
26329,1,36
26330,0,12
26331,0,12
26332,0,15
26333,1,36
26334,1,36
26335,1,36
26336,0,12
26337,0,12
26338,0,12
26339,0,15
26340,0,12
26341,2,60
26342,0,15
26343,1,36
26344,0,15
26345,0,15
26346,2,60
26347,0,12
26348,0,15
26349,0,15
26350,0,12
26351,0,15
26352,0,15
26353,0,15
26354,1,43
26355,0,12
26356,0,12
26357,0,12
26358,0,15
26359,0,12
26360,1,43
26361,0,12
26362,0,12
26363,0,12
26364,0,12
26365,0,15
26366,0,15
26367,1,36
26368,0,15
26369,0,15
26370,0,12
26371,0,12
26372,0,12
26373,0,12
26374,0,12
26375,0,12
26376,0,15
26377,0,15
26378,0,15
26379,0,12
26380,0,12
26381,1,43
26382,0,15
26383,0,15
26384,0,15
26385,0,15
26386,0,12
26387,0,12
26388,0,18
26389,0,15
26390,0,12
26391,0,12
26392,0,15
26393,0,12
26394,0,12
26395,0,12
26396,0,12
26397,0,15
26398,0,15
26399,0,12
26400,0,15
26401,0,12
26402,1,36
26403,0,15
26404,0,15
26405,0,12
26406,0,18
26407,0,15
26408,1,36
26409,0,12
26410,0,12
26411,0,12
26412,1,36
26413,0,15
26414,5,45
26415,0,12
26416,0,12
26417,0,15
26418,1,37
26419,1,36
26420,1,43
26421,0,12
26422,0,12
26423,0,12
26424,1,36
26425,0,15
26426,0,12
26427,0,15
26428,6,78
26429,1,36
26430,0,12
26431,1,43
26432,0,12
26433,0,12
26434,1,36
26435,1,36
26436,0,15
26437,1,36
26438,0,12
26439,0,15
26440,0,12
26441,0,12
26442,1,36
26443,1,45
26444,0,15
26445,1,36
26446,0,15
26447,7,384
26448,0,12
26449,1,36
26450,0,15
26451,1,36
26452,1,36
26453,0,12
26454,1,36
26455,0,15
26456,0,15
26457,1,36
26458,1,36
26459,0,12
26460,1,36
26461,0,12
26462,1,36
26463,1,37
26464,2,60
26465,3,84
26466,0,12
26467,0,18
26468,0,15
26469,0,12
26470,0,15
26471,1,36
26472,0,12
26473,0,12
26474,0,12
26475,0,12
26476,0,12
26477,0,12
26478,1,36
26479,1,36
26480,1,36
26481,1,36
26482,0,15
26483,0,12
26484,0,12
26485,1,43
26486,0,15
26487,1,36
26488,2,60
26489,0,15
26490,1,36
26491,0,12
26492,0,12
26493,0,15
26494,1,43
26495,1,36
26496,0,15
26497,0,12
26498,1,36
26499,0,15
26500,1,43
26501,0,15
26502,0,15
26503,0,12
26504,0,15
26505,0,12
26506,0,12
26507,7,423
26508,1,36
26509,1,36
26510,1,36
26511,1,36
26512,0,15
26513,0,12
26514,0,12
26515,1,43
26516,1,43
26517,0,12
26518,2,60
26519,1,36
26520,0,15
26521,2,60
26522,2,60
26523,2,71
26524,0,12
26525,1,36
26526,2,60
26527,12,239
26528,0,15
26529,0,12
26530,6,69
26531,1,36
26532,0,12
26533,0,12
26534,1,36
26535,1,36
26536,3,100
26537,1,43
26538,0,12
26539,13,906
26540,0,15
26541,0,15
26542,1,36
26543,1,37
26544,0,12
26545,0,15
26546,1,36
26547,5,47
26548,0,12
26549,0,12
26550,1,36
26551,0,12
26552,0,12
26553,0,15
26554,3,85
26555,1,43
26556,0,12
26557,1,43
26558,2,60
26559,1,43
26560,1,43
26561,0,12
26562,1,43
26563,0,15
26564,0,15
26565,2,60
26566,2,72
26567,1,36
26568,1,43
26569,1,43
26570,1,36
26571,0,12
26572,0,15
26573,0,12
26574,0,15
26575,1,36
26576,0,15
26577,1,36
26578,0,12
26579,1,36
26580,0,15
26581,1,37
26582,1,36
26583,0,15
26584,1,36
26585,0,12
26586,2,60
26587,1,40
26588,0,12
26589,0,12
26590,5,44
26591,0,15
26592,0,12
26593,1,37
26594,0,12
26595,1,36
26596,1,36
26597,0,12
26598,7,384
26599,1,36
26600,0,12
26601,0,15
26602,0,15
26603,1,36
26604,0,12
26605,0,15
26606,5,88
26607,0,12
26608,0,12
26609,0,12
26610,0,12
26611,2,72
26612,5,88
26613,0,12
26614,0,12
26615,0,12
26616,0,12
26617,0,12
26618,1,43
26619,1,36
26620,6,120
26621,3,84
26622,0,15
26623,1,43
26624,1,36
26625,7,296
26626,2,60
26627,0,15
26628,0,15
26629,1,37
26630,1,43
26631,1,53
26632,0,12
26633,2,60
26634,1,36
26635,1,36
26636,7,930
26637,1,36
26638,1,37
26639,0,15
26640,0,12
26641,12,324
26642,0,15
26643,1,36
26644,2,60
26645,1,43
26646,5,45
26647,2,60
26648,1,43
26649,0,15
26650,1,36
26651,1,36
26652,0,12
26653,1,43
26654,0,12
26655,1,43
26656,0,15
26657,0,12
26658,1,36
26659,0,12
26660,2,60
26661,1,36
26662,0,12
26663,2,60
26664,1,36
26665,0,12
26666,2,60
26667,1,45
26668,2,63
26669,0,12
26670,0,12
26671,0,15
26672,3,84
26673,1,43
26674,0,12
26675,0,12
26676,1,36
26677,0,15
26678,0,12
26679,1,36
26680,2,60
26681,1,36
26682,0,15
26683,0,12
26684,1,43
26685,0,12
26686,0,12
26687,0,15
26688,0,12
26689,1,43
26690,2,60
26691,0,12
26692,0,12
26693,0,12
26694,3,84
26695,0,15
26696,2,122
26697,0,12
26698,2,60
26699,0,12
26700,0,12
26701,0,12
26702,2,60
26703,0,15
26704,2,60
26705,0,12
26706,0,15
26707,0,12
26708,0,12
26709,1,43
26710,0,12
26711,1,36
26712,1,43
26713,2,60
26714,0,12
26715,0,12
26716,1,36
26717,1,36
26718,1,36
26719,1,43
26720,0,15
26721,0,15
26722,0,12
26723,2,63
26724,0,12
26725,0,12
26726,0,12
26727,0,12
26728,0,12
26729,5,45
26730,0,15
26731,2,60
26732,0,15
26733,0,12
26734,0,12
26735,0,12
26736,1,36
26737,0,12
26738,1,43
26739,0,15
26740,0,18
26741,2,60
26742,1,36
26743,5,45
26744,0,12
26745,1,36
26746,0,15
26747,0,12
26748,0,12
26749,1,53
26750,0,12
26751,1,36
26752,0,12
26753,1,36
26754,2,60
26755,0,12
26756,0,15
26757,1,36
26758,5,45
26759,0,15
26760,1,36
26761,1,36
26762,7,381
26763,2,63
26764,0,12
26765,1,43
26766,0,12
26767,0,12
26768,12,85
26769,0,12
26770,0,12
26771,0,12
26772,1,36
26773,0,15
26774,1,36
26775,0,18
26776,0,12
26777,0,15
26778,0,12
26779,1,36
26780,2,60
26781,4,65
26782,0,12
26783,2,60
26784,2,60
26785,0,12
26786,0,15
26787,3,100
26788,0,15
26789,1,36
26790,1,36
26791,1,43
26792,1,36
26793,1,36
26794,0,12
26795,2,71
26796,1,36
26797,0,12
26798,1,45
26799,1,36
26800,0,15
26801,1,36
26802,7,975
26803,1,36
26804,1,36
26805,3,85
26806,1,36
26807,0,12
26808,1,36
26809,1,43
26810,0,12
26811,0,12
26812,2,71
26813,1,36
26814,1,36
26815,1,36
26816,0,15
26817,0,15
26818,1,36
26819,0,15
26820,0,12
26821,0,15
26822,0,15
26823,1,45
26824,1,43
26825,0,15
26826,1,45
26827,0,15
26828,0,15
26829,1,45
26830,1,36
26831,1,43
26832,0,12
26833,4,65
26834,0,12
26835,0,12
26836,1,43
26837,1,36
26838,1,36
26839,0,12
26840,0,15
26841,1,36
26842,0,15
26843,1,36
26844,0,12
26845,1,36
26846,0,15
26847,1,36
26848,1,43
26849,7,550
26850,0,12
26851,1,43
26852,0,12
26853,0,12
26854,0,15
26855,0,15
26856,1,36
26857,0,15
26858,1,36
26859,0,15
26860,0,15
26861,0,12
26862,0,15
26863,1,43
26864,1,36
26865,0,15
26866,1,36
26867,1,36
26868,0,15
26869,1,43
26870,0,15
26871,0,12
26872,0,12
26873,0,12
26874,0,15
26875,0,12
26876,0,12
26877,1,36
26878,0,15
26879,0,15
26880,1,36
26881,0,12
26882,1,36
26883,1,43
26884,1,43
26885,0,12
26886,1,36
26887,0,15
26888,1,36
26889,0,12
26890,1,36
26891,0,12
26892,6,78
26893,1,43
26894,5,45
26895,2,71
26896,2,60
26897,1,45
26898,0,12
26899,0,12
26900,2,60
26901,0,12
26902,1,36
26903,0,15
26904,2,60
26905,2,61
26906,2,71
26907,1,43
26908,1,36
26909,0,12
26910,1,43
26911,0,15
26912,0,15
26913,1,36
26914,0,12
26915,0,12
26916,1,36
26917,1,36
26918,0,15
26919,1,45
26920,6,78
26921,0,15
26922,1,36
26923,1,36
26924,2,60
26925,1,36
26926,0,15
26927,1,36
26928,1,43
26929,1,36
26930,1,45
26931,1,36
26932,1,36
26933,0,15
26934,1,36
26935,1,36
26936,2,72
26937,1,43
26938,0,15
26939,1,36
26940,1,43
26941,2,60
26942,3,100
26943,3,87
26944,0,12
26945,3,104
26946,1,36
26947,1,43
26948,1,36
26949,1,43
26950,1,36
26951,1,43
26952,1,43
26953,2,60
26954,0,12
26955,1,36
26956,2,60
26957,1,43
26958,6,69
26959,1,43
26960,1,36
26961,0,12
26962,1,36
26963,2,60
26964,1,36
26965,1,43
26966,2,60
26967,1,43
26968,0,15
26969,20,143
26970,1,36
26971,0,12
26972,1,43
26973,1,36
26974,1,36
26975,1,36
26976,1,36
26977,12,324
26978,0,12
26979,1,36
26980,0,12
26981,1,36
26982,1,43
26983,5,44
26984,1,36
26985,0,15
26986,0,12
26987,2,60
26988,0,15
26989,1,36
26990,0,15
26991,0,12
26992,0,12
26993,0,12
26994,0,12
26995,0,12
26996,0,15
26997,0,12
26998,0,12
26999,1,36
27000,2,73
27001,2,71
27002,5,45
27003,0,12
27004,0,15
27005,33,142
27006,1,36
27007,0,15
27008,2,75
27009,0,15
27010,1,43
27011,1,36
27012,0,15
27013,0,12
27014,0,12
27015,0,15
27016,0,12
27017,0,12
27018,0,12
27019,0,12
27020,0,12
27021,0,12
27022,0,15
27023,1,44
27024,1,36
27025,2,60
27026,0,15
27027,0,12
27028,1,36
27029,0,12
27030,0,12
27031,1,43
27032,0,12
27033,3,151
27034,0,12
27035,2,61
27036,3,101
27037,1,36
27038,0,12
27039,0,12
27040,0,18
27041,0,15
27042,1,36
27043,0,15
27044,0,12
27045,1,36
27046,1,43
27047,2,60
27048,0,15
27049,0,12
27050,2,72
27051,1,37
27052,0,12
27053,2,60
27054,0,12
27055,3,87
27056,2,60
27057,0,15
27058,0,12
27059,3,84
27060,2,60
27061,5,45
27062,1,40
27063,0,12
27064,0,12
27065,0,12
27066,0,15
27067,1,36
27068,0,12
27069,2,72
27070,1,36
27071,1,36
27072,1,45
27073,1,36
27074,1,36
27075,1,43
27076,1,36
27077,1,36
27078,2,60
27079,1,36
27080,1,43
27081,1,37
27082,0,15
27083,0,12
27084,1,36
27085,1,36
27086,1,36
27087,1,36
27088,33,142
27089,5,44
27090,0,12
27091,1,37
27092,1,37
27093,0,12
27094,0,15
27095,1,36
27096,1,36
27097,4,65
27098,7,1099
27099,1,43
27100,0,15
27101,1,36
27102,1,36
27103,0,12
27104,1,36
27105,1,43
27106,0,15
27107,1,36
27108,0,15
27109,2,60
27110,1,36
27111,1,36
27112,1,36
27113,1,36
27114,1,36
27115,0,12
27116,1,43
27117,1,36
27118,1,36
27119,0,12
27120,1,36
27121,0,12
27122,0,12
27123,1,36
27124,0,12
27125,0,12
27126,0,12
27127,1,36
27128,0,12
27129,1,43
27130,1,36
27131,1,36
27132,1,36
27133,0,15
27134,2,60
27135,0,15
27136,1,36
27137,0,12
27138,0,12
27139,1,36
27140,1,36
27141,1,36
27142,7,1226
27143,0,12
27144,0,15
27145,2,60
27146,5,45
27147,0,15
27148,2,72
27149,1,37
27150,4,118
27151,1,36
27152,1,36
27153,2,71
27154,1,36
27155,0,12
27156,1,36
27157,1,36
27158,1,43
27159,1,43
27160,1,37
27161,1,43
27162,7,550
27163,1,36
27164,1,36
27165,1,36
27166,1,36
27167,1,36
27168,0,12
27169,2,60
27170,0,15
27171,0,12
27172,1,36
27173,0,12
27174,1,36
27175,1,43
27176,0,15
27177,0,15
27178,0,15
27179,0,12
27180,0,15
27181,3,85
27182,1,43
27183,1,43
27184,1,36
27185,0,12
27186,0,15
27187,0,12
27188,0,12
27189,0,12
27190,1,43
27191,0,12
27192,1,36
27193,1,43
27194,0,12
27195,1,43
27196,1,36
27197,0,12
27198,3,87
27199,2,60
27200,3,128
27201,0,15
27202,0,12
27203,0,15
27204,0,12
27205,0,12
27206,0,12
27207,0,12
27208,0,15
27209,0,12
27210,0,12
27211,0,12
27212,0,15
27213,0,12
27214,0,15
27215,0,15
27216,0,12
27217,0,12
27218,1,36
27219,0,12
27220,1,36
27221,1,43
27222,1,43
27223,0,12
27224,1,36
27225,2,60
27226,2,60
27227,0,12
27228,0,12
27229,0,12
27230,1,36
27231,0,15
27232,1,36
27233,0,12
27234,0,15
27235,0,12
27236,3,100
27237,0,12
27238,2,60
27239,0,15
27240,0,15
27241,0,12
27242,2,60
27243,0,12
27244,5,88
27245,0,15
27246,0,12
27247,1,37
27248,0,15
27249,0,15
27250,0,12
27251,1,43
27252,0,12
27253,0,12
27254,1,36
27255,2,60
27256,0,15
27257,0,18
27258,0,15
27259,0,12
27260,0,12
27261,3,87
27262,0,12
27263,0,15
27264,0,15
27265,0,12
27266,0,15
27267,0,12
27268,0,15
27269,1,43
27270,3,84
27271,5,45
27272,3,105
27273,1,36
27274,0,12
27275,0,12
27276,0,12
27277,1,36
27278,0,15
27279,0,15
27280,0,15
27281,0,15
27282,0,15
27283,0,15
27284,0,12
27285,0,12
27286,5,45
27287,1,36
27288,5,45
27289,0,15
27290,0,15
27291,6,120
27292,0,12
27293,3,84
27294,1,36
27295,0,15
27296,1,36
27297,1,37
27298,0,12
27299,1,36
27300,0,15
27301,1,36
27302,2,60
27303,0,12
27304,0,12
27305,0,12
27306,2,61
27307,2,72
27308,0,12
27309,2,61
27310,0,15
27311,2,60
27312,1,45
27313,5,88
27314,0,12
27315,0,12
27316,1,36
27317,0,12
27318,4,78
27319,2,71
27320,0,15
27321,0,12
27322,0,12
27323,1,53
27324,0,15
27325,0,12
27326,0,12
27327,0,15
27328,0,12
27329,1,36
27330,4,65
27331,1,36
27332,0,15
27333,1,37
27334,1,36
27335,0,12
27336,1,36
27337,0,15
27338,5,45
27339,0,15
27340,1,36
27341,0,15
27342,0,15
27343,1,36
27344,1,36
27345,0,15
27346,1,37
27347,0,12
27348,1,36
27349,1,43
27350,0,12
27351,1,36
27352,0,12
27353,0,12
27354,5,45
27355,0,12
27356,1,43
27357,1,43
27358,1,36
27359,1,36
27360,0,12
27361,0,15
27362,0,15
27363,0,15
27364,0,12
27365,0,15
27366,0,12
27367,1,36
27368,0,15
27369,0,15
27370,0,12
27371,0,15
27372,0,15
27373,1,36
27374,0,15
27375,2,61
27376,0,12
27377,1,36
27378,0,15
27379,0,18
27380,0,12
27381,0,12
27382,0,12
27383,0,12
27384,0,15
27385,0,15
27386,0,15
27387,0,12
27388,0,15
27389,0,12
27390,0,12
27391,0,12
27392,0,12
27393,0,12
27394,0,15
27395,0,12
27396,0,12
27397,0,12
27398,0,12
27399,0,12
27400,1,36
27401,1,36
27402,0,15
27403,1,36
27404,0,15
27405,0,12
27406,0,15
27407,0,12
27408,0,15
27409,0,15
27410,0,15
27411,1,36
27412,0,12
27413,0,12
27414,0,12
27415,0,15
27416,0,15
27417,0,15
27418,0,15
27419,0,15
27420,0,12
27421,0,12
27422,0,12
27423,0,12
27424,0,12
27425,0,15
27426,0,12
27427,0,12
27428,1,36
27429,1,36
27430,1,36
27431,0,15
27432,6,272
27433,0,12
27434,2,60
27435,0,12
27436,2,60
27437,0,12
27438,1,43
27439,1,36
27440,0,15
27441,2,72
27442,0,15
27443,0,12
27444,1,36
27445,2,71
27446,1,36
27447,1,43
27448,0,12
27449,1,43
27450,0,12
27451,0,12
27452,1,36
27453,0,15
27454,1,37
27455,6,69
27456,1,36
27457,2,60
27458,1,36
27459,2,61
27460,0,12
27461,1,36
27462,1,36
27463,0,12
27464,1,36
27465,0,12
27466,0,12
27467,2,71
27468,0,12
27469,0,12
27470,0,12
27471,0,15
27472,1,36
27473,0,15
27474,2,61
27475,1,43
27476,0,15
27477,0,12
27478,0,15
27479,1,37
27480,0,15
27481,0,15
27482,1,36
27483,1,36
27484,2,60
27485,0,15
27486,1,36
27487,0,15
27488,1,36
27489,0,15
27490,0,15
27491,0,15
27492,1,36
27493,1,36
27494,1,36
27495,0,15
27496,1,43
27497,1,36
27498,0,12
27499,1,36
27500,1,36
27501,1,36
27502,0,15
27503,0,15
27504,2,72
27505,0,12
27506,1,43
27507,0,12
27508,1,43
27509,0,12
27510,1,36
27511,2,71
27512,2,60
27513,2,72
27514,5,45
27515,2,75
27516,3,150
27517,0,12
27518,1,36
27519,0,12
27520,0,12
27521,1,36
27522,2,63
27523,0,12
27524,2,60
27525,1,43
27526,1,36
27527,0,15
27528,1,36
27529,1,36
27530,1,36
27531,1,43
27532,0,12
27533,0,12
27534,1,36
27535,1,36
27536,2,60
27537,0,15
27538,2,60
27539,0,12
27540,7,972
27541,1,43
27542,0,12
27543,0,12
27544,5,45
27545,1,36
27546,3,100
27547,0,12
27548,7,254
27549,1,43
27550,0,12
27551,2,60
27552,0,12
27553,0,15
27554,2,72
27555,1,36
27556,2,60
27557,1,36
27558,5,45
27559,0,12
27560,1,37
27561,1,36
27562,1,36
27563,6,69
27564,1,36
27565,0,12
27566,1,36
27567,0,12
27568,0,15
27569,0,12
27570,0,12
27571,0,15
27572,0,15
27573,1,36
27574,1,36
27575,1,37
27576,0,15
27577,0,12
27578,0,12
27579,1,36
27580,0,15
27581,0,15
27582,0,12
27583,1,36
27584,1,36
27585,1,36
27586,1,36
27587,1,36
27588,0,12
27589,0,15
27590,2,61
27591,2,60
27592,0,12
27593,1,36
27594,0,12
27595,1,36
27596,1,43
27597,0,15
27598,0,12
27599,0,15
27600,0,12
27601,0,15
27602,0,15
27603,0,15
27604,0,15
27605,0,15
27606,0,12
27607,0,12
27608,0,12
27609,0,15
27610,0,12
27611,2,71
27612,0,15
27613,0,12
27614,1,36
27615,1,43
27616,1,36
27617,0,15
27618,0,15
27619,0,12
27620,0,12
27621,0,15
27622,1,36
27623,0,15
27624,1,36
27625,0,12
27626,5,45
27627,0,12
27628,0,12
27629,1,36
27630,0,12
27631,0,12
27632,0,12
27633,1,43
27634,0,15
27635,2,60
27636,1,36
27637,1,36
27638,1,36
27639,1,36
27640,1,36
27641,0,15
27642,1,43
27643,0,12
27644,1,36
27645,1,36
27646,5,106
27647,1,36
27648,1,43
27649,1,53
27650,1,36
27651,1,43
27652,1,36
27653,0,15
27654,0,12
27655,26,137
27656,1,36
27657,0,12
27658,12,248
27659,1,36
27660,1,43
27661,0,15
27662,1,40
27663,6,176
27664,2,60
27665,1,36
27666,0,12
27667,1,36
27668,0,15
27669,0,12
27670,0,12
27671,0,12
27672,0,12
27673,1,37
27674,5,45
27675,1,36
27676,2,60
27677,0,15
27678,0,15
27679,0,15
27680,2,71
27681,1,36
27682,1,43
27683,1,43
27684,0,12
27685,0,12
27686,0,12
27687,2,71
27688,0,12
27689,1,43
27690,0,12
27691,0,12
27692,2,72
27693,1,43
27694,2,60
27695,1,43
27696,0,12
27697,0,15
27698,1,36
27699,0,12
27700,1,36
27701,1,36
27702,0,12
27703,0,12
27704,0,12
27705,0,12
27706,1,36
27707,1,40
27708,1,43
27709,2,72
27710,0,12
27711,17,166
27712,2,71
27713,0,12
27714,0,12
27715,0,12
27716,0,15
27717,0,15
27718,0,15
27719,0,15
27720,0,15
27721,0,12
27722,2,71
27723,0,12
27724,1,43
27725,1,36
27726,2,60
27727,0,12
27728,1,36
27729,0,12
27730,2,61
27731,0,12
27732,1,36
27733,1,36
27734,0,15
27735,0,12
27736,0,15
27737,0,12
27738,1,44
27739,0,15
27740,1,36
27741,0,12
27742,0,12
27743,1,43
27744,1,43
27745,2,73
27746,1,36
27747,2,72
27748,4,128
27749,0,12
27750,0,15
27751,0,15
27752,0,12
27753,2,60
27754,1,37
27755,0,12
27756,0,12
27757,0,15
27758,5,151
27759,1,93
27760,1,43
27761,1,36
27762,1,43
27763,4,65
27764,1,36
27765,0,12
27766,2,71
27767,0,12
27768,2,60
27769,0,15
27770,0,15
27771,1,36
27772,0,12
27773,0,12
27774,2,60
27775,2,71
27776,0,18
27777,0,15
27778,5,45
27779,1,43
27780,1,37
27781,0,12
27782,0,12
27783,5,45
27784,0,15
27785,1,36
27786,0,12
27787,0,12
27788,1,43
27789,0,12
27790,4,65
27791,1,36
27792,2,60
27793,2,60
27794,0,15
27795,1,36
27796,1,43
27797,0,12
27798,2,60
27799,2,60
27800,0,12
27801,0,15
27802,5,45
27803,0,15
27804,0,15
27805,1,36
27806,1,36
27807,5,45
27808,1,36
27809,7,381
27810,0,15
27811,0,12
27812,1,36
27813,1,36
27814,1,36
27815,0,12
27816,1,36
27817,2,71
27818,1,36
27819,1,36
27820,0,12
27821,1,36
27822,0,12
27823,0,12
27824,0,12
27825,0,15
27826,1,36
27827,0,12
27828,0,15
27829,0,15
27830,0,12
27831,0,15
27832,0,15
27833,0,12
27834,1,36
27835,1,36
27836,1,36
27837,1,36
27838,0,12
27839,1,36
27840,0,15
27841,1,36
27842,0,15
27843,1,36
27844,1,36
27845,1,36
27846,0,12
27847,5,45
27848,1,43
27849,1,43
27850,1,36
27851,1,45
27852,1,36
27853,1,43
27854,0,12
27855,0,15
27856,0,15
27857,1,36
27858,1,36
27859,0,12
27860,0,15
27861,1,36
27862,0,12
27863,0,12
27864,0,15
27865,0,18
27866,1,36
27867,0,15
27868,0,12
27869,0,12
27870,1,36
27871,0,12
27872,0,15
27873,1,36
27874,0,12
27875,1,36
27876,2,71
27877,1,36
27878,1,43
27879,1,36
27880,0,15
27881,1,36
27882,0,15
27883,0,12
27884,0,15
27885,0,12
27886,0,12
27887,7,338
27888,1,36
27889,1,36
27890,1,36
27891,0,15
27892,0,15
27893,0,12
27894,0,12
27895,0,12
27896,1,36
27897,0,15
27898,0,12
27899,0,18
27900,0,15
27901,1,36
27902,0,15
27903,0,12
27904,0,15
27905,0,15
27906,1,45
27907,1,36
27908,1,36
27909,6,188
27910,0,15
27911,7,423
27912,0,12
27913,3,103
27914,0,15
27915,0,12
27916,0,12
27917,0,12
27918,0,12
27919,0,18
27920,0,15
27921,1,36
27922,0,12
27923,1,36
27924,1,36
27925,1,36
27926,0,12
27927,0,12
27928,0,15
27929,0,15
27930,1,36
27931,0,12
27932,1,36
27933,0,12
27934,1,36
27935,0,15
27936,1,36
27937,1,36
27938,0,12
27939,0,12
27940,0,12
27941,5,45
27942,0,12
27943,0,15
27944,0,15
27945,0,12
27946,0,12
27947,5,45
27948,1,36
27949,0,12
27950,0,12
27951,0,15
27952,0,15
27953,1,43
27954,0,12
27955,0,15
27956,0,15
27957,0,15
27958,1,36
27959,0,12
27960,0,12
27961,0,15
27962,1,43
27963,1,36
27964,0,12
27965,0,12
27966,1,36
27967,1,43
27968,0,12
27969,0,15
27970,0,12
27971,0,12
27972,0,12
27973,0,15
27974,0,12
27975,1,36
27976,0,12
27977,12,324
27978,1,36
27979,2,61
27980,0,15
27981,1,36
27982,1,36
27983,0,12
27984,0,12
27985,0,12
27986,0,12
27987,1,36
27988,1,36
27989,0,12
27990,1,36
27991,0,12
27992,0,15
27993,1,43
27994,0,12
27995,0,15
27996,1,36
27997,0,18
27998,0,15
27999,1,36
28000,0,12
28001,0,12
28002,0,12
28003,0,12
28004,0,12
28005,1,36
28006,0,15
28007,1,36
28008,0,15
28009,2,122
28010,1,44
28011,2,60
28012,0,12
28013,0,15
28014,0,15
28015,0,12
28016,0,15
28017,0,15
28018,0,15
28019,0,12
28020,1,36
28021,0,12
28022,1,36
28023,0,15
28024,1,36
28025,0,15
28026,5,45
28027,1,36
28028,1,36
28029,2,60
28030,1,36
28031,0,12
28032,0,12
28033,1,36
28034,2,71
28035,0,12
28036,1,36
28037,0,12
28038,5,47
28039,0,15
28040,0,15
28041,0,15
28042,0,12
28043,1,36
28044,1,36
28045,1,36
28046,0,15
28047,1,36
28048,5,45
28049,1,43
28050,0,12
28051,0,15
28052,2,122
28053,3,84
28054,27,170
28055,0,12
28056,1,36
28057,0,12
28058,1,36
28059,1,36
28060,0,15
28061,1,36
28062,0,15
28063,1,43
28064,0,12
28065,0,12
28066,0,15
28067,0,12
28068,0,12
28069,0,12
28070,0,12
28071,1,36
28072,0,12
28073,1,36
28074,1,36
28075,0,12
28076,0,12
28077,0,12
28078,0,15
28079,1,36
28080,0,15
28081,1,43
28082,0,15
28083,0,15
28084,0,12
28085,2,61
28086,1,36
28087,5,45
28088,2,60
28089,0,15
28090,0,12
28091,2,60
28092,1,36
28093,0,15
28094,1,36
28095,0,15
28096,0,12
28097,1,36
28098,1,36
28099,1,44
28100,0,12
28101,5,45
28102,1,36
28103,0,12
28104,1,36
28105,1,36
28106,0,12
28107,1,36
28108,0,12
28109,5,45
28110,0,15
28111,5,45
28112,0,12
28113,0,12
28114,0,12
28115,0,15
28116,5,45
28117,4,66
28118,0,12
28119,2,122
28120,1,36
28121,4,64
28122,1,36
28123,5,45
28124,0,15
28125,0,15
28126,1,36
28127,0,15
28128,0,15
28129,0,12
28130,0,15
28131,0,12
28132,0,15
28133,0,15
28134,0,12
28135,2,122
28136,1,37
28137,2,122
28138,0,15
28139,0,15
28140,0,15
28141,0,12
28142,0,12
28143,0,15
28144,1,36
28145,1,36
28146,0,12
28147,1,36
28148,0,12
28149,1,36
28150,4,78
28151,0,12
28152,0,15
28153,0,12
28154,1,36
28155,0,12
28156,0,15
28157,0,12
28158,0,15
28159,0,12
28160,2,63
28161,1,37
28162,1,36
28163,0,15
28164,1,36
28165,1,36
28166,0,12
28167,0,15
28168,1,36
28169,1,36
28170,0,12
28171,5,45
28172,0,12
28173,0,15
28174,0,12
28175,0,12
28176,0,15
28177,2,122
28178,0,12
28179,0,12
28180,0,12
28181,0,15
28182,0,12
28183,1,36
28184,1,36
28185,4,112
28186,0,15
28187,0,15
28188,1,36
28189,1,36
28190,1,36
28191,1,36
28192,0,15
28193,0,18
28194,0,15
28195,0,15
28196,7,212
28197,2,64
28198,0,12
28199,0,12
28200,0,15
28201,0,12
28202,0,15
28203,0,15
28204,0,12
28205,0,15
28206,0,12
28207,1,43
28208,0,15
28209,1,36
28210,0,15
28211,0,15
28212,0,18
28213,1,37
28214,1,36
28215,0,12
28216,5,45
28217,0,15
28218,1,36
28219,6,178
28220,1,36
28221,0,12
28222,3,84
28223,1,36
28224,0,12
28225,0,12
28226,0,15
28227,0,15
28228,5,45
28229,1,36
28230,0,15
28231,0,12
28232,0,15
28233,0,12
28234,0,12
28235,4,64
28236,21,164
28237,0,15
28238,1,36
28239,0,12
28240,0,12
28241,1,36
28242,0,15
28243,5,45
28244,0,15
28245,0,12
28246,2,61
28247,0,12
28248,0,12
28249,0,15
28250,0,15
28251,1,36
28252,0,15
28253,1,37
28254,0,12
28255,1,36
28256,3,87
28257,1,43
28258,5,45
28259,0,12
28260,0,12
28261,0,12
28262,1,36
28263,0,12
28264,1,36
28265,0,12
28266,0,12
28267,1,43
28268,1,36
28269,0,12
28270,0,15
28271,2,60
28272,5,45
28273,0,12
28274,0,12
28275,0,12
28276,0,15
28277,0,12
28278,2,60
28279,0,15
28280,0,15
28281,0,12
28282,5,45
28283,0,15
28284,1,36
28285,0,12
28286,1,37
28287,0,15
28288,1,36
28289,29,257
28290,0,12
28291,1,36
28292,0,15
28293,2,60
28294,0,12
28295,0,15
28296,0,15
28297,0,15
28298,0,12
28299,0,15
28300,0,15
28301,1,36
28302,0,15
28303,1,36
28304,0,15
28305,0,12
28306,0,12
28307,0,15
28308,0,15
28309,5,45
28310,0,18
28311,0,12
28312,0,15
28313,0,15
28314,0,12
28315,1,43
28316,0,15
28317,5,45
28318,1,36
28319,1,43
28320,0,15
28321,0,15
28322,2,60
28323,0,12
28324,0,15
28325,0,15
28326,0,12
28327,1,36
28328,0,15
28329,1,36
28330,0,12
28331,0,12
28332,0,12
28333,0,15
28334,1,36
28335,1,36
28336,5,142
28337,2,122
28338,0,18
28339,0,12
28340,3,87
28341,0,12
28342,0,12
28343,0,12
28344,0,12
28345,0,15
28346,1,36
28347,1,36
28348,1,36
28349,0,12
28350,0,15
28351,0,12
28352,1,36
28353,0,12
28354,0,12
28355,1,36
28356,0,12
28357,0,12
28358,0,12
28359,1,36
28360,3,87
28361,0,12
28362,0,12
28363,0,12
28364,1,36
28365,1,36
28366,1,36
28367,0,15
28368,0,15
28369,0,15
28370,0,15
28371,0,15
28372,0,15
28373,0,15
28374,0,12
28375,0,15
28376,2,122
28377,1,36
28378,0,12
28379,3,87
28380,0,15
28381,2,122
28382,1,36
28383,1,36
28384,1,36
28385,0,15
28386,0,15
28387,1,36
28388,0,12
28389,0,15
28390,0,15
28391,0,12
28392,0,15
28393,0,12
28394,0,15
28395,0,15
28396,1,36
28397,0,15
28398,1,36
28399,0,12
28400,0,15
28401,0,12
28402,0,12
28403,1,36
28404,1,36
28405,5,45
28406,0,15
28407,0,12
28408,0,15
28409,0,12
28410,1,36
28411,2,63
28412,4,111
28413,1,36
28414,0,12
28415,0,12
28416,0,12
28417,0,12
28418,0,12
28419,0,12
28420,1,37
28421,1,43
28422,0,12
28423,0,12
28424,0,15
28425,0,12
28426,0,12
28427,0,15
28428,0,15
28429,0,12
28430,0,15
28431,0,12
28432,0,12
28433,0,12
28434,0,12
28435,0,12
28436,1,36
28437,0,12
28438,0,12
28439,0,12
28440,0,15
28441,0,15
28442,0,12
28443,0,12
28444,0,12
28445,1,36
28446,0,15
28447,0,12
28448,0,15
28449,0,15
28450,0,15
28451,5,45
28452,1,36
28453,0,15
28454,0,12
28455,1,36
28456,1,43
28457,0,15
28458,0,12
28459,1,36
28460,1,36
28461,1,36
28462,0,15
28463,0,12
28464,1,36
28465,0,12
28466,0,12
28467,1,36
28468,1,36
28469,1,36
28470,1,36
28471,0,12
28472,0,15
28473,5,45
28474,0,12
28475,5,45
28476,1,36
28477,0,15
28478,1,36
28479,0,12
28480,0,12
28481,1,43
28482,0,15
28483,1,36
28484,0,12
28485,0,12
28486,0,12
28487,0,12
28488,0,12
28489,0,15
28490,0,12
28491,0,12
28492,0,12
28493,0,15
28494,1,43
28495,0,15
28496,0,15
28497,1,36
28498,0,12
28499,0,12
28500,0,18
28501,0,12
28502,1,36
28503,1,43
28504,1,36
28505,1,36
28506,0,12
28507,0,12
28508,0,12
28509,0,12
28510,2,61
28511,0,15
28512,0,12
28513,0,15
28514,2,71
28515,0,12
28516,0,12
28517,0,12
28518,1,36
28519,0,12
28520,1,36
28521,0,15
28522,0,12
28523,1,36
28524,0,12
28525,0,12
28526,1,36
28527,1,36
28528,1,43
28529,1,43
28530,0,12
28531,0,12
28532,0,12
28533,1,36
28534,0,15
28535,2,122
28536,1,37
28537,2,60
28538,1,43
28539,1,36
28540,1,36
28541,1,36
28542,1,36
28543,0,12
28544,0,12
28545,0,15
28546,0,15
28547,0,15
28548,0,12
28549,0,12
28550,1,36
28551,0,12
28552,1,36
28553,0,15
28554,1,37
28555,0,12
28556,1,44
28557,0,15
28558,5,45
28559,0,15
28560,0,15
28561,0,15
28562,2,72
28563,0,12
28564,1,36
28565,0,12
28566,1,43
28567,0,15
28568,1,36
28569,0,15
28570,1,36
28571,0,15
28572,0,15
28573,0,18
28574,0,12
28575,0,12
28576,1,36
28577,1,43
28578,0,15
28579,0,12
28580,2,60
28581,0,15
28582,1,36
28583,1,36
28584,0,15
28585,1,36
28586,2,60
28587,0,12
28588,0,12
28589,1,36
28590,5,45
28591,1,36
28592,1,36
28593,0,15
28594,1,36
28595,0,15
28596,0,12
28597,0,12
28598,1,36
28599,0,12
28600,0,12
28601,0,15
28602,1,36
28603,1,36
28604,1,36
28605,0,15
28606,1,36
28607,1,37
28608,0,12
28609,1,36
28610,0,12
28611,1,43
28612,1,36
28613,5,45
28614,0,12
28615,39,7881
28616,3,100
28617,1,36
28618,4,78
28619,2,60
28620,0,12
28621,2,60
28622,0,15
28623,0,15
28624,0,15
28625,0,12
28626,5,145
28627,0,15
28628,0,12
28629,0,18
28630,0,12
28631,0,15
28632,2,63
28633,3,87
28634,0,12
28635,0,12
28636,2,60
28637,2,72
28638,0,15
28639,2,60
28640,1,36
28641,0,12
28642,0,12
28643,4,66
28644,0,12
28645,0,15
28646,1,43
28647,1,36
28648,0,15
28649,1,36
28650,3,104
28651,1,43
28652,0,12
28653,2,103
28654,2,71
28655,1,36
28656,1,36
28657,0,12
28658,2,60
28659,0,12
28660,2,60
28661,2,63
28662,1,45
28663,0,18
28664,1,40
28665,2,60
28666,5,45
28667,1,36
28668,0,12
28669,2,60
28670,0,12
28671,0,15
28672,1,36
28673,0,12
28674,1,36
28675,0,18
28676,0,12
28677,1,36
28678,1,36
28679,1,43
28680,1,36
28681,0,15
28682,5,45
28683,1,36
28684,0,15
28685,0,12
28686,0,12
28687,0,15
28688,1,36
28689,1,36
28690,1,36
28691,0,15
28692,0,15
28693,0,12
28694,1,36
28695,0,15
28696,0,12
28697,0,15
28698,0,15
28699,0,15
28700,0,12
28701,0,12
28702,0,15
28703,0,15
28704,0,12
28705,0,12
28706,0,12
28707,0,12
28708,0,12
28709,0,15
28710,0,15
28711,0,12
28712,1,36
28713,0,12
28714,0,15
28715,0,12
28716,0,12
28717,0,12
28718,1,36
28719,0,12
28720,0,15
28721,0,15
28722,1,43
28723,0,15
28724,0,12
28725,0,12
28726,0,12
28727,0,12
28728,0,12
28729,1,36
28730,1,36
28731,0,12
28732,0,12
28733,0,12
28734,0,12
28735,0,12
28736,0,12
28737,0,12
28738,1,45
28739,0,15
28740,0,12
28741,1,36
28742,0,15
28743,0,12
28744,1,36
28745,0,12
28746,1,36
28747,0,12
28748,7,255
28749,0,15
28750,1,36
28751,0,12
28752,0,12
28753,1,36
28754,1,36
28755,0,15
28756,0,12
28757,1,36
28758,0,15
28759,1,36
28760,1,36
28761,0,15
28762,0,15
28763,2,60
28764,1,36
28765,0,15
28766,0,12
28767,1,36
28768,1,36
28769,1,36
28770,12,662
28771,0,12
28772,1,36
28773,0,12
28774,0,12
28775,0,15
28776,0,15
28777,0,12
28778,1,36
28779,0,12
28780,3,87
28781,1,36
28782,1,36
28783,0,15
28784,0,15
28785,0,12
28786,0,15
28787,1,36
28788,0,15
28789,0,15
28790,0,12
28791,0,12
28792,0,12
28793,0,15
28794,1,36
28795,1,43
28796,0,12
28797,1,36
28798,7,1060
28799,6,120
28800,0,12
28801,0,18
28802,0,12
28803,1,36
28804,0,12
28805,0,12
28806,1,43
28807,0,18
28808,0,12
28809,0,12
28810,1,36
28811,1,36
28812,0,12
28813,0,12
28814,0,12
28815,1,36
28816,0,12
28817,0,15
28818,0,12
28819,1,36
28820,0,12
28821,0,15
28822,0,12
28823,0,12
28824,0,15
28825,0,15
28826,2,60
28827,2,60
28828,0,12
28829,4,111
28830,1,36
28831,2,60
28832,0,12
28833,1,40
28834,0,15
28835,1,36
28836,0,12
28837,0,15
28838,2,60
28839,0,12
28840,1,36
28841,0,15
28842,0,12
28843,0,12
28844,0,12
28845,0,15
28846,0,12
28847,0,15
28848,0,12
28849,0,15
28850,0,12
28851,0,15
28852,0,12
28853,0,12
28854,0,12
28855,1,36
28856,0,12
28857,2,61
28858,0,15
28859,1,36
28860,0,15
28861,0,15
28862,0,12
28863,0,12
28864,0,15
28865,1,36
28866,0,15
28867,2,60
28868,0,15
28869,0,12
28870,1,36
28871,0,15
28872,0,12
28873,0,12
28874,1,36
28875,0,15
28876,0,15
28877,2,60
28878,0,12
28879,0,12
28880,0,15
28881,0,15
28882,0,12
28883,0,15
28884,0,12
28885,0,12
28886,0,12
28887,0,12
28888,1,36
28889,0,12
28890,0,12
28891,2,60
28892,0,15
28893,1,36
28894,0,12
28895,0,12
28896,0,15
28897,0,15
28898,0,15
28899,2,71
28900,0,12
28901,1,43
28902,0,12
28903,0,12
28904,5,45
28905,0,12
28906,1,36
28907,1,43
28908,1,43
28909,2,60
28910,2,60
28911,0,15
28912,0,15
28913,1,36
28914,0,15
28915,0,15
28916,0,12
28917,0,15
28918,0,12
28919,2,60
28920,0,12
28921,2,71
28922,1,36
28923,0,18
28924,0,12
28925,1,36
28926,1,36
28927,0,12
28928,1,36
28929,0,12
28930,1,36
28931,0,15
28932,2,61
28933,1,43
28934,0,12
28935,0,12
28936,0,15
28937,1,93
28938,1,36
28939,0,12
28940,1,37
28941,0,12
28942,1,43
28943,1,36
28944,0,15
28945,1,36
28946,2,63
28947,0,15
28948,0,12
28949,1,36
28950,0,12
28951,0,15
28952,0,15
28953,0,12
28954,1,36
28955,0,12
28956,2,61
28957,1,45
28958,0,15
28959,1,36
28960,1,36
28961,2,60
28962,1,43
28963,1,36
28964,0,15
28965,1,36
28966,0,15
28967,0,12
28968,0,12
28969,0,12
28970,1,36
28971,1,36
28972,1,36
28973,1,36
28974,0,15
28975,2,60
28976,1,43
28977,0,15
28978,0,15
28979,1,36
28980,6,70
28981,0,15
28982,0,15
28983,0,15
28984,1,36
28985,1,36
28986,0,12
28987,1,36
28988,0,12
28989,1,36
28990,1,36
28991,0,15
28992,1,36
28993,6,70
28994,2,60
28995,1,36
28996,1,36
28997,1,36
28998,1,36
28999,0,15
29000,0,12
29001,1,36
29002,1,36
29003,1,36
29004,2,61
29005,35,148
29006,5,45
29007,2,89
29008,0,12
29009,1,43
29010,3,100
29011,2,60
29012,0,12
29013,0,15
29014,2,61
29015,1,36
29016,1,43
29017,1,36
29018,2,71
29019,0,12
29020,1,36
29021,0,12
29022,0,15
29023,0,12
29024,2,71
29025,2,60
29026,0,12
29027,0,12
29028,0,12
29029,1,45
29030,2,61
29031,2,71
29032,1,36
29033,1,40
29034,1,36
29035,0,12
29036,2,72
29037,0,15
29038,1,43
29039,1,36
29040,1,36
29041,1,45
29042,1,36
29043,1,36
29044,1,43
29045,1,37
29046,0,12
29047,1,43
29048,0,12
29049,1,36
29050,1,43
29051,1,43
29052,1,43
29053,2,60
29054,0,12
29055,0,15
29056,0,12
29057,0,12
29058,0,12
29059,1,36
29060,1,37
29061,0,15
29062,0,15
29063,0,12
29064,2,60
29065,1,36
29066,0,15
29067,1,36
29068,1,36
29069,0,12
29070,0,12
29071,2,60
29072,0,15
29073,0,12
29074,1,36
29075,0,15
29076,1,43
29077,0,15
29078,2,60
29079,0,12
29080,0,12
29081,0,15
29082,2,61
29083,0,15
29084,2,60
29085,0,15
29086,0,15
29087,0,12
29088,1,36
29089,0,12
29090,0,12
29091,0,15
29092,0,12
29093,0,12
29094,0,15
29095,0,12
29096,0,15
29097,0,12
29098,0,12
29099,0,12
29100,0,12
29101,0,12
29102,0,12
29103,0,15
29104,0,12
29105,0,12
29106,0,12
29107,0,12
29108,0,12
29109,0,12
29110,0,12
29111,0,12
29112,0,12
29113,0,12
29114,0,15
29115,0,15
29116,0,15
29117,0,12
29118,0,12
29119,0,12
29120,0,12
29121,0,12
29122,0,15
29123,0,15
29124,0,12
29125,0,12
29126,0,15
29127,0,12
29128,0,12
29129,0,12
29130,0,12
29131,2,60
29132,1,36
29133,0,15
29134,0,12
29135,1,37
29136,0,12
29137,0,15
29138,0,15
29139,1,37
29140,0,15
29141,1,36
29142,0,12
29143,0,12
29144,0,12
29145,1,36
29146,0,12
29147,2,72
29148,0,15
29149,0,12
29150,0,12
29151,1,36
29152,0,15
29153,2,61
29154,0,15
29155,0,12
29156,0,12
29157,0,12
29158,0,15
29159,4,99
29160,0,12
29161,0,12
29162,8,126
29163,0,12
29164,0,12
29165,0,12
29166,2,60
29167,1,36
29168,0,12
29169,2,60
29170,1,36
29171,0,12
29172,0,12
29173,1,43
29174,1,36
29175,0,12
29176,0,15
29177,2,61
29178,1,36
29179,1,36
29180,0,12
29181,1,36
29182,0,15
29183,1,36
29184,0,15
29185,1,36
29186,0,15
29187,5,45
29188,0,12
29189,1,36
29190,1,36
29191,1,36
29192,2,60
29193,0,12
29194,6,70
29195,1,36
29196,12,1253
29197,2,61
29198,1,36
29199,0,12
29200,1,53
29201,1,43
29202,0,12
29203,0,12
29204,0,12
29205,0,12
29206,0,12
29207,2,60
29208,39,14303
29209,1,36
29210,0,15
29211,0,12
29212,0,12
29213,0,12
29214,1,36
29215,0,15
29216,0,15
29217,0,12
29218,0,12
29219,0,12
29220,0,12
29221,0,12
29222,0,12
29223,0,12
29224,0,15
29225,0,12
29226,0,12
29227,0,12
29228,0,12
29229,0,12
29230,0,15
29231,0,12
29232,0,15
29233,0,12
29234,0,12
29235,0,15
29236,0,12
29237,2,61
29238,0,12
29239,1,36
29240,0,12
29241,0,12
29242,0,12
29243,0,15
29244,0,15
29245,0,15
29246,0,12
29247,0,15
29248,0,12
29249,0,12
29250,0,12
29251,0,12
29252,0,15
29253,0,12
29254,0,12
29255,0,15
29256,0,12
29257,0,12
29258,0,12
29259,0,12
29260,0,12
29261,0,12
29262,0,12
29263,0,12
29264,0,12
29265,0,12
29266,0,12
29267,0,12
29268,0,12
29269,0,12
29270,0,12
29271,0,12
29272,0,15
29273,0,12
29274,0,12
29275,0,12
29276,0,12
29277,0,15
29278,0,12
29279,0,12
29280,0,12
29281,0,15
29282,0,12
29283,0,12
29284,0,12
29285,0,12
29286,0,15
29287,0,12
29288,0,15
29289,0,15
29290,0,15
29291,0,15
29292,0,12
29293,0,12
29294,0,12
29295,0,12
29296,0,12
29297,0,15
29298,0,15
29299,0,12
29300,0,15
29301,0,12
29302,0,12
29303,0,12
29304,0,12
29305,0,12
29306,0,12
29307,0,12
29308,0,15
29309,0,12
29310,0,12
29311,0,12
29312,0,12
29313,0,15
29314,0,12
29315,0,12
29316,0,12
29317,0,12
29318,0,12
29319,0,12
29320,0,12
29321,0,12
29322,0,12
29323,0,15
29324,0,12
29325,0,12
29326,0,15
29327,0,12
29328,0,12
29329,0,15
29330,0,15
29331,0,15
29332,0,12
29333,0,15
29334,0,12
29335,0,12
29336,0,12
29337,0,15
29338,0,15
29339,0,12
29340,0,15
29341,0,12
29342,0,12
29343,0,12
29344,0,12
29345,0,12
29346,0,12
29347,0,12
29348,0,15
29349,0,15
29350,0,15
29351,0,12
29352,0,12
29353,0,12
29354,0,12
29355,0,15
29356,0,12
29357,0,12
29358,0,15
29359,0,12
29360,0,12
29361,0,12
29362,0,15
29363,0,12
29364,0,12
29365,0,15
29366,0,12
29367,0,15
29368,0,15
29369,0,12
29370,0,15
29371,0,12
29372,0,12
29373,0,12
29374,0,12
29375,0,12
29376,0,12
29377,0,12
29378,0,15
29379,0,12
29380,0,12
29381,0,12
29382,0,12
29383,0,12
29384,0,12
29385,0,15
29386,0,12
29387,0,12
29388,0,12
29389,0,12
29390,0,15
29391,0,12
29392,0,12
29393,0,12
29394,0,15
29395,0,12
29396,0,12
29397,0,12
29398,0,15
29399,0,15
29400,0,15
29401,0,12
29402,0,12
29403,0,12
29404,0,12
29405,0,12
29406,0,15
29407,0,12
29408,0,12
29409,0,12
29410,0,15
29411,0,12
29412,0,12
29413,0,12
29414,0,12
29415,0,12
29416,0,12
29417,0,12
29418,0,12
29419,0,12
29420,0,12
29421,0,12
29422,0,12
29423,0,15
29424,0,12
29425,0,12
29426,0,12
29427,0,15
29428,0,15
29429,0,12
29430,0,12
29431,0,15
29432,0,15
29433,0,12
29434,0,12
29435,0,18
29436,0,15
29437,0,12
29438,0,12
29439,0,12
29440,0,12
29441,0,12
29442,0,12
29443,0,12
29444,0,12
29445,0,12
29446,0,12
29447,0,12
29448,0,12
29449,0,15
29450,0,12
29451,0,12
29452,0,12
29453,0,12
29454,0,12
29455,0,12
29456,0,12
29457,0,12
29458,0,12
29459,0,12
29460,0,15
29461,0,12
29462,0,15
29463,0,12
29464,0,18
29465,0,12
29466,0,15
29467,0,12
29468,0,12
29469,0,12
29470,0,12
29471,0,18
29472,0,12
29473,0,15
29474,0,15
29475,0,12
29476,0,12
29477,0,12
29478,0,12
29479,0,12
29480,0,12
29481,0,12
29482,0,15
29483,0,12
29484,0,12
29485,0,12
29486,0,15
29487,0,12
29488,0,15
29489,0,12
29490,0,12
29491,0,12
29492,0,12
29493,0,15
29494,0,15
29495,0,12
29496,0,15
29497,0,12
29498,0,12
29499,0,12
29500,0,15
29501,0,12
29502,0,12
29503,0,12
29504,0,12
29505,0,12
29506,0,12
29507,0,18
29508,0,12
29509,0,12
29510,0,12
29511,0,12
29512,0,12
29513,0,12
29514,0,12
29515,0,15
29516,0,12
29517,0,18
29518,0,12
29519,0,12
29520,0,12
29521,0,12
29522,0,12
29523,0,12
29524,0,15
29525,0,15
29526,0,12
29527,0,12
29528,0,12
29529,0,15
29530,0,12
29531,0,12
29532,0,12
29533,0,12
29534,0,12
29535,0,15
29536,0,12
29537,0,12
29538,0,15
29539,0,15
29540,0,12
29541,0,15
29542,0,12
29543,0,15
29544,0,12
29545,0,12
29546,0,15
29547,0,15
29548,0,12
29549,0,15
29550,0,12
29551,0,12
29552,0,12
29553,0,15
29554,0,12
29555,0,12
29556,0,12
29557,0,12
29558,0,12
29559,0,12
29560,0,12
29561,0,12
29562,0,12
29563,0,15
29564,1,43
29565,0,12
29566,1,43
29567,1,53
29568,0,15
29569,0,12
29570,0,12
29571,1,43
29572,1,43
29573,0,12
29574,0,15
29575,0,15
29576,0,12
29577,0,12
29578,0,15
29579,0,15
29580,0,15
29581,0,15
29582,0,12
29583,0,12
29584,0,15
29585,0,12
29586,0,12
29587,0,12
29588,0,15
29589,0,12
29590,0,12
29591,0,15
29592,0,12
29593,0,15
29594,0,12
29595,0,12
29596,0,12
29597,0,15
29598,0,12
29599,0,15
29600,0,12
29601,0,15
29602,0,12
29603,0,15
29604,0,12
29605,0,15
29606,0,12
29607,0,12
29608,0,12
29609,0,12
29610,0,15
29611,0,12
29612,0,12
29613,0,12
29614,0,12
29615,0,12
29616,0,12
29617,0,15
29618,0,15
29619,0,12
29620,0,12
29621,0,15
29622,0,12
29623,0,12
29624,0,15
29625,0,12
29626,0,12
29627,0,18
29628,0,15
29629,0,15
29630,0,15
29631,0,12
29632,0,12
29633,0,12
29634,0,12
29635,0,12
29636,0,15
29637,0,12
29638,0,15
29639,0,12
29640,0,12
29641,0,12
29642,0,12
29643,0,15
29644,0,12
29645,0,12
29646,0,12
29647,0,12
29648,0,15
29649,0,12
29650,0,12
29651,0,12
29652,0,12
29653,1,43
29654,0,12
29655,0,12
29656,1,53
29657,0,12
29658,0,15
29659,0,12
29660,0,15
29661,0,12
29662,0,12
29663,0,12
29664,0,15
29665,0,12
29666,0,12
29667,0,15
29668,0,18
29669,0,12
29670,0,12
29671,1,43
29672,0,12
29673,0,12
29674,0,12
29675,1,36
29676,0,15
29677,0,15
29678,0,12
29679,1,36
29680,1,36
29681,0,12
29682,0,15
29683,0,12
29684,0,12
29685,0,12
29686,0,12
29687,0,12
29688,1,36
29689,0,12
29690,0,12
29691,1,43
29692,0,12
29693,0,12
29694,0,15
29695,0,12
29696,0,12
29697,0,12
29698,0,15
29699,0,15
29700,0,12
29701,0,18
29702,1,36
29703,1,36
29704,0,12
29705,1,36
29706,1,43
29707,0,12
29708,0,15
29709,0,18
29710,0,15
29711,0,12
29712,0,12
29713,0,15
29714,0,12
29715,0,15
29716,1,43
29717,0,12
29718,0,15
29719,0,12
29720,0,12
29721,0,12
29722,0,12
29723,0,12
29724,0,12
29725,0,18
29726,0,12
29727,0,18
29728,0,12
29729,0,15
29730,0,12
29731,0,15
29732,0,12
29733,0,12
29734,0,12
29735,0,15
29736,0,12
29737,0,12
29738,0,15
29739,1,43
29740,0,12
29741,0,12
29742,1,43
29743,0,12
29744,0,12
29745,0,15
29746,0,15
29747,0,15
29748,0,15
29749,0,15
29750,0,15
29751,0,15
29752,0,12
29753,0,15
29754,0,12
29755,0,12
29756,0,15
29757,0,15
29758,0,12
29759,0,15
29760,0,15
29761,0,12
29762,0,12
29763,0,15
29764,0,12
29765,0,12
29766,0,12
29767,0,15
29768,0,12
29769,0,12
29770,0,12
29771,0,12
29772,0,12
29773,0,12
29774,0,15
29775,0,12
29776,0,12
29777,0,15
29778,0,12
29779,0,12
29780,0,12
29781,0,12
29782,0,12
29783,0,12
29784,0,15
29785,0,12
29786,0,15
29787,0,12
29788,0,12
29789,0,12
29790,0,12
29791,0,12
29792,0,15
29793,0,15
29794,0,15
29795,0,12
29796,0,12
29797,0,12
29798,0,12
29799,0,15
29800,0,15
29801,0,12
29802,0,12
29803,0,12
29804,0,12
29805,0,12
29806,0,15
29807,0,15
29808,0,12
29809,0,12
29810,0,15
29811,0,12
29812,0,12
29813,0,12
29814,0,12
29815,0,12
29816,0,12
29817,0,12
29818,0,15
29819,0,12
29820,0,12
29821,0,12
29822,0,12
29823,0,12
29824,0,12
29825,0,12
29826,0,12
29827,0,12
29828,0,15
29829,0,15
29830,0,12
29831,0,12
29832,0,15
29833,0,12
29834,0,12
29835,0,12
29836,0,12
29837,0,15
29838,0,15
29839,0,12
29840,0,12
29841,0,12
29842,0,15
29843,0,15
29844,0,12
29845,0,15
29846,0,12
29847,0,15
29848,0,15
29849,0,12
29850,0,12
29851,0,15
29852,0,12
29853,0,12
29854,0,15
29855,0,12
29856,0,12
29857,0,12
29858,0,15
29859,0,12
29860,0,12
29861,0,12
29862,0,12
29863,0,12
29864,0,15
29865,0,15
29866,0,12
29867,0,12
29868,0,12
29869,0,12
29870,0,12
29871,0,12
29872,0,12
29873,0,12
29874,0,15
29875,0,15
29876,0,12
29877,0,12
29878,0,15
29879,0,15
29880,0,12
29881,0,15
29882,0,15
29883,0,15
29884,0,18
29885,0,12
29886,0,12
29887,0,12
29888,0,12
29889,0,12
29890,0,15
29891,0,12
29892,0,12
29893,0,12
29894,0,15
29895,0,12
29896,0,15
29897,0,12
29898,0,12
29899,0,12
29900,0,15
29901,0,12
29902,0,15
29903,0,15
29904,0,12
29905,0,12
29906,0,12
29907,0,12
29908,0,12
29909,0,15
29910,0,12
29911,0,12
29912,0,15
29913,0,12
29914,0,12
29915,0,12
29916,0,12
29917,0,12
29918,0,12
29919,0,12
29920,0,12
29921,0,12
29922,0,15
29923,0,15
29924,0,15
29925,0,15
29926,0,12
29927,0,12
29928,0,15
29929,0,15
29930,0,12
29931,0,12
29932,0,12
29933,0,12
29934,0,12
29935,0,12
29936,0,12
29937,0,15
29938,0,12
29939,0,12
29940,0,12
29941,0,12
29942,0,12
29943,0,12
29944,0,12
29945,0,12
29946,0,12
29947,0,12
29948,0,12
29949,0,15
29950,0,12
29951,0,12
29952,0,12
29953,0,15
29954,0,15
29955,0,12
29956,0,12
29957,0,12
29958,0,12
29959,0,12
29960,0,15
29961,0,18
29962,0,12
29963,0,12
29964,0,15
29965,0,12
29966,0,12
29967,0,15
29968,0,12
29969,0,12
29970,0,12
29971,0,12
29972,0,12
29973,0,12
29974,0,15
29975,0,12
29976,0,12
29977,0,12
29978,0,12
29979,0,15
29980,0,12
29981,0,12
29982,0,15
29983,0,12
29984,0,15
29985,0,12
29986,0,12
29987,0,12
29988,0,12
29989,0,12
29990,0,12
29991,0,15
29992,0,12
29993,0,12
29994,0,12
29995,0,15
29996,0,12
29997,0,12
29998,0,12
29999,0,15
